laufkont,laufzeit,moral,verw,hoehe,sparkont,beszeit,rate,famges,buerge,wohnzeit,verm,alter,weitkred,wohn,bishkred,beruf,pers,telef,gastarb,kredit
1.2393272396824611e-10,0.025515560940924567,0.12393272409217884,0.024786544917581945,0.005448566562285791,1.2393272396824611e-10,0.030983181115994254,0.12393272409217884,0.041310908113348095,1.2393272396824611e-10,0.12393272409217884,0.041310908113348095,0.004426168837084375,0.12393272409217884,1.2393272396824611e-10,1.2393272396824611e-10,0.08262181610276347,0.12393272409217884,1.2393272396824611e-10,0.12393272409217884,1
1.5746321709734518e-10,0.011578177885209187,0.1574632172548084,1.5746321709734518e-10,0.02208505245091171,1.5746321709734518e-10,0.0787316087061358,0.05248773918991161,0.10497547822236002,1.5746321709734518e-10,0.05248773918991161,1.5746321709734518e-10,0.04780133391915729,0.1574632172548084,1.5746321709734518e-10,0.05248773918991161,0.10497547822236002,1.5746321709734518e-10,1.5746321709734518e-10,0.1574632172548084,1
0.04190274704267284,0.014789204919931038,0.06285412050115513,0.11313741680151265,0.0040879042901067345,0.03142706031343169,0.09428118068887859,0.04190274704267284,0.04190274704267284,1.257082407508938e-10,0.12570824087660204,1.257082407508938e-10,0.008979160179343514,0.12570824087660204,1.257082407508938e-10,1.257082407508938e-10,0.04190274704267284,0.12570824087660204,1.257082407508938e-10,0.12570824087660204,1
1.8480436631738902e-10,0.021741690339791307,0.1848043665021934,1.8480436631738902e-10,0.019035643067282206,1.8480436631738902e-10,0.09240218334349887,0.12320291106306372,0.12320291106306372,1.8480436631738902e-10,0.061601455623934036,1.8480436631738902e-10,0.06600155958387188,0.1848043665021934,1.8480436631738902e-10,0.061601455623934036,0.061601455623934036,1.8480436631738902e-10,1.8480436631738902e-10,1.8480436631738902e-10,1
1.383259807056247e-10,0.016273644927223,0.13832598084395067,1.383259807056247e-10,0.014621118710764904,1.383259807056247e-10,0.06916299049113832,0.13832598084395067,0.09221732060874244,1.383259807056247e-10,0.13832598084395067,0.046108660373534206,0.04693202930630578,1.383259807056247e-10,0.06916299049113832,0.046108660373534206,0.046108660373534206,0.13832598084395067,1.383259807056247e-10,1.383259807056247e-10,1
2.0138372512062018e-10,0.017769152417909037,0.2013837253220039,2.0138372512062018e-10,0.022062011685655473,2.0138372512062018e-10,0.05034593148153878,2.0138372512062018e-10,0.13425581694846386,2.0138372512062018e-10,0.13425581694846386,2.0138372512062018e-10,0.1042880007102763,0.2013837253220039,2.0138372512062018e-10,0.06712790857492379,0.06712790857492379,2.0138372512062018e-10,2.0138372512062018e-10,2.0138372512062018e-10,1
1.3942112473150045e-10,0.008201242770685856,0.1394211248709216,1.3942112473150045e-10,0.02414975807134384,1.3942112473150045e-10,0.10456584368804646,1.3942112473150045e-10,0.0929474166270881,1.3942112473150045e-10,0.1394211248709216,1.3942112473150045e-10,0.04979325897209986,0.1394211248709216,0.06971056250517134,0.04647370838325461,0.04647370838325461,0.1394211248709216,1.3942112473150045e-10,1.3942112473150045e-10,1
1.8021666497930938e-10,0.005300490326666939,0.18021666515952603,1.8021666497930938e-10,0.011016876750702672,1.8021666497930938e-10,0.04505416642504401,0.06007222183998645,0.12014444349975624,1.8021666497930938e-10,0.18021666515952603,1.8021666497930938e-10,0.06758124954745767,0.18021666515952603,0.09010833266987134,1.8021666497930938e-10,0.06007222183998645,1.8021666497930938e-10,1.8021666497930938e-10,1.8021666497930938e-10,1
0.09796905897390491,0.02017010045477938,0.09796905897390491,0.02939071776074982,0.004571242638235022,9.796905887593585e-11,9.796905887593585e-11,0.09796905897390491,0.032656353056614344,9.796905887593585e-11,0.09796905897390491,0.06531270601525963,0.08047458417463065,0.09796905897390491,0.04898452953593698,0.032656353056614344,9.796905887593585e-11,0.09796905897390491,9.796905887593585e-11,0.09796905897390491,1
0.04429539997675112,0.039084176465708186,0.06644309989868356,0.03986585999236463,0.025650093010449446,0.06644309989868356,1.3288619953159476e-10,1.3288619953159476e-10,0.04429539997675112,1.3288619953159476e-10,0.13288619966448095,0.13288619966448095,0.009491871528000113,0.13288619966448095,1.3288619953159476e-10,1.3288619953159476e-10,1.3288619953159476e-10,0.13288619966448095,1.3288619953159476e-10,0.13288619966448095,1
1.5525642109704145e-10,0.015982278797598923,0.15525642125229788,1.5525642109704145e-10,0.031223848461060678,1.5525642109704145e-10,0.07762821070377714,0.05175214052093691,0.1035042808866174,1.5525642109704145e-10,0.05175214052093691,1.5525642109704145e-10,0.047131413702572574,0.15525642125229788,1.5525642109704145e-10,0.05175214052093691,0.1035042808866174,1.5525642109704145e-10,1.5525642109704145e-10,0.15525642125229788,1
1.045480403561987e-10,0.03997425082897695,0.10454804046074674,0.01045480414016791,0.03415328037277472,0.026137010193597716,0.07841103037169705,1.045480403561987e-10,0.10454804046074674,1.045480403561987e-10,0.10454804046074674,0.06969869367534717,0.009334646564922925,0.10454804046074674,1.045480403561987e-10,0.034849346889947605,0.06969869367534717,0.10454804046074674,1.045480403561987e-10,0.10454804046074674,1
1.1690041513524322e-10,0.003438247620878156,0.11690041525214365,0.03507012465747339,0.010979916956113587,1.1690041513524322e-10,0.08767531146833282,1.1690041513524322e-10,0.03896680516198149,1.1690041513524322e-10,0.11690041525214365,0.07793361020706256,0.02505008907445253,0.11690041525214365,0.05845020768452202,1.1690041513524322e-10,0.07793361020706256,0.11690041525214365,1.1690041513524322e-10,0.11690041525214365,1
0.027552509991567494,0.053484284023482744,0.06199314737770494,0.08265752980938743,0.03334681465052281,0.020664382514340003,8.26575297267299e-11,0.027552509991567494,0.05510501990047746,8.26575297267299e-11,0.08265752980938743,0.08265752980938743,0.017712327881242503,0.08265752980938743,0.04132876494602247,8.26575297267299e-11,0.08265752980938743,0.08265752980938743,0.08265752980938743,0.08265752980938743,1
1.0431066425625957e-10,0.021475725098246454,0.05215533223244044,0.03129319938118854,0.009676889063045868,0.10431066436057022,0.07823299829650533,0.03477022152306385,0.10431066436057022,1.0431066425625957e-10,0.10431066436057022,0.06954044294181704,0.007450761836900635,0.10431066436057022,1.0431066425625957e-10,0.03477022152306385,0.03477022152306385,0.10431066436057022,1.0431066425625957e-10,0.10431066436057022,1
1.483445034621862e-10,0.004363073779585273,0.0741722518794376,0.04450335118700038,0.019565410888900264,0.0741722518794376,0.0741722518794376,0.04944816796907324,0.09889633578980199,1.483445034621862e-10,0.09889633578980199,1.483445034621862e-10,0.06622522490824907,0.14834450361053073,1.483445034621862e-10,1.483445034621862e-10,0.09889633578980199,1.483445034621862e-10,1.483445034621862e-10,0.14834450361053073,1
1.5754010216081575e-10,0.016217363615271135,0.15754010231835586,1.5754010216081575e-10,0.03197784966074519,1.5754010216081575e-10,0.07877005123794797,1.5754010216081575e-10,0.10502673493141727,1.5754010216081575e-10,0.05251336754447868,1.5754010216081575e-10,0.059077538467846004,0.15754010231835586,0.07877005123794797,0.05251336754447868,0.05251336754447868,1.5754010216081575e-10,1.5754010216081575e-10,0.15754010231835586,1
0.04333097148167991,0.026763247141328994,0.06499645715752339,0.03899787434651122,0.021193408534589904,0.06499645715752339,0.03249822864375816,1.29992914055061e-10,0.1299929141850539,1.29992914055061e-10,0.0866619428333669,1.29992914055061e-10,0.01392781235017802,0.1299929141850539,1.29992914055061e-10,1.29992914055061e-10,0.0866619428333669,0.1299929141850539,1.29992914055061e-10,0.1299929141850539,1
0.032188514383222705,0.045442608501258,0.09656554295653702,0.028969662954556993,0.011089044222721615,9.656554285997148e-11,0.09656554295653702,0.09656554295653702,0.06437702866987986,9.656554285997148e-11,0.09656554295653702,9.656554285997148e-11,0.0293145398933426,0.09656554295653702,0.04828277152655128,9.656554285997148e-11,0.06437702866987986,0.09656554295653702,9.656554285997148e-11,0.09656554295653702,1
0.1051446674751266,0.010823715863819278,0.1051446674751266,1.0514466736998192e-10,0.04037083145254942,1.0514466736998192e-10,0.05257233379013562,1.0514466736998192e-10,0.07009644501846596,1.0514466736998192e-10,0.1051446674751266,0.03504822256180531,0.03755166702299536,0.1051446674751266,0.05257233379013562,0.03504822256180531,0.03504822256180531,0.1051446674751266,1.0514466736998192e-10,0.1051446674751266,1
1.491197887761627e-10,0.004385876289595161,0.1491197889252825,1.491197887761627e-10,0.0281107295618596,1.491197887761627e-10,0.07455989453720113,1.491197887761627e-10,0.09941319266656158,1.491197887761627e-10,0.09941319266656158,1.491197887761627e-10,0.04793136082717209,0.1491197889252825,1.491197887761627e-10,0.09941319266656158,0.09941319266656158,1.491197887761627e-10,1.491197887761627e-10,0.1491197889252825,1
0.05654669970380155,0.019957658828755904,0.16964009877212446,1.6964009860248438e-10,0.026826545970429144,1.6964009860248438e-10,0.0424100248202612,1.6964009860248438e-10,0.11309339923796301,1.6964009860248438e-10,0.11309339923796301,1.6964009860248438e-10,0.09087862442097101,1.6964009860248438e-10,0.08482004947088227,0.05654669970380155,0.05654669970380155,1.6964009860248438e-10,1.6964009860248438e-10,0.16964009877212446,1
0.03958197294314859,0.055880432341432036,0.05937295935534992,0.05937295935534992,0.013943204147678783,1.1874591847320802e-10,0.02968647973704792,0.11874591859195394,0.07916394576755126,1.1874591847320802e-10,1.1874591847320802e-10,0.11874591859195394,0.029686479737047928,0.11874591859195394,1.1874591847320802e-10,1.1874591847320802e-10,0.03958197294314859,0.11874591859195394,1.1874591847320802e-10,0.11874591859195394,0
0.0346359516661012,0.01222445359644668,0.10390785479048789,0.04156314197853987,0.006712216534085304,1.0390785468658004e-10,0.07793089111884288,0.10390785479048789,0.06927190322829455,1.0390785468658004e-10,0.06927190322829455,0.0346359516661012,0.01298848193973036,0.10390785479048789,0.051953927447197866,1.0390785468658004e-10,0.06927190322829455,0.10390785479048789,1.0390785468658004e-10,0.10390785479048789,1
1.3384057085044326e-10,0.0039364875117947834,0.13384057098428384,1.3384057085044326e-10,0.03288940199463509,0.13384057098428384,0.033460142846451386,1.3384057085044326e-10,0.0892270473674694,1.3384057085044326e-10,0.0892270473674694,1.3384057085044326e-10,0.05975025497778846,0.13384057098428384,0.0669202855590622,0.04461352375065499,0.04461352375065499,1.3384057085044326e-10,1.3384057085044326e-10,0.13384057098428384,1
0.03488040106156626,0.010771888635456294,0.07848090225772257,0.03139236096587376,0.026030751627628683,1.0464120287077516e-10,0.07848090225772257,0.03488040106156626,0.06976080201849132,1.0464120287077516e-10,0.10464120297541638,0.03488040106156626,0.05979497317365557,0.10464120297541638,0.05232060154002878,1.0464120287077516e-10,0.06976080201849132,0.10464120297541638,1.0464120287077516e-10,0.10464120297541638,1
1.2103041952207115e-10,0.014238873005979964,0.06051520988206598,0.02420608402544465,0.0026771338641729636,1.2103041952207115e-10,0.12103041964310157,0.12103041964310157,0.04034347329505413,1.2103041952207115e-10,0.12103041964310157,0.04034347329505413,0.010806287578358201,0.12103041964310157,1.2103041952207115e-10,1.2103041952207115e-10,0.08068694646907786,0.12103041964310157,1.2103041952207115e-10,0.12103041964310157,1
0.03480185794855537,0.007676880511203322,0.10440557363685497,0.0313216721641404,0.005193278330075995,1.0440557353244939e-10,0.10440557363685497,0.03480185794855537,0.06960371579270518,1.0440557353244939e-10,0.10440557363685497,1.0440557353244939e-10,0.033558934454121454,0.10440557363685497,0.05220278687063026,0.06960371579270518,0.03480185794855537,0.10440557363685497,1.0440557353244939e-10,0.10440557363685497,1
0.09656631712554098,0.01562102196890045,0.048283158611053645,9.656631702897466e-11,0.01756620699090935,0.09656631712554098,0.048283158611053645,0.06437754478254942,0.06437754478254942,9.656631702897466e-11,0.032188772439557874,0.09656631712554098,0.017243985280311788,0.09656631712554098,0.048283158611053645,9.656631702897466e-11,0.06437754478254942,0.09656631712554098,9.656631702897466e-11,0.09656631712554098,1
0.05303769960282576,0.0444580717387675,0.07955654936446037,0.007955655008046932,0.01990008113211365,7.955654928490381e-11,0.07955654936446037,0.07955654936446037,0.05303769960282576,7.955654928490381e-11,0.07955654936446037,0.07955654936446037,0.05256414871422515,0.07955654936446037,0.07955654936446037,7.955654928490381e-11,0.05303769960282576,0.07955654936446037,7.955654928490381e-11,0.07955654936446037,1
0.05969470295735152,0.034236667910785716,0.08954205439125626,0.02686261638005632,0.013632819735896364,8.95420543017142e-11,0.08954205439125626,0.08954205439125626,0.05969470295735152,8.95420543017142e-11,0.08954205439125626,0.029847351523446787,0.04477102724039915,0.08954205439125626,0.04477102724039915,8.95420543017142e-11,0.05969470295735152,0.08954205439125626,8.95420543017142e-11,0.08954205439125626,1
0.0796425459603399,0.03747884519997071,0.0796425459603399,7.964254588069735e-11,0.014395607167685398,7.964254588069735e-11,0.059731909490165554,0.0796425459603399,0.053095030666774116,7.964254588069735e-11,0.0796425459603399,0.053095030666774116,0.025599389827009555,0.0796425459603399,0.039821273019991214,0.02654751537320833,0.053095030666774116,0.0796425459603399,0.0796425459603399,0.0796425459603399,1
0.07544162039372973,0.03550193904875367,0.07544162039372973,7.54416203182881e-11,0.026417435516488473,7.54416203182881e-11,0.07544162039372973,0.07544162039372973,0.050294413620967024,7.54416203182881e-11,0.07544162039372973,0.050294413620967024,0.02020757694641165,0.07544162039372973,0.037720810234585664,0.02514720684820432,0.07544162039372973,0.07544162039372973,0.07544162039372973,0.07544162039372973,1
0.1027384391468673,0.03021718805689398,0.05136921962480286,0.0308215318159771,0.006365328724048502,0.05136921962480286,0.07705382938583508,0.1027384391468673,0.03424614645078139,1.0273843904412885e-10,1.0273843904412885e-10,0.06849229279882435,0.016511534949116294,0.1027384391468673,0.05136921962480286,1.0273843904412885e-10,0.06849229279882435,0.1027384391468673,1.0273843904412885e-10,0.1027384391468673,1
1.4026014036080527e-10,0.02268914049274334,0.07013007032066276,1.4026014036080527e-10,0.011352628426314092,1.4026014036080527e-10,0.03506503523046146,0.046753380260528554,0.09350676038079697,1.4026014036080527e-10,0.09350676038079697,1.4026014036080527e-10,0.04257897132121888,0.1402601405010654,0.07013007032066276,1.4026014036080527e-10,0.09350676038079697,0.1402601405010654,1.4026014036080527e-10,0.1402601405010654,1
9.752812615882284e-11,0.0028684743963170323,0.09752812625635097,9.752812615882284e-11,0.0032734763249344166,9.752812615882284e-11,0.09752812625635097,9.752812615882284e-11,0.03250937548380241,9.752812615882284e-11,0.09752812625635097,0.09752812625635097,0.03483147372567914,0.09752812625635097,0.04876406317693954,0.03250937548380241,0.06501875087007669,0.09752812625635097,0.09752812625635097,0.09752812625635097,1
0.11963481842543172,0.014074684626199156,0.11963481842543172,1.196348183057969e-10,0.008195518375974487,1.196348183057969e-10,0.11963481842543172,0.11963481842543172,0.07975654565683275,1.196348183057969e-10,1.196348183057969e-10,1.196348183057969e-10,0.04059038490195876,0.11963481842543172,0.05981740927253326,0.039878272888233784,0.039878272888233784,1.196348183057969e-10,1.196348183057969e-10,0.11963481842543172,1
0.09552338952877848,0.011238045911200456,0.09552338952877848,0.02865701692549992,0.00885118243323669,9.552338943325509e-11,0.09552338952877848,0.031841129906608416,0.06368225971769345,9.552338943325509e-11,0.031841129906608416,0.09552338952877848,0.011940423774680275,0.09552338952877848,0.04776169481215093,0.031841129906608416,0.06368225971769345,0.09552338952877848,9.552338943325509e-11,0.09552338952877848,1
0.09811345403870345,0.02019982885058786,0.04905672706840845,0.009811345492172453,0.01688669999500822,0.09811345403870345,0.04905672706840845,0.03270448474497678,0.06540896939184011,9.811345394058999e-11,9.811345394058999e-11,0.03270448474497678,0.021024311656811304,0.09811345403870345,0.04905672706840845,9.811345394058999e-11,0.06540896939184011,0.09811345403870345,0.09811345403870345,0.09811345403870345,1
0.08581689525392189,0.025240263370553656,0.08581689525392189,0.008581689602627394,0.017084050196865857,8.5816895168105e-11,0.08581689525392189,0.08581689525392189,0.028605631808518557,8.5816895168105e-11,0.028605631808518557,0.057211263531220226,0.03371378033042957,0.08581689525392189,8.5816895168105e-11,0.028605631808518557,0.08581689525392189,0.08581689525392189,0.08581689525392189,0.08581689525392189,1
0.08839031547512077,0.010398860722123308,0.08839031547512077,0.04419515778175554,0.0036282148610601145,0.08839031547512077,0.06629273662843815,0.08839031547512077,0.0294634385506338,8.839031538673046e-11,0.08839031547512077,8.839031538673046e-11,0.00631359404458535,0.08839031547512077,0.04419515778175554,0.0294634385506338,0.05892687701287729,0.08839031547512077,8.839031538673046e-11,0.08839031547512077,1
8.51787050368094e-11,0.025052560390122644,0.0425893526035834,0.08517870512198811,0.007053700485772857,8.51787050368094e-11,0.08517870512198811,0.08517870512198811,0.02839290176411517,0.08517870512198811,0.08517870512198811,8.51787050368094e-11,0.059320883950099525,0.08517870512198811,0.0425893526035834,8.51787050368094e-11,0.02839290176411517,0.08517870512198811,0.08517870512198811,0.08517870512198811,1
0.10468724361904841,0.02155325612234983,0.10468724361904841,1.0468724351436117e-10,0.004481494297169525,1.0468724351436117e-10,0.05234362186186782,0.10468724361904841,0.03489574794280763,1.0468724351436117e-10,0.06979149578092801,1.0468724351436117e-10,0.03178005617154688,0.10468724361904841,0.05234362186186782,0.03489574794280763,0.06979149578092801,0.10468724361904841,1.0468724351436117e-10,0.10468724361904841,1
0.026623372028800933,0.023491210623044365,0.07987011592666257,0.07188310434198332,0.011316471319305054,0.07987011592666257,0.059902586964964456,0.07987011592666257,0.053246743977731756,7.987011584679246e-11,0.053246743977731756,0.07987011592666257,0.021393781110260954,0.07987011592666257,0.03993505800326634,0.026623372028800933,0.053246743977731756,7.987011584679246e-11,0.07987011592666257,0.07987011592666257,1
0.027151113332786612,0.01676980532492389,0.04072666995845325,0.048872003933853235,0.0044325604983514255,0.08145333983545316,0.04072666995845325,0.08145333983545316,0.054302226584119886,8.145333975399982e-11,0.08145333983545316,0.08145333983545316,0.0610900048969532,0.08145333983545316,0.08145333983545316,8.145333975399982e-11,0.054302226584119886,0.08145333983545316,8.145333975399982e-11,0.08145333983545316,1
1.1885240208925885e-10,0.02446961231369981,0.05942620116348182,1.1885240208925885e-10,0.0063173447000246285,1.1885240208925885e-10,0.02971310064116712,0.11885240220811126,0.03961746748193869,1.1885240208925885e-10,0.07923493484502497,0.07923493484502497,0.008489457410942322,0.11885240220811126,1.1885240208925885e-10,1.1885240208925885e-10,0.07923493484502497,0.11885240220811126,0.11885240220811126,0.11885240220811126,0
0.09578491125872193,0.028172032790766386,0.04789245567725342,0.08620642014242823,0.005312599988612055,9.578491116293702e-11,0.07183868346798768,0.09578491125872193,0.06385660753774293,9.578491116293702e-11,9.578491116293702e-11,9.578491116293702e-11,0.010262669148956734,0.09578491125872193,0.04789245567725342,9.578491116293702e-11,0.06385660753774293,0.09578491125872193,0.09578491125872193,0.09578491125872193,1
0.09992220268585113,0.020572218279378156,0.09992220268585113,0.05995332165147956,0.008873909804648144,0.024980550746404435,0.04996110139288666,0.09992220268585113,0.03330740096189851,9.992220258592892e-11,0.03330740096189851,9.992220258592892e-11,0.019627575607872528,0.09992220268585113,0.04996110139288666,0.03330740096189851,0.06661480182387482,0.09992220268585113,9.992220258592892e-11,0.09992220268585113,0
0.09574142202694678,0.028159241840213584,0.04787071106134409,9.574142193120536e-11,0.006448085296786616,0.023935355578542764,0.023935355578542764,0.09574142202694678,0.09574142202694678,9.574142193120536e-11,0.063827614716545,9.574142193120536e-11,0.023935355578542768,0.09574142202694678,0.04787071106134409,9.574142193120536e-11,0.063827614716545,0.09574142202694678,0.09574142202694678,0.09574142202694678,1
9.480406312243373e-11,0.02788354807199045,0.09480406321723779,0.08532365690499441,0.005905040232065809,0.023701015875412495,0.07110304743662935,0.09480406321723779,0.06320270884309322,9.480406312243373e-11,9.480406312243373e-11,9.480406312243373e-11,0.011850507985108278,0.09480406321723779,0.04740203165602092,0.031601354468948635,0.06320270884309322,0.09480406321723779,0.09480406321723779,0.09480406321723779,1
0.12752682852274613,0.01500315640931733,0.06376341432513646,1.275268283952193e-10,0.002736627346308358,1.275268283952193e-10,0.06376341432513646,0.12752682852274613,1.275268283952193e-10,1.275268283952193e-10,0.042508942925933255,1.275268283952193e-10,0.06831794391068002,0.12752682852274613,0.06376341432513646,1.275268283952193e-10,0.042508942925933255,0.12752682852274613,1.275268283952193e-10,0.12752682852274613,1
0.07238064611309401,0.05109222081764606,0.054285484611963246,0.03257129081060635,0.0219185037558634,1.0857096900678456e-10,0.054285484611963246,0.03619032311083249,0.07238064611309401,1.0857096900678456e-10,0.03619032311083249,1.0857096900678456e-10,0.007755069323341297,0.10857096911535555,0.054285484611963246,1.0857096900678456e-10,0.07238064611309401,0.10857096911535555,0.10857096911535555,0.10857096911535555,1
0.11551500019254884,0.008493750121179252,0.11551500019254884,1.1551500007703383e-10,0.006190800713899007,1.1551500007703383e-10,0.057757500154031916,0.07701000016687089,0.07701000016687089,1.1551500007703383e-10,1.1551500007703383e-10,1.1551500007703383e-10,0.022690446559218078,0.11551500019254884,0.057757500154031916,0.038505000141192944,0.07701000016687089,0.11551500019254884,1.1551500007703383e-10,0.11551500019254884,1
0.08063736468273638,0.009486748857354895,0.08063736468273638,0.024191209461267075,0.009233319973724634,0.08063736468273638,0.08063736468273638,8.063736460209903e-11,0.05375824314870338,0.04031868238168687,0.08063736468273638,8.063736460209903e-11,0.04319858826033327,0.08063736468273638,0.04031868238168687,8.063736460209903e-11,0.05375824314870338,0.08063736468273638,0.08063736468273638,0.08063736468273638,1
0.08250428048064944,0.024265964905488147,0.04125214028157685,0.008250428122318796,0.02752412531932359,0.08250428048064944,0.08250428048064944,0.05500285368126771,0.05500285368126771,8.250428039814515e-11,0.08250428048064944,0.05500285368126771,0.03241239595320416,0.08250428048064944,0.04125214028157685,8.250428039814515e-11,0.08250428048064944,8.250428039814515e-11,0.08250428048064944,0.08250428048064944,1
9.341571323311095e-11,0.010990084003193469,0.09341571332652665,0.028024714063349002,0.0006939101454939558,9.341571323311095e-11,0.07006178501824892,0.09341571332652665,0.03113857117111936,9.341571323311095e-11,0.06227714224882301,9.341571323311095e-11,0.06505737180933226,0.09341571332652665,0.04670785670997118,0.09341571332652665,0.03113857117111936,0.09341571332652665,0.09341571332652665,0.09341571332652665,1
0.08735656724728326,0.010277243282642057,0.08735656724728326,0.026206970235334578,0.006753382769193091,8.735656715992668e-11,0.08735656724728326,0.029118855807332127,0.058237711527307695,8.735656715992668e-11,0.08735656724728326,8.735656715992668e-11,0.0686373028558704,0.08735656724728326,0.043678283667319906,0.029118855807332127,0.029118855807332127,0.08735656724728326,0.08735656724728326,0.08735656724728326,1
1.4495262211376394e-10,0.023448218428061492,0.07247631120183458,0.04348578677908181,0.006404586672813987,1.4495262211376394e-10,0.03623815567339361,0.14495262225871658,0.14495262225871658,1.4495262211376394e-10,0.048317540849540604,1.4495262211376394e-10,0.02070751758977604,0.14495262225871658,0.07247631120183458,1.4495262211376394e-10,0.09663508155412859,0.14495262225871658,1.4495262211376394e-10,1.4495262211376394e-10,1
0.08040970782199074,0.020102427015804964,0.040204853951200215,0.02412291240288402,0.01287511010175893,0.08040970782199074,0.08040970782199074,0.08040970782199074,0.05360647190813039,8.040970774158103e-11,0.05360647190813039,0.02680323599427005,0.03158952812174511,0.08040970782199074,0.040204853951200215,8.040970774158103e-11,0.05360647190813039,0.08040970782199074,0.08040970782199074,0.08040970782199074,1
0.0929095609489394,0.043722146378100075,0.04645478052092447,9.290956085602984e-11,0.014462482081558644,0.0929095609489394,0.04645478052092447,0.0929095609489394,0.061939707330262786,9.290956085602984e-11,0.0929095609489394,9.290956085602984e-11,0.028204688209918616,0.0929095609489394,0.04645478052092447,9.290956085602984e-11,0.061939707330262786,0.0929095609489394,9.290956085602984e-11,0.0929095609489394,1
0.08735420690189731,0.01027696559494751,0.08735420690189731,8.73542068145431e-11,0.004388378585300605,0.04367710349462575,0.04367710349462575,0.08735420690189731,0.058236137963716274,8.73542068145431e-11,0.08735420690189731,8.73542068145431e-11,0.03899741384384667,0.08735420690189731,0.04367710349462575,8.73542068145431e-11,0.058236137963716274,0.08735420690189731,0.08735420690189731,0.08735420690189731,1
0.09718480037168838,0.028583764883803497,0.04859240023443658,0.009718480124635158,0.012988988754979957,9.718480027450358e-11,0.024296200165810695,0.09718480037168838,0.032394933522019324,9.718480027450358e-11,9.718480027450358e-11,0.09718480037168838,0.017354428717631865,0.09718480037168838,0.04859240023443658,9.718480027450358e-11,0.09718480037168838,0.09718480037168838,0.09718480037168838,0.09718480037168838,1
0.08023421390533629,0.051916256084712016,0.08023421390533629,0.024070264227764843,0.014692388305717854,0.08023421390533629,0.08023421390533629,0.08023421390533629,0.0534894759636356,8.023421382510208e-11,8.023421382510208e-11,8.023421382510208e-11,0.04011710699278525,0.08023421390533629,0.04011710699278525,8.023421382510208e-11,0.0534894759636356,0.08023421390533629,0.08023421390533629,0.08023421390533629,1
0.09285481848478343,0.04369638521846828,0.06964111388680126,9.285481839192861e-11,0.05428537730283839,9.285481839192861e-11,0.09285481848478343,0.03095160622349769,0.061903212354140556,9.285481839192861e-11,0.03095160622349769,0.061903212354140556,0.04311116577482167,0.09285481848478343,0.04642740928881912,0.03095160622349769,0.061903212354140556,9.285481839192861e-11,0.09285481848478343,0.09285481848478343,1
1.4238764891077882e-10,0.016751488249538097,0.10679073682547176,1.4238764891077882e-10,0.008571150572033958,1.4238764891077882e-10,0.07119382459777705,0.14238764905316648,0.09492509941624021,1.4238764891077882e-10,0.047462549779313926,1.4238764891077882e-10,0.061023278247007144,0.14238764905316648,0.07119382459777705,0.047462549779313926,0.047462549779313926,1.4238764891077882e-10,1.4238764891077882e-10,0.14238764905316648,1
0.11843789037701295,0.0034834674789842143,0.11843789037701295,0.03553136719601042,0.006432166822807515,0.029609472683081655,0.05921894524772541,1.1843789025857505e-10,0.03947929687129624,1.1843789025857505e-10,1.1843789025857505e-10,0.03947929687129624,0.016919698726805755,0.11843789037701295,0.05921894524772541,0.03947929687129624,0.0789585936241546,0.11843789037701295,1.1843789025857505e-10,0.11843789037701295,1
0.0909436660145839,0.010699254905489572,0.045471833052763776,0.02728309986803574,0.014146458964396452,9.094366592364023e-11,0.045471833052763776,0.03031455539882374,0.06062911070670382,9.094366592364023e-11,0.0909436660145839,0.06062911070670382,0.053591803224517356,0.0909436660145839,0.045471833052763776,9.094366592364023e-11,0.06062911070670382,0.0909436660145839,0.0909436660145839,0.0909436660145839,1
0.09132350535380983,0.02685985458029007,0.045661752722566666,0.02739705167006941,0.010220755549885031,9.132350526248633e-11,0.06849262903818824,0.09132350535380983,0.060882336932981056,9.132350526248633e-11,0.03044116851215228,0.060882336932981056,0.01467699200850881,0.09132350535380983,0.045661752722566666,9.132350526248633e-11,0.060882336932981056,0.09132350535380983,0.09132350535380983,0.09132350535380983,1
0.04144037814732993,0.014626015897147768,0.062160567158834334,0.037296340345029065,0.00900907537296798,1.243211340690264e-10,0.062160567158834334,1.243211340690264e-10,0.04144037814732993,1.243211340690264e-10,1.243211340690264e-10,0.08288075617033874,0.006660060878018981,0.12432113419334755,0.062160567158834334,1.243211340690264e-10,0.08288075617033874,0.12432113419334755,0.12432113419334755,0.12432113419334755,1
0.07384990220492646,0.021720559524166537,0.05538742667215732,7.384990213107657e-11,0.007241142673034364,7.384990213107657e-11,0.07384990220492646,0.07384990220492646,0.04923326816123428,7.384990213107657e-11,0.07384990220492646,0.07384990220492646,0.05406867841981667,0.07384990220492646,0.07384990220492646,0.02461663411754209,0.04923326816123428,0.07384990220492646,0.07384990220492646,0.07384990220492646,1
0.029020600618427136,0.021765450485585803,0.0870618016811578,0.017412360405881004,0.011952195254733724,0.0652963512826338,0.0652963512826338,0.05804120114979247,0.05804120114979247,8.706180159409601e-11,0.029020600618427136,0.05804120114979247,0.020210775457119804,0.0870618016811578,0.043530900884109804,0.029020600618427136,0.05804120114979247,0.0870618016811578,0.0870618016811578,0.0870618016811578,1
0.07425142620359984,0.02839025124135523,0.037125713138925626,0.022275427913055954,0.0066063914053373935,0.07425142620359984,0.07425142620359984,0.07425142620359984,0.04950095082715037,7.425142612934841e-11,0.07425142620359984,0.04950095082715037,0.05171081470004763,0.07425142620359984,0.037125713138925626,7.425142612934841e-11,0.04950095082715037,0.07425142620359984,0.07425142620359984,0.07425142620359984,1
0.08517543248805755,0.04008255651006113,0.04258771628661648,0.02555262980604007,0.009602974718910737,0.04258771628661648,0.08517543248805755,0.08517543248805755,0.05678362168709684,8.517543240288211e-11,0.08517543248805755,0.05678362168709684,0.030419797371919043,0.08517543248805755,0.04258771628661648,8.517543240288211e-11,0.05678362168709684,0.08517543248805755,8.517543240288211e-11,0.08517543248805755,1
0.08826828229614372,0.02596125956117282,0.044134141192205996,0.01765365652984337,0.0032977971400536574,0.08826828229614372,0.06620121174417486,0.08826828229614372,0.058845521560185236,8.826828220787544e-11,0.02942276082422676,0.058845521560185236,0.018914631989955872,0.044134141192205996,0.044134141192205996,8.826828220787544e-11,0.058845521560185236,0.08826828229614372,0.08826828229614372,0.08826828229614372,1
0.06109288682933372,0.010781097751232456,0.045819665144910114,0.02749179912360181,0.015878301539064194,0.09163933019818092,0.09163933019818092,0.030546443460486523,0.06109288682933372,9.163933010654158e-11,0.06109288682933372,0.06109288682933372,0.029455499054456272,0.09163933019818092,0.045819665144910114,9.163933010654158e-11,0.09163933019818092,0.09163933019818092,9.163933010654158e-11,0.09163933019818092,1
0.033746990791219345,0.007444189224030319,0.05062048613620853,0.020248194515227996,0.009915755041511936,0.1012409721711761,0.07593072915369231,0.033746990791219345,0.06749398148119772,1.0124097206993512e-10,1.0124097206993512e-10,0.06749398148119772,0.00903937260748518,0.1012409721711761,0.05062048613620853,1.0124097206993512e-10,0.06749398148119772,0.1012409721711761,0.1012409721711761,0.1012409721711761,1
0.08581222436605715,0.021453056155873458,0.08581222436605715,0.008581222513836717,0.014283150655182804,8.581222428024493e-11,0.08581222436605715,8.581222428024493e-11,0.05720814960597551,8.581222428024493e-11,0.08581222436605715,0.05720814960597551,0.026050139599458004,0.08581222436605715,0.042906112225934684,8.581222428024493e-11,0.08581222436605715,0.08581222436605715,0.08581222436605715,0.08581222436605715,1
0.0787241409575936,0.023154159160744568,0.0787241409575936,7.872414087886946e-11,0.0073205568128107135,0.05904310573787623,0.0787241409575936,0.0787241409575936,0.05248276066463711,7.872414087886946e-11,0.0787241409575936,7.872414087886946e-11,0.05763731750789642,0.0787241409575936,0.03936207051815886,7.872414087886946e-11,0.05248276066463711,0.0787241409575936,0.0787241409575936,0.0787241409575936,1
8.807349342227312e-11,0.022018373443641773,0.08807349351034661,8.807349342227312e-11,0.006551962402749033,8.807349342227312e-11,0.08807349351034661,0.08807349351034661,0.08807349351034661,8.807349342227312e-11,0.05871566236958891,0.05871566236958891,0.017300150581734286,0.08807349351034661,0.04403674679921005,0.029357831228831198,0.05871566236958891,0.08807349351034661,0.08807349351034661,0.08807349351034661,1
0.08947786606817956,0.014474360762503137,0.04473893307882871,0.026843359883088377,0.008512558154690545,0.08947786606817956,0.08947786606817956,0.08947786606817956,0.05965191074194566,8.94778659787017e-11,0.02982595541571176,0.05965191074194566,0.025565104654821213,0.08947786606817956,0.04473893307882871,8.94778659787017e-11,0.05965191074194566,0.08947786606817956,8.94778659787017e-11,0.08947786606817956,1
0.08787566436000852,0.0258457836973265,0.08787566436000852,8.787566427213285e-11,0.008568046587832712,8.787566427213285e-11,0.04393783222394208,0.08787566436000852,0.029291888178586613,8.787566427213285e-11,0.08787566436000852,0.05858377626929757,0.028245749318204085,0.08787566436000852,0.04393783222394208,8.787566427213285e-11,0.05858377626929757,0.08787566436000852,0.08787566436000852,0.08787566436000852,1
0.07493171863642127,0.03526198528033857,0.07493171863642127,0.02247951564337859,0.012748369932537402,0.07493171863642127,0.07493171863642127,0.07493171863642127,0.04995447911592475,7.493171856148956e-11,0.024977239595428236,0.04995447911592475,0.042818124967211456,0.07493171863642127,0.03746585935567649,7.493171856148956e-11,0.04995447911592475,0.07493171863642127,0.07493171863642127,0.07493171863642127,1
0.03403215948432499,0.021019863249943496,0.051048239175439235,1.0209647814668553e-10,0.03154912639635124,0.025524119638767863,0.051048239175439235,0.03403215948432499,0.0680643188665535,1.0209647814668553e-10,0.03403215948432499,0.0680643188665535,0.02005466545233828,0.10209647824878201,0.051048239175439235,0.03403215948432499,0.0680643188665535,0.10209647824878201,0.10209647824878201,0.10209647824878201,1
0.06340288042691955,0.015384522528559484,0.09510432059282717,0.009510432144876605,0.011041604378707005,0.04755216034396574,0.04755216034396574,0.03170144026101193,0.06340288042691955,9.510432049772285e-11,0.03170144026101193,0.06340288042691955,0.028870954531913042,0.09510432059282717,0.04755216034396574,9.510432049772285e-11,0.06340288042691955,0.09510432059282717,0.09510432059282717,0.09510432059282717,1
0.08074918633649787,0.013062368445649706,0.08074918633649787,0.016149837331898922,0.005642757126242793,0.08074918633649787,0.08074918633649787,0.08074918633649787,0.05383279091791498,8.074918625574868e-11,0.08074918633649787,0.026916395499332082,0.06344578928169459,0.08074918633649787,0.04037459320862352,8.074918625574868e-11,0.05383279091791498,0.08074918633649787,8.074918625574868e-11,0.08074918633649787,1
1.4079744529612093e-10,0.016564405469752845,0.0703987227888579,1.4079744529612093e-10,0.0263481959948806,0.10559808411288814,0.0703987227888579,1.4079744529612093e-10,0.09386496367154473,1.4079744529612093e-10,0.09386496367154473,0.04693248190617109,0.030170881275680496,0.14079744543691838,0.0703987227888579,1.4079744529612093e-10,0.09386496367154473,1.4079744529612093e-10,1.4079744529612093e-10,0.14079744543691838,1
0.08302088745806968,0.02441790813450582,0.08302088745806968,0.008302088820525766,0.009574765128586103,8.302088737504878e-11,0.06226566561430747,0.08302088745806968,0.055347258333053415,8.302088737504878e-11,0.055347258333053415,0.055347258333053415,0.023720253618749118,0.08302088745806968,0.041510443770545274,0.027673629208037148,0.055347258333053415,0.08302088745806968,0.08302088745806968,0.08302088745806968,1
0.09658944422168626,0.045453856155458536,0.07244208319041205,0.028976833334118497,0.022343018865264862,9.658944412509683e-11,0.04829472215913785,0.09658944422168626,0.03219648147162172,9.658944412509683e-11,0.09658944422168626,9.658944412509683e-11,0.02587217263009752,0.09658944422168626,0.04829472215913785,0.03219648147162172,0.064392962846654,0.09658944422168626,9.658944412509683e-11,0.09658944422168626,1
9.924463763841004e-11,0.0029189600297861084,0.09924463773765468,9.924463763841004e-11,0.0022716942368906476,0.07443347832805217,0.07443347832805217,0.06616309185818467,0.033081545978714655,9.924463763841004e-11,0.09924463773765468,9.924463763841004e-11,0.03544451354153394,0.09924463773765468,0.049622318918449655,0.033081545978714655,0.033081545978714655,0.09924463773765468,0.09924463773765468,0.09924463773765468,1
0.029284641380410738,0.025839389463639346,0.06589044299610675,8.785392387767045e-11,0.0082903863236966,0.08785392396552437,0.04392696202668914,0.08785392396552437,0.029284641380410738,8.785392387767045e-11,0.08785392396552437,0.05856928267296755,0.03608286168046857,0.08785392396552437,8.785392387767045e-11,0.029284641380410738,0.05856928267296755,0.08785392396552437,0.08785392396552437,0.08785392396552437,1
0.038358911483826225,0.0135384394216942,0.11507673422132521,1.1507673410624847e-10,0.011049240844437556,0.028769183641638853,0.028769183641638853,0.11507673422132521,0.07671782285257572,1.1507673410624847e-10,1.1507673410624847e-10,0.07671782285257572,0.016439533558826516,0.11507673422132521,0.05753836716820097,1.1507673410624847e-10,0.07671782285257572,0.11507673422132521,1.1507673410624847e-10,0.11507673422132521,1
0.03244546647422071,0.0372168585884684,0.04866819966266286,0.029200919836532283,0.014680261460664213,0.09733639922798933,0.09733639922798933,0.03244546647422071,0.03244546647422071,9.733639913065292e-11,0.09733639922798933,0.06489093285110502,0.01042890000419207,0.09733639922798933,0.04866819966266286,9.733639913065292e-11,0.06489093285110502,0.09733639922798933,9.733639913065292e-11,0.09733639922798933,1
0.040024497346826046,0.04591045282134848,1.2007349168025768e-10,0.10806614263230539,0.02623593252143275,1.2007349168025768e-10,0.060036745960202316,0.040024497346826046,0.040024497346826046,1.2007349168025768e-10,1.2007349168025768e-10,0.0800489945735786,0.019297525568686334,0.12007349180033117,0.060036745960202316,0.040024497346826046,0.0800489945735786,0.12007349180033117,1.2007349168025768e-10,0.12007349180033117,1
1.1237076865577952e-10,0.008262556631178086,0.05618538444026052,0.03371123070910463,0.006887918912994648,1.1237076865577952e-10,0.0842780766042054,0.07491384588289045,0.07491384588289045,1.1237076865577952e-10,0.11237076876815029,1.1237076865577952e-10,0.080264834866499,0.11237076876815029,0.05618538444026052,1.1237076865577952e-10,0.07491384588289045,0.11237076876815029,1.1237076865577952e-10,0.11237076876815029,1
0.03134308188764535,0.01935896237832154,0.09402924547487755,0.018805849170198907,0.03161729504959016,9.402924538084831e-11,0.09402924547487755,0.03134308188764535,0.06268616368126145,9.402924538084831e-11,9.402924538084831e-11,0.09402924547487755,0.03694006077936251,0.09402924547487755,0.04701462278445339,9.402924538084831e-11,0.06268616368126145,0.09402924547487755,0.09402924547487755,0.09402924547487755,1
0.10338774769243904,0.03496938531733156,0.10338774769243904,0.020677549621198006,0.024325190413214057,0.0775408107951762,0.02584693700065057,0.10338774769243904,0.06892516516275528,1.0338774758905129e-10,0.03446258263307151,1.0338774758905129e-10,0.024000727222274653,0.05169387389791339,0.05169387389791339,0.03446258263307151,0.03446258263307151,1.0338774758905129e-10,0.10338774769243904,0.10338774769243904,1
0.049960636616479544,0.017633165961622246,0.1498819095496748,0.04496457296981979,0.02740495145039428,1.498819093997929e-10,0.07494095484977835,1.498819093997929e-10,0.049960636616479544,1.498819093997929e-10,1.498819093997929e-10,1.498819093997929e-10,0.01070585082129569,0.1498819095496748,0.07494095484977835,1.498819093997929e-10,0.049960636616479544,0.1498819095496748,1.498819093997929e-10,0.1498819095496748,1
0.03553007008095321,0.05016009889392621,0.07994265754890696,0.09593118903737032,0.02466225567644766,1.0659020992308901e-10,0.05329510506813471,0.03553007008095321,1.0659020992308901e-10,1.0659020992308901e-10,0.03553007008095321,1.0659020992308901e-10,0.020937362770054122,0.05329510506813471,0.05329510506813471,0.03553007008095321,0.10659021002967922,0.10659021002967922,0.10659021002967922,0.10659021002967922,0
1.366534613605447e-10,0.010048048766105279,0.06832673081692581,0.027330692408762403,0.014181161583004693,1.366534613605447e-10,0.06832673081692581,0.09110230771034994,0.09110230771034994,1.366534613605447e-10,0.045551153923501696,1.366534613605447e-10,0.014641442425283252,0.13665346149719818,0.06832673081692581,1.366534613605447e-10,0.09110230771034994,0.13665346149719818,1.366534613605447e-10,0.13665346149719818,1
0.041242884213631696,0.06914248227444846,0.12372865239343779,0.11135578716646687,0.03883285103967566,1.2372865226970913e-10,0.09279648932601049,0.041242884213631696,0.041242884213631696,1.2372865226970913e-10,1.2372865226970913e-10,1.2372865226970913e-10,0.04860768494397153,1.2372865226970913e-10,0.061864326258583215,0.041242884213631696,0.041242884213631696,0.12372865239343779,1.2372865226970913e-10,0.12372865239343779,1
0.08232811095645785,0.02421415033942509,0.08232811095645785,0.016465622257154058,0.01597728890443968,0.06174608323792541,0.04116405551939298,0.08232811095645785,0.05488540733174794,8.232811087412974e-11,0.08232811095645785,8.232811087412974e-11,0.03087304166012676,0.08232811095645785,0.04116405551939298,8.232811087412974e-11,0.05488540733174794,0.08232811095645785,0.08232811095645785,0.08232811095645785,1
1.1566136666188186e-10,0.018709927075671665,0.05783068344660229,0.10409523011135503,0.0035384462400151863,1.1566136666188186e-10,0.05783068344660229,0.11566136677754324,0.03855378900295532,1.1566136666188186e-10,0.11566136677754324,0.03855378900295532,0.006196144758262184,0.11566136677754324,0.05783068344660229,1.1566136666188186e-10,0.03855378900295532,0.11566136677754324,1.1566136666188186e-10,0.11566136677754324,1
0.029093049457698198,0.02567033776706066,0.06545936117072201,0.07855123338741057,0.0214283900329394,0.0872791481985363,0.04363957414290772,0.0872791481985363,0.058186098828117254,8.727914811125716e-11,0.029093049457698198,0.029093049457698198,0.023378343331365885,8.727914811125716e-11,0.04363957414290772,0.029093049457698198,0.0872791481985363,0.0872791481985363,0.0872791481985363,0.0872791481985363,1
0.04128426347785461,0.058283666035384776,0.09288959267035689,1.2385279006200547e-10,0.04894413670497545,1.2385279006200547e-10,0.06192639515485552,0.04128426347785461,0.04128426347785461,1.2385279006200547e-10,0.04128426347785461,0.04128426347785461,0.07740799391260621,0.12385279018585826,1.2385279006200547e-10,1.2385279006200547e-10,0.08256852683185645,0.12385279018585826,1.2385279006200547e-10,0.12385279018585826,1
0.07585981102598852,0.02231170917883884,0.07585981102598852,0.022757943360898425,0.00668270929403721,7.58598109501287e-11,0.056894858288456335,0.07585981102598852,0.07585981102598852,0.07585981102598852,0.02528660372590271,0.05057320737594561,0.018964952813391993,0.07585981102598852,0.03792990555092416,0.02528660372590271,0.05057320737594561,0.07585981102598852,0.07585981102598852,0.07585981102598852,1
0.09929209290448532,0.02920355680670186,0.049646046501888697,9.929209280519323e-11,0.006244682727020488,9.929209280519323e-11,0.049646046501888697,0.033097364367689834,0.06619472863608758,0.09929209290448532,0.033097364367689834,9.929209280519323e-11,0.02127687712897635,0.09929209290448532,0.049646046501888697,9.929209280519323e-11,0.06619472863608758,0.09929209290448532,0.09929209290448532,0.09929209290448532,1
0.08156503073515792,0.009595886040811252,0.08156503073515792,0.07340852766979862,0.005215063667978309,8.156503065359289e-11,0.04078251540836147,0.08156503073515792,0.02718834363276266,0.08156503073515792,0.02718834363276266,8.156503065359289e-11,0.014565184126849472,0.08156503073515792,0.04078251540836147,0.02718834363276266,0.08156503073515792,0.08156503073515792,0.08156503073515792,0.08156503073515792,1
0.09511442393764397,0.01958238147445874,0.047557212016379184,0.02853432724787329,0.006400624083197049,9.511442384252954e-11,0.02377860605574681,0.06340961599013412,0.09511442393764397,9.511442384252954e-11,0.09511442393764397,9.511442384252954e-11,0.033969437181732114,0.09511442393764397,0.047557212016379184,9.511442384252954e-11,0.06340961599013412,0.09511442393764397,0.09511442393764397,0.09511442393764397,1
0.09913424025233802,0.029157129555958877,0.04956712017573612,0.02974027214509538,0.00699841707484462,9.913424015320378e-11,0.024783560137435184,0.09913424025233802,0.03304474681686883,9.913424015320378e-11,0.06608949353460343,0.06608949353460343,0.03363483157968552,0.04956712017573612,0.04956712017573612,9.913424015320378e-11,0.06608949353460343,0.09913424025233802,0.09913424025233802,0.09913424025233802,1
0.08464104627101601,0.00995777022421457,0.08464104627101601,0.05078462779646603,0.008206092490297075,0.08464104627101601,0.06348078472442227,0.08464104627101601,0.028213682146766034,8.464104618637497e-11,0.028213682146766034,0.05642736420889103,0.06348078472442227,0.08464104627101601,0.04232052317782853,8.464104618637497e-11,0.05642736420889103,0.08464104627101601,8.464104618637497e-11,0.08464104627101601,1
1.1936375903108632e-10,0.019308843492039485,0.05968187963490691,1.1936375903108632e-10,0.02436008497940003,1.1936375903108632e-10,0.05968187963490691,0.07957583947342131,0.03978791979639253,1.1936375903108632e-10,0.03978791979639253,0.03978791979639253,0.021314957089200597,0.11936375915045008,0.05968187963490691,1.1936375903108632e-10,0.07957583947342131,0.11936375915045008,0.11936375915045008,0.11936375915045008,0
1.343799389710053e-10,0.003952351280585976,0.06718996961988259,0.026875987928581,0.0013161456794904785,1.343799389710053e-10,0.13437993910538526,0.044793313124715045,0.044793313124715045,1.343799389710053e-10,1.343799389710053e-10,0.044793313124715045,0.07198925315456137,1.343799389710053e-10,0.06718996961988259,1.343799389710053e-10,0.08958662611505015,0.13437993910538526,0.13437993910538526,0.13437993910538526,1
0.03138441787155446,0.011076853427353676,0.09415325342635687,9.415325333220362e-11,0.010962269492796526,0.04707662676025506,0.07061494009330596,0.06276883564895566,9.415325333220362e-11,9.415325333220362e-11,0.06276883564895566,0.06276883564895566,0.028582237712857922,0.09415325342635687,0.04707662676025506,9.415325333220362e-11,0.09415325342635687,0.09415325342635687,0.09415325342635687,0.09415325342635687,1
0.11147185623910823,0.013114336126487897,0.055735928175290037,0.02229437133699913,0.003146531540627653,1.1147185612763638e-10,0.055735928175290037,0.11147185623910823,0.037157285487350644,1.1147185612763638e-10,1.1147185612763638e-10,1.1147185612763638e-10,0.013933982127426402,0.11147185623910823,0.055735928175290037,1.1147185612763638e-10,0.07431457086322944,0.11147185623910823,0.11147185623910823,0.11147185623910823,1
0.03023687816054344,0.02267765864308524,0.04535531719545984,0.01814212693261032,0.018597327209924408,0.09071063430020906,0.06803297574783444,0.03023687816054344,0.060473756230376256,9.071063420949842e-11,0.060473756230376256,0.060473756230376256,0.02591732415056733,0.09071063430020906,0.04535531719545984,9.071063420949842e-11,0.060473756230376256,0.09071063430020906,0.09071063430020906,0.09071063430020906,1
0.043779259456907776,0.027040130891248657,0.06566888911969278,1.3133777797671e-10,0.043432378564265434,1.3133777797671e-10,0.09850333361387027,0.08755851878247778,0.08755851878247778,1.3133777797671e-10,0.08755851878247778,1.3133777797671e-10,0.021107857306166176,0.13133777810804778,1.3133777797671e-10,1.3133777797671e-10,0.043779259456907776,0.13133777810804778,1.3133777797671e-10,0.13133777810804778,1
0.03204795961741127,0.0070694029317175675,0.09614387865994604,0.01922877580890431,0.008829324038203183,9.614387856380216e-11,0.0721079090189955,0.09614387865994604,0.06409591913867865,9.614387856380216e-11,0.06409591913867865,0.06409591913867865,0.027469679685801645,0.09614387865994604,9.614387856380216e-11,9.614387856380216e-11,0.06409591913867865,0.09614387865994604,0.09614387865994604,0.09614387865994604,1
0.09583774181405358,0.02818757118943063,0.04791887095494565,0.009583774267659325,0.012408176956350665,0.0718783063844996,0.04791887095494565,0.03194591400190969,0.03194591400190969,9.583774171821582e-11,0.09583774181405358,0.06389182790798163,0.015402494300551003,0.09583774181405358,9.583774171821582e-11,9.583774171821582e-11,0.06389182790798163,0.09583774181405358,0.09583774181405358,0.09583774181405358,1
0.07711748398639692,0.0056704033057409725,0.07711748398639692,0.046270490422685155,0.0029108944295861586,0.0385587420317572,0.07711748398639692,0.07711748398639692,0.051411656016637115,7.711748390927944e-11,0.025705828046877297,0.051411656016637115,0.04544423166651429,0.07711748398639692,0.0385587420317572,0.025705828046877297,0.051411656016637115,0.07711748398639692,0.07711748398639692,0.07711748398639692,1
0.08416809110515755,0.024755320972694398,0.04208404559466281,0.016833618288365982,0.013023036947325478,0.04208404559466281,0.08416809110515755,0.08416809110515755,0.05611206076482773,8.416809102098946e-11,0.05611206076482773,0.08416809110515755,0.019539021214040643,0.08416809110515755,8.416809102098946e-11,8.416809102098946e-11,0.05611206076482773,0.08416809110515755,0.08416809110515755,0.08416809110515755,1
0.03289333238831314,0.04643764568404444,0.04933999853312971,0.029603999159349834,0.02467814391782537,9.867999686889944e-11,0.02466999931590486,0.09867999696757944,0.03289333238831314,9.867999686889944e-11,9.867999686889944e-11,0.09867999696757944,0.019383570912213818,0.09867999696757944,0.04933999853312971,9.867999686889944e-11,0.09867999696757944,0.09867999696757944,0.09867999696757944,0.09867999696757944,1
0.0967992223452922,0.04555257527256062,0.0967992223452922,0.009679922321648519,0.0297843761732586,9.679922224849297e-11,0.0967992223452922,0.032266407512963544,0.06453281492912787,9.679922224849297e-11,0.032266407512963544,0.032266407512963544,0.02765692073922579,0.0967992223452922,0.048399611221045705,0.032266407512963544,0.06453281492912787,9.679922224849297e-11,0.0967992223452922,0.0967992223452922,1
0.033193043305673436,0.0029287980295286268,0.049789564908720586,0.029873738985064013,0.009933804545377905,9.957912961828292e-11,0.02489478250414986,0.09957912971786206,0.09957912971786206,9.957912961828292e-11,0.06638608651176775,0.06638608651176775,0.019560186274598993,0.09957912971786206,9.957912961828292e-11,9.957912961828292e-11,0.09957912971786206,0.09957912971786206,0.09957912971786206,0.09957912971786206,1
0.10391201278048788,0.016809296272181636,0.10391201278048788,0.03117360390688478,0.006912601805572639,1.0391201267657587e-10,0.05195600644219994,0.10391201278048788,0.034637337662770634,1.0391201267657587e-10,0.034637337662770634,0.06927467522162926,0.04453371982244453,0.10391201278048788,0.05195600644219994,1.0391201267657587e-10,0.034637337662770634,0.10391201278048788,1.0391201267657587e-10,0.10391201278048788,1
0.08812058833093624,0.014254801127399587,0.04406029420952841,0.026436176560965287,0.004669314849748818,0.04406029420952841,0.08812058833093624,0.08812058833093624,0.05874705891666435,8.812058824281564e-11,0.05874705891666435,0.02937352950239247,0.04406029420952841,0.04406029420952841,0.04406029420952841,8.812058824281564e-11,0.05874705891666435,0.08812058833093624,0.08812058833093624,0.08812058833093624,1
0.0753136012606976,0.022151059247485363,0.0753136012606976,0.022594080430928802,0.020110977656070096,7.5313601185384e-11,0.0188284003716596,0.050209067532236265,0.0753136012606976,7.5313601185384e-11,0.050209067532236265,0.0753136012606976,0.03765680066800559,0.0753136012606976,0.0753136012606976,0.050209067532236265,0.050209067532236265,0.0753136012606976,0.0753136012606976,0.0753136012606976,1
0.11191459328908351,0.018103831361162503,0.055957296700499044,0.04476583738278216,0.003842561251044856,0.11191459328908351,0.027978648406206823,0.11191459328908351,0.03730486450430423,1.1191459317716892e-10,1.1191459317716892e-10,1.1191459317716892e-10,0.009992374502733247,0.11191459328908351,0.055957296700499044,1.1191459317716892e-10,0.07460972889669387,0.11191459328908351,1.1191459317716892e-10,0.11191459328908351,1
0.10055311745838137,0.0029574447287245356,0.05027655877946724,0.02011062357211877,0.015093480025289307,0.05027655877946724,0.05027655877946724,1.0055311735782825e-10,0.06703541167243862,1.0055311735782825e-10,0.03351770588649587,0.06703541167243862,0.02334268805862039,0.10055311745838137,0.05027655877946724,1.0055311735782825e-10,0.06703541167243862,0.10055311745838137,0.10055311745838137,0.10055311745838137,1
0.10011314706936263,0.020611530358488037,0.050056573584737876,1.0011314696924947e-10,0.008648489191217013,1.0011314696924947e-10,0.050056573584737876,0.03337104908986297,0.10011314706936263,1.0011314696924947e-10,0.03337104908986297,0.03337104908986297,0.01966508254050144,0.10011314706936263,0.050056573584737876,1.0011314696924947e-10,0.10011314706936263,0.10011314706936263,0.10011314706936263,0.10011314706936263,1
0.09266156435447706,0.027253401346136706,0.09266156435447706,0.027798469371206214,0.01336847271808691,0.023165391158115438,0.09266156435447706,0.06177437626720522,0.06177437626720522,9.266156426181549e-11,0.09266156435447706,9.266156426181549e-11,0.02812940352928412,0.09266156435447706,0.0463307822235693,9.266156426181549e-11,0.06177437626720522,9.266156426181549e-11,0.09266156435447706,0.09266156435447706,1
0.08462439534318092,0.037334292134103206,0.06346829653911983,0.02538731869180989,0.011699064338492325,1.269365928243665e-10,0.06346829653911983,0.04231219773505875,0.08462439534318092,1.269365928243665e-10,0.04231219773505875,1.269365928243665e-10,0.015867074229982403,0.12693659295130308,0.06346829653911983,1.269365928243665e-10,0.08462439534318092,0.12693659295130308,1.269365928243665e-10,0.12693659295130308,1
0.09561068204065326,0.019684552260766503,0.04780534106813197,0.019122136484619197,0.011915824603452732,9.561068194504257e-11,0.04780534106813197,0.06374045472563906,0.06374045472563906,9.561068194504257e-11,0.09561068204065326,9.561068194504257e-11,0.04097600664348607,0.09561068204065326,0.04780534106813197,9.561068194504257e-11,0.06374045472563906,0.09561068204065326,0.09561068204065326,0.09561068204065326,1
0.07497704992146903,0.00330781113345102,0.05623278746921816,0.02249311505516661,0.01154730738744085,1.1246557471350518e-10,0.05623278746921816,0.0374885250169673,0.07497704992146903,1.1246557471350518e-10,0.0374885250169673,1.1246557471350518e-10,0.04418290446419975,0.11246557482597075,0.05623278746921816,1.1246557471350518e-10,0.07497704992146903,0.11246557482597075,0.11246557482597075,0.11246557482597075,1
0.13134145272612463,0.027040887430267398,0.06567072642873303,0.039402435909776413,0.008693945738886525,1.3134145259478318e-10,0.03283536328003725,0.08756096852786358,0.043780484329602506,1.3134145259478318e-10,1.3134145259478318e-10,1.3134145259478318e-10,0.016417681705689347,0.13134145272612463,0.06567072642873303,1.3134145259478318e-10,0.08756096852786358,0.13134145272612463,1.3134145259478318e-10,0.13134145272612463,1
0.09566537241828743,0.008441062359426143,0.04783268625697639,9.566537232262206e-11,0.005863938951580469,9.566537232262206e-11,0.04783268625697639,0.03188845753653939,0.03188845753653939,9.566537232262206e-11,0.09566537241828743,0.0637769149774134,0.07687395999777237,0.09566537241828743,0.04783268625697639,9.566537232262206e-11,0.0637769149774134,0.09566537241828743,0.09566537241828743,0.09566537241828743,1
0.1136291666682574,0.0033420344240594076,0.05681458339094327,0.022725833424554812,0.008084214505349992,0.08522187502960032,0.05681458339094327,0.1136291666682574,1.1362916655462823e-10,1.1362916655462823e-10,0.037876388965171905,1.1362916655462823e-10,0.02840729175228623,0.1136291666682574,0.05681458339094327,1.1362916655462823e-10,0.07575277781671465,0.1136291666682574,1.1362916655462823e-10,0.1136291666682574,1
0.029713940675655817,0.01048727323732323,0.04457091096891281,8.914182175954199e-11,0.005238443229847821,0.0668563664087983,0.08914182184868381,0.08914182184868381,0.059427881262169815,8.914182175954199e-11,0.08914182184868381,8.914182175954199e-11,0.05571363868885556,0.08914182184868381,0.04457091096891281,8.914182175954199e-11,0.059427881262169815,0.08914182184868381,0.08914182184868381,0.08914182184868381,1
1.3531003946921556e-10,0.03979707056743226,0.03382751000261393,1.3531003946921556e-10,0.015448901417285514,0.03382751000261393,0.1014825297372217,0.04510334662504856,0.09020669311478707,1.3531003946921556e-10,0.09020669311478707,0.09020669311478707,0.031411259297806506,1.3531003946921556e-10,0.06765501986991782,1.3531003946921556e-10,0.09020669311478707,0.1353100396045256,1.3531003946921556e-10,0.1353100396045256,1
0.03398789227684078,0.0029989317644528316,0.10196367662659499,0.08157094132166871,0.0038263029186137556,0.10196367662659499,0.07647275749543715,1.0196367652463131e-10,0.03398789227684078,1.0196367652463131e-10,0.06797578445171788,0.03398789227684078,0.036415598860760574,0.10196367662659499,0.050981838364279324,0.03398789227684078,0.03398789227684078,0.10196367662659499,1.0196367652463131e-10,0.10196367662659499,1
0.055704742462260794,0.0245756217212205,0.08355711365161263,0.025067134153973773,0.013323897691140745,0.08355711365161263,0.041778556867584866,0.055704742462260794,0.055704742462260794,8.355711356805552e-11,0.02785237127290895,0.055704742462260794,0.017905095848140432,0.08355711365161263,0.041778556867584866,0.02785237127290895,0.055704742462260794,0.08355711365161263,0.08355711365161263,0.08355711365161263,1
0.08747273424675413,0.04116363969184045,0.043736367167113425,0.026241820335257154,0.017254856033385786,0.08747273424675413,0.08747273424675413,0.029157578140566527,0.029157578140566527,8.747273415928139e-11,0.08747273424675413,8.747273415928139e-11,0.040612340947139086,0.08747273424675413,0.043736367167113425,8.747273415928139e-11,0.029157578140566527,0.08747273424675413,0.08747273424675413,0.08747273424675413,1
0.09368387440474489,0.006888520263614832,0.04684193724921438,0.056210324680320486,0.01846459994964407,0.09368387440474489,0.09368387440474489,9.368387431106102e-11,0.06245591630105789,9.368387431106102e-11,0.09368387440474489,9.368387431106102e-11,0.07528168480792934,0.09368387440474489,0.04684193724921438,9.368387431106102e-11,0.03122795819737088,0.09368387440474489,9.368387431106102e-11,0.09368387440474489,1
0.0287253563697095,0.0253459026892938,0.04308803451147621,0.025852820741356163,0.02292148775118112,0.08617606893677636,0.08617606893677636,0.0287253563697095,0.0287253563697095,8.617606885060029e-11,0.08617606893677636,0.05745071265324293,0.03539374264981548,0.08617606893677636,0.04308803451147621,8.617606885060029e-11,0.05745071265324293,0.08617606893677636,0.08617606893677636,0.08617606893677636,1
0.10593467802751316,0.0077893146589919195,0.10593467802751316,0.021186935690250375,0.012567138083205679,1.0593467792157848e-10,1.0593467792157848e-10,0.035311559413127504,0.07062311872032033,1.0593467792157848e-10,0.07062311872032033,0.07062311872032033,0.022700288231987206,0.10593467802751316,0.05296733906672391,1.0593467792157848e-10,0.10593467802751316,0.10593467802751316,1.0593467792157848e-10,0.10593467802751316,1
0.08958672170840935,0.04215845732197384,0.044793360898998026,0.026876016575233513,0.010568610805486123,0.08958672170840935,0.044793360898998026,0.08958672170840935,0.02986224062919426,8.958672161882263e-11,0.08958672170840935,0.0597244811688018,0.009598577405889146,0.08958672170840935,0.044793360898998026,8.958672161882263e-11,0.0597244811688018,0.08958672170840935,8.958672161882263e-11,0.08958672170840935,1
0.07923118998070622,0.019807797554599948,0.0396155950299687,0.007923119069378693,0.009704447571290362,0.07923118998070622,0.07923118998070622,0.07923118998070622,0.05282079334688121,7.923118990147503e-11,0.07923118998070622,7.923118990147503e-11,0.03820075235315665,0.07923118998070622,0.0396155950299687,7.923118990147503e-11,0.07923118998070622,0.07923118998070622,0.07923118998070622,0.07923118998070622,1
9.163803398264962e-11,0.026952363027711448,0.04581901708296284,0.009163803489902997,0.013684693842541031,0.09163803407428767,0.09163803407428767,0.09163803407428767,0.061092022746737785,9.163803398264962e-11,0.09163803407428767,0.09163803407428767,0.04909180401091462,9.163803398264962e-11,0.09163803407428767,9.163803398264962e-11,0.061092022746737785,9.163803398264962e-11,0.09163803407428767,0.09163803407428767,1
1.009178956048064e-10,0.01187269370148335,0.05045894790332109,0.020183579221879175,0.005619506558057989,0.10091789570572429,0.10091789570572429,0.03363929863585336,1.009178956048064e-10,1.009178956048064e-10,0.10091789570572429,0.03363929863585336,0.05406315846063561,0.10091789570572429,0.05045894790332109,1.009178956048064e-10,0.03363929863585336,0.10091789570572429,0.10091789570572429,0.10091789570572429,1
0.08714109113029607,0.010251893151041675,0.04357054560871858,0.07842698202598057,0.006194909827856192,8.714109104315498e-11,0.06535581836950732,0.029047030434859417,0.05809406078257775,8.714109104315498e-11,0.08714109113029607,0.05809406078257775,0.026453545582384566,0.08714109113029607,0.04357054560871858,8.714109104315498e-11,0.05809406078257775,0.08714109113029607,0.08714109113029607,0.08714109113029607,1
0.033242055841046114,0.029331225753832,0.09972616732368601,0.029917850266914126,0.00819253711223701,9.972616722395984e-11,0.09972616732368601,0.09972616732368601,0.06648411158236606,9.972616722395984e-11,0.033242055841046114,0.033242055841046114,0.05164390812641964,0.09972616732368601,0.04986308371170608,0.033242055841046114,0.033242055841046114,0.09972616732368601,9.972616722395984e-11,0.09972616732368601,1
0.07688956980743192,0.013568747708057452,0.028833588749870943,0.03460030647677827,0.0010090329298806993,0.0865007660189441,0.05766717738440752,0.07688956980743192,0.038444784961383136,1.1533435453814635e-10,0.07688956980743192,1.1533435453814635e-10,0.04736946715778732,0.1153343546534807,1.1533435453814635e-10,0.038444784961383136,0.07688956980743192,0.1153343546534807,1.1533435453814635e-10,0.1153343546534807,1
0.13726360610857274,0.016148659663299973,0.06863180312291817,0.04117908192865635,0.014508825220948256,1.3726360597130914e-10,0.03431590163009089,0.045754535461033315,0.045754535461033315,1.3726360597130914e-10,0.045754535461033315,0.09150907078480303,0.024511358346425947,1.3726360597130914e-10,0.06863180312291817,1.3726360597130914e-10,0.09150907078480303,0.13726360610857274,1.3726360597130914e-10,0.13726360610857274,1
0.07543516595677656,0.048810989763361935,0.07543516595677656,0.007543516663569305,0.03572938864738337,0.07543516595677656,0.056576374486441205,0.02514505536921563,0.050290110662996095,7.54351658813414e-11,7.54351658813414e-11,0.07543516595677656,0.02155290461296128,0.07543516595677656,0.07543516595677656,0.02514505536921563,0.050290110662996095,0.07543516595677656,0.07543516595677656,0.07543516595677656,1
0.035163386467713595,0.0310265174839226,0.052745079648825306,1.054901590866703e-10,0.01893413122361047,0.026372539877157736,0.07911761942049288,0.035163386467713595,0.07032677282993703,1.054901590866703e-10,0.07032677282993703,0.07032677282993703,0.03579130408132472,1.054901590866703e-10,0.052745079648825306,0.035163386467713595,0.07032677282993703,0.10549015919216047,0.10549015919216047,0.10549015919216047,1
0.03734433163830528,0.013180352415423209,0.05601649740144141,0.03360989848567805,0.0055973347151784605,0.05601649740144141,0.05601649740144141,0.07468866316457756,1.1203299457881685e-10,1.1203299457881685e-10,1.1203299457881685e-10,0.07468866316457756,0.0140041244343851,0.11203299469084985,0.05601649740144141,1.1203299457881685e-10,0.07468866316457756,0.11203299469084985,0.11203299469084985,0.11203299469084985,1
0.10330123689619072,0.030382716807092258,0.10330123689619072,0.030990371141168087,0.013834885673560563,1.0330123679288949e-10,0.05165061849974597,0.10330123689619072,0.06886749129856089,1.0330123679288949e-10,0.034433745700931065,1.0330123679288949e-10,0.02951463918698395,0.10330123689619072,0.05165061849974597,0.034433745700931065,0.034433745700931065,0.10330123689619072,1.0330123679288949e-10,0.10330123689619072,1
1.4871189080587881e-10,0.017495516714109396,0.07435594555165129,0.04461356739047555,0.010211975483021166,1.4871189080587881e-10,0.07435594555165129,0.14871189095459073,0.04957063041733816,1.4871189080587881e-10,1.4871189080587881e-10,0.09914126068596445,0.010622278063417524,1.4871189080587881e-10,0.07435594555165129,1.4871189080587881e-10,0.09914126068596445,0.14871189095459073,1.4871189080587881e-10,0.14871189095459073,1
0.09020798117773124,0.034491286976613925,0.09020798117773124,0.02706239441646496,0.028312222172481152,9.020798108752325e-11,0.06765598590585041,0.06013865414855681,0.06013865414855681,0.0451039906339696,0.030069327119382396,0.06013865414855681,0.030606279387760508,0.09020798117773124,0.0451039906339696,9.020798108752325e-11,0.06013865414855681,0.09020798117773124,9.020798108752325e-11,0.09020798117773124,1
0.030720209593403932,0.059633347947515264,0.023040157218093108,0.08294456574551755,0.031267879224657534,9.216062850372992e-11,0.09216062859589054,0.09216062859589054,0.030720209593403932,9.216062850372992e-11,0.06144041909464724,0.09216062859589054,0.06582902045196772,0.09216062859589054,9.216062850372992e-11,9.216062850372992e-11,0.06144041909464724,0.09216062859589054,9.216062850372992e-11,0.09216062859589054,0
0.03125891075393624,0.011032556797362439,0.09377673207425527,0.018755346489872437,0.017373514816912596,9.377673198047854e-11,0.09377673207425527,9.377673198047854e-11,0.06251782141409576,9.377673198047854e-11,0.09377673207425527,0.06251782141409576,0.015071260590639356,0.09377673207425527,9.377673198047854e-11,0.06251782141409576,0.06251782141409576,0.09377673207425527,0.09377673207425527,0.09377673207425527,1
0.1024522878707374,0.012053210428132887,0.1024522878707374,0.030735686432937826,0.0058684292631645575,1.0245228776828511e-10,0.051226143986594835,0.1024522878707374,0.03415076269188066,1.0245228776828511e-10,0.03415076269188066,0.03415076269188066,0.029272082321962323,0.1024522878707374,0.051226143986594835,0.03415076269188066,0.06830152528130902,0.1024522878707374,1.0245228776828511e-10,0.1024522878707374,1
0.05897571278495903,0.02601869686632921,0.08846356913320676,0.07961721222873243,0.004989279183371776,0.06634767687202095,0.044231784610835156,0.029487856436711295,8.846356904474319e-11,8.846356904474319e-11,0.08846356913320676,8.846356904474319e-11,0.026855012119903463,0.08846356913320676,0.044231784610835156,0.029487856436711295,0.05897571278495903,0.08846356913320676,0.08846356913320676,0.08846356913320676,1
0.1028518213640708,0.030250535767916222,0.051425910733461304,0.020570364355095617,0.021063853890364588,1.0285182126121897e-10,0.07713886604876605,0.034283940523258144,0.034283940523258144,1.0285182126121897e-10,0.1028518213640708,0.034283940523258144,0.011019838095125283,0.1028518213640708,1.0285182126121897e-10,1.0285182126121897e-10,0.06856788094366446,0.1028518213640708,0.1028518213640708,0.1028518213640708,1
0.08432176822695935,0.013640286107395492,0.08432176822695935,0.01686435371284928,0.014350568416289306,8.432176814263758e-11,0.04216088415564055,0.08432176822695935,0.056214512179413485,8.432176814263758e-11,0.028107256131867625,0.08432176822695935,0.01355171282153138,0.08432176822695935,0.08432176822695935,8.432176814263758e-11,0.056214512179413485,0.08432176822695935,0.08432176822695935,0.08432176822695935,1
0.06950956156163586,0.0168662907520089,0.05213217119729298,0.06255860541589872,0.0008146549183074882,1.0426434218605729e-10,0.026066085650778666,0.10426434229032162,0.034754780832950104,1.0426434218605729e-10,0.10426434229032162,0.034754780832950104,0.00744745311755415,0.10426434229032162,1.0426434218605729e-10,1.0426434218605729e-10,0.06950956156163586,0.10426434229032162,0.10426434229032162,0.10426434229032162,1
0.08089490601542845,0.005948154929022372,0.08089490601542845,8.089490593453355e-11,0.00838593618635662,8.089490593453355e-11,0.04044745304816167,0.08089490601542845,0.053929937370583936,8.089490593453355e-11,0.08089490601542845,0.053929937370583936,0.041892004939849764,0.08089490601542845,0.04044745304816167,0.053929937370583936,0.053929937370583936,0.08089490601542845,0.08089490601542845,0.08089490601542845,1
0.09366264697707821,0.03581218860790977,0.09366264697707821,0.02809879415868732,0.028453366080420508,9.366264688341556e-11,0.0702469852562243,0.09366264697707821,0.0312208823881345,9.366264688341556e-11,0.0312208823881345,0.06244176468260635,0.010035283688314314,0.09366264697707821,0.04683132353537042,0.0312208823881345,0.06244176468260635,0.09366264697707821,9.366264688341556e-11,0.09366264697707821,1
0.08279373654167556,0.024351099041288387,0.08279373654167556,0.07451436289578736,0.019479807340314296,8.279373645888182e-11,0.04139686831223464,0.05519582438871495,0.05519582438871495,8.279373645888182e-11,0.027597912235754342,8.279373645888182e-11,0.08131527696205267,0.08279373654167556,0.04139686831223464,8.279373645888182e-11,0.08279373654167556,0.08279373654167556,0.08279373654167556,0.08279373654167556,1
0.10705835200516706,0.017318262914105344,0.10705835200516706,0.021411670486680093,0.014950704251297369,1.070583518981087e-10,0.08029376403063987,0.035686117406427915,0.035686117406427915,0.053529176056112696,0.07137223470579748,0.07137223470579748,0.009558781526532344,1.070583518981087e-10,0.053529176056112696,0.035686117406427915,0.07137223470579748,0.10705835200516706,1.070583518981087e-10,0.10705835200516706,1
0.10468559266769865,0.0030789881212447993,0.10468559266769865,0.03140567787358952,0.006520528925051543,1.0468559256301306e-10,0.05234279638619212,1.0468559256301306e-10,0.03489519762568995,1.0468559256301306e-10,1.0468559256301306e-10,0.0697903951466943,0.01682447033802698,0.10468559266769865,0.05234279638619212,0.03489519762568995,0.0697903951466943,0.10468559266769865,0.10468559266769865,0.10468559266769865,1
0.07141916140388911,0.05041352572837135,0.05356437107969901,0.032138622690670915,0.03299805762935262,1.0712874194514055e-10,0.05356437107969901,0.1071287420522693,0.07141916140388911,1.0712874194514055e-10,1.0712874194514055e-10,0.07141916140388911,0.009565066352230579,0.1071287420522693,0.05356437107969901,1.0712874194514055e-10,0.07141916140388911,0.1071287420522693,1.0712874194514055e-10,0.1071287420522693,1
1.4791267264673938e-10,0.017401491047529066,0.07395633647128234,1.4791267264673938e-10,0.007959645457063718,1.4791267264673938e-10,0.07395633647128234,0.14791267279465206,0.04930422436349246,1.4791267264673938e-10,0.04930422436349246,1.4791267264673938e-10,0.013206488777085832,0.14791267279465206,0.07395633647128234,1.4791267264673938e-10,0.04930422436349246,0.14791267279465206,1.4791267264673938e-10,0.14791267279465206,0
0.07800294906317445,0.013765226401622662,0.05850221182663194,0.03510132714278094,0.006740598296819546,1.1700442341925506e-10,0.05850221182663194,0.07800294906317445,0.11700442353625948,1.1700442341925506e-10,0.11700442353625948,1.1700442341925506e-10,0.0083574589326655,0.11700442353625948,1.1700442341925506e-10,1.1700442341925506e-10,0.07800294906317445,0.11700442353625948,1.1700442341925506e-10,0.11700442353625948,1
0.13671347391809802,0.04020984536653245,0.06835673702740573,0.04101404227112884,0.009794263527456439,1.3671347378138453e-10,0.10253510547275187,0.09114231599096984,0.09114231599096984,1.3671347378138453e-10,1.3671347378138453e-10,0.09114231599096984,0.03173705655024917,1.3671347378138453e-10,0.06835673702740573,1.3671347378138453e-10,0.09114231599096984,1.3671347378138453e-10,1.3671347378138453e-10,0.13671347391809802,1
0.10023868521966493,0.011792786584877065,0.0501193426599518,0.030071605636066565,0.00944805048042891,1.0023868511942625e-10,0.07517901393980836,0.10023868521966493,0.06682579017985618,1.0023868511942625e-10,0.03341289514004743,0.06682579017985618,0.021479718340115733,0.10023868521966493,1.0023868511942625e-10,0.03341289514004743,0.10023868521966493,1.0023868511942625e-10,0.10023868521966493,0.10023868521966493,1
0.08905828664255426,0.02619361378126298,0.04452914336580627,0.02671748605510708,0.014627434080594847,0.04452914336580627,0.08905828664255426,0.059372191124722265,8.905828655349597e-11,8.905828655349597e-11,0.029686095606890277,0.059372191124722265,0.027035551364226706,0.08905828664255426,0.04452914336580627,8.905828655349597e-11,0.08905828664255426,0.08905828664255426,0.08905828664255426,0.08905828664255426,1
0.08473885568701019,0.024923192908936305,0.08473885568701019,0.07626497012678304,0.018133014800114294,0.02118471398530669,0.04236942788587452,0.05649257048625308,0.05649257048625308,8.473885560227133e-11,0.05649257048625308,0.028246285285495967,0.01210555088506333,0.08473885568701019,0.04236942788587452,0.028246285285495967,0.028246285285495967,0.08473885568701019,0.08473885568701019,0.08473885568701019,1
0.03539979999789776,0.01249404712679882,0.10619939978129449,0.010619940073708908,0.009080767526420471,0.026549850024973173,0.026549850024973173,0.07079959988959612,0.07079959988959612,1.0619939967509508e-10,0.10619939978129449,0.03539979999789776,0.047410446389724,0.10619939978129449,0.053099699943746935,1.0619939967509508e-10,0.07079959988959612,0.10619939978129449,1.0619939967509508e-10,0.10619939978129449,1
0.09049271696840301,0.0186308535653566,0.04524635852944786,0.08144344528061198,0.008464708943384072,9.04927168779103e-11,0.06786953774892543,0.09049271696840301,0.06032847800909958,9.04927168779103e-11,9.04927168779103e-11,0.06032847800909958,0.02423912068279012,0.04524635852944786,0.04524635852944786,0.03016423904979615,0.06032847800909958,0.09049271696840301,0.09049271696840301,0.09049271696840301,1
0.0781887637675163,0.050592729524224216,0.058641572845184405,0.02345662918498703,0.05377359737943806,0.03909438192285253,0.058641572845184405,0.0781887637675163,0.052125842537740455,7.818876368932753e-11,7.818876368932753e-11,0.052125842537740455,0.025132102692615472,0.0781887637675163,0.03909438192285253,7.818876368932753e-11,0.0781887637675163,0.0781887637675163,0.0781887637675163,0.0781887637675163,1
0.1197717917562303,0.008806749504805506,0.05988589593800104,0.0479087167743552,0.00649801852813253,1.197717916364585e-10,0.02994294802888642,1.197717916364585e-10,0.03992393066525796,1.197717916364585e-10,0.1197717917562303,1.197717916364585e-10,0.008555128093804544,0.1197717917562303,1.197717916364585e-10,1.197717916364585e-10,0.07984786121074414,0.1197717917562303,0.1197717917562303,0.1197717917562303,1
0.11282515527508126,0.023228708528583764,0.11282515527508126,1.128251551622561e-10,0.004997482775178856,1.128251551622561e-10,0.028206288903389182,0.11282515527508126,0.03760838516691052,1.128251551622561e-10,1.128251551622561e-10,0.03760838516691052,0.022162084162554035,0.11282515527508126,0.056412577693953206,0.03760838516691052,0.07521677022099589,0.11282515527508126,1.128251551622561e-10,0.11282515527508126,1
1.0826544349016432e-10,0.041395610854504744,1.0826544349016432e-10,0.09743889924941333,0.046596913224809154,0.10826544359842977,0.027066360980806527,0.03608848127165355,0.07217696243504167,1.0826544349016432e-10,0.07217696243504167,0.07217696243504167,0.011599869053640192,1.0826544349016432e-10,0.054132721853347596,0.07217696243504167,0.07217696243504167,0.10826544359842977,1.0826544349016432e-10,0.10826544359842977,1
0.09029859836383833,0.03452593472429908,0.09029859836383833,0.027089579572360523,0.01282385186448183,9.029859827353973e-11,0.04514929922706846,0.09029859836383833,0.030099532848145174,9.029859827353973e-11,0.030099532848145174,0.06019906560599175,0.022574649658683537,0.09029859836383833,0.04514929922706846,9.029859827353973e-11,0.06019906560599175,0.09029859836383833,0.09029859836383833,0.09029859836383833,1
0.10068100700353882,0.007403015314126435,0.05034050355210991,0.09061290631325304,0.006642265274914886,1.0068100690285782e-10,0.07551075527782436,0.06712067136925289,0.033560335734966945,1.0068100690285782e-10,0.033560335734966945,0.06712067136925289,0.01438300108680355,0.10068100700353882,0.05034050355210991,0.033560335734966945,0.06712067136925289,0.10068100700353882,1.0068100690285782e-10,0.10068100700353882,1
0.0841250630488487,0.03958826500870089,0.04206253156648687,0.07571255675237633,0.02542174795483389,0.021031265825305973,0.06309379730766779,0.028041687739032938,0.056083375393940815,8.412506296472363e-11,0.028041687739032938,0.056083375393940815,0.01802679929085155,0.0841250630488487,0.04206253156648687,0.028041687739032938,0.056083375393940815,0.0841250630488487,0.0841250630488487,0.0841250630488487,1
0.08028494221478084,0.009445287390225633,0.04014247114753289,8.02849421344959e-11,0.009453602818692624,0.08028494221478084,0.08028494221478084,0.08028494221478084,0.05352329483661554,8.02849421344959e-11,0.05352329483661554,0.05352329483661554,0.04444345019045231,0.08028494221478084,0.04014247114753289,8.02849421344959e-11,0.05352329483661554,0.08028494221478084,0.08028494221478084,0.08028494221478084,1
0.09538909517449727,0.02805561629512679,0.04769454763494318,0.028616728619121554,0.01669072983851466,0.04769454763494318,0.09538909517449727,0.06359273014812789,0.06359273014812789,9.538909507910817e-11,0.031796365121758485,0.06359273014812789,0.0204405204694837,0.09538909517449727,0.04769454763494318,9.538909507910817e-11,0.06359273014812789,9.538909507910817e-11,0.09538909517449727,0.09538909517449727,1
0.03922779019465293,0.05538040963811098,0.0588416852331377,0.07061002225622857,0.013099673165836129,1.1768337023090868e-10,0.08826252779086487,0.07845558027162249,0.07845558027162249,1.1768337023090868e-10,1.1768337023090868e-10,0.07845558027162249,0.02731935392128717,0.11768337034859205,0.0588416852331377,0.03922779019465293,0.07845558027162249,1.1768337023090868e-10,1.1768337023090868e-10,0.11768337034859205,1
0.08360023540240981,0.0313500883542789,0.06270017658315744,1.254003529155142e-10,0.018443663784648148,0.0313500883542789,0.06270017658315744,1.254003529155142e-10,0.04180011776390508,1.254003529155142e-10,1.254003529155142e-10,0.08360023540240981,0.020153628272536566,1.254003529155142e-10,0.06270017658315744,1.254003529155142e-10,0.12540035304091454,0.12540035304091454,0.12540035304091454,0.12540035304091454,1
0.08736015237940327,0.02569416252619636,0.0436800762333817,0.026208045774973092,0.007936151261243897,0.02184003816037093,0.0436800762333817,0.08736015237940327,0.058240101615388895,8.736015229204311e-11,0.08736015237940327,0.058240101615388895,0.015600027282367849,0.08736015237940327,8.736015229204311e-11,8.736015229204311e-11,0.08736015237940327,0.08736015237940327,0.08736015237940327,0.08736015237940327,1
0.03256093714617061,0.04596838181319499,0.0488414056704145,0.05860968678496085,0.018602410649814913,0.0976828112431462,0.0488414056704145,0.03256093714617061,0.0976828112431462,9.768281114546339e-11,0.03256093714617061,0.06512187419465841,0.013954687404177579,0.0976828112431462,0.0488414056704145,9.768281114546339e-11,0.06512187419465841,0.0976828112431462,9.768281114546339e-11,0.0976828112431462,1
0.035947012764674484,0.06977949526522359,0.0539205190930912,1.0784103797050034e-10,0.048876781760917476,0.10784103807834138,0.08088077858571628,1.0784103797050034e-10,0.035947012764674484,1.0784103797050034e-10,0.035947012764674484,0.07189402542150793,0.009628664212349997,0.10784103807834138,0.0539205190930912,1.0784103797050034e-10,0.07189402542150793,0.10784103807834138,1.0784103797050034e-10,0.10784103807834138,1
0.10054185259478192,0.029571133187083043,0.05027092634766188,1.0054185249424006e-10,0.011092022453956142,0.10054185259478192,0.02513546322410187,0.10054185259478192,0.06702790176336856,1.0054185249424006e-10,1.0054185249424006e-10,0.03351395093195521,0.06283865790944189,0.10054185259478192,0.05027092634766188,1.0054185249424006e-10,0.06702790176336856,0.10054185259478192,1.0054185249424006e-10,0.10054185259478192,1
0.11012641126534838,0.012956048481328994,0.05506320568773739,0.03303792345669301,0.006132273032382636,1.1012641115522197e-10,0.05506320568773739,0.07341760754694106,0.07341760754694106,1.1012641115522197e-10,0.03670880382853373,0.07341760754694106,0.011799258448185908,0.11012641126534838,0.05506320568773739,1.1012641115522197e-10,0.07341760754694106,0.11012641126534838,1.1012641115522197e-10,0.11012641126534838,1
0.082547874890005,0.03520424080925753,0.082547874890005,0.008254787563293587,0.03180822982154986,8.254787480745711e-11,0.0619109061881407,0.05503191662085262,0.05503191662085262,8.254787480745711e-11,0.027515958351700245,0.05503191662085262,0.023585107170392767,0.082547874890005,0.041273937486276426,0.027515958351700245,0.082547874890005,0.082547874890005,0.082547874890005,0.082547874890005,1
0.09286238183323776,0.0027312466146381274,0.09286238183323776,9.286238174037539e-11,0.03326878888518021,9.286238174037539e-11,0.06964678639814391,9.286238174037539e-11,0.06190825458644597,9.286238174037539e-11,0.06190825458644597,0.09286238183323776,0.04311467732946524,0.09286238183323776,0.04643119096305007,0.030954127339654174,0.09286238183323776,9.286238174037539e-11,0.09286238183323776,0.09286238183323776,1
0.09690405695240026,0.019950835331859155,0.09690405695240026,0.019380811468003297,0.008355269002624456,9.690405685549619e-11,0.04845202852465215,0.09690405695240026,0.03230135238206946,9.690405685549619e-11,0.03230135238206946,0.09690405695240026,0.015573866377251663,0.09690405695240026,0.04845202852465215,0.03230135238206946,0.06460270466723486,0.09690405695240026,9.690405685549619e-11,0.09690405695240026,1
0.10196370787349789,0.01199573042802655,0.050981853987730794,0.03058911243342397,0.010609297526634727,0.025490927044847254,0.07647278093061434,0.0679758052829865,0.0679758052829865,1.0196370777153419e-10,1.0196370777153419e-10,0.10196370787349789,0.029132488036687765,0.10196370787349789,0.050981853987730794,1.0196370777153419e-10,0.0679758052829865,0.10196370787349789,1.0196370777153419e-10,0.10196370787349789,1
0.13115200525534648,0.08486306227033664,0.032788001412200625,0.11803680474292702,0.02424010056100615,1.3115200512419447e-10,0.06557600269324923,1.3115200512419447e-10,0.04371733517255016,1.3115200512419447e-10,1.3115200512419447e-10,1.3115200512419447e-10,0.018736000863179784,0.06557600269324923,0.06557600269324923,1.3115200512419447e-10,0.08743467021394832,0.13115200525534648,1.3115200512419447e-10,0.13115200525534648,1
0.0984245916432582,0.037632932159684496,0.04921229587084139,0.02952737756187468,0.011280864200322267,0.04921229587084139,0.0984245916432582,0.0984245916432582,0.06561639446164699,9.84245915448336e-11,0.03280819728003579,0.06561639446164699,0.01933340200901691,9.84245915448336e-11,0.04921229587084139,9.84245915448336e-11,0.0984245916432582,0.0984245916432582,9.84245915448336e-11,0.0984245916432582,1
0.0992258033515697,0.035020871835347175,0.02480645091231178,0.009922580424460193,0.041352274438020385,0.0992258033515697,0.02480645091231178,0.0661505356007884,0.0661505356007884,0.0992258033515697,0.0992258033515697,9.922580325234391e-11,0.03720967631885476,9.922580325234391e-11,9.922580325234391e-11,0.033075267850007105,0.0661505356007884,9.922580325234391e-11,0.0992258033515697,0.0992258033515697,1
0.06706447130790241,0.020711086796970528,0.025149176803336348,0.03017901214388428,0.006614562917758336,0.10059670691155527,0.07544753020881562,0.10059670691155527,0.06706447130790241,1.0059670681095856e-10,0.10059670691155527,0.06706447130790241,0.0538910930350388,1.0059670681095856e-10,0.050298353506075984,1.0059670681095856e-10,0.03353223570424956,0.10059670691155527,1.0059670681095856e-10,0.10059670691155527,1
1.2471479798596057e-10,0.03668082306176201,0.06235739911769507,0.02494295972190691,0.05126797942223386,0.12471479811067536,0.03117869962120494,1.2471479798596057e-10,0.041571599453368316,1.2471479798596057e-10,0.041571599453368316,0.041571599453368316,0.02449754972909991,0.12471479811067536,0.06235739911769507,1.2471479798596057e-10,0.08314319878202184,0.12471479811067536,0.12471479811067536,1.2471479798596057e-10,1
1.3424169282939057e-10,0.03356042334158933,0.06712084654893696,1.3424169282939057e-10,0.02594866674091326,0.13424169296363225,0.10068126975628461,0.04474723107737188,0.08949446202050207,0.06712084654893696,0.04474723107737188,1.3424169282939057e-10,0.01198586556543728,0.13424169296363225,0.06712084654893696,1.3424169282939057e-10,0.04474723107737188,0.13424169296363225,1.3424169282939057e-10,1.3424169282939057e-10,1
0.036684957405032005,0.022658356086364278,0.05502743605252057,0.09904938480649314,0.025367000127991358,1.1005487188493141e-10,0.11005487199498629,1.1005487188493141e-10,0.07336991470000914,0.05502743605252057,1.1005487188493141e-10,1.1005487188493141e-10,0.027513718081287733,1.1005487188493141e-10,0.05502743605252057,1.1005487188493141e-10,0.11005487199498629,0.11005487199498629,0.11005487199498629,0.11005487199498629,1
1.4671376931868146e-10,0.01726044359597041,0.0733568848060545,0.044014130942318215,0.00691832854476098,1.4671376931868146e-10,0.0733568848060545,0.04890458991960759,0.09780917969250141,1.4671376931868146e-10,0.04890458991960759,1.4671376931868146e-10,0.002619888884547366,0.14671376946539524,1.4671376931868146e-10,1.4671376931868146e-10,0.14671376946539524,1.4671376931868146e-10,0.14671376946539524,0.14671376946539524,1
0.03766950160275184,0.018280787600678063,0.056504252347623504,0.03390255145377752,0.007424461119735731,0.11300850458223852,0.028252126230316008,0.11300850458223852,0.07533900309249518,1.1300850446923001e-10,1.1300850446923001e-10,0.03766950160275184,0.008072036146524936,0.11300850458223852,0.056504252347623504,1.1300850446923001e-10,0.07533900309249518,0.11300850458223852,1.1300850446923001e-10,0.11300850458223852,1
0.024956717743524502,0.04844539319637565,0.018717538326360916,7.487015300596305e-11,0.049101868330514116,0.07487015308083321,7.487015300596305e-11,0.07487015308083321,0.04991343541217885,0.037435076577851674,0.07487015308083321,0.07487015308083321,0.02272843938025179,0.07487015308083321,0.07487015308083321,7.487015300596305e-11,0.07487015308083321,0.07487015308083321,0.07487015308083321,0.07487015308083321,1
0.08187570967160751,0.0060202728458265764,0.0409378548767416,0.024562712958795252,0.011276268437939245,0.02046892747930866,0.08187570967160751,0.05458380647503024,0.05458380647503024,0.0409378548767416,0.08187570967160751,0.05458380647503024,0.023393059964656227,0.08187570967160751,0.0409378548767416,8.187570958973179e-11,0.05458380647503024,0.08187570967160751,0.08187570967160751,0.08187570967160751,1
0.12127781247303607,1.8191671843667902e-10,0.09095835940025622,1.8191671843667902e-10,0.012452096458753337,0.18191671861859576,0.045479179791086476,1.8191671843667902e-10,0.12127781247303607,1.8191671843667902e-10,0.06063890632747639,1.8191671843667902e-10,0.03248512847418082,0.18191671861859576,0.09095835940025622,1.8191671843667902e-10,0.06063890632747639,1.8191671843667902e-10,1.8191671843667902e-10,1.8191671843667902e-10,1
1.0784143751122804e-10,0.03171806996408497,0.026960359485648448,0.021568287610087045,0.015297415421143181,0.05392071886345545,0.05392071886345545,0.10784143761906947,0.07189429178199347,1.0784143751122804e-10,0.10784143761906947,1.0784143751122804e-10,0.005777219974514371,0.05392071886345545,0.05392071886345545,1.0784143751122804e-10,0.07189429178199347,0.10784143761906947,0.10784143761906947,0.10784143761906947,1
1.0806266031618432e-10,0.03178313549517569,0.027015665187108743,0.021612532171299523,0.013277425027510198,0.054031330266154816,0.054031330266154816,0.10806266042424699,0.07204177365218555,1.0806266031618432e-10,0.10806266042424699,1.0806266031618432e-10,0.0057890711964296805,0.054031330266154816,0.054031330266154816,1.0806266031618432e-10,0.07204177365218555,0.10806266042424699,0.10806266042424699,0.10806266042424699,1
0.10984289339850635,0.0048460101603706035,0.16476434001537735,1.64764339850613e-10,0.009510168124668216,1.64764339850613e-10,0.08238217009007083,1.64764339850613e-10,0.10984289339850635,1.64764339850613e-10,1.64764339850613e-10,1.64764339850613e-10,0.1618221196609021,0.16476434001537735,0.08238217009007083,0.10984289339850635,1.64764339850613e-10,1.64764339850613e-10,1.64764339850613e-10,1.64764339850613e-10,1
0.041593603543703526,0.009175059702484351,0.06239040525316488,1.2478081025676816e-10,0.008918800197606925,0.12478081038154896,0.03119520268897285,0.12478081038154896,0.08318720696262624,1.2478081025676816e-10,0.041593603543703526,1.2478081025676816e-10,0.03565166019814314,0.12478081038154896,0.06239040525316488,1.2478081025676816e-10,1.2478081025676816e-10,0.12478081038154896,1.2478081025676816e-10,0.12478081038154896,1
0.09713646941921968,0.012856297549552273,0.07285235210084093,1.4570470391027246e-10,0.02965564556025834,1.4570470391027246e-10,0.03642617612327282,1.4570470391027246e-10,0.09713646941921968,0.14570470405597716,1.4570470391027246e-10,0.04856823478246219,0.046833654974006565,0.14570470405597716,0.07285235210084093,1.4570470391027246e-10,0.04856823478246219,1.4570470391027246e-10,1.4570470391027246e-10,0.14570470405597716,1
0.12050532108613413,0.010632822558649039,0.06025266060331971,0.012050532217068201,0.01757783691371991,0.12050532108613413,0.030126330361912524,1.205053209656288e-10,0.04016844044238159,1.205053209656288e-10,0.12050532108613413,1.205053209656288e-10,0.025822568898854342,0.12050532108613413,1.205053209656288e-10,1.205053209656288e-10,0.08033688076425785,0.12050532108613413,1.205053209656288e-10,0.12050532108613413,1
0.10207949021761092,0.004503507067729161,0.07655961770148799,1.5311923509673752e-10,0.003867158121062589,0.11483942647567237,0.03827980892730362,0.051039745185365075,0.15311923524985677,1.5311923509673752e-10,0.051039745185365075,1.5311923509673752e-10,0.021874176595510306,0.15311923524985677,0.07655961770148799,1.5311923509673752e-10,1.5311923509673752e-10,0.15311923524985677,1.5311923509673752e-10,1.5311923509673752e-10,1
1.3493561854732126e-10,0.08532693539280052,0.06746780940859624,1.3493561854732126e-10,0.0777509519027109,1.3493561854732126e-10,0.03373390477176594,1.3493561854732126e-10,0.04497853965070937,1.3493561854732126e-10,1.3493561854732126e-10,1.3493561854732126e-10,0.03855303400559884,0.1349356186822569,0.06746780940859624,1.3493561854732126e-10,0.04497853965070937,0.1349356186822569,0.1349356186822569,0.1349356186822569,1
0.10228873896138489,0.009025477060444282,0.051144369531836806,1.0228873885909615e-10,0.005836548038729957,0.10228873896138489,0.10228873896138489,0.10228873896138489,0.0681924926750195,0.051144369531836806,0.03409624638865412,0.03409624638865412,0.04749120028686909,0.10228873896138489,0.051144369531836806,1.0228873885909615e-10,0.03409624638865412,0.10228873896138489,1.0228873885909615e-10,1.0228873885909615e-10,1
9.769653913168291e-11,0.020113993448337135,0.024424134880617267,0.029308961837201417,0.009084799873890229,9.769653913168291e-11,0.024424134880617267,0.06513102618548515,0.06513102618548515,0.04884826966353799,0.09769653922937944,0.09769653922937944,0.029657878048385992,9.769653913168291e-11,0.09769653922937944,9.769653913168291e-11,0.09769653922937944,0.09769653922937944,0.09769653922937944,0.09769653922937944,1
0.05679166809953426,0.03257169203459226,0.08518750210670764,0.025556250691643547,0.0159650398059588,0.08518750210670764,0.08518750210670764,0.08518750210670764,0.05679166809953426,8.518750202152014e-11,0.08518750210670764,0.02839583409236088,0.045636161882430436,0.04259375109594756,0.04259375109594756,0.02839583409236088,0.02839583409236088,0.08518750210670764,8.518750202152014e-11,0.08518750210670764,1
0.0888346794741041,0.026127846966855096,0.06662600962778674,0.008883468027361622,0.02164899288058984,8.883467938526942e-11,0.06662600962778674,0.059223119679014294,0.059223119679014294,8.883467938526942e-11,0.059223119679014294,0.059223119679014294,0.02538133705605452,0.0888346794741041,0.04441733978146938,0.029611559883924485,0.029611559883924485,0.0888346794741041,0.0888346794741041,0.0888346794741041,1
0.09486536185474899,0.03208681363129658,0.07114902141477807,0.009486536270853723,0.04365351722911796,0.07114902141477807,0.04743268097480716,0.0316217873481599,0.06324357460145444,9.486536175988362e-11,0.0316217873481599,0.06324357460145444,0.013552194631991591,0.09486536185474899,0.04743268097480716,0.0316217873481599,0.06324357460145444,0.09486536185474899,9.486536175988362e-11,0.09486536185474899,1
1.0772980773327374e-10,0.022179666405756752,0.053864903974366676,0.021545961654384556,0.014279801297861671,0.08079735590768511,0.053864903974366676,0.10772980784100356,0.07181987192991231,1.0772980773327374e-10,0.03590993601882105,0.07181987192991231,0.017313719207720235,0.10772980784100356,0.053864903974366676,1.0772980773327374e-10,0.07181987192991231,0.10772980784100356,1.0772980773327374e-10,0.10772980784100356,1
0.10160176152865731,0.029882871109559273,0.10160176152865731,0.030480528529718432,0.007077574106589783,0.07620132117189342,0.05080088081512953,0.10160176152865731,0.033867253910620274,1.0160176142705555e-10,1.0160176142705555e-10,1.0160176142705555e-10,0.043543612141768426,0.10160176152865731,0.05080088081512953,0.033867253910620274,0.033867253910620274,0.10160176152865731,1.0160176142705555e-10,0.10160176152865731,1
1.1360824935783177e-10,0.02338993380492655,0.05680412479252413,1.1360824935783177e-10,0.025817215357794736,0.02840206245306619,0.05680412479252413,0.07573883301882943,0.07573883301882943,1.1360824935783177e-10,0.11360824947144002,0.07573883301882943,0.03245949993013161,0.11360824947144002,0.05680412479252413,1.1360824935783177e-10,0.03786941656621884,1.1360824935783177e-10,0.11360824947144002,0.11360824947144002,1
0.10634199892079797,0.01563852934376199,0.07975649921718396,1.0634199881445597e-10,0.0032299320610894235,1.0634199881445597e-10,0.053170999513569975,0.10634199892079797,0.07089466598264597,1.0634199881445597e-10,0.03544733304449399,0.07089466598264597,0.015191714222692849,0.10634199892079797,0.053170999513569975,0.03544733304449399,0.03544733304449399,0.10634199892079797,1.0634199881445597e-10,0.10634199892079797,1
0.1005734761559148,0.025143369114408808,0.05028673812824413,0.09051612855038066,0.007315843357157675,0.07543010714207946,0.1005734761559148,0.1005734761559148,0.03352449211902058,1.0057347605534132e-10,0.1005734761559148,1.0057347605534132e-10,0.030531233903087804,1.0057347605534132e-10,0.05028673812824413,1.0057347605534132e-10,0.03352449211902058,0.1005734761559148,1.0057347605534132e-10,0.1005734761559148,1
0.032229123259146876,0.06256241564734405,0.024171842468532,0.08701863263532804,0.017641428357947807,0.024171842468532,0.07251552721222125,0.09668736958406589,0.06445824642160639,9.668736948737852e-11,0.032229123259146876,0.06445824642160639,0.018992161960279582,0.09668736958406589,0.04834368484037663,9.668736948737852e-11,0.06445824642160639,0.09668736958406589,9.668736948737852e-11,0.09668736958406589,1
0.09415380145986425,0.027692294613480398,0.04707690077700902,0.02824614050386694,0.005325746094151068,9.415380136571044e-11,0.09415380145986425,0.09415380145986425,0.06276920100462743,9.415380136571044e-11,9.415380136571044e-11,9.415380136571044e-11,0.02858240408017304,0.09415380145986425,0.04707690077700902,9.415380136571044e-11,0.09415380145986425,0.09415380145986425,0.09415380145986425,0.09415380145986425,1
0.09807538054205725,0.00288457011113367,9.807538044398187e-11,0.029422614231269947,0.0009497781853506533,9.807538044398187e-11,0.09807538054205725,0.09807538054205725,0.09807538054205725,9.807538044398187e-11,0.09807538054205725,0.06538358706072997,0.035026921685211765,0.09807538054205725,0.04903769032006631,9.807538044398187e-11,0.03269179357940267,0.09807538054205725,9.807538044398187e-11,0.09807538054205725,1
0.08029261487676018,0.04132708122553326,0.04014630747852639,0.00802926155993937,0.03683723030880293,0.020073153779409506,0.08029261487676018,0.08029261487676018,0.053528409944604324,8.029261479646756e-11,0.02676420501244847,0.053528409944604324,0.037278714092938266,0.08029261487676018,0.04014630747852639,8.029261479646756e-11,0.08029261487676018,0.08029261487676018,0.08029261487676018,0.08029261487676018,1
1.0112085759498474e-10,0.038663857416850314,0.05056042889861322,0.010112085860619333,0.02006949131632444,1.0112085759498474e-10,0.05056042889861322,0.1011208576961056,1.0112085759498474e-10,1.0112085759498474e-10,0.1011208576961056,0.033706952632782436,0.03792032169924013,0.1011208576961056,0.05056042889861322,1.0112085759498474e-10,0.1011208576961056,0.1011208576961056,0.1011208576961056,0.1011208576961056,1
0.04546244844316411,0.016045570127014436,0.06819367259655248,1.363873449203303e-10,0.0032644710861146303,1.363873449203303e-10,0.10229050882663505,0.04546244844316411,0.13638734505671765,1.363873449203303e-10,0.09092489674994088,0.09092489674994088,0.014612929949279877,1.363873449203303e-10,0.06819367259655248,1.363873449203303e-10,0.04546244844316411,0.13638734505671765,1.363873449203303e-10,0.13638734505671765,0
1.0021959628065749e-10,0.029476351947471797,0.050109798240548335,0.03006587898441685,0.007461049608733384,1.0021959628065749e-10,0.10021959638087709,0.10021959638087709,0.03340653219377209,1.0021959628065749e-10,0.10021959638087709,0.06681306428732459,0.06442688342349939,0.10021959638087709,0.050109798240548335,1.0021959628065749e-10,0.06681306428732459,0.10021959638087709,1.0021959628065749e-10,0.10021959638087709,1
0.09888141833379709,0.024720354657610338,0.04944070921633925,0.019776283745864553,0.010832667849828765,9.888141823491567e-11,0.09888141833379709,0.09888141833379709,0.0659209455888252,9.888141823491567e-11,0.032960472843853304,9.888141823491567e-11,0.05473792805035259,0.09888141833379709,0.04944070921633925,0.032960472843853304,0.0659209455888252,0.09888141833379709,9.888141823491567e-11,0.09888141833379709,1
1.247643577689371e-10,0.03669539946856938,0.0623821790092329,0.037429307455445496,0.014649892249718235,1.247643577689371e-10,0.12476435789370147,0.12476435789370147,0.0831762386373891,1.247643577689371e-10,0.12476435789370147,1.247643577689371e-10,0.10025707333194596,1.247643577689371e-10,1.247643577689371e-10,1.247643577689371e-10,0.041588119381076726,0.12476435789370147,1.247643577689371e-10,0.12476435789370147,1
0.1860785266856442,1.8607852649956568e-10,0.09303926343586136,0.037215705485991665,0.0035937914704049015,1.8607852649956568e-10,0.04651963181096995,1.8607852649956568e-10,0.06202617568593375,1.8607852649956568e-10,0.12405235118578899,1.8607852649956568e-10,0.01329132350747608,0.1860785266856442,1.8607852649956568e-10,1.8607852649956568e-10,0.06202617568593375,1.8607852649956568e-10,1.8607852649956568e-10,0.1860785266856442,1
0.09232253657492906,0.047518952693664115,0.04616126833362579,0.009232253740583188,0.011780343555685831,0.04616126833362579,0.04616126833362579,0.09232253657492906,0.06154835774739355,9.232253648260652e-11,0.09232253657492906,0.06154835774739355,0.008243083706840976,0.09232253657492906,0.04616126833362579,9.232253648260652e-11,0.06154835774739355,0.09232253657492906,9.232253648260652e-11,0.09232253657492906,1
0.09816349255309312,0.01587938858351975,0.09816349255309312,0.029449047834642385,0.00575780151540543,0.0490817463256283,0.0490817463256283,0.0327211642498067,0.09816349255309312,9.816349245492963e-11,0.0327211642498067,0.0327211642498067,0.0490817463256283,0.09816349255309312,0.0490817463256283,0.0327211642498067,0.0327211642498067,0.09816349255309312,9.816349245492963e-11,0.09816349255309312,1
0.08247969335407783,0.06792445336497226,0.04123984671827875,8.247969327159813e-11,0.045909793035901425,8.247969327159813e-11,0.08247969335407783,0.027493231173012403,0.054986462263545116,8.247969327159813e-11,0.08247969335407783,0.027493231173012403,0.0338755883904575,0.08247969335407783,0.04123984671827875,8.247969327159813e-11,0.08247969335407783,0.08247969335407783,0.08247969335407783,0.08247969335407783,1
0.1088807977119259,0.022416634909507727,0.054440398910403344,0.09799271795162139,0.007896164477804174,0.027220199509642072,0.054440398910403344,0.07258719851091086,0.03629359930989583,1.088807976030451e-10,0.1088807977119259,0.03629359930989583,0.009721499894866968,0.1088807977119259,1.088807976030451e-10,1.088807976030451e-10,0.03629359930989583,0.1088807977119259,1.088807976030451e-10,0.1088807977119259,1
0.08504211874465638,0.017508671573786227,0.08504211874465638,0.0255126356829264,0.0017734656386898463,0.042521059414849245,0.08504211874465638,0.08504211874465638,0.05669474585811829,8.504211865961426e-11,0.05669474585811829,0.028347372971580204,0.019741920488166857,8.504211865961426e-11,0.042521059414849245,0.028347372971580204,0.08504211874465638,0.08504211874465638,0.08504211874465638,0.08504211874465638,1
0.12832193986232746,0.003774174826380924,0.03208048506182332,0.0384965820485236,0.010591114335486476,0.0641609699953247,0.12832193986232746,0.04277398003965711,0.08554795995099228,1.283219397340055e-10,0.12832193986232746,0.04277398003965711,0.05957804357625306,1.283219397340055e-10,0.0641609699953247,1.283219397340055e-10,0.04277398003965711,1.283219397340055e-10,1.283219397340055e-10,0.12832193986232746,1
0.10023006635545408,0.029479431351766533,0.05011503322784206,0.010023006725752466,0.017857651389677372,0.025057516664036068,0.07517254979164806,0.06682004427037941,0.033410022185304734,1.00230066255224e-10,0.10023006635545408,0.06682004427037941,0.007159290547031782,0.10023006635545408,0.05011503322784206,1.00230066255224e-10,0.06682004427037941,0.10023006635545408,1.00230066255224e-10,0.10023006635545408,1
0.09664523684575878,0.019897548839109786,0.09664523684575878,0.028993571121379305,0.008242550826320926,9.664523674911354e-11,0.048322618471202006,0.09664523684575878,0.0644301579293876,9.664523674911354e-11,0.032215079013016415,0.0644301579293876,0.008629039092101803,0.09664523684575878,0.048322618471202006,0.032215079013016415,0.0644301579293876,0.09664523684575878,9.664523674911354e-11,0.09664523684575878,1
0.10005523808444537,0.029428011271934684,0.07504142858834784,0.020011047696933265,0.02147658661799878,0.02501380959615277,0.0500276190922503,0.03335174609485195,0.06670349208964867,1.0005523798439014e-10,0.06670349208964867,0.03335174609485195,0.028587210952738137,0.10005523808444537,0.0500276190922503,0.03335174609485195,0.06670349208964867,0.10005523808444537,1.0005523798439014e-10,0.10005523808444537,1
0.04357344671371657,0.02114593744305674,0.06536017000521467,0.06536017000521467,0.017125846336417602,0.03268008506796751,0.06536017000521467,0.0871468932967128,0.04357344671371657,1.307203397489887e-10,0.04357344671371657,1.307203397489887e-10,0.014005750818111984,0.13072033987970902,0.06536017000521467,1.307203397489887e-10,0.04357344671371657,0.13072033987970902,1.307203397489887e-10,0.13072033987970902,1
0.100840252103519,0.02521006310150994,0.05042012610217962,0.010084025301108128,0.027731901691540616,0.100840252103519,0.05042012610217962,1.0084025200267876e-10,0.06722683476929275,1.0084025200267876e-10,0.06722683476929275,0.06722683476929275,0.012605031601175095,0.100840252103519,0.05042012610217962,1.0084025200267876e-10,0.06722683476929275,0.100840252103519,1.0084025200267876e-10,0.100840252103519,1
0.03216402692550699,0.019866016667354228,0.07236906046177562,9.649208048704473e-11,0.014064461481447592,0.09649208058353681,0.09649208058353681,0.09649208058353681,0.0643280537545219,9.649208048704473e-11,0.09649208058353681,0.0643280537545219,0.041353748876654106,0.09649208058353681,0.04824604034001444,9.649208048704473e-11,0.0643280537545219,9.649208048704473e-11,9.649208048704473e-11,0.09649208058353681,1
0.03746754555902156,0.023141719358843738,0.08430197736729522,0.05620131828233102,0.03682432589470193,1.1240263633985679e-10,0.05620131828233102,0.03746754555902156,0.0749350910056405,1.1240263633985679e-10,0.11240263645225942,1.1240263633985679e-10,0.050179748478410134,0.11240263645225942,0.05620131828233102,1.1240263633985679e-10,0.03746754555902156,1.1240263633985679e-10,0.11240263645225942,0.11240263645225942,1
0.09270060691009559,0.010905953835923543,0.04635030350139809,0.027810182137919106,0.002825802677538112,9.270060681739499e-11,0.09270060691009559,0.09270060691009559,0.0618004046376306,9.270060681739499e-11,0.09270060691009559,0.0618004046376306,0.03145199169145962,0.09270060691009559,0.04635030350139809,9.270060681739499e-11,0.0618004046376306,0.09270060691009559,9.270060681739499e-11,0.09270060691009559,1
0.0957057774049516,0.045038012947115576,0.047852888750328684,0.028711733288479528,0.017615044945459672,9.570577730924582e-11,0.0957057774049516,0.0957057774049516,0.063803851635203,9.570577730924582e-11,0.031901925865454386,0.063803851635203,0.015381285734691715,0.0957057774049516,0.047852888750328684,9.570577730924582e-11,0.063803851635203,0.0957057774049516,9.570577730924582e-11,0.0957057774049516,1
0.07429222817042697,0.03496104859012034,0.07429222817042697,0.007429222883905702,0.022323641409881082,0.05571917114639328,0.07429222817042697,0.07429222817042697,0.049528152138382055,7.429222809613474e-11,0.02476407610633714,0.049528152138382055,0.02520629174976651,0.07429222817042697,0.037146114122359596,0.02476407610633714,0.07429222817042697,0.07429222817042697,0.07429222817042697,0.07429222817042697,1
0.06511991222241385,0.01580115524559326,0.04883993419123035,0.08791188146607075,0.013098153436073456,9.767986818710098e-11,0.07325990123800559,0.03255995616004686,0.06511991222241385,9.767986818710098e-11,0.09767986828478085,0.03255995616004686,0.01220998362106749,0.09767986828478085,9.767986818710098e-11,9.767986818710098e-11,0.06511991222241385,0.09767986828478085,0.09767986828478085,0.09767986828478085,1
1.2085102594858828e-10,0.019549430789005007,0.09063826958229222,0.02417020531056868,0.022562316124128238,1.2085102594858828e-10,0.1208510260694393,1.2085102594858828e-10,0.04028367543704711,1.2085102594858828e-10,0.1208510260694393,0.04028367543704711,0.017264432399220778,0.1208510260694393,0.060425513095145156,0.04028367543704711,0.04028367543704711,0.1208510260694393,1.2085102594858828e-10,0.1208510260694393,1
0.12963462017203412,0.011438348956905164,0.12963462017203412,0.025926924138114517,0.013524113676481181,1.296346200423995e-10,0.03240865514023449,1.296346200423995e-10,0.04321154014376778,1.296346200423995e-10,0.08642308015790094,1.296346200423995e-10,0.009259615846948871,0.12963462017203412,1.296346200423995e-10,0.04321154014376778,0.08642308015790094,0.12963462017203412,1.296346200423995e-10,0.12963462017203412,1
1.1418377683861822e-10,0.01007503924700303,0.057091888533492875,0.034255133165769246,0.012974001389178088,1.1418377683861822e-10,0.11418377695280199,0.07612251800659592,0.07612251800659592,1.1418377683861822e-10,0.11418377695280199,1.1418377683861822e-10,0.0672868686083695,0.11418377695280199,0.057091888533492875,1.1418377683861822e-10,0.038061259060389846,0.11418377695280199,1.1418377683861822e-10,0.11418377695280199,1
0.10180381688594292,0.001497115054511745,0.05090190849387336,0.091623435207529,0.01791397644579396,1.018038167841391e-10,0.07635286268990814,1.018038167841391e-10,0.06786921129122989,1.018038167841391e-10,0.10180381688594292,1.018038167841391e-10,0.09998589158622614,0.10180381688594292,0.05090190849387336,1.018038167841391e-10,0.03393460569651685,0.10180381688594292,1.018038167841391e-10,0.10180381688594292,1
0.1323357566758936,0.021407254867323047,0.06616787840411466,0.02646715144104732,0.017898167271329108,1.3233575654355781e-10,0.03308393926822521,0.04411191898018836,0.08822383782804097,1.3233575654355781e-10,0.08822383782804097,0.04411191898018836,0.018905108209986872,1.3233575654355781e-10,0.06616787840411466,0.04411191898018836,0.04411191898018836,0.1323357566758936,1.3233575654355781e-10,0.1323357566758936,1
0.09492276318782407,0.009771461001544956,0.09492276318782407,9.492276309290129e-11,0.005969886647975815,9.492276309290129e-11,0.02373069086814809,0.09492276318782407,0.03164092112588986,9.492276309290129e-11,0.09492276318782407,0.06328184215685696,0.027120789550037425,0.09492276318782407,0.04746138164137341,0.03164092112588986,0.09492276318782407,0.09492276318782407,9.492276309290129e-11,0.09492276318782407,1
0.08333962069768272,0.011030244024333835,0.06250471555451438,0.025001886296811417,0.007050438478177976,1.250094308590099e-10,0.031252357839761914,0.12500943098401934,0.04166981041134607,1.250094308590099e-10,0.04166981041134607,0.04166981041134607,0.008929245186367285,0.12500943098401934,0.06250471555451438,1.250094308590099e-10,0.08333962069768272,0.12500943098401934,1.250094308590099e-10,0.12500943098401934,1
0.10695328188496983,0.007864212002395675,0.05347664099596155,0.02139065646255659,0.006255713682942693,1.0695328177801654e-10,0.10695328188496983,1.0695328177801654e-10,0.07130218795896431,1.0695328177801654e-10,0.10695328188496983,0.07130218795896431,0.0019098801387035763,0.10695328188496983,0.05347664099596155,1.0695328177801654e-10,0.07130218795896431,0.10695328188496983,1.0695328177801654e-10,0.10695328188496983,1
0.11994388608171132,0.01411104552721064,0.059971943100827596,0.03598316590847412,0.008203491384964075,1.1994388596176744e-10,0.029985971610385746,0.11994388608171132,0.03998129544053303,1.1994388596176744e-10,0.07996259076112218,0.07996259076112218,0.03212782671684588,0.11994388608171132,0.059971943100827596,1.1994388596176744e-10,0.07996259076112218,1.1994388596176744e-10,1.1994388596176744e-10,0.11994388608171132,1
0.08896951556531006,0.023550754185647896,0.04448475782713979,0.026690854731871685,0.011871413923575316,0.04448475782713979,0.08896951556531006,0.059313010406529885,0.059313010406529885,8.896951547634055e-11,0.08896951556531006,0.059313010406529885,0.033363568392597215,0.08896951556531006,0.04448475782713979,8.896951547634055e-11,0.059313010406529885,0.08896951556531006,8.896951547634055e-11,0.08896951556531006,1
0.05292902181868663,0.01167551964258844,0.07939353264863641,0.047636119652696686,0.0163208011592315,1.5878706497969872e-10,0.07939353264863641,0.05292902181868663,0.1058580434785862,1.5878706497969872e-10,0.05292902181868663,1.5878706497969872e-10,0.05103869961654737,0.15878706513848578,0.07939353264863641,1.5878706497969872e-10,0.05292902181868663,1.5878706497969872e-10,1.5878706497969872e-10,0.15878706513848578,1
0.09109885038082297,0.04287004728626314,0.0455494252359609,9.109885028972412e-11,0.0033032983380961094,0.0455494252359609,0.09109885038082297,0.09109885038082297,0.060732566950914925,9.109885028972412e-11,0.09109885038082297,0.030366283521006888,0.027655008214765096,0.09109885038082297,0.0455494252359609,9.109885028972412e-11,0.060732566950914925,0.09109885038082297,9.109885028972412e-11,0.09109885038082297,1
0.1198559473158034,0.014100699789967409,0.1198559473158034,0.02397118955904544,0.006647672331450259,1.1985594719594746e-10,0.029963986918842812,0.0399519825185051,0.0399519825185051,1.1985594719594746e-10,0.1198559473158034,0.0399519825185051,0.006420854433924564,0.1198559473158034,1.1985594719594746e-10,0.0399519825185051,0.0399519825185051,0.1198559473158034,1.1985594719594746e-10,0.1198559473158034,1
0.1180795810685055,0.01910110880123671,0.02951989535568606,0.035423874403207364,0.00856976831845439,0.02951989535568606,0.1180795810685055,0.1180795810685055,0.07871972075169686,1.180795809504259e-10,0.1180795810685055,0.07871972075169686,0.03162845930122938,1.180795809504259e-10,0.059039790593292535,1.180795809504259e-10,0.03935986043488822,1.180795809504259e-10,1.180795809504259e-10,0.1180795810685055,1
0.10825748549694346,0.003184043796160013,0.054128742802600466,0.010825748647126082,0.00587332907234048,0.054128742802600466,0.054128742802600466,0.036085828571152806,0.07217165703404813,1.0825748538868596e-10,0.10825748549694346,0.036085828571152806,0.059928250948422926,0.10825748549694346,1.0825748538868596e-10,1.0825748538868596e-10,0.07217165703404813,0.10825748549694346,1.0825748538868596e-10,0.10825748549694346,1
0.08138261031172812,0.038297699013309906,0.06103695775414174,0.01627652212745171,0.033262354477278204,0.04069130519655536,0.06103695775414174,0.02712753682483111,0.02712753682483111,8.13826102303455e-11,0.08138261031172812,0.05425507356827962,0.03051847891776217,0.08138261031172812,0.04069130519655536,0.02712753682483111,0.05425507356827962,0.08138261031172812,0.08138261031172812,0.08138261031172812,1
0.11061865267028546,0.0032534898917853223,0.05530932639045205,0.05530932639045205,0.002495523801026014,0.05530932639045205,0.08296398953036875,0.03687288429717425,0.11061865267028546,1.1061865255966681e-10,0.11061865267028546,1.1061865255966681e-10,0.00790133243630914,0.11061865267028546,1.1061865255966681e-10,1.1061865255966681e-10,0.03687288429717425,0.11061865267028546,1.1061865255966681e-10,0.11061865267028546,1
0.09027853630299291,0.026552510741076882,0.045139268196635725,0.018055707332821413,0.01284087255147952,0.045139268196635725,0.09027853630299291,0.06018569089875479,0.06018569089875479,9.027853621271439e-11,0.09027853630299291,0.030092845494516664,0.05481196850514084,0.09027853630299291,0.045139268196635725,9.027853621271439e-11,0.06018569089875479,0.09027853630299291,9.027853621271439e-11,0.09027853630299291,1
0.0823294455914506,0.02421454287912978,0.041164722836890016,0.00823294463324156,0.010962763267763208,8.232944550912115e-11,0.0823294455914506,0.0823294455914506,0.05488629708841021,8.232944550912115e-11,0.0823294455914506,0.05488629708841021,0.023522698799221208,0.0823294455914506,0.041164722836890016,8.232944550912115e-11,0.0823294455914506,0.0823294455914506,0.0823294455914506,0.0823294455914506,1
0.1181669191565234,0.013901990593267678,0.02954172987775604,0.0945335353488521,0.020786818659248994,0.059083459637345154,0.059083459637345154,0.1181669191565234,0.03938897313095241,1.1816691903835647e-10,0.0787779461437379,1.1816691903835647e-10,0.033761976986268774,0.1181669191565234,0.059083459637345154,1.1816691903835647e-10,0.03938897313095241,1.1816691903835647e-10,1.1816691903835647e-10,0.1181669191565234,1
0.09898376777036498,0.0160120801634719,0.049491883934674366,0.029695130400398135,0.018071318528258714,9.898376767138121e-11,0.09898376777036498,0.09898376777036498,0.032994589322777504,9.898376767138121e-11,0.032994589322777504,0.06598917854657124,0.06186485489359701,9.898376767138121e-11,9.898376767138121e-11,9.898376767138121e-11,0.09898376777036498,0.09898376777036498,0.09898376777036498,0.09898376777036498,1
0.033123394088670155,0.02484254559134516,0.0993701820672701,0.0894331638704801,0.018601153343278814,9.937018196789992e-11,0.07452763657529511,0.033123394088670155,0.06624678807797013,9.937018196789992e-11,0.06624678807797013,0.033123394088670155,0.014195740380498739,0.0993701820672701,0.049685091083320136,0.033123394088670155,0.06624678807797013,0.0993701820672701,9.937018196789992e-11,0.0993701820672701,1
1.1844885116538906e-10,0.03483789752003386,0.05922442570114338,0.03553465546806558,0.02222463874912876,1.1844885116538906e-10,0.05922442570114338,0.03948295050691187,0.03948295050691187,1.1844885116538906e-10,0.11844885128383792,0.07896590089537489,0.019036422627172096,0.11844885128383792,0.05922442570114338,1.1844885116538906e-10,0.07896590089537489,0.11844885128383792,1.1844885116538906e-10,0.11844885128383792,1
0.07512489525638376,0.008285834135889153,0.05634367147045965,0.03380620292735074,0.005431611877781273,0.0281718357915735,0.11268734282823197,0.03756244768453555,1.1268734271554463e-10,1.1268734271554463e-10,0.11268734282823197,1.1268734271554463e-10,0.060368219424586256,0.11268734282823197,0.05634367147045965,1.1268734271554463e-10,0.07512489525638376,0.11268734282823197,1.1268734271554463e-10,0.11268734282823197,1
0.10473712754686793,0.004620755777242258,0.11782926847058818,0.0471317074824987,0.00374308171535652,1.5710569108464334e-10,0.03927642292826653,0.0523685638519868,0.0523685638519868,1.5710569108464334e-10,1.5710569108464334e-10,0.0523685638519868,0.028054587850791995,1.5710569108464334e-10,0.07855284569942735,1.5710569108464334e-10,0.10473712754686793,0.15710569124174903,1.5710569108464334e-10,0.15710569124174903,1
0.08609676392754483,0.01519354668180391,0.0645725729779449,0.025829029268665052,0.014219183387695636,1.2914514569759954e-10,0.0645725729779449,1.2914514569759954e-10,0.04304838202834498,1.2914514569759954e-10,0.04304838202834498,0.08609676392754483,0.06226640966191634,0.12914514582674466,0.0645725729779449,1.2914514569759954e-10,0.04304838202834498,0.12914514582674466,1.2914514569759954e-10,0.12914514582674466,1
0.11241448744955225,0.013225233916783633,0.05620724378098336,0.011241448846128262,0.027370645345540633,0.11241448744955225,0.028103621946698926,1.1241448733713775e-10,0.037471495891460406,1.1241448733713775e-10,0.11241448744955225,0.07494299167050633,0.0020074016720062317,0.11241448744955225,1.1241448733713775e-10,1.1241448733713775e-10,0.07494299167050633,0.11241448744955225,1.1241448733713775e-10,0.11241448744955225,1
0.040246073739372834,0.030184555334714182,0.09055366576266609,1.2073822085590383e-10,0.013971194049425673,1.2073822085590383e-10,0.06036911054869014,1.2073822085590383e-10,1.2073822085590383e-10,1.2073822085590383e-10,0.12073822097664207,0.040246073739372834,0.06036911054869014,0.12073822097664207,0.06036911054869014,0.040246073739372834,0.08049214735800746,0.12073822097664207,1.2073822085590383e-10,0.12073822097664207,1
1.2658981040276725e-10,0.03164745272728162,0.06329490532797342,0.037976943247419986,0.021641605767692366,0.09494235792866523,0.03164745272728162,0.12658981052935706,0.04219660359417889,1.2658981040276725e-10,0.04219660359417889,0.08439320706176798,0.022605323412798244,1.2658981040276725e-10,0.06329490532797342,1.2658981040276725e-10,0.08439320706176798,0.12658981052935706,1.2658981040276725e-10,0.12658981052935706,1
0.12482890490577427,0.0036714385007390613,0.062414452515301574,1.2482890478094536e-10,0.0028985253706503493,1.2482890478094536e-10,1.2482890478094536e-10,1.2482890478094536e-10,0.04160963505181069,1.2482890478094536e-10,0.12482890490577427,1.2482890478094536e-10,0.07801806561291974,0.12482890490577427,0.062414452515301574,1.2482890478094536e-10,1.2482890478094536e-10,0.12482890490577427,0.12482890490577427,0.12482890490577427,1
8.883461753565542e-11,0.0026127829575303646,0.08883461762449005,0.02665038534953125,0.00043014459984692515,0.04441730885666233,0.08883461762449005,0.08883461762449005,0.059223078445938236,8.883461753565542e-11,0.08883461762449005,0.059223078445938236,0.05234897113663155,0.08883461762449005,0.04441730885666233,0.029611539267386425,0.059223078445938236,0.08883461762449005,8.883461753565542e-11,0.08883461762449005,1
0.1447810378577418,0.01064566468249874,0.07239051900126141,0.04343431145866927,0.019493738412835124,1.4478103771296076e-10,0.07239051900126141,1.4478103771296076e-10,0.09652069195342156,1.4478103771296076e-10,0.04826034604910129,1.4478103771296076e-10,0.0336098838995755,0.1447810378577418,0.07239051900126141,1.4478103771296076e-10,0.09652069195342156,1.4478103771296076e-10,1.4478103771296076e-10,0.1447810378577418,1
0.09006996856917102,0.006622791890003869,0.045034984329620484,9.006996847910105e-11,0.01118564545472998,0.045034984329620484,0.09006996856917102,0.030023322916436983,0.060046645742804,9.006996847910105e-11,0.09006996856917102,0.09006996856917102,0.05146855350669913,0.09006996856917102,0.09006996856917102,9.006996847910105e-11,0.030023322916436983,0.09006996856917102,9.006996847910105e-11,0.09006996856917102,1
0.10874292652952777,0.017590767617987533,0.08155719492433156,0.03262287803497839,0.007347656851602163,1.0874292642078485e-10,0.054371463319135345,0.10874292652952777,0.10874292652952777,1.0874292642078485e-10,0.07249528438926615,1.0874292642078485e-10,0.027185731713939145,1.0874292642078485e-10,0.054371463319135345,0.03624764224900454,0.07249528438926615,0.10874292652952777,1.0874292642078485e-10,0.10874292652952777,1
0.1114643406808686,0.013113451943158957,0.1114643406808686,0.06687860445310691,0.020331478541505892,0.1114643406808686,0.02786608525381541,0.03715478030126576,0.07430956049106718,1.1146434056940427e-10,1.1146434056940427e-10,0.03715478030126576,0.035827823865915716,0.1114643406808686,0.055732170396166465,0.03715478030126576,0.03715478030126576,1.1146434056940427e-10,1.1146434056940427e-10,0.1114643406808686,1
0.11125854730411971,0.017997706274809615,0.05562927370768912,0.02225170954983078,0.012066171373343357,0.05562927370768912,0.05562927370768912,0.037086182508878934,0.037086182508878934,1.1125854719286116e-10,0.11125854730411971,0.07417236490649932,0.0019867598825596385,0.11125854730411971,1.1125854719286116e-10,1.1125854719286116e-10,0.07417236490649932,0.11125854730411971,1.1125854719286116e-10,0.11125854730411971,1
0.11969433068190029,0.003520421606818034,0.11969433068190029,0.03590829928835612,0.010853761359185659,0.11969433068190029,0.059847165400797306,1.1969433056220595e-10,0.0797962204944983,1.1969433056220595e-10,0.039898110307096314,1.1969433056220595e-10,0.03206098152028521,0.11969433068190029,0.059847165400797306,0.039898110307096314,0.039898110307096314,1.1969433056220595e-10,1.1969433056220595e-10,0.11969433068190029,1
0.04732828844429717,0.004176025580424185,0.10648864882218756,0.12778637855822808,0.009367219962795768,0.0354962163687191,0.1419848650489218,1.4198486490693693e-10,1.4198486490693693e-10,1.4198486490693693e-10,0.04732828844429717,0.09465657674660949,0.030425328336328484,1.4198486490693693e-10,0.07099243259545332,0.04732828844429717,0.09465657674660949,1.4198486490693693e-10,1.4198486490693693e-10,0.1419848650489218,1
0.09986092615782938,0.016153973432767584,0.07489569464333726,0.019972185311454616,0.0039012467985050114,0.07489569464333726,0.07489569464333726,0.06657395080517323,0.033286975452517076,9.986092605796845e-11,0.033286975452517076,0.033286975452517076,0.01961553914696187,0.09986092615782938,0.049930463128845144,0.033286975452517076,0.06657395080517323,0.09986092615782938,9.986092605796845e-11,0.09986092615782938,1
0.13573244963984185,0.06387409402001923,0.06786622488778714,0.01357324508614339,0.05887415549178475,1.357324495041094e-10,0.06786622488778714,1.357324495041094e-10,0.04524414997043558,1.357324495041094e-10,0.04524414997043558,0.04524414997043558,0.026661731288325368,1.357324495041094e-10,0.06786622488778714,1.357324495041094e-10,0.09048829980513871,0.13573244963984185,1.357324495041094e-10,0.13573244963984185,1
0.12335595735095828,0.009070291095973775,0.06167797873715711,0.02467119156887642,0.013921154975001843,0.03083898943025654,0.03083898943025654,0.041118652532556726,0.041118652532556726,1.2335595722760233e-10,0.12335595735095828,0.041118652532556726,0.006608354974834656,0.12335595735095828,1.2335595722760233e-10,1.2335595722760233e-10,0.0822373049417575,0.12335595735095828,1.2335595722760233e-10,0.12335595735095828,1
0.1117807284737538,0.003287668593015229,0.08383554638326052,0.10060265563755648,0.009182823235167201,0.027945182202273995,0.05589036429276725,1.1178072836197305e-10,0.07452048568642944,1.1178072836197305e-10,0.03726024289910508,1.1178072836197305e-10,0.029941266637309227,0.1117807284737538,0.05589036429276725,0.03726024289910508,0.03726024289910508,0.1117807284737538,1.1178072836197305e-10,0.1117807284737538,1
0.04860518147329155,0.01715477002610119,0.07290777213702955,0.02916310894230115,0.005881082666951218,0.10936165813263655,0.03645388614142255,1.4581554398242803e-10,0.04860518147329155,1.4581554398242803e-10,0.14581554412824357,1.4581554398242803e-10,1.4581554398242803e-10,0.14581554412824357,1.4581554398242803e-10,1.4581554398242803e-10,0.04860518147329155,0.14581554412824357,1.4581554398242803e-10,0.14581554412824357,1
0.10943746590941354,0.022531243068256067,0.08207809945941952,0.032831239849430295,0.012464815461366071,1.0943746579997608e-10,1.0943746579997608e-10,0.03647915537609615,0.10943746590941354,1.0943746579997608e-10,0.07295831064275485,1.0943746579997608e-10,0.029313607020145342,0.10943746590941354,0.054718733009425494,0.03647915537609615,0.07295831064275485,0.10943746590941354,1.0943746579997608e-10,0.10943746590941354,1
1.228979851403215e-10,0.01445858660999463,0.03072449640797836,0.09831838823515518,0.0006018445532649168,1.228979851403215e-10,0.12289798526321949,0.12289798526321949,0.12289798526321949,1.228979851403215e-10,1.228979851403215e-10,0.08193199021644565,0.05705977893804725,1.228979851403215e-10,0.06144899269305873,1.228979851403215e-10,0.040965995169671816,0.12289798526321949,1.228979851403215e-10,0.12289798526321949,1
0.07644395128686551,0.033725272690636326,0.05733296349381561,0.034399778142155744,0.030928379831249155,1.1466592675829937e-10,0.08599944518339045,0.1146659268729653,0.07644395128686551,1.1466592675829937e-10,0.038221975700765715,0.07644395128686551,0.012285635124483716,1.1466592675829937e-10,0.05733296349381561,1.1466592675829937e-10,0.07644395128686551,0.1146659268729653,1.1466592675829937e-10,0.1146659268729653,1
0.07637979238707562,0.03369696729361642,0.05728484431894913,0.022913937796321466,0.022057848675274397,1.145696884087589e-10,0.028642422216759413,0.038189896250822655,0.038189896250822655,1.145696884087589e-10,0.11456968852332859,0.07637979238707562,0.01432121116566455,0.11456968852332859,0.05728484431894913,1.145696884087589e-10,0.07637979238707562,0.11456968852332859,1.145696884087589e-10,0.11456968852332859,1
0.11390927681043934,0.008375682223948253,0.11390927681043934,0.034172783122868304,0.017699999970352598,0.11390927681043934,0.05695463846217431,1.1390927669653006e-10,0.07593951791159599,1.1390927669653006e-10,0.03796975901275263,1.1390927669653006e-10,0.028477319288041803,0.11390927681043934,0.05695463846217431,0.03796975901275263,0.07593951791159599,1.1390927669653006e-10,1.1390927669653006e-10,0.11390927681043934,1
0.09015327350616238,0.009943375874670991,0.06761495516342926,0.04056897315214953,0.003683218220291941,1.3522991005639872e-10,0.06761495516342926,0.09015327350616238,0.045076636820696146,1.3522991005639872e-10,0.045076636820696146,1.3522991005639872e-10,0.021733378537151134,0.1352299101916286,0.06761495516342926,1.3522991005639872e-10,0.045076636820696146,0.1352299101916286,1.3522991005639872e-10,0.1352299101916286,0
0.10165306201636456,0.02989795948833291,0.050826531059008806,1.016530619147115e-10,0.006818261490121936,0.02541326558033094,0.10165306201636456,0.10165306201636456,0.10165306201636456,1.016530619147115e-10,0.10165306201636456,1.016530619147115e-10,0.03993513156814687,0.10165306201636456,1.016530619147115e-10,1.016530619147115e-10,0.033884354073223565,0.10165306201636456,1.016530619147115e-10,0.10165306201636456,1
1.5556543574273573e-10,0.004575454147998838,0.07778271802693329,0.03111308730411258,0.009621192505891997,1.5556543574273573e-10,0.07778271802693329,1.5556543574273573e-10,0.10371029065072258,1.5556543574273573e-10,0.05185514540314401,1.5556543574273573e-10,0.04722522172032449,1.5556543574273573e-10,0.07778271802693329,1.5556543574273573e-10,0.05185514540314401,0.15556543589830116,0.15556543589830116,0.15556543589830116,1
0.13760698954085346,0.004047264531820119,0.03440174748841861,1.3760698940324648e-10,0.004035684376185749,0.13760698954085346,0.06880349483923022,1.3760698940324648e-10,0.09173799307310464,0.13760698954085346,0.04586899660535581,1.3760698940324648e-10,0.017200873813012798,0.06880349483923022,0.06880349483923022,1.3760698940324648e-10,0.04586899660535581,1.3760698940324648e-10,1.3760698940324648e-10,0.13760698954085346,1
1.0802616336411308e-10,0.027006540949054435,0.0540130817900827,0.03240784911726009,0.0140040520991041,1.0802616336411308e-10,0.027006540949054435,0.10802616347213924,0.03600872122939719,1.0802616336411308e-10,0.10802616347213924,0.03600872122939719,0.01736134779154434,0.10802616347213924,1.0802616336411308e-10,1.0802616336411308e-10,0.10802616347213924,0.10802616347213924,0.10802616347213924,0.10802616347213924,1
0.11497048733209482,0.08453712306873837,1.1497048721712433e-10,0.01149704883668292,0.058111527328379965,0.11497048733209482,0.05748524372353265,0.03832349585401193,0.07664699159305338,1.1497048721712433e-10,0.03832349585401193,0.03832349585401193,0.04106088840680061,0.11497048733209482,0.05748524372353265,1.1497048721712433e-10,0.03832349585401193,1.1497048721712433e-10,1.1497048721712433e-10,0.11497048733209482,1
0.07627866851537048,0.008973961069112996,0.07627866851537048,0.022883600608006212,0.0028540495171602803,0.07627866851537048,0.07627866851537048,0.07627866851537048,0.05085244570233987,7.627866843909181e-11,0.07627866851537048,7.627866843909181e-11,0.06265747772267549,0.07627866851537048,0.03813933429582456,0.07627866851537048,0.05085244570233987,0.07627866851537048,7.627866843909181e-11,0.07627866851537048,1
0.07859189282751551,0.0508535777396601,0.07859189282751551,0.007859189353484255,0.010815358489786894,0.07859189282751551,0.07859189282751551,0.07859189282751551,0.05239459524454097,7.859189274892362e-11,0.05239459524454097,0.05239459524454097,0.026665106546976687,0.07859189282751551,0.0392959464530537,0.02619729766156643,0.05239459524454097,7.859189274892362e-11,0.07859189282751551,0.07859189282751551,1
0.1275683399843352,0.0037520101233555992,0.1275683399843352,1.2756833985676686e-10,1.2756833985676686e-10,0.09567625502014347,0.06378417005595176,0.042522780079823956,0.042522780079823956,1.2756833985676686e-10,0.042522780079823956,1.2756833985676686e-10,0.05011613364272675,1.2756833985676686e-10,0.06378417005595176,0.042522780079823956,0.042522780079823956,0.1275683399843352,1.2756833985676686e-10,0.1275683399843352,1
0.04316981174971847,0.03809101038263505,0.06475471755982298,1.2950943486062711e-10,0.006776905189070145,1.2950943486062711e-10,0.032377358844666214,0.12950943499013653,0.08633962336992751,1.2950943486062711e-10,1.2950943486062711e-10,0.04316981174971847,0.016188679487087822,0.12950943499013653,0.06475471755982298,1.2950943486062711e-10,0.08633962336992751,0.12950943499013653,1.2950943486062711e-10,0.12950943499013653,1
1.3583993619770098e-10,0.003995292376948787,0.06791996823469043,1.3583993619770098e-10,0.0030794572566417854,1.3583993619770098e-10,0.033959984185265184,0.09055995760097393,0.09055995760097393,1.3583993619770098e-10,0.13583993633354094,1.3583993619770098e-10,0.05336568935636533,0.13583993633354094,0.06791996823469043,1.3583993619770098e-10,0.045279978868406935,1.3583993619770098e-10,0.13583993633354094,0.13583993633354094,1
0.09418715845768605,0.015236158064753154,0.0470935792759366,0.009418715930537048,0.005441648398450053,0.09418715845768605,0.09418715845768605,0.09418715845768605,0.06279143900318643,9.41871583634989e-11,0.09418715845768605,0.09418715845768605,0.043729752191525924,9.41871583634989e-11,0.09418715845768605,9.41871583634989e-11,0.06279143900318643,9.41871583634989e-11,9.41871583634989e-11,0.09418715845768605,1
0.08975739237118312,0.026399233113706132,0.022439348160113823,0.08078165314304053,0.006464863438298509,8.975739228142572e-11,0.06731804430082668,0.08975739237118312,0.05983826161070788,8.975739228142572e-11,0.08975739237118312,0.05983826161070788,0.033659022195292036,8.975739228142572e-11,0.04487869623047025,8.975739228142572e-11,0.05983826161070788,0.08975739237118312,0.08975739237118312,0.08975739237118312,1
0.0755361613239343,0.013329910915180132,0.05665212102127678,0.033991272658087775,0.017244389508203777,1.1330424181594508e-10,0.05665212102127678,0.0755361613239343,0.11330424192924933,1.1330424181594508e-10,1.1330424181594508e-10,0.0755361613239343,0.010116450275442198,0.11330424192924933,0.05665212102127678,1.1330424181594508e-10,0.0755361613239343,0.11330424192924933,1.1330424181594508e-10,0.11330424192924933,1
0.09930032961711321,0.01606328869777006,0.09930032961711321,0.029790098954644198,0.006064893120361862,9.930032951781288e-11,0.049650164858206766,0.09930032961711321,0.06620021977784225,9.930032951781288e-11,0.033100109938571286,0.033100109938571286,0.021278642138831655,0.09930032961711321,0.049650164858206766,0.033100109938571286,0.06620021977784225,0.09930032961711321,9.930032951781288e-11,0.09930032961711321,1
0.15501588056905158,0.004559290755428694,1.5501588041403572e-10,1.5501588041403572e-10,0.008137182388700816,0.03875397025852481,0.07750794036203372,0.15501588056905158,0.10334392043103968,1.5501588041403572e-10,1.5501588041403572e-10,0.15501588056905158,0.044290251701883235,1.5501588041403572e-10,1.5501588041403572e-10,1.5501588041403572e-10,0.10334392043103968,0.15501588056905158,1.5501588041403572e-10,1.5501588041403572e-10,1
0.14209889952939148,0.012538138323330597,0.07104944983574518,1.4209889938729258e-10,0.010531925831252805,0.07104944983574518,0.07104944983574518,0.09473259973362728,0.09473259973362728,1.4209889938729258e-10,0.047366299937863086,0.14209889952939148,0.05328708741233361,0.14209889952939148,1.4209889938729258e-10,1.4209889938729258e-10,0.047366299937863086,1.4209889938729258e-10,1.4209889938729258e-10,1.4209889938729258e-10,1
0.10796800857382749,0.012702118751010297,0.05398400434089774,0.03239040264772586,0.010830069406595819,0.02699200222443288,0.05398400434089774,0.10796800857382749,0.035989336263254505,0.05398400434089774,0.035989336263254505,1.0796800846585949e-10,0.01735200146855257,0.10796800857382749,0.05398400434089774,1.0796800846585949e-10,0.071978672418541,0.10796800857382749,1.0796800846585949e-10,0.10796800857382749,1
0.0998227124946542,0.010275867552231836,0.049911356297238446,0.08984044125517104,0.010392020120237653,0.07486703439594632,0.0998227124946542,9.982271239483149e-11,9.982271239483149e-11,9.982271239483149e-11,0.03327423756476654,9.982271239483149e-11,0.01604293602042063,0.0998227124946542,0.049911356297238446,9.982271239483149e-11,0.06654847502971037,0.0998227124946542,0.0998227124946542,0.0998227124946542,1
1.3126838849110895e-10,0.011582504998130943,0.13126838862237733,0.026253677829490178,0.01359343620149327,0.13126838862237733,0.03281709725404563,0.0437561296283047,0.0437561296283047,0.06563419437682286,0.08751225912534101,1.3126838849110895e-10,0.018752627058569664,0.13126838862237733,1.3126838849110895e-10,0.0437561296283047,0.08751225912534101,0.13126838862237733,1.3126838849110895e-10,1.3126838849110895e-10,1
0.1702466215305243,0.015021760878506417,0.08512331085038545,1.7024662136027768e-10,0.012140399712610429,1.7024662136027768e-10,0.08512331085038545,0.11349774774376507,0.11349774774376507,1.7024662136027768e-10,0.05674887395700585,1.7024662136027768e-10,0.03648141903316326,0.1702466215305243,0.08512331085038545,1.7024662136027768e-10,0.05674887395700585,1.7024662136027768e-10,1.7024662136027768e-10,1.7024662136027768e-10,1
0.08159309476288885,0.023997969105503607,0.08159309476288885,8.159309468129576e-11,0.0046556641722998015,0.061194821092564904,0.08159309476288885,0.08159309476288885,0.02719769830869168,8.159309468129576e-11,0.08159309476288885,8.159309468129576e-11,0.026226351943438163,0.08159309476288885,0.04079654742224097,0.02719769830869168,0.054395396535790265,0.08159309476288885,0.08159309476288885,0.08159309476288885,1
0.1495166747544656,0.013192647908776873,0.07475833745199112,1.4951667460494892e-10,0.009609083231864001,0.037379168800753905,0.07475833745199112,0.09967778321948262,0.09967778321948262,1.4951667460494892e-10,0.04983889168449965,1.4951667460494892e-10,0.042719050036644945,0.1495166747544656,1.4951667460494892e-10,1.4951667460494892e-10,0.04983889168449965,0.1495166747544656,1.4951667460494892e-10,1.4951667460494892e-10,1
0.09002890906351944,0.0039718637642408355,0.13504336352775748,1.3504336339271412e-10,0.008121624223754516,1.3504336339271412e-10,0.13504336352775748,1.3504336339271412e-10,0.09002890906351944,1.3504336339271412e-10,0.13504336352775748,1.3504336339271412e-10,0.06511019319938767,0.13504336352775748,0.0675216818314004,0.0450144545992814,0.09002890906351944,1.3504336339271412e-10,1.3504336339271412e-10,1.3504336339271412e-10,1
0.10358319523730827,0.021325952042879532,0.05179159767044573,1.0358319513372508e-10,0.013747258090957736,0.10358319523730827,0.077687396453877,0.10358319523730827,0.06905546352606658,1.0358319513372508e-10,0.06905546352606658,0.03452773181482489,0.02404609897391223,0.10358319523730827,0.05179159767044573,1.0358319513372508e-10,0.06905546352606658,0.10358319523730827,1.0358319513372508e-10,1.0358319513372508e-10,1
0.07951578030617872,0.01637089600853462,0.07951578030617872,0.023854734147514666,0.02546395082889282,7.951578022666294e-11,0.07951578030617872,0.05301052023062441,0.05301052023062441,7.951578022666294e-11,0.07951578030617872,0.05301052023062441,0.01987894513618152,0.07951578030617872,0.03975789019284724,0.02650526015507009,0.05301052023062441,0.07951578030617872,0.07951578030617872,0.07951578030617872,1
0.0817234339004086,0.0240363041460426,0.0817234339004086,0.04903406037293454,0.007541003631516271,0.0817234339004086,0.04086171699106602,0.05448228929418022,0.027241144687951826,8.172343381868518e-11,0.027241144687951826,0.05448228929418022,0.020430858536394734,0.0817234339004086,0.04086171699106602,0.027241144687951826,0.05448228929418022,0.0817234339004086,0.0817234339004086,0.0817234339004086,1
0.10620141955351854,0.021864998227707884,0.10620141955351854,0.03186042594039656,0.012587094718808497,1.0620141944731711e-10,0.05310070982985997,0.035400473255307124,0.035400473255307124,1.0620141944731711e-10,0.035400473255307124,0.07080094640441283,0.013275177537116057,0.10620141955351854,0.05310070982985997,0.035400473255307124,0.07080094640441283,0.10620141955351854,1.0620141944731711e-10,0.10620141955351854,1
0.10445193277665392,0.0030721157712814014,0.10445193277665392,0.031335579906112535,0.007494515357260966,1.0445193267220198e-10,0.07833894960860341,1.0445193267220198e-10,0.034817310995185924,1.0445193267220198e-10,0.034817310995185924,0.06963462188591991,0.009326065521612824,0.10445193277665392,1.0445193267220198e-10,0.034817310995185924,0.06963462188591991,0.10445193277665392,0.10445193277665392,0.10445193277665392,1
0.0998799291057438,0.026438804836726247,0.04993996460281185,9.987992900586386e-11,0.005677119427659028,0.0998799291057438,0.07490994685427782,0.0998799291057438,0.033293309768501214,9.987992900586386e-11,0.0998799291057438,0.033293309768501214,0.010701421064793914,0.0998799291057438,9.987992900586386e-11,9.987992900586386e-11,0.0665866194371225,0.0998799291057438,9.987992900586386e-11,0.0998799291057438,1
0.07214236671463278,0.021218343202286605,0.054106775054010174,7.214236664249042e-11,0.0018537738820930119,0.07214236671463278,0.07214236671463278,0.07214236671463278,0.07214236671463278,7.214236664249042e-11,0.07214236671463278,0.048094911167135976,0.04508897922369887,0.07214236671463278,0.03607118339338757,0.024047455619639172,0.048094911167135976,0.07214236671463278,0.07214236671463278,0.07214236671463278,1
1.4816774725185433e-10,0.04357874933988961,0.07408387377409491,0.029633549598538617,0.012204639613119104,1.4816774725185433e-10,0.03704193696113134,0.1481677474000221,0.09877849831607065,0.07408387377409491,1.4816774725185433e-10,0.049389249232119195,0.013229263295654744,0.1481677474000221,0.07408387377409491,1.4816774725185433e-10,0.049389249232119195,0.1481677474000221,1.4816774725185433e-10,1.4816774725185433e-10,1
1.0832083304257963e-10,0.007964767243804629,0.10832083315090046,0.054160416629610644,0.006186696746276025,0.02708020836896574,0.10832083315090046,0.07221388880337393,0.07221388880337393,0.10832083315090046,0.10832083315090046,1.0832083304257963e-10,0.0560947172196567,0.10832083315090046,0.054160416629610644,0.036106944455847376,0.07221388880337393,1.0832083304257963e-10,1.0832083304257963e-10,1.0832083304257963e-10,1
9.022034135364505e-11,0.00796061844495373,0.0902203414438654,9.022034135364505e-11,0.00391183177211053,9.022034135364505e-11,0.06766525610545412,0.0902203414438654,0.06014689432598371,0.045110170767042865,0.06014689432598371,0.030073447208102025,0.048332325815387336,0.0902203414438654,0.045110170767042865,0.030073447208102025,0.06014689432598371,0.0902203414438654,0.0902203414438654,0.0902203414438654,1
0.13368990570975237,0.01179616827275424,0.06684495292172113,0.013368990691296153,0.01911116854386985,0.033422476527705525,0.06684495292172113,1.3368990557606246e-10,0.08912660385106488,0.06684495292172113,0.044563301992377395,1.3368990557606246e-10,0.031035156785275835,0.13368990570975237,0.06684495292172113,1.3368990557606246e-10,0.08912660385106488,1.3368990557606246e-10,1.3368990557606246e-10,0.13368990570975237,1
0.1099969229940103,0.01294081456693967,0.0549984615520036,0.01099969239839826,0.007038980043644305,0.08249769227300695,0.08249769227300695,0.0733312820326725,0.0733312820326725,1.0999692288401338e-10,0.036665641071334715,0.036665641071334715,0.07071230767829122,0.1099969229940103,0.0549984615520036,1.0999692288401338e-10,0.0733312820326725,0.1099969229940103,1.0999692288401338e-10,1.0999692288401338e-10,1
0.08301346743326667,0.03174044348163969,0.08301346743326667,0.02490404028808943,0.012912901601620588,0.08301346743326667,0.08301346743326667,0.05534231164984893,0.05534231164984893,8.30134673502532e-11,0.0276711558664312,0.05534231164984893,0.031130050339358412,0.08301346743326667,0.04150673375814006,0.0276711558664312,0.05534231164984893,8.30134673502532e-11,0.08301346743326667,0.08301346743326667,1
1.6527707811868075e-10,0.048610905494300825,0.04131926969494727,0.016527707977145152,0.030756414724393305,1.6527707811868075e-10,0.08263853922461745,1.6527707811868075e-10,0.05509235953817066,0.16527707828395782,0.16527707828395782,0.11018471891106425,0.00885412935020641,1.6527707811868075e-10,1.6527707811868075e-10,1.6527707811868075e-10,0.11018471891106425,0.16527707828395782,1.6527707811868075e-10,1.6527707811868075e-10,1
0.08124081660842221,0.016726050542719334,0.08124081660842221,0.008124081733958954,0.013316627815062394,0.08124081660842221,8.124081652718139e-11,0.027080272256967942,0.05416054443269507,8.124081652718139e-11,0.08124081660842221,0.08124081660842221,0.027563848545820214,0.08124081660842221,0.04062040834483151,8.124081652718139e-11,0.08124081660842221,0.08124081660842221,0.08124081660842221,0.08124081660842221,1
0.15877401540130665,0.011674560103077884,0.07938700778004032,1.5877401524253262e-10,0.029065761615355172,0.03969350396940717,0.07938700778004032,1.5877401524253262e-10,0.10584934365379575,0.15877401540130665,0.05292467190628489,1.5877401524253262e-10,0.01984675206409059,0.15877401540130665,1.5877401524253262e-10,1.5877401524253262e-10,0.10584934365379575,1.5877401524253262e-10,1.5877401524253262e-10,1.5877401524253262e-10,1
0.084178538285273,0.009903357519601414,0.084178538285273,8.417853820109447e-11,0.0020009425570998987,0.021044634634452154,0.06313390373499937,0.084178538285273,0.02805951281787669,8.417853820109447e-11,0.056119025551574844,0.056119025551574844,0.04810202191337536,0.084178538285273,0.04208926918472576,0.02805951281787669,0.056119025551574844,0.084178538285273,0.084178538285273,0.084178538285273,1
0.11128053828745028,0.009818871126824927,0.0556402691993654,0.033384161564131466,0.010250006764021165,1.1128053817616974e-10,0.0556402691993654,1.1128053817616974e-10,0.07418702556206036,1.1128053817616974e-10,0.11128053828745028,0.03709351283667045,0.03775589699248098,0.11128053828745028,0.0556402691993654,1.1128053817616974e-10,0.07418702556206036,0.11128053828745028,0.11128053828745028,1.1128053817616974e-10,1
0.0739100606583107,0.006521476007827763,0.03695503036611037,0.04434603642455044,0.0019398646551117276,0.03695503036611037,0.0739100606583107,0.0739100606583107,0.049273373796843815,7.391006058440062e-11,0.0739100606583107,0.0739100606583107,0.03563520785567465,0.0739100606583107,0.0739100606583107,7.391006058440062e-11,0.049273373796843815,0.0739100606583107,0.0739100606583107,0.0739100606583107,1
0.05036577967356157,0.006666059139991553,0.07554866947256803,7.554866939701935e-11,0.0022073481249498617,7.554866939701935e-11,0.07554866947256803,0.07554866947256803,0.05036577967356157,7.554866939701935e-11,0.07554866947256803,0.07554866947256803,0.059359668887492445,0.07554866947256803,0.07554866947256803,0.02518288987455512,0.05036577967356157,0.07554866947256803,0.07554866947256803,0.07554866947256803,1
1.1428103527048579e-10,0.013444827793161713,0.11428103538476682,1.1428103527048579e-10,0.011765149062838254,1.1428103527048579e-10,0.057140517749523924,0.11428103538476682,0.07618735696127156,1.1428103527048579e-10,0.038093678537776295,0.038093678537776295,0.022448060613840744,0.11428103538476682,0.057140517749523924,0.038093678537776295,0.07618735696127156,0.11428103538476682,1.1428103527048579e-10,0.11428103538476682,1
0.09397372563263719,0.011055732510287072,0.09397372563263719,0.0563842354171718,0.0023320211250036156,9.397372553866346e-11,0.04698686286330545,0.09397372563263719,0.0626491504530827,9.397372553866346e-11,0.03132457527352821,0.0626491504530827,0.02181532923687774,0.09397372563263719,0.04698686286330545,0.03132457527352821,0.0626491504530827,0.09397372563263719,9.397372553866346e-11,0.09397372563263719,1
0.10511573758212575,0.009274918117793091,0.10511573758212575,0.02102314760051774,0.010520828017005315,0.10511573758212575,0.052557868843620736,0.035038579264119074,0.10511573758212575,1.0511573747701001e-10,1.0511573747701001e-10,0.07007715842312241,0.013139467289741988,0.10511573758212575,0.052557868843620736,0.035038579264119074,0.07007715842312241,0.10511573758212575,1.0511573747701001e-10,1.0511573747701001e-10,1
0.09555238706414919,0.028103643321610267,0.04777619357985078,9.55523869685968e-11,0.006703493733989765,0.07166429032199999,0.07166429032199999,0.09555238706414919,0.03185079575175132,9.55523869685968e-11,0.06370159140795026,0.06370159140795026,0.025594389462140817,0.09555238706414919,0.04777619357985078,9.55523869685968e-11,0.06370159140795026,9.55523869685968e-11,0.09555238706414919,0.09555238706414919,1
0.088742525950012,0.05742163446956394,0.088742525950012,0.07986827336388505,0.03603120391455454,0.088742525950012,0.088742525950012,0.088742525950012,8.874252586126947e-11,8.874252586126947e-11,0.029580842042499018,0.059161683996255515,0.04278657505756888,8.874252586126947e-11,0.04437126301937726,0.029580842042499018,0.088742525950012,8.874252586126947e-11,8.874252586126947e-11,0.088742525950012,1
1.2036122262297645e-10,0.014160143958358448,0.12036122274333767,1.2036122262297645e-10,0.02151720119343542,1.2036122262297645e-10,0.06018061143184944,0.08024081520234552,0.04012040766135337,0.06018061143184944,0.04012040766135337,1.2036122262297645e-10,0.02149307558874987,0.12036122274333767,0.06018061143184944,0.04012040766135337,0.08024081520234552,0.12036122274333767,1.2036122262297645e-10,0.12036122274333767,0
0.09787514375970732,0.002878680793811383,0.048937571928791224,0.0293625431964248,0.00590245181204748,0.024468786013333188,0.09787514375970732,0.03262504798515253,0.06525009587242993,9.787514366183217e-11,0.09787514375970732,0.09787514375970732,0.040198719816127645,9.787514366183217e-11,0.09787514375970732,9.787514366183217e-11,0.06525009587242993,9.787514366183217e-11,0.09787514375970732,0.09787514375970732,1
0.07383327096233648,0.034745068727246545,0.07383327096233648,0.007383327162683592,0.041547973077944764,0.07383327096233648,0.07383327096233648,0.024611090370001004,0.04922218066616874,7.38332708885032e-11,0.07383327096233648,0.07383327096233648,0.030324379188754233,0.07383327096233648,0.07383327096233648,0.024611090370001004,0.04922218066616874,0.07383327096233648,7.38332708885032e-11,0.07383327096233648,1
1.017608160408303e-10,0.029929651878475606,0.05088040812217596,0.010176081705843847,0.014972401449465243,1.017608160408303e-10,0.05088040812217596,0.06784054412898102,0.06784054412898102,0.10176081614259112,0.10176081614259112,0.10176081614259112,0.07995492699098462,1.017608160408303e-10,0.05088040812217596,1.017608160408303e-10,0.06784054412898102,1.017608160408303e-10,0.10176081614259112,0.10176081614259112,1
0.12699450628113987,0.011205397728830863,0.12699450628113987,1.2699450615414536e-10,0.006854936329108328,1.2699450615414536e-10,0.12699450628113987,0.08466300422975809,0.08466300422975809,1.2699450615414536e-10,0.12699450628113987,1.2699450615414536e-10,0.029480867627063964,0.12699450628113987,0.06349725320406718,0.04233150217837629,0.04233150217837629,1.2699450615414536e-10,1.2699450615414536e-10,1.2699450615414536e-10,1
0.07376162736035205,0.02277932617305276,0.05532122054792465,1.1064244087456442e-10,0.01041648609811794,1.1064244087456442e-10,0.11064244098520687,0.07376162736035205,0.036880813735497245,1.1064244087456442e-10,0.036880813735497245,0.07376162736035205,0.007903031601682759,0.11064244098520687,0.05532122054792465,1.1064244087456442e-10,0.11064244098520687,0.11064244098520687,1.1064244087456442e-10,0.11064244098520687,1
0.08125750510273828,0.013144596481791157,0.08125750510273828,8.125750502148077e-11,0.02143885430036174,0.08125750510273828,0.08125750510273828,8.125750502148077e-11,0.027085835088417762,8.125750502148077e-11,0.08125750510273828,0.05417167009557802,0.05804107509660092,0.08125750510273828,0.040628752591997885,8.125750502148077e-11,0.05417167009557802,0.08125750510273828,0.08125750510273828,0.08125750510273828,1
0.0929689517422502,0.010937523816413802,0.0929689517422502,9.296895164928124e-11,0.005141069555251753,9.296895164928124e-11,0.0929689517422502,0.0929689517422502,0.06197930119248978,9.296895164928124e-11,0.0929689517422502,9.296895164928124e-11,0.06972671382992987,0.0929689517422502,0.04648447591760957,0.030989650642729363,0.030989650642729363,0.0929689517422502,9.296895164928124e-11,0.0929689517422502,1
1.4542570950100058e-10,0.017108907145543424,0.072712854895926,0.029085142045625827,0.01286698269619103,1.4542570950100058e-10,0.03635642752067586,0.14542570964642632,0.048475236645759236,1.4542570950100058e-10,1.4542570950100058e-10,0.09695047314609277,0.007790663154407888,0.14542570964642632,1.4542570950100058e-10,1.4542570950100058e-10,0.09695047314609277,0.14542570964642632,1.4542570950100058e-10,0.14542570964642632,1
0.09908481737073944,0.00291425943060407,0.09908481737073944,0.019816963553415744,0.005293901142926384,0.09908481737073944,0.04954240873491213,9.908481727165462e-11,0.09908481737073944,9.908481727165462e-11,0.03302827252296969,0.03302827252296969,0.014154973995035477,0.09908481737073944,0.04954240873491213,0.03302827252296969,0.06605654494685456,0.09908481737073944,9.908481727165462e-11,0.09908481737073944,1
0.1282959274670677,0.009433524197323262,0.06414796379768181,0.025659185596050283,0.00803349662392277,1.2829592733877176e-10,0.06414796379768181,0.1282959274670677,0.04276530924121985,1.2829592733877176e-10,0.04276530924121985,1.2829592733877176e-10,0.016036991045642397,0.1282959274670677,1.2829592733877176e-10,1.2829592733877176e-10,0.08553061835414377,0.1282959274670677,1.2829592733877176e-10,0.1282959274670677,1
0.07584921553347627,0.00892343718851122,0.03792460780466274,0.022754764713137334,0.008468034529658244,0.07584921553347627,0.03792460780466274,0.07584921553347627,0.05056614371426725,7.584921545762706e-11,0.07584921553347627,0.07584921553347627,0.0243801050443722,0.07584921553347627,0.07584921553347627,7.584921545762706e-11,0.05056614371426725,0.07584921553347627,0.07584921553347627,0.07584921553347627,1
0.1046365292753502,0.01231018000707343,1.0463652917071368e-10,0.020927305938779263,0.014445529525200005,1.0463652917071368e-10,0.1046365292753502,0.034878843161541086,0.06975768621844565,1.0463652917071368e-10,0.1046365292753502,0.034878843161541086,0.02802764184679198,0.1046365292753502,0.052318264689993364,0.034878843161541086,0.06975768621844565,0.1046365292753502,1.0463652917071368e-10,0.1046365292753502,1
0.06900249593645025,0.030442277676862493,0.05175187197821362,0.031051123228329678,0.005740716164877965,0.05175187197821362,0.05175187197821362,0.06900249593645025,0.034501248019977,1.0350374374941975e-10,0.06900249593645025,0.06900249593645025,0.07023468336203857,0.1035037438529235,0.05175187197821362,1.0350374374941975e-10,0.034501248019977,0.1035037438529235,1.0350374374941975e-10,0.1035037438529235,1
0.04067143554917207,0.014354624390422926,1.220143062814733e-10,0.09761144514719294,0.007787861643226422,1.220143062814733e-10,0.06100715326275095,0.04067143554917207,0.08134287097632983,1.220143062814733e-10,0.04067143554917207,1.220143062814733e-10,0.02614592289661572,0.12201430640348761,0.06100715326275095,1.220143062814733e-10,0.04067143554917207,0.12201430640348761,0.12201430640348761,0.12201430640348761,1
1.3539272360149825e-10,0.02190176424739979,0.06769636193614184,1.3539272360149825e-10,0.008589623240516937,1.3539272360149825e-10,0.06769636193614184,0.045130908002558805,0.045130908002558805,1.3539272360149825e-10,0.13539272373689099,0.09026181586972488,0.021759544999919233,0.13539272373689099,1.3539272360149825e-10,1.3539272360149825e-10,0.09026181586972488,0.13539272373689099,1.3539272360149825e-10,0.13539272373689099,1
1.743413488193427e-10,0.051276867474148016,0.08717067458401269,0.03486826993820989,0.026581923668255656,1.743413488193427e-10,0.08717067458401269,0.05811378311412225,1.743413488193427e-10,1.743413488193427e-10,0.05811378311412225,1.743413488193427e-10,0.015566192033211235,0.17434134899368406,1.743413488193427e-10,1.743413488193427e-10,0.05811378311412225,0.17434134899368406,1.743413488193427e-10,0.17434134899368406,1
1.212983076380132e-10,0.035675972956008065,0.060649153940304894,0.10916847699551016,0.04216808131734581,1.212983076380132e-10,0.060649153940304894,0.040432769333969366,0.1212983077593115,1.212983076380132e-10,0.040432769333969366,0.08086553854664043,0.00433208253694164,0.060649153940304894,0.060649153940304894,1.212983076380132e-10,0.040432769333969366,0.1212983077593115,1.212983076380132e-10,0.1212983077593115,1
0.09168645412227724,0.026966604218330803,0.09168645412227724,0.027505936300863697,0.011744583836773688,0.06876484061462955,0.09168645412227724,0.030562151435216716,0.06112430277874698,9.16864540305908e-11,0.030562151435216716,0.06112430277874698,0.024558871707023273,0.09168645412227724,0.04584322710698185,9.16864540305908e-11,0.06112430277874698,0.09168645412227724,9.16864540305908e-11,0.09168645412227724,1
0.032043661293185484,0.028273818799414364,0.09613098368729449,0.009613098455247333,0.03971340522447123,0.07209823778950361,0.09613098368729449,0.032043661293185484,0.032043661293185484,9.613098359116351e-11,0.09613098368729449,0.09613098368729449,0.017166247165981606,0.09613098368729449,9.613098359116351e-11,9.613098359116351e-11,0.06408732249023999,0.09613098368729449,9.613098359116351e-11,0.09613098368729449,1
1.4646893866231564e-10,0.004307910107125279,0.07323446947762674,0.058587575611395194,0.0007495110574183912,1.4646893866231564e-10,0.036617234812047844,0.14646893880878456,0.04882297970057415,1.4646893866231564e-10,1.4646893866231564e-10,1.4646893866231564e-10,0.020924134241085454,0.14646893880878456,0.07323446947762674,1.4646893866231564e-10,0.09764595925467937,0.14646893880878456,1.4646893866231564e-10,0.14646893880878456,1
0.09338541272227191,0.02334635325060704,0.07003905956505029,0.018677082619162712,0.006890604161578258,0.02334635325060704,0.07003905956505029,0.09338541272227191,0.06225694184597642,9.33854126288865e-11,0.06225694184597642,9.33854126288865e-11,0.025013949904694296,0.09338541272227191,0.04669270640782866,0.03112847096968091,0.09338541272227191,0.09338541272227191,9.33854126288865e-11,0.09338541272227191,1
1.1378336788914521e-10,0.038485551017464835,0.056891684058355964,0.03413501048052694,0.019821621261413704,1.1378336788914521e-10,0.056891684058355964,0.07585557870654684,0.07585557870654684,1.1378336788914521e-10,0.03792778941016511,0.07585557870654684,0.016254766955089824,0.11378336800292858,0.056891684058355964,1.1378336788914521e-10,0.11378336800292858,0.11378336800292858,1.1378336788914521e-10,0.11378336800292858,1
1.1892154807339685e-10,0.013990770480497645,1.1892154807339685e-10,0.05946077415561996,0.0056143221309703254,1.1892154807339685e-10,0.08919116117396918,0.1189215481923184,0.07928103216785277,1.1892154807339685e-10,0.07928103216785277,1.1892154807339685e-10,0.019112391773574617,0.1189215481923184,0.05946077415561996,0.039640516143387164,0.07928103216785277,0.1189215481923184,1.1892154807339685e-10,0.1189215481923184,0
0.031648201413045945,0.032113616138312144,0.07120845306067262,0.009494460490375008,0.02985630094224556,9.494460395430403e-11,0.09494460404924863,9.494460395430403e-11,0.0632964027311473,9.494460395430403e-11,0.031648201413045945,0.0632964027311473,0.01864983301454004,0.09494460404924863,0.047472302072096614,0.031648201413045945,0.09494460404924863,0.09494460404924863,0.09494460404924863,0.09494460404924863,1
0.0349593411189012,0.016965562655801035,0.05243901162591279,0.05243901162591279,0.007294256797140369,0.02621950586539541,0.05243901162591279,0.10487802314694757,0.06991868213292438,0.10487802314694757,0.0349593411189012,1.0487802304206953e-10,0.005618465624988894,0.10487802314694757,0.05243901162591279,1.0487802304206953e-10,0.06991868213292438,0.10487802314694757,1.0487802304206953e-10,0.10487802314694757,1
0.08625792272332579,0.03298097050631328,0.08625792272332579,0.02587737687737829,0.030812503319439643,0.08625792272332579,0.06469344206405882,0.028752640965280542,0.05750528184430317,8.625792263706787e-11,0.05750528184430317,0.028752640965280542,0.02618544088679638,0.08625792272332579,0.04312896140479185,0.028752640965280542,0.05750528184430317,0.08625792272332579,8.625792263706787e-11,0.08625792272332579,1
1.415788694601586e-10,0.029148590912787986,0.07078943487165815,0.028315774033610585,0.02648663798490115,1.415788694601586e-10,0.03539471750661852,1.415788694601586e-10,0.047192956628298394,1.415788694601586e-10,0.14157886960173746,0.09438591311501793,0.007584582434087369,0.14157886960173746,1.415788694601586e-10,1.415788694601586e-10,0.09438591311501793,0.14157886960173746,1.415788694601586e-10,0.14157886960173746,1
1.3619139897805607e-10,0.034047849880705416,0.06809569962521943,0.02723827993180261,0.025096566394445484,1.3619139897805607e-10,0.10214354936973344,1.3619139897805607e-10,0.04539713312887675,1.3619139897805607e-10,0.13619139911424746,0.0907942661215621,0.017023925008448404,0.13619139911424746,1.3619139897805607e-10,1.3619139897805607e-10,0.04539713312887675,0.13619139911424746,1.3619139897805607e-10,0.13619139911424746,1
0.06967479096087137,0.05737923962713079,0.06967479096087137,6.967479089119659e-11,0.05177878986699518,0.06967479096087137,0.06967479096087137,0.023224930366740316,0.046449860663805846,6.967479089119659e-11,0.06967479096087137,0.06967479096087137,0.054744478627043534,6.967479089119659e-11,0.06967479096087137,6.967479089119659e-11,0.06967479096087137,0.06967479096087137,0.06967479096087137,0.06967479096087137,1
0.04276136773614527,0.009432654747665243,0.06414205154007585,1.282841028235835e-10,0.00018352531115045976,1.282841028235835e-10,0.06414205154007585,0.12828410295186762,0.12828410295186762,1.282841028235835e-10,0.12828410295186762,1.282841028235835e-10,0.006872362779547509,0.12828410295186762,1.282841028235835e-10,1.282841028235835e-10,0.04276136773614527,0.12828410295186762,1.282841028235835e-10,0.12828410295186762,1
0.08040099948366401,0.044929970335165624,0.08040099948366401,0.0160801999610536,0.01677122208644095,0.0402004997820325,0.0402004997820325,0.08040099948366401,0.05360066634924301,8.040099940326301e-11,0.08040099948366401,8.040099940326301e-11,0.024407446327820128,0.08040099948366401,0.0402004997820325,0.026800333214822003,0.05360066634924301,0.08040099948366401,0.08040099948366401,0.08040099948366401,1
0.04012393460484594,0.008850868021358744,0.060185901847083,0.03611154115639853,0.0013776459395812156,1.2037180345342242e-10,0.060185901847083,0.12037180357379422,0.08024786908932008,1.2037180345342242e-10,0.08024786908932008,1.2037180345342242e-10,0.010747482571570233,0.12037180357379422,0.060185901847083,1.2037180345342242e-10,0.08024786908932008,0.12037180357379422,1.2037180345342242e-10,0.12037180357379422,1
0.04344021978651915,0.009582401525070325,0.06516032961461839,0.026064131924039752,0.004790040858339905,1.3032065896859546e-10,0.06516032961461839,0.13032065909891613,0.04344021978651915,1.3032065896859546e-10,1.3032065896859546e-10,0.04344021978651915,0.025598700999151913,0.13032065909891613,0.06516032961461839,1.3032065896859546e-10,0.08688043944271764,0.13032065909891613,1.3032065896859546e-10,0.13032065909891613,0
0.12580109467771522,0.037000322052834655,0.06290054740175816,1.2580109455191413e-10,0.049444108103369196,1.2580109455191413e-10,0.06290054740175816,1.2580109455191413e-10,0.08386739649374385,1.2580109455191413e-10,0.12580109467771522,0.04193369830977247,0.05391475493376429,0.12580109467771522,0.06290054740175816,1.2580109455191413e-10,0.04193369830977247,1.2580109455191413e-10,1.2580109455191413e-10,0.12580109467771522,1
0.06875230019218048,0.009099569232561807,0.05156422516991747,0.04125138015655967,0.005532642277676628,1.0312845013357806e-10,0.05156422516991747,0.034376150147654466,0.06875230019218048,1.0312845013357806e-10,0.034376150147654466,0.06875230019218048,0.033148430503207114,0.1031284502367065,0.05156422516991747,1.0312845013357806e-10,0.06875230019218048,0.1031284502367065,0.1031284502367065,0.1031284502367065,1
1.177381796176525e-10,0.03462887647587126,0.05886908992656442,0.01177381807950343,0.016597623985924913,0.11773817973539068,0.11773817973539068,0.03924605999028901,0.03924605999028901,1.177381796176525e-10,0.11773817973539068,1.177381796176525e-10,0.01471727256994474,0.11773817973539068,1.177381796176525e-10,1.177381796176525e-10,0.07849211986283985,0.11773817973539068,1.177381796176525e-10,0.11773817973539068,1
0.11011588211569932,0.017812863375724963,0.05505794111290759,0.011011588310674225,0.016837902393241025,1.1011588200558343e-10,0.08258691161430345,0.036705294111977024,0.07341058811383817,1.1011588200558343e-10,0.036705294111977024,0.07341058811383817,0.027528970611511747,0.11011588211569932,0.05505794111290759,1.1011588200558343e-10,0.07341058811383817,0.11011588211569932,1.1011588200558343e-10,0.11011588211569932,1
0.06762734547786216,0.011934237520809451,0.10144101816607273,1.0144101806463171e-10,0.006865437111427646,0.050720509133756864,1.0144101806463171e-10,0.03381367278965158,0.06762734547786216,1.0144101806463171e-10,0.10144101816607273,0.10144101816607273,0.08513799740568549,1.0144101806463171e-10,0.10144101816607273,0.06762734547786216,1.0144101806463171e-10,0.10144101816607273,1.0144101806463171e-10,0.10144101816607273,1
0.0722530009555238,0.0031876324986946894,0.10837950137909594,0.06502770087080936,0.004752859276023443,1.0837950127071643e-10,0.05418975074373771,0.03612650053195165,0.03612650053195165,1.0837950127071643e-10,0.10837950137909594,0.03612650053195165,0.05999579545466895,0.10837950137909594,0.05418975074373771,1.0837950127071643e-10,0.03612650053195165,0.10837950137909594,1.0837950127071643e-10,0.10837950137909594,1
0.07703371182534795,0.012461335801025718,0.07703371182534795,0.02311011360152799,0.0051754244219600724,7.703371174831423e-11,0.03851685595119083,0.07703371182534795,0.051355807909243205,7.703371174831423e-11,0.07703371182534795,0.07703371182534795,0.022009632005123497,0.07703371182534795,0.07703371182534795,0.02567790399313846,0.051355807909243205,0.07703371182534795,0.07703371182534795,0.07703371182534795,1
0.10940033311950867,0.032176568641785135,0.054700166614454496,0.021880066711422,0.03166915120251027,0.02735008336192742,0.054700166614454496,0.10940033311950867,0.07293355544947255,1.0940033301010834e-10,1.0940033301010834e-10,0.07293355544947255,0.01172146436048337,0.054700166614454496,0.054700166614454496,1.0940033301010834e-10,0.07293355544947255,0.10940033311950867,1.0940033301010834e-10,0.10940033311950867,1
0.037594232795599127,0.008292845557521616,0.056391349137007336,0.033834809527317496,0.005932665422253233,1.1278269804844929e-10,0.112782698161232,0.112782698161232,0.037594232795599127,1.1278269804844929e-10,0.112782698161232,1.1278269804844929e-10,0.012083860617973695,0.112782698161232,0.056391349137007336,1.1278269804844929e-10,0.07518846547841557,0.112782698161232,1.1278269804844929e-10,0.112782698161232,1
0.03992329191520798,0.03522643405692114,0.0898274066595056,0.03593096273566418,0.04054935872282875,1.197698753863143e-10,0.029942468966348456,1.197698753863143e-10,0.07984658371064608,1.197698753863143e-10,0.03992329191520798,0.07984658371064608,0.029942468966348463,0.1197698755060842,0.05988493781292703,1.197698753863143e-10,0.07984658371064608,0.1197698755060842,1.197698753863143e-10,0.1197698755060842,1
0.12286187389688812,0.014454338213923782,0.06143093700987499,0.036858562255069754,0.003089461788688328,1.2286187377402624e-10,0.06143093700987499,0.12286187389688812,0.0819079159722127,1.2286187377402624e-10,0.040953958047537285,1.2286187377402624e-10,0.024133582471331315,1.2286187377402624e-10,0.06143093700987499,0.040953958047537285,0.0819079159722127,0.12286187389688812,1.2286187377402624e-10,0.12286187389688812,1
0.1042088329803955,0.01225986279552491,0.07815662476134883,0.0104208833918275,0.007184641217549974,1.0420883287618668e-10,0.05210441654230216,0.1042088329803955,0.1042088329803955,1.0420883287618668e-10,0.1042088329803955,1.0420883287618668e-10,0.04093918444842502,0.1042088329803955,1.0420883287618668e-10,1.0420883287618668e-10,0.06947255535499995,0.1042088329803955,1.0420883287618668e-10,0.1042088329803955,1
0.03958608252694823,0.013971558615766475,0.05937912373104322,1.1875824722456996e-10,0.03808314443617839,1.1875824722456996e-10,0.08906868553718571,0.03958608252694823,0.07917216493513822,1.1875824722456996e-10,0.03958608252694823,0.07917216493513822,0.027568878938747703,0.11875824734332821,0.05937912373104322,1.1875824722456996e-10,0.07917216493513822,0.11875824734332821,1.1875824722456996e-10,0.11875824734332821,1
0.03915861277943374,0.03973447473034488,0.058737919110412685,0.10572825430476217,0.014724879556884903,1.174758379858737e-10,0.029368959613944267,0.11747583810334955,0.03915861277943374,1.174758379858737e-10,1.174758379858737e-10,0.03915861277943374,0.02727117679276795,0.11747583810334955,0.058737919110412685,1.174758379858737e-10,0.07831722544139165,1.174758379858737e-10,0.11747583810334955,0.11747583810334955,1
0.035392867179839985,0.012491600249823794,0.05308930071667067,0.09556074120506433,0.004597917964708067,0.02654465041142464,0.07963395102191671,0.07078573425350138,0.07078573425350138,1.0617860122098416e-10,0.10617860132716275,1.0617860122098416e-10,0.037920929113672945,0.10617860132716275,0.05308930071667067,1.0617860122098416e-10,0.035392867179839985,0.10617860132716275,1.0617860122098416e-10,0.10617860132716275,1
1.597067418900315e-10,0.004697257274119432,0.07985337110472249,0.01597067434870989,0.009683989901250413,0.07985337110472249,1.597067418900315e-10,1.597067418900315e-10,0.05323558078971724,1.597067418900315e-10,0.05323558078971724,0.05323558078971724,0.01140762458042328,0.15970674204973825,1.597067418900315e-10,1.597067418900315e-10,1.597067418900315e-10,0.15970674204973825,0.15970674204973825,0.15970674204973825,1
0.09556825773877575,0.02810831116709987,0.047784128917172,0.02867047738853051,0.015412708533569863,9.55682576432075e-11,0.02389206450637013,0.09556825773877575,0.03185608597663742,9.55682576432075e-11,0.09556825773877575,0.03185608597663742,0.011946032300969193,0.09556825773877575,0.047784128917172,9.55682576432075e-11,0.06371217185770658,0.09556825773877575,0.09556825773877575,0.09556825773877575,1
0.09777992633201665,0.02013116138129925,0.04888996321489828,0.02933397796805095,0.02337162987446774,9.777992623423672e-11,0.02444498165633911,0.06518661758727108,0.06518661758727108,9.777992623423672e-11,0.0325933088425255,0.06518661758727108,0.02269891154501345,0.09777992633201665,0.04888996321489828,9.777992623423672e-11,0.06518661758727108,0.09777992633201665,0.09777992633201665,0.09777992633201665,1
0.02905865450986373,0.056407976319452206,0.04358798172120761,0.08717596335523928,0.024612075993879656,0.08717596335523928,8.71759632680633e-11,0.0581173089325515,0.0581173089325515,8.71759632680633e-11,0.08717596335523928,0.08717596335523928,0.0326909863126997,8.71759632680633e-11,0.08717596335523928,8.71759632680633e-11,8.71759632680633e-11,0.08717596335523928,0.08717596335523928,0.08717596335523928,1
0.09803265559568827,0.015858223781476943,0.04901632784686046,0.009803265647798218,0.023771867203687343,9.803265549765562e-11,0.04901632784686046,0.0653551037631364,0.0653551037631364,9.803265549765562e-11,0.032677551930584525,0.0653551037631364,0.01925641457078644,0.09803265559568827,0.04901632784686046,9.803265549765562e-11,0.0653551037631364,0.09803265559568827,0.09803265559568827,0.09803265559568827,1
0.041601654304511515,0.009176835605622585,0.06240248139436479,0.11232446641001266,0.007835504815964615,1.2480496253911967e-10,0.06240248139436479,0.041601654304511515,0.12480496266392463,1.2480496253911967e-10,1.2480496253911967e-10,1.2480496253911967e-10,0.01782928048753634,1.2480496253911967e-10,0.06240248139436479,1.2480496253911967e-10,0.08320330848421807,0.12480496266392463,0.12480496266392463,0.12480496266392463,1
0.03389500249744481,0.02093514864024253,0.050842503695324705,0.09151650657023647,0.009304620270742211,0.07626375549214455,0.02542125189850486,0.06779000489320461,0.10168500728896442,1.0168500718727941e-10,0.06779000489320461,1.0168500718727941e-10,0.0308686629978234,1.0168500718727941e-10,0.050842503695324705,1.0168500718727941e-10,0.06779000489320461,0.10168500728896442,0.10168500728896442,0.10168500728896442,1
0.08332450140087327,0.04656369199607234,0.04166225074209889,0.02499735047858914,0.03170860859615422,0.08332450140087327,0.06249337607148608,0.027774833855840758,0.08332450140087327,8.332450131754878e-11,0.08332450140087327,0.027774833855840758,0.014879375318601066,0.08332450140087327,8.332450131754878e-11,8.332450131754878e-11,0.055549667628357016,0.08332450140087327,0.08332450140087327,0.08332450140087327,1
0.11257419874205815,0.014899526401770601,0.05628709942731617,0.033772259701419394,0.007179129429817067,0.028143549769945188,1.1257419862948395e-10,0.037524732989068846,0.037524732989068846,1.1257419862948395e-10,0.11257419874205815,1.1257419862948395e-10,0.09046140972555237,0.11257419874205815,0.05628709942731617,1.1257419862948395e-10,0.0750494658655635,0.11257419874205815,1.1257419862948395e-10,0.11257419874205815,1
0.0833817522564409,0.024524044840163853,0.06253631421317611,0.07504357703913499,0.012515980050813542,0.0833817522564409,0.04169087616991132,0.0833817522564409,0.05558783486542119,8.338175217305915e-11,0.0833817522564409,8.338175217305915e-11,0.01935647826641334,0.0833817522564409,0.04169087616991132,0.027793917474401467,0.05558783486542119,8.338175217305915e-11,0.0833817522564409,0.0833817522564409,1
0.07951248122722633,0.009354409626302344,0.07951248122722633,0.02385374442382664,0.0031762992603884717,0.07951248122722633,0.07951248122722633,0.07951248122722633,0.05300832084465505,7.951248114771385e-11,0.07951248122722633,0.05300832084465505,0.022717851836002157,0.07951248122722633,0.039756240653369405,0.026504160462083766,0.05300832084465505,0.07951248122722633,7.951248114771385e-11,0.07951248122722633,1
0.08565942815840516,0.02519394951881993,0.06424457114021871,0.07709348535113057,0.01001575251520629,0.042829714122032285,0.042829714122032285,0.08565942815840516,0.057106285467489915,8.565942807274572e-11,0.02855314277657467,0.057106285467489915,0.03824081618956377,0.08565942815840516,0.042829714122032285,0.02855314277657467,0.057106285467489915,8.565942807274572e-11,0.08565942815840516,0.08565942815840516,1
0.08443572768382927,0.009933615096129084,0.08443572768382927,0.025330718364253796,0.0012637019611296335,0.0422178638841325,0.08443572768382927,0.08443572768382927,0.056290485150698094,8.443572759939354e-11,0.08443572768382927,0.02814524261756691,0.03467895963418666,0.08443572768382927,0.0422178638841325,0.02814524261756691,0.056290485150698094,8.443572759939354e-11,0.08443572768382927,0.08443572768382927,1
0.08980406603788728,0.03169555277736284,0.08980406603788728,0.026941219874229035,0.01231878166835427,8.980406594808321e-11,0.08980406603788728,0.08980406603788728,0.059869377388526206,8.980406594808321e-11,0.029934688739165136,0.059869377388526206,0.016036440437676065,0.08980406603788728,0.044902033063845666,0.029934688739165136,0.059869377388526206,0.08980406603788728,8.980406594808321e-11,0.08980406603788728,1
0.09789920698821052,0.010077859630725371,0.09789920698821052,0.029369762164992604,0.004869642610766017,0.024474801820477034,9.789920689031131e-11,0.09789920698821052,0.03263306906133631,9.789920689031131e-11,0.09789920698821052,9.789920689031131e-11,0.06643160477346759,0.09789920698821052,0.04894960354305485,0.0652661380247734,0.03263306906133631,0.09789920698821052,9.789920689031131e-11,0.09789920698821052,1
0.0944057404327616,0.02776639431156923,0.0944057404327616,0.009440574128241327,0.02885052732227129,0.07080430534817263,0.04720287026358367,0.0944057404327616,0.06293716031997632,9.440574033835587e-11,0.03146858020719103,9.440574033835587e-11,0.013486534428456577,0.0944057404327616,0.04720287026358367,0.03146858020719103,0.06293716031997632,0.0944057404327616,9.440574033835587e-11,0.0944057404327616,1
0.0806341898416968,0.01660115679614708,0.0806341898416968,0.02419025700895298,0.004077408487722147,0.0806341898416968,0.04031709496116549,0.0806341898416968,0.05375612658800927,8.063418976106262e-11,0.05375612658800927,0.026878063334321727,0.014398962537966797,0.0806341898416968,0.04031709496116549,0.026878063334321727,0.05375612658800927,0.0806341898416968,0.0806341898416968,0.0806341898416968,1
9.337856616307363e-11,0.015105356384464004,0.0933785662564522,0.018675713325993295,0.0063095015376535965,9.337856616307363e-11,0.0933785662564522,0.0933785662564522,0.06225237753542766,9.337856616307363e-11,0.0933785662564522,0.06225237753542766,0.04168685998760787,0.0933785662564522,0.04668928317491538,0.03112618881440311,0.06225237753542766,9.337856616307363e-11,0.0933785662564522,0.0933785662564522,1
0.1098019811225709,0.012917880228951262,0.05490099061618643,0.03294059441363266,0.00317793793376569,1.0980198101276891e-10,0.05490099061618643,0.1098019811225709,0.1098019811225709,1.0980198101276891e-10,0.03660066044739162,1.0980198101276891e-10,0.017646747058282702,0.1098019811225709,0.05490099061618643,1.0980198101276891e-10,0.07320132078498126,0.1098019811225709,1.0980198101276891e-10,0.1098019811225709,1
0.03138655152281369,0.009692905682420459,0.09415965438012175,9.41596542859621e-11,0.005554041548685425,0.07061974080863122,0.047079827237140694,0.09415965438012175,0.03138655152281369,9.41596542859621e-11,0.09415965438012175,0.06277310295146772,0.035309870451395435,0.09415965438012175,0.047079827237140694,0.03138655152281369,0.06277310295146772,0.09415965438012175,9.41596542859621e-11,0.09415965438012175,1
0.03194163380609569,0.016910276765968256,0.09582490122663727,9.582490113081236e-11,0.004877189132140595,9.582490113081236e-11,9.582490113081236e-11,0.03194163380609569,0.06388326751636648,9.582490113081236e-11,0.06388326751636648,0.06388326751636648,0.08384678858528571,0.09582490122663727,0.09582490122663727,0.06388326751636648,9.582490113081236e-11,0.09582490122663727,0.09582490122663727,0.09582490122663727,1
0.07329295755546462,0.008622700953548446,0.03664647881437879,7.329295748217166e-11,0.007593850570647928,0.07329295755546462,0.07329295755546462,0.07329295755546462,0.024430985900683513,7.329295748217166e-11,0.07329295755546462,0.07329295755546462,0.043190492875286965,0.07329295755546462,0.07329295755546462,7.329295748217166e-11,0.07329295755546462,0.07329295755546462,0.07329295755546462,0.07329295755546462,1
0.07773557354532606,0.012574872256316386,0.07773557354532606,0.023320672118012725,0.006753850111042791,7.773557346759048e-11,0.07773557354532606,0.07773557354532606,0.0518237157227959,7.773557346759048e-11,0.07773557354532606,0.0518237157227959,0.03747965157103813,0.07773557354532606,0.038867786811530816,0.025911857900265737,0.0518237157227959,0.07773557354532606,0.07773557354532606,0.07773557354532606,1
0.08671049893867819,0.010201235245765519,0.08671049893867819,0.026013149742300807,0.0022281173401422646,8.671049885196768e-11,0.08671049893867819,0.08671049893867819,0.05780699932135562,8.671049885196768e-11,0.08671049893867819,8.671049885196768e-11,0.05109725833876287,0.08671049893867819,0.04335524951269434,0.05780699932135562,0.05780699932135562,0.08671049893867819,8.671049885196768e-11,0.08671049893867819,1
0.02924787923685264,0.045162166420926644,0.06580772817323889,0.05264618255613984,0.05557000487583287,0.02193590944957539,0.06580772817323889,0.02924787923685264,0.05849575838596164,8.774363744732701e-11,0.05849575838596164,0.08774363753507065,0.020369058780873122,0.08774363753507065,8.774363744732701e-11,8.774363744732701e-11,0.05849575838596164,0.08774363753507065,0.08774363753507065,0.08774363753507065,1
0.029823448092182125,0.006578701854774414,0.0894703440976057,0.053682206494351556,0.006158655330703827,8.947034400813535e-11,0.0894703440976057,0.029823448092182125,0.029823448092182125,8.947034400813535e-11,0.05964689609489391,0.05964689609489391,0.02396527080593517,0.0894703440976057,0.044735172093538014,0.029823448092182125,0.0894703440976057,0.0894703440976057,0.0894703440976057,0.0894703440976057,0
1.0899560974165813e-10,0.012823013019778916,0.05449780497982467,0.06539736595399048,0.005697470630321415,0.10899560985065374,0.05449780497982467,0.10899560985065374,0.03633187002288165,1.0899560974165813e-10,0.10899560985065374,0.03633187002288165,0.0077854008048283355,1.0899560974165813e-10,1.0899560974165813e-10,1.0899560974165813e-10,0.0726637399367677,0.10899560985065374,0.10899560985065374,0.10899560985065374,1
0.045544138502868335,0.010046501246831515,0.06831620768598629,1.3663241509870775e-10,0.0221405560112717,0.13663241523534017,0.06831620768598629,1.3663241509870775e-10,0.045544138502868335,1.3663241509870775e-10,0.045544138502868335,1.3663241509870775e-10,0.03415810391130936,0.13663241523534017,0.06831620768598629,1.3663241509870775e-10,0.045544138502868335,0.13663241523534017,1.3663241509870775e-10,0.13663241523534017,1
0.08479711372452697,0.032422425888223236,0.08479711372452697,0.025439134176716074,0.019969827661447483,8.479711363972985e-11,0.0635978353145945,0.08479711372452697,0.02826570463137373,8.479711363972985e-11,0.08479711372452697,0.056531409177950354,0.010599639289763345,0.08479711372452697,8.479711363972985e-11,8.479711363972985e-11,0.08479711372452697,0.08479711372452697,0.08479711372452697,0.08479711372452697,1
0.08000654932092445,0.009412535284820417,0.060004912010694966,0.04000327470046549,0.00574494047614377,0.060004912010694966,0.08000654932092445,0.08000654932092445,0.05333769957395181,8.00065492409179e-11,0.08000654932092445,0.08000654932092445,0.051432781734882325,0.08000654932092445,0.08000654932092445,0.02666884982697918,0.05333769957395181,8.00065492409179e-11,8.00065492409179e-11,0.08000654932092445,0
0.03514129080718425,0.017053861769513463,0.10542387221070501,0.09488148500017689,0.012042476087076981,0.05271193615806444,0.05271193615806444,0.03514129080718425,0.07028258150894463,1.0542387210528114e-10,0.10542387221070501,0.07028258150894463,0.015060553263321176,1.0542387210528114e-10,0.05271193615806444,1.0542387210528114e-10,0.07028258150894463,0.10542387221070501,1.0542387210528114e-10,0.10542387221070501,1
0.031181779066599392,0.019259334165137545,0.09354533701270751,0.08419080332079129,0.00842597767342145,0.09354533701270751,0.046772668553126416,0.09354533701270751,0.09354533701270751,9.354533691916218e-11,0.09354533701270751,9.354533691916218e-11,0.015034072098410688,9.354533691916218e-11,0.046772668553126416,0.031181779066599392,0.062363558039653454,0.09354533701270751,9.354533691916218e-11,0.09354533701270751,1
0.078418994734613,0.009225764155618288,0.078418994734613,0.0705770952689936,0.004375308793142265,0.078418994734613,0.078418994734613,0.078418994734613,0.052279329849215,7.8418994656194e-11,0.078418994734613,0.078418994734613,0.05321288930940778,0.078418994734613,7.8418994656194e-11,7.8418994656194e-11,0.026139664963816995,0.078418994734613,7.8418994656194e-11,0.078418994734613,1
0.08044739574031921,0.003549149888971152,0.060335546825351256,0.024134218778408947,0.0026382001362019684,0.08044739574031921,0.08044739574031921,0.05363159718702861,0.05363159718702861,8.044739565987182e-11,0.08044739574031921,0.08044739574031921,0.024421530905765626,0.08044739574031921,0.08044739574031921,8.044739565987182e-11,0.05363159718702861,0.08044739574031921,8.044739565987182e-11,0.08044739574031921,1
0.09407404898123423,0.015217860943467604,0.09407404898123423,0.05644442942637016,0.00663601476741725,0.023518512315864094,0.04703702453765413,0.09407404898123423,0.03135801638979411,9.407404888716018e-11,0.06271603268551416,0.06271603268551416,0.02015872485560837,0.09407404898123423,0.04703702453765413,9.407404888716018e-11,0.06271603268551416,0.09407404898123423,9.407404888716018e-11,0.09407404898123423,1
0.12185628012516479,0.0035840083572477054,0.09139221012433765,0.03655688412284884,0.004592910422410165,1.2185628000330852e-10,0.06092814012351053,0.08123752012406195,0.04061876012295911,1.2185628000330852e-10,0.04061876012295911,1.2185628000330852e-10,0.010880025122151684,0.12185628012516479,0.06092814012351053,1.2185628000330852e-10,0.08123752012406195,0.12185628012516479,1.2185628000330852e-10,0.12185628012516479,1
8.250313223325568e-11,0.027905471279045493,0.08250313231575881,0.07425281909243324,0.00995085657283528,8.250313223325568e-11,0.08250313231575881,0.08250313231575881,0.05500208823800692,8.250313223325568e-11,0.08250313231575881,0.05500208823800692,0.03535848532532699,0.041251566199130965,0.041251566199130965,0.08250313231575881,0.08250313231575881,8.250313223325568e-11,0.08250313231575881,0.08250313231575881,1
0.032793353490503926,0.020254718369985977,0.09838006027475167,0.0885420542571145,0.01808019163514033,9.838006017637161e-11,9.838006017637161e-11,0.0655867068826278,0.09838006027475167,9.838006017637161e-11,0.0655867068826278,0.0655867068826278,0.03689252266451941,0.09838006027475167,0.04919003018656586,0.0655867068826278,9.838006017637161e-11,9.838006017637161e-11,0.09838006027475167,0.09838006027475167,1
0.09331056439315151,0.0233276411682708,0.09331056439315151,0.018662112953278753,0.010463680628309784,9.331056429984094e-11,0.0233276411682708,0.09331056439315151,0.031103521526590877,9.331056429984094e-11,0.09331056439315151,0.031103521526590877,0.006665040400442062,0.09331056439315151,0.04665528224323103,9.331056429984094e-11,0.062207042959871194,0.09331056439315151,0.09331056439315151,0.09331056439315151,1
0.0859768679869861,0.02908041128778881,0.06448265101173378,0.07737918119688518,0.023024618556000638,8.597686790100924e-11,0.06448265101173378,0.05731791201998303,0.05731791201998303,8.597686790100924e-11,0.0859768679869861,0.05731791201998303,0.010747108573603021,0.0859768679869861,0.04298843403648148,0.028658956052979946,0.05731791201998303,0.0859768679869861,8.597686790100924e-11,0.0859768679869861,1
7.540970638496906e-11,0.038813819538261414,0.07540970646037876,0.015081941352403518,0.057795851304431045,0.07540970646037876,0.056557279864136493,0.07540970646037876,0.05027313766538907,7.540970638496906e-11,0.07540970646037876,0.02513656887039939,0.0148126209724572,0.07540970646037876,0.03770485326789423,0.02513656887039939,0.07540970646037876,0.07540970646037876,0.07540970646037876,0.07540970646037876,1
0.09174925053227358,0.014841790604187007,0.045874625312011405,0.027524775223906554,0.005734959291729201,0.09174925053227358,0.045874625312011405,0.09174925053227358,0.09174925053227358,9.174925044052433e-11,0.030583083571924026,9.174925044052433e-11,0.03440596900694587,0.09174925053227358,9.174925044052433e-11,9.174925044052433e-11,0.0611661670520988,0.09174925053227358,0.09174925053227358,0.09174925053227358,1
0.09147504372914476,0.01076176993120089,0.09147504372914476,0.027442513182775963,0.0018522514427825405,9.147504363766971e-11,0.09147504372914476,0.09147504372914476,0.06098336251658819,9.147504363766971e-11,0.09147504372914476,9.147504363766971e-11,0.060438868209221105,0.09147504372914476,0.04573752191030989,9.147504363766971e-11,0.06098336251658819,0.09147504372914476,9.147504363766971e-11,0.09147504372914476,1
0.10976061057034518,0.0129130131051235,0.05488030534005289,0.021952122201877526,0.00799620613208998,1.0976061046058458e-10,0.05488030534005289,0.10976061057034518,0.073173740416817,1.0976061046058458e-10,0.0365868702632888,1.0976061046058458e-10,0.060760338043298494,0.10976061057034518,0.05488030534005289,1.0976061046058458e-10,0.073173740416817,0.10976061057034518,1.0976061046058458e-10,0.10976061057034518,1
0.07505022447124218,0.002207359616114693,0.07505022447124218,0.022515067393907816,0.0018582921944673247,0.07505022447124218,0.07505022447124218,0.07505022447124218,0.05003348300584486,7.505022439619196e-11,0.07505022447124218,0.07505022447124218,0.022783103909608495,0.07505022447124218,0.07505022447124218,0.025016741540447543,0.05003348300584486,0.07505022447124218,7.505022439619196e-11,0.07505022447124218,1
0.10011657170720435,0.01177842028918572,0.05005828590366046,0.03003497158224291,0.0035035843161453947,0.10011657170720435,0.05005828590366046,0.10011657170720435,0.033372190635812496,1.0011657160708779e-10,0.033372190635812496,0.06674438117150842,0.0035755919432268533,0.10011657170720435,0.05005828590366046,1.0011657160708779e-10,0.06674438117150842,0.10011657170720435,1.0011657160708779e-10,0.10011657170720435,1
0.0878723086708995,0.04135167471517922,0.043936154379385896,0.008787230946175027,0.021448308708666222,8.787230858302718e-11,0.043936154379385896,0.029290769615548034,0.05858153914322376,8.787230858302718e-11,0.029290769615548034,0.0878723086708995,0.020398928866075045,0.0878723086708995,0.0878723086708995,8.787230858302718e-11,0.0878723086708995,0.0878723086708995,0.0878723086708995,0.0878723086708995,1
0.03741453068462546,0.008253205385563123,0.056121795970816395,0.033673077627387284,0.003335068865806848,0.056121795970816395,0.056121795970816395,0.11224359182938921,0.03741453068462546,1.1224359171714561e-10,0.07482906125700733,1.1224359171714561e-10,0.09420444316056224,0.11224359182938921,0.056121795970816395,1.1224359171714561e-10,0.03741453068462546,0.11224359182938921,1.1224359171714561e-10,0.11224359182938921,1
0.035898940992392665,0.012670214537589472,0.05384841143474058,0.03230904690392309,0.0030577507674035007,0.05384841143474058,0.05384841143474058,0.10769682276178436,0.0717978818770885,1.0769682265408754e-10,0.0717978818770885,1.0769682265408754e-10,0.09038840483523458,0.10769682276178436,0.05384841143474058,1.0769682265408754e-10,0.035898940992392665,0.10769682276178436,1.0769682265408754e-10,0.10769682276178436,0
8.583401128946197e-11,0.02019623803629565,0.04291700573056499,0.017166802343726407,0.009266332767132809,0.08583401137529599,0.06437550855293048,0.08583401137529599,0.05722267427880866,8.583401128946197e-11,0.08583401137529599,0.05722267427880866,0.030655004117784716,0.08583401137529599,0.04291700573056499,8.583401128946197e-11,0.05722267427880866,0.08583401137529599,0.08583401137529599,0.08583401137529599,1
0.032613744024329046,0.008633049960735066,0.048920615987572955,9.784123177946345e-11,0.03799732671275556,9.784123177946345e-11,9.784123177946345e-11,0.032613744024329046,0.06522748795081687,9.784123177946345e-11,0.09784123187730469,0.09784123187730469,0.08910540761128116,9.784123177946345e-11,0.09784123187730469,9.784123177946345e-11,0.09784123187730469,0.09784123187730469,0.09784123187730469,0.09784123187730469,1
0.028895934091929774,0.025496412444254248,0.08668780210241372,0.05201268129612336,0.026200951801906385,8.668780201572592e-11,0.021671950590619285,0.028895934091929774,0.028895934091929774,8.668780201572592e-11,0.08668780210241372,0.08668780210241372,0.007739982409520474,0.08668780210241372,0.08668780210241372,0.028895934091929774,0.05779186809717175,0.08668780210241372,0.08668780210241372,0.08668780210241372,1
1.213766536327082e-10,0.01784950800853962,0.06068832693773075,1.213766536327082e-10,0.024864382286809285,1.213766536327082e-10,1.213766536327082e-10,1.213766536327082e-10,0.08091776920984879,1.213766536327082e-10,0.12137665375408487,0.12137665375408487,0.006502320851700311,0.12137665375408487,0.12137665375408487,1.213766536327082e-10,0.08091776920984879,0.12137665375408487,1.213766536327082e-10,0.12137665375408487,1
0.03812081399043125,0.09418083439641478,0.08577183133551725,0.034308732602824375,0.045105644528964824,0.11436244174256886,0.05718122092846565,1.1436244162820643e-10,0.07624162786650006,1.1436244162820643e-10,1.1436244162820643e-10,1.1436244162820643e-10,0.016337491775534785,0.11436244174256886,0.05718122092846565,1.1436244162820643e-10,0.03812081399043125,0.11436244174256886,1.1436244162820643e-10,0.11436244174256886,1
0.03346238607620101,0.023620507848020462,0.07529036854596831,0.1003871580278287,0.013140808326940664,1.0038715792744154e-10,0.05019357906410792,0.03346238607620101,0.06692477205201486,1.0038715792744154e-10,0.06692477205201486,0.06692477205201486,0.017926278301716,1.0038715792744154e-10,0.05019357906410792,0.03346238607620101,0.06692477205201486,0.1003871580278287,0.1003871580278287,0.1003871580278287,1
0.031052115631088697,0.01917924792540868,0.04657817340005487,0.0838407120455737,0.00866773323522363,0.06986726005350413,0.04657817340005487,0.0931563467069534,0.06210423116902105,9.315634661379706e-11,0.031052115631088697,0.031052115631088697,0.026616099125669795,0.0931563467069534,0.04657817340005487,9.315634661379706e-11,0.031052115631088697,0.0931563467069534,0.0931563467069534,0.0931563467069534,1
0.04022217108003189,0.035490150967165374,0.0904998847792386,0.024133302696285743,0.01383010611412278,0.12066651299876266,0.03016662834019055,0.12066651299876266,0.08044434203939728,1.2066651287809615e-10,0.04022217108003189,0.04022217108003189,0.02154759170604082,1.2066651287809615e-10,0.060333256559714575,1.2066651287809615e-10,0.04022217108003189,0.12066651299876266,1.2066651287809615e-10,0.12066651299876266,1
0.09191099876378525,0.01081305875919032,0.045955499427848115,0.009191099959098423,0.011100728719883044,0.09191099876378525,0.02297774975987956,0.030636999649202416,0.09191099876378525,9.191099867187425e-11,0.09191099876378525,0.06127399920649383,0.011488874925895278,0.09191099876378525,9.191099867187425e-11,9.191099867187425e-11,0.06127399920649383,0.09191099876378525,0.09191099876378525,0.09191099876378525,1
0.0342129221840329,0.024150298042446387,0.05131938322472996,0.010263876727057007,0.035116531879150606,0.10263876634682118,1.026387662441824e-10,1.026387662441824e-10,1.026387662441824e-10,1.026387662441824e-10,0.10263876634682118,1.026387662441824e-10,0.07514623967427231,0.10263876634682118,0.05131938322472996,1.026387662441824e-10,0.10263876634682118,0.10263876634682118,0.10263876634682118,0.10263876634682118,1
0.030751619376894013,0.01899364729747316,0.09225485794617233,0.01845097166303835,0.036162848521401336,9.225485785391747e-11,9.225485785391747e-11,0.09225485794617233,0.06150323866153317,9.225485785391747e-11,0.09225485794617233,0.030751619376894013,0.034595571787473904,0.04612742901921359,0.04612742901921359,0.030751619376894013,0.09225485794617233,0.09225485794617233,0.09225485794617233,0.09225485794617233,1
0.10313686407517078,0.01668390456920117,0.05156843208915382,0.010313686500340256,0.020214235245009034,0.025784216096145344,0.025784216096145344,1.0313686397203392e-10,0.0343789547604815,1.0313686397203392e-10,0.10313686407517078,0.06875790941782614,0.0073669189582821456,0.10313686407517078,0.05156843208915382,1.0313686397203392e-10,0.06875790941782614,0.10313686407517078,0.10313686407517078,0.10313686407517078,1
1.2209173749796123e-10,0.0430912015919604,0.06104586887107234,1.2209173749796123e-10,0.02523256125570802,1.2209173749796123e-10,0.06104586887107234,0.08139449178739921,0.08139449178739921,1.2209173749796123e-10,0.04069724595474548,0.08139449178739921,0.05668544967471659,0.12209173762005296,0.06104586887107234,1.2209173749796123e-10,0.04069724595474548,0.12209173762005296,1.2209173749796123e-10,0.12209173762005296,0
0.054606193672782445,0.019272774343452884,0.08190929042726437,1.638185805268916e-10,0.0650983708342935,0.16381858069071017,1.638185805268916e-10,1.638185805268916e-10,0.054606193672782445,1.638185805268916e-10,0.054606193672782445,1.638185805268916e-10,0.014626659139433904,0.16381858069071017,1.638185805268916e-10,1.638185805268916e-10,1.638185805268916e-10,0.16381858069071017,1.638185805268916e-10,0.16381858069071017,1
0.057020172631370235,0.010062383475972606,0.04276512949491024,0.017106051849282253,0.005525064675231161,0.08553025890429022,0.08553025890429022,0.057020172631370235,0.028510086358450246,8.553025881875997e-11,0.08553025890429022,8.553025881875997e-11,0.05498373789759023,0.08553025890429022,0.04276512949491024,8.553025881875997e-11,0.08553025890429022,0.08553025890429022,0.08553025890429022,0.08553025890429022,1
0.034440333987616784,0.012155412062484218,0.05166050092976467,0.010332100268609737,0.010108107341069088,0.10332100175620836,0.05166050092976467,0.10332100175620836,0.06888066787191258,1.0332100165288736e-10,0.034440333987616784,0.06888066787191258,0.020295196856566732,0.10332100175620836,0.05166050092976467,1.0332100165288736e-10,0.06888066787191258,0.10332100175620836,1.0332100165288736e-10,0.10332100175620836,1
0.09322558523033203,0.01508060945363986,0.0466127926617788,9.322558513710644e-11,0.026027656029490476,0.0466127926617788,0.09322558523033203,9.322558513710644e-11,0.03107519513892773,9.322558513710644e-11,0.09322558523033203,0.09322558523033203,0.026635881560970288,0.09322558523033203,0.09322558523033203,9.322558513710644e-11,0.06215039018462988,0.09322558523033203,9.322558513710644e-11,0.09322558523033203,1
0.034877458440845936,0.049238764814580935,0.052316187608952715,0.03138971260722459,0.011934792301887364,1.0463237500864069e-10,0.07847428136111288,0.10463237511327307,0.0697549167770595,1.0463237500864069e-10,0.10463237511327307,0.0697549167770595,0.009342176444689581,0.10463237511327307,1.0463237500864069e-10,1.0463237500864069e-10,0.0697549167770595,0.10463237511327307,1.0463237500864069e-10,0.10463237511327307,1
0.09421631974290522,0.01108427299406207,0.04710815991856076,0.05652979188342966,0.005925456975390051,9.421631964868889e-11,0.09421631974290522,0.09421631974290522,0.06281087986000891,9.421631964868889e-11,0.09421631974290522,0.03140543997711261,0.04710815991856076,9.421631964868889e-11,0.04710815991856076,0.06281087986000891,0.06281087986000891,9.421631964868889e-11,0.09421631974290522,0.09421631974290522,1
0.09373863370133591,0.019299130542361598,0.04686931689753726,0.018747726815258086,0.008943699371584658,9.373863360759727e-11,0.04686931689753726,0.09373863370133591,0.06249242249880348,9.373863360759727e-11,0.09373863370133591,0.09373863370133591,0.04686931689753726,9.373863360759727e-11,0.09373863370133591,0.031246211296271056,0.06249242249880348,0.09373863370133591,9.373863360759727e-11,0.09373863370133591,1
0.08764902601628502,0.025779125360777255,0.043824513051967016,0.026294707866239827,0.0036122549803830604,0.08764902601628502,0.08764902601628502,0.08764902601628502,0.05843268404007302,8.7649025928636e-11,0.029216342063861023,0.05843268404007302,0.009390967151431454,0.08764902601628502,0.043824513051967016,0.029216342063861023,0.05843268404007302,0.08764902601628502,8.7649025928636e-11,0.08764902601628502,1
0.08274083176811801,0.038936862052330094,0.04137041592542942,0.07446674859958029,0.032592803760281015,0.08274083176811801,0.08274083176811801,0.05516055453965895,0.05516055453965895,8.274083168537718e-11,0.027580277311199893,0.027580277311199893,0.0265952674101835,0.08274083176811801,0.04137041592542942,0.027580277311199893,0.05516055453965895,0.08274083176811801,8.274083168537718e-11,0.08274083176811801,1
0.1309765038600857,0.021187375734214753,0.0654882519955311,0.026195300876798343,0.013952377770437018,0.1309765038600857,0.0982323779278084,1.309765037291092e-10,0.04365883470734624,1.309765037291092e-10,0.1309765038600857,1.309765037291092e-10,0.03274412606325381,1.309765037291092e-10,1.309765037291092e-10,1.309765037291092e-10,0.04365883470734624,0.1309765038600857,1.309765037291092e-10,0.1309765038600857,1
0.06524920040265629,0.04605825913654379,0.048936900326460656,0.029362140235025924,0.022742437609189124,9.787380045717373e-11,0.09787380055504753,0.09787380055504753,0.06524920040265629,9.787380045717373e-11,0.03262460025026504,0.06524920040265629,0.020972957338696738,0.09787380055504753,0.048936900326460656,9.787380045717373e-11,0.06524920040265629,0.09787380055504753,9.787380045717373e-11,0.09787380055504753,1
0.09501389814622557,0.02794526422772321,0.04750694912061973,0.07601111853598323,0.0035916446400332887,9.501389805121167e-11,0.023753474607816818,0.09501389814622557,0.09501389814622557,9.501389805121167e-11,0.06334259879582169,0.06334259879582169,0.01357341410232985,0.09501389814622557,0.04750694912061973,0.031671299445417786,0.031671299445417786,0.09501389814622557,9.501389805121167e-11,0.09501389814622557,1
0.09602688065014514,0.01977024021011005,0.048013440373086004,0.019205376206850533,0.016760056501752815,9.602688055411826e-11,0.09602688065014514,0.09602688065014514,0.06401792046543905,9.602688055411826e-11,0.09602688065014514,0.03200896028073297,0.048013440373086004,9.602688055411826e-11,0.048013440373086004,0.06401792046543905,0.06401792046543905,9.602688055411826e-11,0.09602688065014514,0.09602688065014514,1
0.09280725465643606,0.02729625143505102,0.046403627374621656,0.027842176461895903,0.01457932835181244,0.09280725465643606,0.02320181373371446,0.09280725465643606,0.06187150313522646,9.28072545636288e-11,0.030935751614016856,0.06187150313522646,0.009943634510338913,0.09280725465643606,0.046403627374621656,0.030935751614016856,0.06187150313522646,0.09280725465643606,9.28072545636288e-11,0.09280725465643606,1
0.08928304961734933,0.01050388826905555,0.08928304961734933,0.053569829806122814,0.012271875170228881,8.928304952806627e-11,0.08928304961734933,0.029761016598638473,0.029761016598638473,8.928304952806627e-11,0.08928304961734933,0.08928304961734933,0.060584926554756585,8.928304952806627e-11,0.08928304961734933,0.059522033107993894,0.029761016598638473,0.08928304961734933,8.928304952806627e-11,0.08928304961734933,1
0.033017506912385856,0.020393166071993696,0.049526260319052516,0.049526260319052516,0.0197407412145846,9.905252044e-11,9.905252044e-11,0.033017506912385856,0.033017506912385856,9.905252044e-11,0.09905252053905253,0.0660350137257192,0.08490216047619538,0.09905252053905253,0.049526260319052516,9.905252044e-11,0.0660350137257192,0.09905252053905253,0.09905252053905253,0.09905252053905253,1
0.07521864560640361,0.025441600769590025,0.03760932284081112,0.03760932284081112,0.02044569771602715,0.07521864560640361,0.07521864560640361,0.07521864560640361,0.05014576376267529,7.521864553118496e-11,0.07521864560640361,0.025072881918946965,0.038952512939582275,0.07521864560640361,0.03760932284081112,0.07521864560640361,0.05014576376267529,7.521864553118496e-11,0.07521864560640361,0.07521864560640361,1
0.0424686926780174,0.02623066317337189,0.06370303895332305,0.02548121565777287,0.019285469458329114,1.2740607765183397e-10,0.09555455836628154,0.0424686926780174,0.0424686926780174,1.2740607765183397e-10,0.12740607777924004,1.2740607765183397e-10,0.04777727924684381,0.12740607777924004,1.2740607765183397e-10,1.2740607765183397e-10,0.08493738522862872,0.12740607777924004,1.2740607765183397e-10,0.12740607777924004,1
0.09486111117860363,0.027900326884197142,0.07114583340766799,0.08537500007022937,0.018858434910837874,9.486111108374251e-11,0.04743055563673236,9.486111108374251e-11,0.06324074081735612,9.486111108374251e-11,0.03162037045610861,0.09486111117860363,0.02202132945358705,0.09486111117860363,0.09486111117860363,9.486111108374251e-11,0.06324074081735612,0.09486111117860363,9.486111108374251e-11,0.09486111117860363,1
0.08961538937175664,0.010542987063984946,0.08961538937175664,0.017923077946043642,0.027371796386807323,0.08961538937175664,0.08961538937175664,0.029871796516995806,0.05974359294437623,8.961538928214126e-11,0.08961538937175664,0.029871796516995806,0.04800824434790535,0.08961538937175664,8.961538928214126e-11,8.961538928214126e-11,0.05974359294437623,0.08961538937175664,0.08961538937175664,8.961538928214126e-11,1
0.09989474650157562,0.011752323205974847,0.09989474650157562,0.01997894938023092,0.007376403185129461,0.0749210599011554,0.0749210599011554,0.06659649770101533,0.03329824890045503,9.989474640168087e-11,0.03329824890045503,0.03329824890045503,0.028541356214660713,0.09989474650157562,0.049947373300735176,9.989474640168087e-11,0.06659649770101533,0.09989474650157562,9.989474640168087e-11,0.09989474650157562,1
0.10476376921272881,0.012325149411583183,0.10476376921272881,0.0942873923019323,0.005389794542749205,1.0476376910796504e-10,0.05238188465874628,0.06984251284340713,0.03492125647408545,1.0476376910796504e-10,0.03492125647408545,1.0476376910796504e-10,0.01496625283447306,0.10476376921272881,0.05238188465874628,0.03492125647408545,0.06984251284340713,0.10476376921272881,1.0476376910796504e-10,0.10476376921272881,1
0.09402180969078915,0.019357431481591553,0.09402180969078915,0.018804362013375278,0.01826218716767586,9.402180959676734e-11,0.023505452493213643,0.0626812064918667,9.402180959676734e-11,9.402180959676734e-11,0.031340603292944254,0.0626812064918667,0.026863374264526767,0.09402180969078915,0.047010904892405475,0.031340603292944254,0.09402180969078915,0.09402180969078915,0.09402180969078915,0.09402180969078915,1
0.034203350995966414,0.021125599183800747,0.10261005278267915,0.020522010638623873,0.018981787112095708,1.026100526800691e-10,0.10261005278267915,0.06840670188932278,0.034203350995966414,1.026100526800691e-10,0.10261005278267915,0.034203350995966414,0.03298180274977512,0.10261005278267915,0.05130502644264459,1.026100526800691e-10,0.06840670188932278,0.10261005278267915,0.10261005278267915,1.026100526800691e-10,1
0.09978615880612121,0.011739548182884398,0.04989307945295368,0.0898075429354877,0.004535235441011687,9.978615870633506e-11,0.04989307945295368,0.03326205300189784,0.09978615880612121,9.978615870633506e-11,0.03326205300189784,9.978615870633506e-11,0.01247326993807804,0.09978615880612121,0.04989307945295368,9.978615870633506e-11,0.06652410590400953,0.09978615880612121,0.09978615880612121,0.09978615880612121,1
0.09987769658954121,0.011750317333955755,0.04993884834470945,9.987769648966352e-11,0.018009200682942917,0.09987769658954121,0.024969424222293576,0.0332925655964322,0.06658513109298671,9.987769648966352e-11,0.06658513109298671,0.0332925655964322,0.0463717877557929,0.09987769658954121,0.04993884834470945,9.987769648966352e-11,0.09987769658954121,9.987769648966352e-11,0.09987769658954121,0.09987769658954121,1
0.1185070953501481,0.02439851972502142,0.05925354773432759,0.0355521286879994,0.011743770257837205,1.18507095231641e-10,0.029626773926417348,0.1185070953501481,0.07900473027293443,1.18507095231641e-10,1.18507095231641e-10,1.18507095231641e-10,0.029626773926417355,0.1185070953501481,0.05925354773432759,1.18507095231641e-10,0.07900473027293443,0.1185070953501481,1.18507095231641e-10,0.1185070953501481,1
0.10103164165377473,0.011886075577824944,0.10103164165377473,0.02020632841158026,0.01712768182349238,1.0103164155274308e-10,0.10103164165377473,0.033677213951946006,0.06735442780286037,1.0103164155274308e-10,0.10103164165377473,0.033677213951946006,0.04149513859590827,0.05051582087740318,0.05051582087740318,1.0103164155274308e-10,0.06735442780286037,0.10103164165377473,1.0103164155274308e-10,0.10103164165377473,1
1.2406118332941506e-10,0.02554200845658781,1.2406118332941506e-10,0.11165506512053473,0.019482261443646887,1.2406118332941506e-10,0.09304588762112247,0.08270745567700456,0.08270745567700456,1.2406118332941506e-10,1.2406118332941506e-10,0.04135372790053287,0.026584539408935834,1.2406118332941506e-10,0.062030591788768706,1.2406118332941506e-10,0.08270745567700456,0.12406118345347625,0.12406118345347625,0.12406118345347625,1
0.08422586045348794,0.02477231195753823,0.08422586045348794,0.025267758195004486,0.010941854179737457,8.422586036926208e-11,0.08422586045348794,0.08422586045348794,0.08422586045348794,0.042112930268856895,0.05615057366373391,8.422586036926208e-11,0.04060889704797722,0.08422586045348794,0.042112930268856895,0.028075286873979883,0.05615057366373391,0.08422586045348794,8.422586036926208e-11,0.08422586045348794,1
1.0631037664197362e-10,0.012507103240660213,0.106310376748284,0.010631037770507739,0.006779670323546395,1.0631037664197362e-10,0.106310376748284,0.106310376748284,0.0708735845342928,1.0631037664197362e-10,0.0708735845342928,1.0631037664197362e-10,0.06644398550754388,0.106310376748284,0.05315518842729718,1.0631037664197362e-10,0.0708735845342928,0.106310376748284,1.0631037664197362e-10,0.106310376748284,1
0.08738077877945016,0.025700229114460005,0.043690389433415466,0.026214233695001598,0.005101298986483101,0.021845194760398125,0.0655355841064328,0.08738077877945016,0.08738077877945016,8.738077869206938e-11,0.058253852548760365,0.02912692631807057,0.01092259742388945,0.08738077877945016,0.043690389433415466,8.738077869206938e-11,0.058253852548760365,0.08738077877945016,0.08738077877945016,0.08738077877945016,1
0.1220472126362787,0.0035896240195246077,0.061023606379162945,0.03661416387631666,0.01247737003794036,1.2204721251423149e-10,0.09153540950772081,0.0406824042934577,0.1220472126362787,1.2204721251423149e-10,0.0406824042934577,1.2204721251423149e-10,0.02179414521387426,0.1220472126362787,1.2204721251423149e-10,1.2204721251423149e-10,0.0813648084648682,0.1220472126362787,1.2204721251423149e-10,0.1220472126362787,1
0.07723197232308707,0.02271528603189523,0.07723197232308707,0.007723197301817481,0.016114429413442082,0.07723197232308707,0.057923979261623286,0.0514879815744687,0.0514879815744687,7.723197224585509e-11,0.07723197232308707,0.025743990825850334,0.03309941675402701,0.07723197232308707,0.03861598620015951,0.025743990825850334,0.0514879815744687,0.07723197232308707,0.07723197232308707,0.07723197232308707,1
0.14297706424900278,0.016820831214274204,0.14297706424900278,1.4297706410602573e-10,0.0053181742012841735,1.4297706410602573e-10,1.4297706410602573e-10,1.4297706410602573e-10,0.04765902151165231,1.4297706410602573e-10,0.04765902151165231,0.04765902151165231,0.048510075464664355,0.14297706424900278,0.07148853219598991,1.4297706410602573e-10,1.4297706410602573e-10,0.14297706424900278,1.4297706410602573e-10,0.14297706424900278,1
1.1607151053143186e-10,0.013655471943298785,0.058035755381787436,0.034821453275501076,0.009132951588501772,0.058035755381787436,0.11607151064750337,0.07738100713702609,0.11607151064750337,1.1607151053143186e-10,1.1607151053143186e-10,1.1607151053143186e-10,0.033163288839337765,0.11607151064750337,0.058035755381787436,1.1607151053143186e-10,0.07738100713702609,0.11607151064750337,1.1607151053143186e-10,0.11607151064750337,1
0.11415784991989368,0.033575838292315446,0.05707892501702576,1.1415784980573583e-10,0.006275101465315002,1.1415784980573583e-10,0.028539462565591808,0.11415784991989368,0.11415784991989368,1.1415784980573583e-10,0.03805261671606979,1.1415784980573583e-10,0.018346797404365397,0.11415784991989368,0.05707892501702576,1.1415784980573583e-10,0.07610523331798173,0.11415784991989368,1.1415784980573583e-10,0.11415784991989368,1
0.08292738885301908,0.024390408544719057,0.08292738885301908,8.292738877009168e-11,0.0100978492822348,0.02073184727545031,0.062195541660496144,0.08292738885301908,0.08292738885301908,8.292738877009168e-11,0.05528492592965518,0.027642463006291283,0.011846769907226199,0.08292738885301908,0.041463694467973225,0.027642463006291283,0.05528492592965518,0.08292738885301908,0.08292738885301908,0.08292738885301908,1
0.11916800941802098,0.003504941569134272,0.05958400476859449,0.035750402908823906,0.008819245882728989,1.1916800929885298e-10,0.08937600709330773,0.07944533965173665,0.07944533965173665,1.1916800929885298e-10,0.03972266988545233,0.03972266988545233,0.06809600543279827,0.11916800941802098,0.05958400476859449,1.1916800929885298e-10,0.07944533965173665,1.1916800929885298e-10,1.1916800929885298e-10,0.11916800941802098,1
0.09544777338395871,0.02807287459206863,0.09544777338395871,0.047723886739703236,0.009495409697386133,9.544777328851093e-11,0.047723886739703236,0.09544777338395871,9.544777328851093e-11,9.544777328851093e-11,0.03181592452495142,9.544777328851093e-11,0.023861943417575512,0.09544777338395871,0.047723886739703236,0.03181592452495142,0.06363184895445506,0.09544777338395871,0.09544777338395871,0.09544777338395871,1
0.08645830386852256,0.025428912963536023,0.04322915197749043,0.00864583046466473,0.03598385668420971,8.645830378206426e-11,0.0648437279230065,0.057638869274501146,0.057638869274501146,8.645830378206426e-11,0.057638869274501146,0.057638869274501146,0.029334067441087245,0.08645830386852256,0.04322915197749043,8.645830378206426e-11,0.08645830386852256,0.08645830386852256,0.08645830386852256,0.08645830386852256,1
0.10782261402471847,0.00317125345831955,0.10782261402471847,0.03234678428289138,0.008839864459983658,1.0782261391689586e-10,0.10782261402471847,0.03594087141345457,0.10782261402471847,1.0782261391689586e-10,0.03594087141345457,1.0782261391689586e-10,0.021179442127212872,0.10782261402471847,1.0782261391689586e-10,0.03594087141345457,0.07188174271908652,0.10782261402471847,1.0782261391689586e-10,0.10782261402471847,1
0.0834858838094234,0.009821868757125589,0.0834858838094234,0.025045765201267143,0.004547761989982974,0.0834858838094234,0.0834858838094234,0.0834858838094234,0.02782862799213172,8.348588372593751e-11,0.02782862799213172,8.348588372593751e-11,0.02832556777621468,0.0834858838094234,0.041742941946454636,0.02782862799213172,0.05565725590077756,0.0834858838094234,0.0834858838094234,0.0834858838094234,1
0.08399378241622787,0.024704053711121454,0.08399378241622787,0.00839937831721719,0.03046588613737153,0.08399378241622787,0.04199689125011082,0.02799792752807181,0.05599585497214984,8.399378233223409e-11,0.08399378241622787,0.02799792752807181,0.04049700227989236,0.08399378241622787,0.04199689125011082,0.02799792752807181,0.08399378241622787,8.399378233223409e-11,0.08399378241622787,0.08399378241622787,1
0.07991220149095254,0.02350358873021818,0.07991220149095254,0.01598244036212027,0.021545602969430068,7.991220141104034e-11,0.07991220149095254,0.07991220149095254,0.053274801020605764,7.991220141104034e-11,0.07991220149095254,0.053274801020605764,0.01997805043267229,0.07991220149095254,0.039956100785432366,7.991220141104034e-11,0.053274801020605764,0.07991220149095254,0.07991220149095254,0.07991220149095254,1
1.0607730199046658e-10,0.00311992075285573,0.05303865110131059,1.0607730199046658e-10,0.005562433736368632,0.02651932560369395,0.10607730209654388,0.07071820143305503,0.07071820143305503,1.0607730199046658e-10,0.035359100769566165,0.035359100769566165,0.045461700959134405,0.10607730209654388,0.05303865110131059,1.0607730199046658e-10,0.07071820143305503,0.10607730209654388,0.10607730209654388,0.10607730209654388,1
0.10654100562022903,0.003133559092237711,0.10654100562022903,1.0654100551368802e-10,0.010727965336542605,0.053270502863385014,0.053270502863385014,1.0654100551368802e-10,0.10654100562022903,1.0654100551368802e-10,0.03551366861110368,0.07102733711566635,0.009512589884548867,0.10654100562022903,0.053270502863385014,1.0654100551368802e-10,0.07102733711566635,0.10654100562022903,1.0654100551368802e-10,0.10654100562022903,1
0.11180267439075962,0.00328831406118376,0.055901337251281144,0.06708160467917684,0.007923508666402462,1.1180267427895695e-10,0.02795066868154191,1.1180267427895695e-10,0.037267558204788324,1.1180267427895695e-10,0.037267558204788324,0.11180267439075962,0.07386962418897067,0.11180267439075962,0.055901337251281144,1.1180267427895695e-10,0.07453511629777397,0.11180267439075962,1.1180267427895695e-10,0.11180267439075962,1
0.03396102805921467,0.029965613005410955,0.10188308397387785,1.0188308387199477e-10,0.020338496211027852,0.025470771069881777,0.025470771069881777,0.10188308397387785,1.0188308387199477e-10,1.0188308387199477e-10,0.03396102805921467,0.06792205601654626,0.032748134203595694,0.10188308397387785,0.05094154203788046,1.0188308387199477e-10,0.06792205601654626,0.10188308397387785,0.10188308397387785,0.10188308397387785,1
0.04301249658734246,0.04933786371356377,0.06451874481649493,0.02580749800402047,0.02543261193386555,1.290374893749149e-10,0.032259372472766216,0.04301249658734246,0.12903748950395239,1.290374893749149e-10,1.290374893749149e-10,0.04301249658734246,0.00691272277412222,0.12903748950395239,0.06451874481649493,1.290374893749149e-10,0.08602499304564742,0.12903748950395239,1.290374893749149e-10,0.12903748950395239,1
0.1110144299679753,0.017958216705522802,0.05550721503949485,1.1101442985696086e-10,0.017934322002729906,0.08326082250373507,0.08326082250373507,0.03700481006333471,0.03700481006333471,1.1101442985696086e-10,0.074009620015655,0.074009620015655,0.0019824006441744443,0.1110144299679753,1.1101442985696086e-10,1.1101442985696086e-10,0.074009620015655,0.1110144299679753,1.1101442985696086e-10,0.1110144299679753,1
0.041228876079043714,0.036378420084295815,0.06184331405672225,0.03710598848350801,0.018007858456118922,0.030921657090204443,0.030921657090204443,0.041228876079043714,0.0824577520344008,1.2368662786607127e-10,1.2368662786607127e-10,0.0824577520344008,0.022086897956913633,0.1236866279897579,0.06184331405672225,1.2368662786607127e-10,0.0824577520344008,0.1236866279897579,1.2368662786607127e-10,0.1236866279897579,1
0.02713568052688409,0.023943247533298555,0.0610552810837304,0.07326633728419507,0.030087548043155037,0.02035176041551483,0.0610552810837304,0.0814070414178382,0.05427136097236114,8.140704133643116e-11,0.0814070414178382,0.05427136097236114,0.024712851915680782,0.0814070414178382,8.140704133643116e-11,8.140704133643116e-11,0.0814070414178382,0.0814070414178382,0.0814070414178382,0.0814070414178382,1
0.08122366854702354,0.0382229028886589,0.040611834314123595,0.048734201160703594,0.007012211802520025,8.122366846579987e-11,0.040611834314123595,0.08122366854702354,0.05414911239175692,8.122366846579987e-11,0.08122366854702354,0.08122366854702354,0.026107607802373627,0.040611834314123595,0.08122366854702354,8.122366846579987e-11,0.05414911239175692,0.08122366854702354,0.08122366854702354,0.08122366854702354,0
0.0943058511356721,0.02773701510647239,0.04715292561498897,0.02829175540671573,0.02954127939322178,0.0943058511356721,0.023576462854647415,9.430585104136625e-11,0.03143528377476126,9.430585104136625e-11,9.430585104136625e-11,0.06287056745521669,0.04210082645205864,0.0943058511356721,0.04715292561498897,0.03143528377476126,0.06287056745521669,0.0943058511356721,0.0943058511356721,0.0943058511356721,0
0.0964281608378289,0.04537795809238145,0.0964281608378289,0.01928563224470831,0.03648819539843173,9.642816074140074e-11,0.024107040281778347,0.03214272034356174,0.03214272034356174,9.642816074140074e-11,0.0964281608378289,0.03214272034356174,0.006887725863671073,0.0964281608378289,9.642816074140074e-11,0.03214272034356174,0.06428544059069533,0.0964281608378289,0.0964281608378289,0.0964281608378289,0
0.09229217995407202,0.04343161414489446,0.046146090023182096,0.018458436064648146,0.015737507817154935,9.229217986177984e-11,0.046146090023182096,0.09229217995407202,0.030764060046218792,9.229217986177984e-11,0.030764060046218792,0.0615281200001454,0.014832671855792514,0.09229217995407202,0.046146090023182096,9.229217986177984e-11,0.09229217995407202,0.09229217995407202,0.09229217995407202,0.09229217995407202,0
0.09047867036313274,0.04257819786584529,0.045239335226805705,0.018095734145009486,0.05338908669793669,9.047867027265407e-11,9.047867027265407e-11,0.09047867036313274,0.030159556848030025,9.047867027265407e-11,0.030159556848030025,0.060319113605581384,0.01130983387456043,0.09047867036313274,0.045239335226805705,0.030159556848030025,0.09047867036313274,0.09047867036313274,0.09047867036313274,0.09047867036313274,0
0.13004922262762292,0.0038249772623308,0.06502461137883606,0.03901476687932134,0.0019177503022374993,1.3004922249757368e-10,0.06502461137883606,0.08669948179509834,0.04334974096257378,1.3004922249757368e-10,1.3004922249757368e-10,1.3004922249757368e-10,0.02322307557604452,0.13004922262762292,0.06502461137883606,1.3004922249757368e-10,0.08669948179509834,0.13004922262762292,1.3004922249757368e-10,0.13004922262762292,1
0.10337914684726084,0.021283942080060667,0.05168957347531998,0.031013744126543657,0.004982950061981566,0.10337914684726084,0.02584478678934957,0.10337914684726084,0.03445971568467304,1.0337914674388168e-10,0.03445971568467304,1.0337914674388168e-10,0.0036921124870892105,0.10337914684726084,1.0337914674388168e-10,1.0337914674388168e-10,0.06891943126596693,0.10337914684726084,0.10337914684726084,0.10337914684726084,1
0.032028413712548304,0.01130414607836632,0.09608524094547444,0.00960852418102416,0.008512008336842179,9.608524084938919e-11,9.608524084938919e-11,0.09608524094547444,0.06405682732901137,9.608524084938919e-11,0.032028413712548304,0.06405682732901137,0.025737118180743063,0.09608524094547444,0.04804262052077983,0.032028413712548304,0.09608524094547444,0.09608524094547444,0.09608524094547444,0.09608524094547444,1
0.10347531098399951,0.048694264047251405,0.10347531098399951,0.031042593367632577,0.05304148773211861,1.034753108805242e-10,0.0517376555437374,0.034491770396983375,0.034491770396983375,1.034753108805242e-10,0.034491770396983375,0.06898354069049145,0.02217328100644478,0.0517376555437374,0.0517376555437374,0.034491770396983375,0.06898354069049145,0.10347531098399951,1.034753108805242e-10,0.10347531098399951,1
1.2524847079349577e-10,0.014735114336247971,0.06262423552199635,0.03757454136329721,0.0031081249369501653,1.2524847079349577e-10,0.06262423552199635,0.12524847091874425,0.12524847091874425,1.2524847079349577e-10,0.04174949038974706,1.2524847079349577e-10,0.04696817667280938,0.12524847091874425,0.06262423552199635,1.2524847079349577e-10,0.04174949038974706,0.12524847091874425,1.2524847079349577e-10,0.12524847091874425,1
0.046786027241425776,0.016512715587793735,0.07017904079195961,0.042107424531319014,0.020697681327360627,1.4035808130320307e-10,0.10526856111776038,0.046786027241425776,0.046786027241425776,1.4035808130320307e-10,1.4035808130320307e-10,1.4035808130320307e-10,0.020051154612244233,0.14035808144356116,0.07017904079195961,1.4035808130320307e-10,0.09357205434249347,0.14035808144356116,1.4035808130320307e-10,0.14035808144356116,1
0.08469494637713167,0.017437194909608385,0.0423474732309133,0.025408483972425965,0.005848583643460659,8.469494629243671e-11,0.0423474732309133,0.08469494637713167,0.05646329761298609,8.469494629243671e-11,0.028231648848840517,0.08469494637713167,0.01966132690258204,0.08469494637713167,0.08469494637713167,8.469494629243671e-11,0.08469494637713167,0.08469494637713167,0.08469494637713167,0.08469494637713167,1
0.11042713048579166,0.022734997540649234,0.11042713048579166,0.03312813922303649,0.01207929664317857,1.1042713037536452e-10,0.055213565298109384,0.03680904356888197,0.03680904356888197,1.1042713037536452e-10,1.1042713037536452e-10,0.07361808702733681,0.011831478364930472,0.11042713048579166,0.055213565298109384,0.03680904356888197,0.07361808702733681,0.11042713048579166,1.1042713037536452e-10,0.11042713048579166,1
0.12993213262521203,1.299321324952799e-10,0.12993213262521203,0.03897963987851611,0.008958125034553333,1.299321324952799e-10,0.09744909950139205,0.043310710961692096,0.08662142179345207,1.299321324952799e-10,1.299321324952799e-10,1.299321324952799e-10,0.05336498311906496,0.12993213262521203,0.06496606637757207,0.043310710961692096,0.043310710961692096,1.299321324952799e-10,1.299321324952799e-10,0.12993213262521203,1
0.07991590620013068,0.02350467835056731,0.07991590620013068,0.007991590691937384,0.008561476321583023,0.07991590620013068,0.05993692967007698,0.07991590620013068,0.05327727082672576,7.991590612021477e-11,0.07991590620013068,0.05327727082672576,0.03424967413143652,0.07991590620013068,0.03995795314002329,0.02663863545332083,0.05327727082672576,7.991590612021477e-11,0.07991590620013068,0.07991590620013068,1
0.07733516125250343,0.013647381493032273,0.05800137096837825,0.034800822627428056,0.010410502576685526,1.1600274170475103e-10,0.05800137096837825,0.038667580684253085,0.038667580684253085,1.1600274170475103e-10,0.038667580684253085,0.07733516125250343,0.05178693837705231,0.11600274182075378,1.1600274170475103e-10,1.1600274170475103e-10,0.038667580684253085,0.11600274182075378,0.11600274182075378,0.11600274182075378,1
9.307190893501025e-11,0.019161863697338723,0.09307190902808216,0.027921572773574987,0.008347486148099239,9.307190893501025e-11,0.06980393179432959,0.09307190902808216,0.09307190902808216,9.307190893501025e-11,9.307190893501025e-11,0.031023969738075325,0.021605978952985,0.09307190902808216,0.04653595456057703,0.031023969738075325,0.09307190902808216,0.09307190902808216,0.09307190902808216,0.09307190902808216,1
1.3921562425477896e-10,0.02866204042696423,0.0696078122666051,0.04176468741564932,0.01638506783377776,1.3921562425477896e-10,0.03480390620291037,0.1392156243939946,0.046405208224141944,1.3921562425477896e-10,1.3921562425477896e-10,0.09281041630906828,0.019887946461326904,0.0696078122666051,0.0696078122666051,1.3921562425477896e-10,0.09281041630906828,0.1392156243939946,1.3921562425477896e-10,0.1392156243939946,1
0.031133879185696635,0.02747106988072075,0.04670081873184413,0.028020491276467142,0.008824178106189769,9.3401637276885e-11,0.09340163737028663,0.09340163737028663,0.031133879185696635,9.3401637276885e-11,0.09340163737028663,0.062267758277991636,0.0016678864733460114,0.09340163737028663,0.04670081873184413,9.3401637276885e-11,0.062267758277991636,0.09340163737028663,0.09340163737028663,0.09340163737028663,1
0.14828759030616237,1.4828759015787477e-10,0.14828759030616237,1.4828759015787477e-10,0.025538690430787204,1.4828759015787477e-10,0.11121569276669366,1.4828759015787477e-10,0.04942919686757918,1.4828759015787477e-10,1.4828759015787477e-10,1.4828759015787477e-10,0.047663868413318766,0.14828759030616237,0.07414379522722496,1.4828759015787477e-10,0.09885839358687076,1.4828759015787477e-10,1.4828759015787477e-10,0.14828759030616237,1
0.1294160340746697,1.2941603394525367e-10,0.1294160340746697,1.2941603394525367e-10,0.00858073749620544,1.2941603394525367e-10,0.09706202558835628,0.043138678111167256,0.08627735609291848,1.2941603394525367e-10,1.2941603394525367e-10,1.2941603394525367e-10,0.053153014071216656,0.1294160340746697,0.06470801710204287,0.08627735609291848,0.043138678111167256,1.2941603394525367e-10,1.2941603394525367e-10,0.1294160340746697,1
0.08436916258483716,0.0037221690182133384,0.08436916258483716,0.025310748834509567,0.002228304145127644,0.08436916258483716,0.08436916258483716,0.08436916258483716,0.056246108418014494,8.4369162500468e-11,0.02812305425119183,0.02812305425119183,0.040677989147094806,0.08436916258483716,8.4369162500468e-11,0.02812305425119183,0.02812305425119183,0.08436916258483716,0.08436916258483716,0.08436916258483716,1
0.04087994981337919,0.02524938081397885,1.2263984907221802e-10,0.024527969937083456,0.020203791699740143,1.2263984907221802e-10,0.06131992465874886,1.2263984907221802e-10,0.04087994981337919,1.2263984907221802e-10,0.12263984919485789,0.08175989950411854,0.030659962390694365,1.2263984907221802e-10,0.06131992465874886,0.04087994981337919,0.08175989950411854,0.12263984919485789,0.12263984919485789,0.12263984919485789,1
0.03667611245185961,0.008090319008961705,0.055014168622775236,0.03300850121767649,0.008596909902930352,1.1002833702549382e-10,0.027507084366401792,0.11002833713552215,0.03667611245185961,1.1002833702549382e-10,0.03667611245185961,0.07335222479369088,0.005894375307822652,0.11002833713552215,0.055014168622775236,1.1002833702549382e-10,0.07335222479369088,0.11002833713552215,0.11002833713552215,0.11002833713552215,0
0.03040872592302916,0.05902870317649078,0.04561308883893065,0.02736785333984887,0.018718081739755945,0.09122617758663513,0.06841963321278288,0.09122617758663513,0.06081745175483215,9.122617749540895e-11,9.122617749540895e-11,0.06081745175483215,0.03583885553585112,0.09122617758663513,0.04561308883893065,0.03040872592302916,0.06081745175483215,9.122617749540895e-11,0.09122617758663513,0.09122617758663513,1
0.040496937013261645,0.014293036671527573,0.060745405459147056,0.02429816225655331,0.011177101224666914,1.214908106753125e-10,0.060745405459147056,0.12149081079680332,0.08099387390503247,1.214908106753125e-10,0.040496937013261645,0.040496937013261645,0.03905061783855555,0.12149081079680332,0.060745405459147056,1.214908106753125e-10,0.040496937013261645,0.12149081079680332,1.214908106753125e-10,0.12149081079680332,0
0.039890353152000846,0.02463815934552181,0.11967105921666044,0.023934211939068934,0.006881053094049506,1.1967105909698937e-10,0.029917764893918404,0.11967105921666044,0.039890353152000846,1.1967105909698937e-10,1.1967105909698937e-10,0.039890353152000846,0.017095865704955252,0.11967105921666044,0.059835529668165736,0.039890353152000846,0.07978070618433064,0.11967105921666044,1.1967105909698937e-10,0.11967105921666044,1
0.12450331094313596,1.2450331081863265e-10,0.12450331094313596,0.037350993370093115,0.008864712581822044,1.2450331081863265e-10,0.09337748323847779,0.041501103730714195,0.08300220733692508,1.2450331081863265e-10,1.2450331081863265e-10,1.2450331081863265e-10,0.05113528849644173,0.12450331094313596,0.06225165553381963,0.08300220733692508,0.041501103730714195,1.2450331081863265e-10,1.2450331081863265e-10,0.12450331094313596,1
0.035574627099725614,0.006277875458430069,0.05336194059622648,0.09605149298782856,0.0038581265402666573,1.067238809790052e-10,0.026680970351475184,0.07114925409272735,0.1067238810857291,1.067238809790052e-10,0.035574627099725614,1.067238809790052e-10,0.01334048522909953,0.1067238810857291,0.05336194059622648,1.067238809790052e-10,0.07114925409272735,0.1067238810857291,0.1067238810857291,0.1067238810857291,1
0.035506461594225464,0.04072800004829989,0.0532596923380785,0.031955815445454866,0.008586491701020773,0.10651938456963764,0.0532596923380785,0.10651938456963764,0.035506461594225464,1.0651938446311825e-10,1.0651938446311825e-10,0.07101292308193155,0.013314923164409164,0.10651938456963764,0.0532596923380785,1.0651938446311825e-10,0.07101292308193155,0.10651938456963764,1.0651938446311825e-10,0.10651938456963764,1
0.05629939539183837,0.00745139063983885,0.08444909304553301,0.02533472797277427,0.005097428002260749,0.08444909304553301,0.06333681980526201,0.08444909304553301,0.05629939539183837,8.444909296108391e-11,0.028149697738143728,0.028149697738143728,0.012064156221746792,0.08444909304553301,0.04222454656499104,0.028149697738143728,0.05629939539183837,0.08444909304553301,0.08444909304553301,0.08444909304553301,1
0.03938773471360802,0.013901553504790784,0.05908160201133043,1.1816320378633446e-10,0.004921841499601257,0.08862240295791404,0.05908160201133043,0.11816320390449767,0.11816320390449767,1.1816320378633446e-10,1.1816320378633446e-10,1.1816320378633446e-10,0.006330171749573982,0.11816320390449767,0.05908160201133043,1.1816320378633446e-10,0.07877546930905284,0.11816320390449767,1.1816320378633446e-10,0.11816320390449767,1
0.08860695158099283,0.010424347323005286,0.08860695158099283,0.017721390387084125,0.005616551652336924,0.044303475834799884,0.06645521370789635,0.05907130108353086,0.029535650586068905,8.860695149238587e-11,0.08860695158099283,0.05907130108353086,0.02848080592544527,0.08860695158099283,8.860695149238587e-11,8.860695149238587e-11,0.05907130108353086,0.08860695158099283,0.08860695158099283,0.08860695158099283,1
0.04002973210964641,0.014128140822285857,0.06004459810442501,1.2008919596867164e-10,0.011576773055992832,1.2008919596867164e-10,0.09006689709659291,0.08005946409920361,0.08005946409920361,1.2008919596867164e-10,0.12008919608876083,0.04002973210964641,0.023588949328221125,0.12008919608876083,1.2008919596867164e-10,1.2008919596867164e-10,0.08005946409920361,1.2008919596867164e-10,0.12008919608876083,0.12008919608876083,1
0.11621238233756169,0.013672045083429944,0.11621238233756169,0.06972742944902197,0.011804119054289349,1.162123822213493e-10,0.08715928678222434,0.038737460856662145,0.07747492159711192,1.162123822213493e-10,0.07747492159711192,1.162123822213493e-10,0.062256633449078086,0.11621238233756169,0.058106191226887025,1.162123822213493e-10,0.038737460856662145,1.162123822213493e-10,1.162123822213493e-10,0.11621238233756169,1
0.10196455779660227,0.011995830418980755,0.0509822789492834,1.019645576946377e-10,0.004774504261650741,1.019645576946377e-10,0.0509822789492834,0.06797637189838969,0.10196455779660227,1.019645576946377e-10,0.033988186000177126,1.019645576946377e-10,0.0145663654869128,0.10196455779660227,0.0509822789492834,0.033988186000177126,0.06797637189838969,0.10196455779660227,0.10196455779660227,0.10196455779660227,1
0.08299670878581916,0.007323239086186925,0.041498354434407934,0.06639736704525467,0.002941008138714638,0.08299670878581916,0.062247531610113545,0.08299670878581916,0.027665569650604193,8.299670870282246e-11,0.05533113921821168,0.027665569650604193,0.031123765846555126,0.08299670878581916,0.041498354434407934,8.299670870282246e-11,0.05533113921821168,0.08299670878581916,0.08299670878581916,0.08299670878581916,1
0.043137950939481064,0.013322014350169904,0.06470692634451466,0.02588277061545418,0.00944933336232227,0.09706038945206508,0.03235346323696427,0.1294138525596155,0.043137950939481064,1.2941385243020164e-10,1.2941385243020164e-10,1.2941385243020164e-10,0.002310961779953166,0.1294138525596155,0.06470692634451466,1.2941385243020164e-10,0.08627590174954829,0.1294138525596155,1.2941385243020164e-10,0.1294138525596155,1
0.09085567813142698,0.03874727454933461,0.06814175862128415,0.08177011032736985,0.012568018941631304,9.085567804057129e-11,0.04542783911114132,0.03028522610437944,0.03028522610437944,9.085567804057129e-11,0.03028522610437944,0.06057045211790321,0.011356959845927089,0.09085567813142698,0.04542783911114132,0.03028522610437944,0.06057045211790321,0.09085567813142698,0.09085567813142698,0.09085567813142698,1
0.042339050151174486,0.0821875678209696,1.27017150072472e-10,1.27017150072472e-10,0.05666639457995008,0.06350857516325314,0.03175428764513515,1.27017150072472e-10,0.042339050151174486,1.27017150072472e-10,1.27017150072472e-10,0.08467810017533182,0.024949797462681295,0.12701715019948914,0.06350857516325314,0.042339050151174486,0.08467810017533182,0.12701715019948914,1.27017150072472e-10,0.12701715019948914,1
0.0811194876079076,0.01431520379571953,0.0608396157363505,0.024335846367547743,0.008194969805002401,1.2167923122934256e-10,0.030419807929014872,0.1216792313510218,0.04055974386479342,1.2167923122934256e-10,1.2167923122934256e-10,0.04055974386479342,0.03041980792901488,1.2167923122934256e-10,0.0608396157363505,1.2167923122934256e-10,0.1216792313510218,0.1216792313510218,0.1216792313510218,0.1216792313510218,1
0.09704681413305216,0.02854318069587191,0.04852340711504948,0.009704681500647348,0.027676551057133514,0.09704681413305216,9.704681403600534e-11,0.03234893810904859,0.03234893810904859,9.704681403600534e-11,0.09704681413305216,0.03234893810904859,0.012130851851547482,0.09704681413305216,9.704681403600534e-11,9.704681403600534e-11,0.09704681413305216,0.09704681413305216,0.09704681413305216,0.09704681413305216,1
0.032584114161316326,0.014375344537559981,0.04887617119309832,0.0879771080693751,0.006239282420917449,0.04887617119309832,0.0977523422884443,9.775234219069197e-11,0.0977523422884443,9.775234219069197e-11,0.032584114161316326,9.775234219069197e-11,0.027929240723664338,0.0977523422884443,0.04887617119309832,9.775234219069197e-11,0.06516822822488032,0.0977523422884443,0.0977523422884443,0.0977523422884443,1
0.09138213825603615,0.021501679659536022,0.09138213825603615,9.138213816465402e-11,0.01626616147372261,0.09138213825603615,0.02284553463254564,0.030460712812933475,9.138213816465402e-11,9.138213816465402e-11,0.09138213825603615,9.138213816465402e-11,0.04079559748631697,0.09138213825603615,0.04569106917370914,0.030460712812933475,0.06092142553448481,0.09138213825603615,0.09138213825603615,0.09138213825603615,1
0.1010425092974993,0.02080286964148949,0.1010425092974993,0.010104251020688187,0.020015023381951744,1.0104250919645679e-10,0.07578188199838509,0.06736167289868036,0.06736167289868036,1.0104250919645679e-10,1.0104250919645679e-10,0.06736167289868036,0.014434644271964905,0.1010425092974993,0.0505212546992709,0.033680836499861436,0.06736167289868036,0.1010425092974993,1.0104250919645679e-10,0.1010425092974993,1
0.03646969895521944,0.09010160902258758,0.05470454837812461,1.0940909653743104e-10,0.04309179679780634,0.027352274243766857,0.027352274243766857,0.10940909664684013,0.03646969895521944,1.0940909653743104e-10,0.03646969895521944,0.03646969895521944,0.009768669443108297,0.10940909664684013,0.05470454837812461,1.0940909653743104e-10,0.10940909664684013,0.10940909664684013,1.0940909653743104e-10,0.10940909664684013,0
0.05599356844467373,0.02470304494899772,0.04199517635450288,0.025197105846297876,0.0052083816903365195,0.02099758821924662,0.08399035262501542,0.08399035262501542,0.02799678426433204,8.399035254102506e-11,0.02799678426433204,0.08399035262501542,0.04199517635450288,0.08399035262501542,0.08399035262501542,8.399035254102506e-11,0.05599356844467373,0.08399035262501542,0.08399035262501542,0.08399035262501542,1
0.10038153570437981,0.03838117547838087,0.07528615180338023,0.09034338214397997,0.022214952020667714,0.025095384001381105,0.05019076790238067,0.03346051196838096,0.06692102383638038,1.0038153560399827e-10,0.03346051196838096,0.03346051196838096,0.01254769205088132,0.10038153570437981,0.05019076790238067,0.03346051196838096,0.03346051196838096,0.10038153570437981,1.0038153560399827e-10,0.10038153570437981,1
0.03513490347931599,0.031001385435326427,0.07905353269670509,0.03162141314192487,0.007557078199859381,0.026351177635838174,0.07905353269670509,0.07026980685322727,0.03513490347931599,1.0540471012173385e-10,0.03513490347931599,0.03513490347931599,0.0075289079712428444,0.10540471022713856,1.0540471012173385e-10,0.03513490347931599,0.07026980685322727,0.10540471022713856,0.10540471022713856,0.10540471022713856,1
0.03323312579007625,0.04691735401552555,0.07477453290304734,0.08972943946371692,0.052702317449889305,0.024924844367482032,0.07477453290304734,9.969937707113062e-11,0.06646625148045313,9.969937707113062e-11,0.06646625148045313,0.03323312579007625,0.02136415232922736,0.09969937717083,0.04984968863526468,0.03323312579007625,0.03323312579007625,9.969937707113062e-11,0.09969937717083,0.09969937717083,1
0.09486291867325641,0.0027900859354039026,0.09486291867325641,9.48629185783935e-11,0.0005846070542983797,0.023715729739461292,0.04743145938405966,0.09486291867325641,0.03162097295432741,9.48629185783935e-11,0.09486291867325641,0.06324194581379192,0.05590136282855907,0.09486291867325641,0.04743145938405966,0.03162097295432741,0.03162097295432741,0.09486291867325641,9.48629185783935e-11,0.09486291867325641,1
0.08104428240477363,0.009534621530894792,0.08104428240477363,0.01620885654579015,0.0075140099696479985,8.104428232372935e-11,0.08104428240477363,0.08104428240477363,0.05402952163019718,8.104428232372935e-11,0.08104428240477363,8.104428232372935e-11,0.03473326393407114,0.08104428240477363,0.04052214124290895,0.05402952163019718,0.05402952163019718,0.08104428240477363,0.08104428240477363,0.08104428240477363,1
0.07853084490239726,0.05081407614103263,0.039265422490464046,0.023559253525690774,0.04308955573956286,0.07853084490239726,0.058898133696430655,0.07853084490239726,0.05235389662777512,7.853084482386642e-11,0.05235389662777512,0.05235389662777512,0.025242057343345052,0.039265422490464046,0.039265422490464046,7.853084482386642e-11,0.05235389662777512,0.07853084490239726,0.07853084490239726,0.07853084490239726,1
0.08827598729102411,0.015578115513345175,0.06620699050137156,1.324139807379152e-10,0.007868774161078469,1.324139807379152e-10,0.03310349531689278,0.13241398087032918,0.08827598729102411,1.324139807379152e-10,1.324139807379152e-10,1.324139807379152e-10,0.016551747724653378,0.13241398087032918,0.06620699050137156,1.324139807379152e-10,0.08827598729102411,0.13241398087032918,1.324139807379152e-10,0.13241398087032918,1
0.08214146620328236,0.038654807668560706,0.0410707331427119,0.049284879754826,0.03979617094142646,0.08214146620328236,0.0410707331427119,0.027380488789188428,0.05476097749623539,8.214146612114089e-11,0.08214146620328236,0.08214146620328236,0.023468990402467436,0.08214146620328236,0.08214146620328236,8.214146612114089e-11,0.027380488789188428,8.214146612114089e-11,0.08214146620328236,0.08214146620328236,1
0.03719745226970419,0.03610340955917148,0.0557961783487601,0.011159235759025906,0.04737793686497481,1.1159235647433549e-10,0.02789808923017623,0.03719745226970419,0.07439490442781602,1.1159235647433549e-10,0.07439490442781602,0.07439490442781602,0.021919927276193973,0.11159235658592785,0.0557961783487601,0.03719745226970419,0.07439490442781602,0.11159235658592785,1.1159235647433549e-10,0.11159235658592785,1
0.03624967971906662,0.04158051495587803,0.027187259816487223,0.021749807874939586,0.019423318037948587,0.08156177923196359,0.0543745195242254,0.10874903893970178,0.0724993593293842,1.0874903883095274e-10,0.03624967971906662,0.0724993593293842,0.029129206938468523,0.0543745195242254,0.0543745195242254,1.0874903883095274e-10,0.0724993593293842,1.0874903883095274e-10,0.10874903893970178,0.10874903893970178,1
0.03487412693885052,0.04923406151765035,0.05231119035596459,0.010462238154890825,0.03855841897812191,1.0462238050268443e-10,0.05231119035596459,0.03487412693885052,0.06974825377307867,1.0462238050268443e-10,0.03487412693885052,0.06974825377307867,0.029892108819675082,0.10462238060730682,1.0462238050268443e-10,1.0462238050268443e-10,0.10462238060730682,0.10462238060730682,0.10462238060730682,0.10462238060730682,1
0.03014953594502218,0.05852556969050318,9.044860756372073e-11,0.08140374689779725,0.05949282802137836,0.09044860765416933,0.04522430387230897,0.03014953594502218,0.06029907179959576,9.044860756372073e-11,0.03014953594502218,0.06029907179959576,0.04683945757880397,9.044860756372073e-11,0.04522430387230897,9.044860756372073e-11,0.09044860765416933,0.09044860765416933,0.09044860765416933,0.09044860765416933,1
1.1640777491035222e-10,0.05478012948598529,0.05820388757158388,0.023281555098478218,0.02047096130345992,1.1640777491035222e-10,0.11640777502676,0.11640777502676,0.07760518338997592,1.1640777491035222e-10,0.03880259175319185,0.07760518338997592,0.04781033624030244,0.11640777502676,0.05820388757158388,1.1640777491035222e-10,0.07760518338997592,1.1640777491035222e-10,1.1640777491035222e-10,0.11640777502676,0
1.2848195717600327e-10,0.015115524502129397,0.06424097871648358,0.07708917443408392,0.00306818376523696,1.2848195717600327e-10,0.06424097871648358,0.12848195730448522,0.08565463824581747,1.2848195717600327e-10,0.12848195730448522,0.08565463824581747,0.04818073406948318,0.12848195730448522,1.2848195717600327e-10,1.2848195717600327e-10,0.042827319187149715,1.2848195717600327e-10,1.2848195717600327e-10,0.12848195730448522,0
1.061604984623912e-10,0.04527433033276851,0.1061604985685517,0.021232099798638736,0.023546438386225364,0.05308024933735609,0.05308024933735609,1.061604984623912e-10,0.03538683292695756,1.061604984623912e-10,0.1061604985685517,0.07077366574775462,0.007582892853474158,0.1061604985685517,0.05308024933735609,0.03538683292695756,0.07077366574775462,0.1061604985685517,1.061604984623912e-10,0.1061604985685517,0
8.436752016420398e-11,0.0471465554702462,0.0421837601664695,0.025310256133628715,0.03214266045726002,0.0843675202485715,0.0632756402075205,0.0843675202485715,0.028122506805768843,8.436752016420398e-11,0.056245013527170165,0.056245013527170165,0.0165721915451933,0.0843675202485715,0.0421837601664695,8.436752016420398e-11,0.0843675202485715,0.0843675202485715,0.0843675202485715,0.0843675202485715,0
1.1874537373936362e-10,0.03492511004208761,0.02968634355358628,0.035623612240554464,0.0084678115177888,1.1874537373936362e-10,0.08905903042326808,0.118745373858109,0.07916358261165446,0.118745373858109,0.118745373858109,0.07916358261165446,0.010602265631188556,1.1874537373936362e-10,1.1874537373936362e-10,1.1874537373936362e-10,0.03958179136519991,0.118745373858109,1.1874537373936362e-10,0.118745373858109,0
1.6366176662871088e-10,0.048135813877988494,0.0818308834780172,0.03273235348940395,0.01899211339244746,0.04091544182083949,1.6366176662871088e-10,1.6366176662871088e-10,1.6366176662871088e-10,1.6366176662871088e-10,1.6366176662871088e-10,0.05455392237323206,0.0409154418208395,0.16366176679237265,0.0818308834780172,1.6366176662871088e-10,0.10910784458280236,0.16366176679237265,1.6366176662871088e-10,0.16366176679237265,0
0.0916543676044922,0.0269571670071949,0.04582718384807328,0.02749631034550572,0.017000488310306087,0.022913591969863825,0.0916543676044922,0.030551455929266978,0.06110291176687959,9.165436751283784e-11,0.0916543676044922,0.06110291176687959,0.019640221701548184,0.0916543676044922,0.04582718384807328,0.030551455929266978,0.06110291176687959,0.0916543676044922,9.165436751283784e-11,0.0916543676044922,0
1.2741718158686914e-10,0.014990256784695902,0.06370859092085175,0.05096687276216484,0.0034423813400920327,0.03185429552413447,1.2741718158686914e-10,0.12741718171428634,0.0424723939897069,1.2741718158686914e-10,0.08494478785199662,0.0424723939897069,0.00682592056957089,0.12741718171428634,0.06370859092085175,1.2741718158686914e-10,0.08494478785199662,0.12741718171428634,1.2741718158686914e-10,0.12741718171428634,0
7.993310063180476e-11,0.00940389427191013,0.03996655039583547,0.01598662020629405,0.033492382676565284,7.993310063180476e-11,0.07993310071173786,0.07993310071173786,0.0532887338344696,7.993310063180476e-11,0.07993310071173786,0.07993310071173786,0.04853081117781456,0.07993310071173786,0.07993310071173786,7.993310063180476e-11,0.07993310071173786,0.07993310071173786,0.07993310071173786,0.07993310071173786,0
9.94200060939314e-11,0.029241178362341004,0.0497100031463857,0.009942000708813147,0.014551404094680132,9.94200060939314e-11,0.07456500466986855,0.03314000213073047,0.06628000416204094,9.94200060939314e-11,9.94200060939314e-11,0.09942000619335141,0.026630358874580203,0.09942000619335141,0.09942000619335141,9.94200060939314e-11,0.09942000619335141,0.09942000619335141,0.09942000619335141,0.09942000619335141,1
8.029484266626802e-11,0.01653129121746767,0.08029484274656286,8.029484266626802e-11,0.022320322802314545,8.029484266626802e-11,0.08029484274656286,0.026764947635717514,0.05352989519114019,8.029484266626802e-11,0.08029484274656286,0.08029484274656286,0.024375220175411917,0.08029484274656286,0.08029484274656286,0.05352989519114019,0.08029484274656286,0.08029484274656286,0.08029484274656286,0.08029484274656286,1
1.3025163926422644e-10,0.06129488919576997,0.06512581976236485,0.02605032798309693,0.024152527054453417,1.3025163926422644e-10,0.06512581976236485,1.3025163926422644e-10,0.0868344263064026,0.1302516393944781,0.04341721321832712,0.04341721321832712,0.04186659846518157,0.1302516393944781,0.06512581976236485,1.3025163926422644e-10,0.0868344263064026,1.3025163926422644e-10,1.3025163926422644e-10,0.1302516393944781,1
1.1706384209904758e-10,0.024101379372750104,0.05853192116658762,0.03511915274677812,0.020992135112155513,1.1706384209904758e-10,0.08779788169134951,0.11706384221611141,0.03902128081674636,0.11706384221611141,1.1706384209904758e-10,1.1706384209904758e-10,0.012542554627676082,0.11706384221611141,0.05853192116658762,1.1706384209904758e-10,0.07804256151642888,0.11706384221611141,1.1706384209904758e-10,0.11706384221611141,1
0.04886805935113132,0.01724755045408434,0.07330208895339488,0.02932083566932046,0.022320554755208766,1.4660417761358142e-10,0.03665104454999953,0.09773611855565846,0.04886805935113132,1.4660417761358142e-10,1.4660417761358142e-10,1.4660417761358142e-10,0.0392689762930992,0.14660417776018558,1.4660417761358142e-10,1.4660417761358142e-10,0.14660417776018558,0.14660417776018558,1.4660417761358142e-10,0.14660417776018558,1
1.420873842187885e-10,0.016716162991356618,0.07104369225148163,0.028417476985845083,0.01100016243964628,1.420873842187885e-10,0.07104369225148163,0.047362461548350214,0.09472492295461306,1.420873842187885e-10,0.047362461548350214,1.420873842187885e-10,0.020298197887628596,0.1420873843608759,0.07104369225148163,1.420873842187885e-10,0.09472492295461306,0.1420873843608759,1.420873842187885e-10,0.1420873843608759,1
8.81273866978473e-11,0.005183964011530169,0.08812738678597469,0.08812738678597469,0.0044320696073214235,8.81273866978473e-11,0.08812738678597469,0.058751591220025594,0.058751591220025594,8.81273866978473e-11,0.08812738678597469,0.08812738678597469,0.050358506772611555,8.81273866978473e-11,0.08812738678597469,0.029375795654076487,0.08812738678597469,8.81273866978473e-11,0.08812738678597469,0.08812738678597469,1
9.241287273618574e-11,0.0434884107917944,0.09241287282859861,0.018482574639650022,0.030402584338569724,9.241287273618574e-11,0.02310321827645931,0.09241287282859861,0.030804291004474786,0.046206436460505734,0.09241287282859861,0.09241287282859861,0.006600919573568999,0.09241287282859861,9.241287273618574e-11,0.030804291004474786,0.030804291004474786,0.09241287282859861,0.09241287282859861,0.09241287282859861,0
1.4406641423762413e-10,0.04237247491983821,0.03601660370347245,1.4406641423762413e-10,0.007475219062635775,1.4406641423762413e-10,1.4406641423762413e-10,1.4406641423762413e-10,0.04802213822327446,0.07203320726287847,0.14406641438169054,0.14406641438169054,0.025726145543642148,0.14406641438169054,1.4406641423762413e-10,0.04802213822327446,1.4406641423762413e-10,0.14406641438169054,1.4406641423762413e-10,0.14406641438169054,0
1.295407262331052e-10,0.04953027780690448,1.295407262331052e-10,0.02590814537616177,0.030884778756592825,1.295407262331052e-10,0.06477036324609332,0.04318024220724246,1.295407262331052e-10,0.12954072636264594,0.04318024220724246,1.295407262331052e-10,0.030071954433654437,0.12954072636264594,0.06477036324609332,0.04318024220724246,0.0863604842849442,0.12954072636264594,1.295407262331052e-10,0.12954072636264594,1
9.888185677121641e-11,0.046532638579454284,0.09888185687009828,0.01977637145312514,0.027862550364392988,9.888185677121641e-11,0.049440928484490054,0.06592123794635947,0.06592123794635947,0.09888185687009828,0.03296061902262066,0.03296061902262066,0.015891727079970212,0.09888185687009828,0.049440928484490054,0.03296061902262066,0.06592123794635947,0.09888185687009828,9.888185677121641e-11,0.09888185687009828,1
1.3305893099517274e-10,0.015653992014843958,0.0665294656306453,0.02661178633209348,0.003353196479256197,1.3305893099517274e-10,0.0665294656306453,0.044352977131449846,0.08870595412984077,0.1330589311282317,0.08870595412984077,0.044352977131449846,0.04514499457784968,0.1330589311282317,0.0665294656306453,1.3305893099517274e-10,0.044352977131449846,1.3305893099517274e-10,1.3305893099517274e-10,0.1330589311282317,1
9.750620230433811e-11,0.024376550673590732,0.09750620240184432,9.750620230433811e-11,0.0017222126505871164,9.750620230433811e-11,0.09750620240184432,0.09750620240184432,0.06500413496706495,9.750620230433811e-11,0.09750620240184432,9.750620230433811e-11,0.08009438056178393,0.09750620240184432,0.04875310124967525,0.03250206753228557,0.06500413496706495,0.09750620240184432,9.750620230433811e-11,0.09750620240184432,1
1.176769223527839e-10,0.044994117487858996,0.05883846129406886,0.035303076823512095,0.014711234165521371,1.176769223527839e-10,0.11767692247046081,1.176769223527839e-10,0.07845128168619951,0.11767692247046081,0.07845128168619951,0.03922564090193822,0.04202747238652831,0.11767692247046081,0.05883846129406886,1.176769223527839e-10,0.07845128168619951,1.176769223527839e-10,1.176769223527839e-10,0.11767692247046081,1
1.1273485242402629e-10,0.05305169537110016,0.05636742632474799,0.02254697059754011,0.030575002181515838,1.1273485242402629e-10,0.08455113943075455,0.11273485253676115,0.07515656839541905,1.1273485242402629e-10,0.03757828425407695,0.03757828425407695,0.0201312237598824,0.11273485253676115,0.05636742632474799,1.1273485242402629e-10,0.07515656839541905,0.11273485253676115,1.1273485242402629e-10,0.11273485253676115,0
1.4351412235684884e-10,0.0675360577232077,0.07175706132193853,0.014351412379199006,0.06300754841496217,1.4351412235684884e-10,0.07175706132193853,0.0478380409291304,0.09567608171474669,1.4351412235684884e-10,0.0478380409291304,0.0478380409291304,0.017939265438120227,0.14351412250036297,0.07175706132193853,1.4351412235684884e-10,0.09567608171474669,1.4351412235684884e-10,1.4351412235684884e-10,0.14351412250036297,0
0.10670409413510591,0.031383557173881096,0.10670409413510591,0.021340818912384457,0.010439082267070464,1.0670409402840182e-10,0.08002807062800545,0.0355680314495047,0.0711360627923053,1.0670409402840182e-10,0.0355680314495047,0.0355680314495047,0.02095973286228302,0.10670409413510591,0.053352047120904994,0.0355680314495047,0.0355680314495047,0.10670409413510591,1.0670409402840182e-10,0.10670409413510591,1
9.592701830631072e-11,0.002821382987289097,0.047963509249082374,9.592701830631072e-11,0.00593275945414718,0.09592701840223775,9.592701830631072e-11,0.09592701840223775,0.031975672864697255,9.592701830631072e-11,0.0639513456334675,0.031975672864697255,0.09592701840223775,0.09592701840223775,0.047963509249082374,9.592701830631072e-11,0.09592701840223775,0.09592701840223775,0.09592701840223775,0.09592701840223775,1
1.2130233661536606e-10,0.01427086325252187,0.06065116842898536,0.024260467444375548,0.006934804112903818,1.2130233661536606e-10,0.06065116842898536,0.1213023367366684,0.08086822453154638,0.1213023367366684,1.2130233661536606e-10,0.040434112326424354,0.004332226428993986,0.1213023367366684,0.06065116842898536,1.2130233661536606e-10,0.040434112326424354,0.1213023367366684,1.2130233661536606e-10,0.1213023367366684,1
1.5308667945778673e-10,0.07204079048616278,0.07654333988198003,0.030617336044644027,0.02073838492391704,1.5308667945778673e-10,0.1530866796108734,0.051028893305682256,0.10205778645827784,1.5308667945778673e-10,0.051028893305682256,0.051028893305682256,0.06014119565436004,1.5308667945778673e-10,0.07654333988198003,1.5308667945778673e-10,0.10205778645827784,1.5308667945778673e-10,1.5308667945778673e-10,0.1530866796108734,0
1.2751632637138652e-10,0.02062764115818179,0.12751632649890285,0.02550326540179363,0.005086901008954382,1.2751632637138652e-10,0.06375816331320958,0.04250544225131183,1.2751632637138652e-10,1.2751632637138652e-10,0.08501088437510734,0.04250544225131183,0.01366246366730774,0.12751632649890285,0.06375816331320958,0.04250544225131183,0.08501088437510734,0.12751632649890285,1.2751632637138652e-10,0.12751632649890285,1
0.04179302976606718,0.0036876203877927428,0.09403431681692728,0.025075817909791943,0.005519053230785241,1.2537908892206428e-10,1.2537908892206428e-10,0.12537908904744338,0.08358605940675527,1.2537908892206428e-10,1.2537908892206428e-10,0.04179302976606718,0.0358225969602546,0.06268954458641122,0.06268954458641122,0.04179302976606718,0.12537908904744338,0.12537908904744338,0.12537908904744338,1.2537908892206428e-10,1
1.116828381010395e-10,0.0032847894675957635,0.11168283821272235,1.116828381010395e-10,0.002206126384285082,1.116828381010395e-10,0.08376212868746245,0.11168283821272235,0.03722761281202934,1.116828381010395e-10,0.07445522551237584,0.03722761281202934,0.03589805521558839,0.11168283821272235,0.05584141916220258,0.03722761281202934,0.07445522551237584,0.11168283821272235,1.116828381010395e-10,0.11168283821272235,1
1.218755742158006e-10,0.07886066579092302,0.06093778722977587,0.012187557543455636,0.030432010454840428,1.218755742158006e-10,0.09140668078372603,0.12187557433767619,0.08125038293240931,1.218755742158006e-10,0.08125038293240931,0.040625191527142446,0.01523444689885065,0.12187557433767619,0.06093778722977587,1.218755742158006e-10,0.08125038293240931,1.218755742158006e-10,1.218755742158006e-10,0.12187557433767619,1
0.029597205379703714,0.0261151812278317,0.04439580802515976,0.017758323263338874,0.013772618397652826,0.022197904056975692,0.08879161596152792,0.08879161596152792,0.059194410670615816,8.87916158727363e-11,0.08879161596152792,0.08879161596152792,0.017441210349507675,0.08879161596152792,0.08879161596152792,8.87916158727363e-11,0.059194410670615816,0.08879161596152792,8.87916158727363e-11,0.08879161596152792,1
0.05218128606540228,0.018416924594964475,0.07827192901983149,1.5654385772657527e-10,0.0050475791500385805,0.039135964588187674,0.039135964588187674,0.15654385788311911,0.05218128606540228,1.5654385772657527e-10,0.05218128606540228,0.05218128606540228,0.011181704279870665,1.5654385772657527e-10,0.07827192901983149,1.5654385772657527e-10,0.05218128606540228,0.15654385788311911,1.5654385772657527e-10,0.15654385788311911,0
1.4238791186540791e-10,0.016751519185377078,0.07119395607509187,0.028477582515469495,0.018231356525726983,1.4238791186540791e-10,0.07119395607509187,0.04746263743085722,1.4238791186540791e-10,1.4238791186540791e-10,1.4238791186540791e-10,0.09492527471932653,0.0584807496585376,0.14238791200779582,0.07119395607509187,1.4238791186540791e-10,0.09492527471932653,0.14238791200779582,1.4238791186540791e-10,0.14238791200779582,1
1.2621814077415341e-10,0.014849193158471483,0.06310907051329484,0.025243628281048827,0.009514628323675507,1.2621814077415341e-10,0.06310907051329484,0.042072713717602614,0.042072713717602614,0.06310907051329484,0.0841454273089871,0.042072713717602614,0.024792849206855424,0.12621814090037156,0.06310907051329484,1.2621814077415341e-10,0.0841454273089871,0.12621814090037156,1.2621814077415341e-10,0.12621814090037156,1
1.2476600674524088e-10,0.02018273651002556,0.062383003497386444,0.024953201473814184,0.010949806483226401,1.2476600674524088e-10,0.03119150181107623,0.1247660068700069,0.0415886690398463,0.1247660068700069,1.2476600674524088e-10,0.0415886690398463,0.060155039091221434,0.1247660068700069,1.2476600674524088e-10,1.2476600674524088e-10,0.0831773379549266,0.1247660068700069,1.2476600674524088e-10,0.1247660068700069,1
9.596068982589823e-11,0.028223732397695458,0.0479803450089098,0.009596069078550512,0.03341780607747879,9.596068982589823e-11,9.596068982589823e-11,0.09596068992185891,0.06397379331322617,9.596068982589823e-11,0.03198689670459343,0.09596068992185891,0.017135837564871085,0.09596068992185891,0.09596068992185891,9.596068982589823e-11,0.09596068992185891,0.09596068992185891,0.09596068992185891,0.09596068992185891,1
9.78477821182319e-11,0.011511503876463297,0.048923891156963724,9.78477821182319e-11,0.008845818630931031,9.78477821182319e-11,0.048923891156963724,0.09784778221607968,0.03261592747059175,0.09784778221607968,0.09784778221607968,0.03261592747059175,0.01747281833324633,0.09784778221607968,0.048923891156963724,9.78477821182319e-11,0.06523185484333571,0.09784778221607968,0.09784778221607968,0.09784778221607968,1
8.069462512732002e-11,0.030853827335258165,0.08069462520801465,0.008069462593426628,0.04605729877364557,8.069462512732002e-11,0.08069462520801465,0.05379641683224131,0.05379641683224131,8.069462512732002e-11,0.08069462520801465,0.08069462520801465,0.027378533606035347,0.08069462520801465,0.08069462520801465,0.05379641683224131,0.08069462520801465,8.069462512732002e-11,0.08069462520801465,0.08069462520801465,1
1.0512701021596602e-10,0.02164379632606119,0.05256350521311001,1.0512701021596602e-10,0.01156316140267934,0.02628175265911852,0.07884525776710152,0.10512701032109303,0.0700846735824377,1.0512701021596602e-10,0.0700846735824377,0.0700846735824377,0.02064994854040605,0.10512701032109303,0.05256350521311001,1.0512701021596602e-10,0.10512701032109303,1.0512701021596602e-10,0.10512701032109303,0.10512701032109303,1
1.3881376950443638e-10,0.053075853184627673,0.06940688489103194,0.027762754039701045,0.021829523262159162,1.3881376950443638e-10,0.03470344251492286,0.04627125664029256,1.3881376950443638e-10,1.3881376950443638e-10,0.13881376964325015,0.04627125664029256,0.029745807889764414,0.13881376964325015,0.06940688489103194,1.3881376950443638e-10,0.04627125664029256,0.13881376964325015,1.3881376950443638e-10,0.13881376964325015,0
0.04401444982984208,0.015534511790089958,0.13204334922543956,1.320433490933962e-10,0.005143980057107975,1.320433490933962e-10,0.0990325119520905,0.04401444982984208,0.08802889952764081,1.320433490933962e-10,0.08802889952764081,1.320433490933962e-10,0.06602167467874144,0.13204334922543956,0.06602167467874144,0.04401444982984208,0.04401444982984208,1.320433490933962e-10,1.320433490933962e-10,0.13204334922543956,1
0.08058879217348612,0.023702585990264473,0.04029439612703745,0.008058879289878525,0.0400283387084409,0.08058879217348612,0.04029439612703745,0.026862930778221234,8.058879209289732e-11,8.058879209289732e-11,0.08058879217348612,0.08058879217348612,0.0417334817001249,0.08058879217348612,0.08058879217348612,8.058879209289732e-11,0.053725861475853676,0.08058879217348612,0.08058879217348612,0.08058879217348612,1
0.08261751039369322,0.024299267821169188,0.08261751039369322,0.08261751039369322,0.027566445693180026,8.261751031107571e-11,8.261751031107571e-11,0.08261751039369322,0.05507834029000132,0.04130875523815536,0.02753917018630941,0.08261751039369322,0.011802501555628325,8.261751031107571e-11,0.04130875523815536,0.02753917018630941,0.08261751039369322,0.08261751039369322,0.08261751039369322,0.08261751039369322,1
8.245965281033771e-11,0.009701135707205264,0.08245965289279737,0.008245965363493424,0.005789508005095887,8.245965281033771e-11,0.08245965289279737,0.08245965289279737,0.054973101956018136,8.245965281033771e-11,0.08245965289279737,0.08245965289279737,0.06920720869113596,0.08245965289279737,0.08245965289279737,0.027486551019238893,0.08245965289279737,0.08245965289279737,8.245965281033771e-11,0.08245965289279737,1
1.4970065410254068e-10,0.017611841808823085,0.074850327200971,0.029940130970208794,0.027511840399644855,1.4970065410254068e-10,0.074850327200971,0.049900218183880886,0.09980043621806112,0.074850327200971,0.049900218183880886,0.049900218183880886,0.02673225981086863,0.14970065425224136,0.074850327200971,1.4970065410254068e-10,0.049900218183880886,1.4970065410254068e-10,1.4970065410254068e-10,0.14970065425224136,1
8.279738175928362e-11,0.02435217118846903,0.082797381842081,0.008279738258725744,0.02899776254003521,8.279738175928362e-11,8.279738175928362e-11,0.027599127335891923,0.055198254588986466,8.279738175928362e-11,0.082797381842081,0.082797381842081,0.082797381842081,0.082797381842081,0.082797381842081,0.027599127335891923,0.082797381842081,0.082797381842081,0.082797381842081,0.082797381842081,1
8.364305713749191e-11,0.002460089999451642,0.08364305722113498,0.01672861151114144,0.00746500716392323,8.364305713749191e-11,8.364305713749191e-11,0.08364305722113498,0.05576203817530433,8.364305713749191e-11,0.08364305722113498,0.08364305722113498,0.0253916424289531,0.08364305722113498,0.08364305722113498,0.05576203817530433,0.08364305722113498,0.08364305722113498,0.08364305722113498,0.08364305722113498,1
0.0815184860760868,0.00959041019852652,0.04075924307880264,8.151848599456832e-11,0.011702527316019902,0.0815184860760868,8.151848599456832e-11,0.0815184860760868,0.054345657411230694,8.151848599456832e-11,0.0815184860760868,0.0815184860760868,0.02765805782967559,0.0815184860760868,0.04075924307880264,8.151848599456832e-11,0.0815184860760868,0.0815184860760868,0.0815184860760868,0.0815184860760868,1
0.07908482992969908,0.016282170930681877,0.07908482992969908,0.023725449034269108,0.005796247100159891,0.05931362246704551,0.07908482992969908,0.07908482992969908,0.05272321997949433,7.908482985061424e-11,0.07908482992969908,0.05272321997949433,0.0381301858999167,0.07908482992969908,0.03954241500439195,0.02636161002928958,0.05272321997949433,0.07908482992969908,7.908482985061424e-11,0.07908482992969908,1
0.08938670067985194,0.0026290206949886184,0.04469335038461931,0.07150936056175888,0.004859362925492106,0.08938670067985194,8.938670059046523e-11,0.08938670067985194,0.05959113381636352,8.938670059046523e-11,0.08938670067985194,0.02979556695287511,0.027135248482920787,0.08938670067985194,0.04469335038461931,8.938670059046523e-11,0.08938670067985194,8.938670059046523e-11,0.08938670067985194,0.08938670067985194,1
1.0429051923490512e-10,0.012269472955455824,0.052145259721743074,0.020858103951271544,0.013359102601201442,1.0429051923490512e-10,1.0429051923490512e-10,0.0695270129275606,0.03476350651592556,1.0429051923490512e-10,0.10429051933919564,0.10429051933919564,0.0670439053267295,0.10429051933919564,0.10429051933919564,1.0429051923490512e-10,0.10429051933919564,0.10429051933919564,1.0429051923490512e-10,0.10429051933919564,1
1.1951238126660453e-10,0.019332885324404286,0.1195123813861169,0.023902476372833284,0.007779418356465894,1.1951238126660453e-10,0.05975619075281463,0.1195123813861169,0.03983746054171389,1.1951238126660453e-10,0.07967492096391539,0.03983746054171389,0.012804898112362866,0.1195123813861169,1.1951238126660453e-10,0.03983746054171389,0.07967492096391539,0.1195123813861169,1.1951238126660453e-10,0.1195123813861169,1
1.0108106361137637e-10,0.0564864768250855,0.05054053190676924,0.020216212823356335,0.04244804001975744,1.0108106361137637e-10,0.07581079780961333,0.03369368797153985,0.06738737584199864,0.10108106371245743,0.10108106371245743,0.03369368797153985,0.04693049392064866,0.10108106371245743,0.10108106371245743,1.0108106361137637e-10,0.06738737584199864,1.0108106361137637e-10,1.0108106361137637e-10,0.10108106371245743,1
1.1065452173922526e-10,0.03254544768101489,0.05532726098026714,0.022130904458499575,0.023861289353310174,1.1065452173922526e-10,0.05532726098026714,0.11065452184987978,0.07376968127013803,1.1065452173922526e-10,0.11065452184987978,0.03688484069039627,0.017783762533030014,0.11065452184987978,0.05532726098026714,1.1065452173922526e-10,0.07376968127013803,0.11065452184987978,1.1065452173922526e-10,0.11065452184987978,1
1.0269295590303748e-10,0.048326096998240003,0.05134647805421169,0.02053859128330045,0.020957861522543624,1.0269295590303748e-10,1.0269295590303748e-10,0.10269295600573043,0.06846197070471795,1.0269295590303748e-10,0.06846197070471795,0.03423098540370545,0.02017183072650389,0.10269295600573043,0.05134647805421169,1.0269295590303748e-10,0.10269295600573043,0.10269295600573043,0.10269295600573043,0.10269295600573043,1
1.081929422608235e-10,0.05091432587799224,0.054096471238604685,1.081929422608235e-10,0.01785356200101839,1.081929422608235e-10,0.08114470680381056,0.03606431419513411,0.07212862828207528,1.081929422608235e-10,0.10819294236901644,0.10819294236901644,0.038640336629915624,1.081929422608235e-10,0.10819294236901644,1.081929422608235e-10,0.10819294236901644,1.081929422608235e-10,0.10819294236901644,0.10819294236901644,1
1.2836087240434713e-10,0.037753197894345315,0.06418043633053443,0.025672174609230297,0.02047530380945487,1.2836087240434713e-10,0.03209021822944765,0.128360872532708,0.08557391506459229,1.2836087240434713e-10,1.2836087240434713e-10,0.128360872532708,0.006876475435736614,1.2836087240434713e-10,0.128360872532708,1.2836087240434713e-10,0.08557391506459229,0.128360872532708,1.2836087240434713e-10,0.128360872532708,1
1.0007054478051051e-10,0.011773005368365896,0.10007054488058106,0.02001410905617265,0.010990470408307529,1.0007054478051051e-10,0.10007054488058106,0.06671369662041089,0.06671369662041089,1.0007054478051051e-10,0.06671369662041089,0.033356848360240714,0.07326593467151574,0.10007054488058106,0.05003527249032579,0.033356848360240714,0.06671369662041089,0.10007054488058106,1.0007054478051051e-10,0.10007054488058106,0
1.3584147071857635e-10,0.017979018319182454,0.13584147085441783,0.12225732378256018,0.011563043780698827,1.3584147071857635e-10,0.03396036781548556,0.09056098061489237,0.09056098061489237,1.3584147071857635e-10,1.3584147071857635e-10,0.045280490375366925,0.02183166507275553,1.3584147071857635e-10,0.06792073549512964,0.045280490375366925,0.045280490375366925,0.13584147085441783,1.3584147071857635e-10,0.13584147085441783,1
1.1220131292639358e-10,0.026400309036058625,0.1122013130385949,0.022440262697480028,0.0248307297583967,1.1220131292639358e-10,0.1122013130385949,1.1220131292639358e-10,0.03740043775433251,1.1220131292639358e-10,0.1122013130385949,0.03740043775433251,0.010017974480629313,0.1122013130385949,0.056100656575398096,0.03740043775433251,0.0748008753964637,0.1122013130385949,1.1220131292639358e-10,0.1122013130385949,1
8.453956497520546e-11,0.024864578018423518,0.08453956505974503,0.00845395658206011,0.012592087813596524,8.453956497520546e-11,0.08453956505974503,0.08453956505974503,0.05635971006800987,8.453956497520546e-11,0.08453956505974503,0.028179855076274716,0.06642394399362957,0.08453956505974503,0.04226978257214229,0.028179855076274716,0.05635971006800987,0.08453956505974503,0.08453956505974503,0.08453956505974503,1
9.432623823937725e-11,0.0443888180893273,0.0943262383337035,0.01886524774220169,0.010888986989132746,9.432623823937725e-11,0.047163119214014865,0.06288415892057775,0.0943262383337035,9.432623823937725e-11,0.03144207950745199,0.03144207950745199,0.045478722102597416,0.0943262383337035,0.047163119214014865,0.03144207950745199,0.06288415892057775,0.0943262383337035,0.0943262383337035,0.0943262383337035,1
0.08205688964896285,0.06878298104918854,1.2308533428881628e-10,0.11077680098301998,0.04089976537950448,1.2308533428881628e-10,0.030771333695289404,0.04102844488602409,1.2308533428881628e-10,1.2308533428881628e-10,1.2308533428881628e-10,0.04102844488602409,0.03077133369528941,0.12308533441190161,0.06154266726749347,0.04102844488602409,0.08205688964896285,0.12308533441190161,1.2308533428881628e-10,0.12308533441190161,1
8.944554070419185e-11,0.02630751206126667,0.0894455407936374,0.008944554159864726,0.03036148025914729,8.944554070419185e-11,0.0894455407936374,0.02981518032417616,0.02981518032417616,8.944554070419185e-11,0.0894455407936374,0.0894455407936374,0.03993104504667405,0.0894455407936374,0.0894455407936374,0.02981518032417616,0.0894455407936374,8.944554070419185e-11,0.0894455407936374,0.0894455407936374,1
8.874892714198193e-11,0.057425776474737227,0.08874892723073086,0.00887489280294712,0.0287772328194466,8.874892714198193e-11,0.08874892723073086,0.08874892723073086,0.029582975802742904,8.874892714198193e-11,0.08874892723073086,0.08874892723073086,0.061807288634057767,0.04437446365973989,0.08874892723073086,0.029582975802742904,0.029582975802742904,0.08874892723073086,8.874892714198193e-11,0.08874892723073086,0
0.08156672589460909,0.023990213555990944,0.08156672589460909,0.048940035569392144,0.006045470515712651,8.156672581304236e-11,0.08156672589460909,0.08156672589460909,0.05437781729026163,8.156672581304236e-11,0.08156672589460909,0.08156672589460909,0.050979203714718195,0.08156672589460909,0.08156672589460909,0.027188908685914177,0.05437781729026163,8.156672581304236e-11,8.156672581304236e-11,0.08156672589460909,1
1.0075992516017405e-10,0.0474164354702536,0.05037996268084695,0.10075992526093398,0.08652801550600017,1.0075992516017405e-10,1.0075992516017405e-10,0.03358664182081794,1.0075992516017405e-10,0.05037996268084695,0.06717328354087596,0.06717328354087596,0.04318282516940595,0.10075992526093398,0.05037996268084695,1.0075992516017405e-10,0.10075992526093398,0.10075992526093398,1.0075992516017405e-10,0.10075992526093398,1
0.09056359038508863,0.026636350177188597,0.09056359038508863,0.027169077178921103,0.009831735737702242,0.02264089766419485,0.09056359038508863,0.09056359038508863,0.06037572695358028,9.056359029452504e-11,0.09056359038508863,0.030187863522071933,0.05336783008555154,9.056359029452504e-11,0.0452817952378261,0.030187863522071933,0.06037572695358028,0.09056359038508863,9.056359029452504e-11,0.09056359038508863,1
0.09541644498400308,0.061740052670384245,0.0715623337618564,0.028624933561992437,0.036688132420795744,0.09541644498400308,0.09541644498400308,0.06361096335447419,0.06361096335447419,9.541644488858663e-11,0.06361096335447419,0.06361096335447419,0.02215024623026691,9.541644488858663e-11,0.04770822253970975,0.031805481724945316,0.06361096335447419,9.541644488858663e-11,9.541644488858663e-11,0.09541644498400308,1
0.031849633916670624,0.03653340359624735,0.07166167619307277,0.08599401141257755,0.011845035585642536,0.023887225461390195,0.09554890155891407,0.09554890155891407,0.06369926773779234,9.554890146336518e-11,0.031849633916670624,0.031849633916670624,0.03753706852758522,0.04777445082723148,0.04777445082723148,0.031849633916670624,0.06369926773779234,0.09554890155891407,9.554890146336518e-11,0.09554890155891407,1
0.03148340337392531,0.01944563153177306,0.047225105013662845,0.08500518894903296,0.012327275198265814,0.023612552554056532,0.047225105013662845,0.0944502099328755,0.0629668066534004,9.445020983842529e-11,0.0944502099328755,0.0629668066534004,0.02529916344402841,0.0944502099328755,0.047225105013662845,9.445020983842529e-11,0.0629668066534004,0.0944502099328755,9.445020983842529e-11,0.0944502099328755,1
0.033098466142919794,0.029204528961316922,0.04964769916473199,0.019859079725470036,0.02240620829422832,0.09929539823016859,0.04964769916473199,9.929539813087318e-11,0.033098466142919794,9.929539813087318e-11,0.09929539823016859,0.033098466142919794,0.05142083127421186,0.09929539823016859,0.04964769916473199,9.929539813087318e-11,0.033098466142919794,0.09929539823016859,0.09929539823016859,0.09929539823016859,1
0.031225048476908886,0.002755151421607533,0.04683757266852575,0.02810254363858552,0.0006082133173829006,0.09367514524337638,0.09367514524337638,0.09367514524337638,0.06245009686014263,9.367514514970122e-11,0.09367514524337638,0.031225048476908886,0.03178263862660949,0.09367514524337638,0.04683757266852575,9.367514514970122e-11,0.06245009686014263,0.09367514524337638,9.367514514970122e-11,0.09367514524337638,1
0.02869111639244583,0.010126276429498928,0.043036674545632064,0.0688586792213673,0.002386979719353595,0.0860733490051908,0.0860733490051908,0.0860733490051908,0.057382232698818314,8.607334891911745e-11,0.0860733490051908,0.02869111639244583,0.02920345775505962,0.0860733490051908,0.043036674545632064,0.02869111639244583,0.057382232698818314,0.0860733490051908,8.607334891911745e-11,0.0860733490051908,1
0.07799775428938337,0.022940516022522933,0.07799775428938337,0.02339932634141344,0.009330203536540304,0.07799775428938337,0.07799775428938337,0.07799775428938337,0.05199850288558816,7.799775421138562e-11,0.07799775428938337,0.025999251481792957,0.04735577942062473,0.07799775428938337,0.03899887718369056,0.025999251481792957,0.05199850288558816,0.07799775428938337,7.799775421138562e-11,0.07799775428938337,1
0.025335309636639214,0.04918030687017642,0.05700444658743082,0.0684053358897158,0.02689524203447946,0.0760059287579058,0.03800296441695585,0.0760059287579058,0.050670619197272504,7.600592868189986e-11,0.0760059287579058,0.0760059287579058,0.02578772587879338,0.0760059287579058,0.0760059287579058,7.600592868189986e-11,0.050670619197272504,7.600592868189986e-11,0.0760059287579058,0.0760059287579058,1
0.028852410327719843,0.017820606411981195,0.0649179231291731,0.07790150773769627,0.010368388514257957,0.08655723081004507,0.08655723081004507,0.08655723081004507,0.05770482056888246,8.655723072348784e-11,0.028852410327719843,0.028852410327719843,0.03555029127656117,0.08655723081004507,0.043278615448301146,0.028852410327719843,0.05770482056888246,0.08655723081004507,8.655723072348784e-11,0.08655723081004507,1
0.03709244403971163,0.03272862710695466,0.11127733189658025,0.03338319964686821,0.005914708073454211,0.02781933305760306,0.02781933305760306,0.11127733189658025,0.07418488796814594,1.1127733178530291e-10,0.11127733189658025,0.11127733189658025,0.037754809109862245,1.1127733178530291e-10,0.05563866600392878,0.03709244403971163,0.07418488796814594,1.1127733178530291e-10,1.1127733178530291e-10,0.11127733189658025,0
0.03706177197842933,0.0032701564524127277,0.05559265791205133,0.03335559479170493,0.00307726509124866,1.1118531560173204e-10,0.05559265791205133,0.03706177197842933,0.03706177197842933,0.11118531571291736,0.07412354384567335,1.1118531560173204e-10,0.08934534300543427,0.11118531571291736,0.05559265791205133,1.1118531560173204e-10,0.07412354384567335,0.11118531571291736,1.1118531560173204e-10,0.11118531571291736,1
0.043910780355589825,0.005811721043713478,0.06586617046751857,0.039519702333204086,0.016859768174104825,1.3173234067157246e-10,0.06586617046751857,0.043910780355589825,0.08782156057944732,0.13173234080330481,0.043910780355589825,1.3173234067157246e-10,0.03763781175218162,0.13173234080330481,0.06586617046751857,1.3173234067157246e-10,0.08782156057944732,0.13173234080330481,1.3173234067157246e-10,1.3173234067157246e-10,1
0.049580156653958186,0.004374719840377325,0.07437023490656704,0.04462214100343642,0.002782643465309308,1.4874046951565315e-10,0.03718511752765376,0.09916031315917591,0.1487404696643936,1.4874046951565315e-10,0.09916031315917591,1.4874046951565315e-10,0.01859255883819711,0.1487404696643936,0.07437023490656704,1.4874046951565315e-10,0.049580156653958186,0.1487404696643936,1.4874046951565315e-10,1.4874046951565315e-10,1
0.04078534099811449,0.007197413218078105,0.061178011435993725,0.03670680691053865,0.007836602429946457,1.223560226272754e-10,0.061178011435993725,0.12235602274963144,0.08157068187387297,0.12235602274963144,0.04078534099811449,1.223560226272754e-10,0.030589005779174883,0.12235602274963144,0.061178011435993725,1.223560226272754e-10,0.08157068187387297,0.12235602274963144,1.223560226272754e-10,1.223560226272754e-10,1
0.03313511797735324,0.0116947475857399,0.049702676916327175,0.029821606189558456,0.004665608476739381,9.940535363384366e-11,0.07455401532478809,0.09940535373324902,0.06627023585530113,0.09940535373324902,0.06627023585530113,9.940535363384366e-11,0.01775095610544886,0.09940535373324902,0.049702676916327175,0.03313511797735324,0.06627023585530113,0.09940535373324902,9.940535363384366e-11,0.09940535373324902,1
0.034950600907395296,0.012335506270455387,0.07863885191057465,0.03145554082714096,0.0019327256361908697,1.0485180240763048e-10,0.05242590130866704,0.10485180251248229,0.10485180251248229,0.05242590130866704,0.10485180251248229,1.0485180240763048e-10,0.0018723537192737744,0.10485180251248229,1.0485180240763048e-10,0.034950600907395296,0.0699012017099388,0.10485180251248229,1.0485180240763048e-10,0.10485180251248229,1
0.03758634590002608,0.0033164423881061286,0.0563795187936596,0.033827711321299386,0.005075211544582153,1.1275903736180114e-10,0.11275903747456018,0.11275903747456018,0.07517269168729313,1.1275903736180114e-10,0.11275903747456018,0.07517269168729313,0.018121988260191367,0.11275903747456018,0.0563795187936596,1.1275903736180114e-10,0.07517269168729313,1.1275903736180114e-10,1.1275903736180114e-10,0.11275903747456018,1
1.0618379557420536e-10,0.006246105728195875,0.10618379568038916,1.0618379557420536e-10,0.0027051336679124786,1.0618379557420536e-10,0.10618379568038916,0.10618379568038916,0.07078919715565404,1.0618379557420536e-10,0.10618379568038916,1.0618379557420536e-10,0.05309189789328647,0.10618379568038916,0.05309189789328647,0.035394598630918914,0.035394598630918914,0.10618379568038916,1.0618379557420536e-10,0.10618379568038916,1
0.029851571634568873,0.010535848870147945,0.044777357407075946,0.026866414480067463,0.00414906302136421,8.955471463504248e-11,0.044777357407075946,0.0895547147245972,0.029851571634568873,0.0895547147245972,0.0895547147245972,8.955471463504248e-11,0.04797574007261319,0.0895547147245972,0.044777357407075946,0.029851571634568873,0.059703143179583036,0.0895547147245972,0.0895547147245972,0.0895547147245972,1
0.04440814296853467,0.0058775484496625474,0.06661221438618978,0.03996732868500365,0.015240100653958989,1.332244285059307e-10,0.03330610725970711,1.332244285059307e-10,0.04440814296853467,0.13322442863915515,1.332244285059307e-10,1.332244285059307e-10,0.06185419908240654,0.13322442863915515,0.06661221438618978,1.332244285059307e-10,0.0888162858038449,0.13322442863915515,1.332244285059307e-10,0.13322442863915515,1
0.03239845500117142,0.012864092485538794,0.09719536480912352,0.029158609510773818,0.003379964359214656,9.719536471192816e-11,0.024298841275177407,0.09719536480912352,0.06479690990514747,0.09719536480912352,0.09719536480912352,9.719536471192816e-11,0.006942526148047378,0.09719536480912352,0.04859768245315944,0.03239845500117142,0.06479690990514747,0.09719536480912352,9.719536471192816e-11,0.09719536480912352,1
0.03644214024487146,0.022508380781280708,0.05466321031264398,0.032797926231316964,0.0037055726288866284,1.0932642040663513e-10,0.05466321031264398,0.10932642051596154,0.10932642051596154,0.10932642051596154,0.03644214024487146,1.0932642040663513e-10,0.011713545152894468,0.10932642051596154,0.05466321031264398,1.0932642040663513e-10,0.03644214024487146,0.10932642051596154,1.0932642040663513e-10,0.10932642051596154,1
0.037462580002077396,0.004958282744846665,0.05619386994692222,0.03371632201310844,0.013388327194127275,1.1238773966906899e-10,0.05619386994692222,0.07492515989176707,0.07492515989176707,0.11238773978145672,0.037462580002077396,1.1238773966906899e-10,0.03010385895231693,0.11238773978145672,0.05619386994692222,1.1238773966906899e-10,0.07492515989176707,0.11238773978145672,1.1238773966906899e-10,0.11238773978145672,1
0.03911308589199539,0.01553019593962919,0.05866962877932346,0.03520177731452979,0.01195086207984974,1.1733925732396842e-10,0.029334814448331362,0.03911308589199539,0.03911308589199539,0.11733925744130767,0.11733925744130767,0.03911308589199539,0.00838137564047986,0.11733925744130767,0.05866962877932346,1.1733925732396842e-10,0.03911308589199539,0.11733925744130767,1.1733925732396842e-10,0.11733925744130767,1
0.034027997661777276,0.021017292712482784,0.05104199644162392,0.030625197905807956,0.005903503805490669,1.0208399267907986e-10,0.10208399278116385,0.10208399278116385,0.10208399278116385,0.10208399278116385,0.034027997661777276,1.0208399267907986e-10,0.0236980698311561,0.10208399278116385,0.05104199644162392,1.0208399267907986e-10,0.034027997661777276,0.10208399278116385,1.0208399267907986e-10,0.10208399278116385,1
0.04075792906657936,0.02517401505846252,0.06113689353873214,0.03668213617214881,0.005806222089744191,1.2227378683291673e-10,0.06113689353873214,0.12227378695519052,0.04075792906657936,0.12227378695519052,0.12227378695519052,1.2227378683291673e-10,0.015284223476388376,0.12227378695519052,0.06113689353873214,1.2227378683291673e-10,0.04075792906657936,1.2227378683291673e-10,1.2227378683291673e-10,0.12227378695519052,1
0.03738325795131309,0.006597045613178593,0.056074886870894736,0.03364493216739676,0.0031471545357175,1.1214977351748993e-10,0.08411233025026722,0.11214977362963971,0.03738325795131309,0.11214977362963971,0.03738325795131309,1.1214977351748993e-10,0.05006686328960064,0.11214977362963971,0.056074886870894736,1.1214977351748993e-10,0.03738325795131309,0.11214977362963971,1.1214977351748993e-10,0.11214977362963971,1
0.04456359206697115,0.015728326698377964,0.06684538803361133,0.040107232873643116,0.0027585585646878272,1.3369077579984112e-10,0.033422694083651054,0.1336907759335319,0.1336907759335319,0.1336907759335319,1.3369077579984112e-10,1.3369077579984112e-10,0.016711347108670914,1.3369077579984112e-10,0.06684538803361133,1.3369077579984112e-10,0.04456359206697115,0.1336907759335319,1.3369077579984112e-10,0.1336907759335319,1
0.06897146465109973,0.0030428588335002487,0.10345719692492099,1.034571968214638e-10,0.006108153079655647,0.025864299308823144,0.10345719692492099,0.03448573237727846,1.034571968214638e-10,1.034571968214638e-10,0.10345719692492099,0.06897146465109973,0.016627049592621023,0.10345719692492099,0.05172859851418909,0.03448573237727846,0.06897146465109973,1.034571968214638e-10,0.10345719692492099,0.10345719692492099,1
1.1283031116995512e-10,0.008296346522385834,0.11283031128278544,0.03384909346381685,0.005513003101656113,1.1283031116995512e-10,0.05641515569780786,0.11283031128278544,0.07522020755946705,1.1283031116995512e-10,0.11283031128278544,1.1283031116995512e-10,0.012088962023896931,0.11283031128278544,0.05641515569780786,0.037610103836148684,0.037610103836148684,0.11283031128278544,1.1283031116995512e-10,0.11283031128278544,1
0.032974729716837625,0.020366744862929546,0.09892418895266451,0.02967725675504629,0.008409699217391712,9.892418885374032e-11,0.09892418895266451,0.06594945933475106,0.032974729716837625,0.09892418895266451,0.09892418895266451,9.892418885374032e-11,0.05122859789818256,9.892418885374032e-11,9.892418885374032e-11,0.032974729716837625,0.032974729716837625,0.09892418895266451,0.09892418895266451,0.09892418895266451,1
0.028247404356818707,0.013708299216779333,0.0847422129009717,0.025422663929611063,0.011554484697849766,0.0847422129009717,0.06355665969691432,0.0847422129009717,0.05649480862889521,0.0847422129009717,0.028247404356818707,8.474221281622948e-11,0.024212060889379213,8.474221281622948e-11,0.04237110649285695,0.05649480862889521,0.05649480862889521,0.0847422129009717,0.0847422129009717,0.0847422129009717,1
0.04038934562361072,0.003563765900795331,0.06058401837483206,0.03635041107336646,0.001560103595511316,1.2116803650732805e-10,0.09087602750166407,0.0807786911260534,0.1211680366284961,0.1211680366284961,0.0807786911260534,1.2116803650732805e-10,0.019473434559845765,1.2116803650732805e-10,0.06058401837483206,1.2116803650732805e-10,0.04038934562361072,0.1211680366284961,1.2116803650732805e-10,0.1211680366284961,1
0.04393534465209586,0.011629944269529811,0.0329515085220234,0.03954181020006688,0.005787455550622686,1.3180603356086946e-10,0.06590301691224076,0.13180603369267552,0.08787068917238568,1.3180603356086946e-10,0.13180603369267552,1.3180603356086946e-10,0.009414716814725284,0.06590301691224076,0.06590301691224076,1.3180603356086946e-10,0.04393534465209586,0.13180603369267552,1.3180603356086946e-10,0.13180603369267552,1
0.036327532884099734,0.01282148226490629,0.05449129927165829,0.03269477960658802,0.005426942525866224,1.089825983253514e-10,0.108982598434334,0.07265506565921687,0.108982598434334,0.108982598434334,0.07265506565921687,1.089825983253514e-10,0.04086847448098937,1.089825983253514e-10,0.05449129927165829,0.036327532884099734,0.036327532884099734,0.108982598434334,1.089825983253514e-10,0.108982598434334,1
0.033852134474742765,0.023895624364982066,0.0761673024412257,0.010155640413512312,0.03803755023002778,0.10155640322111549,0.0761673024412257,0.06770426884792913,0.06770426884792913,1.0155640311955908e-10,0.10155640322111549,0.033852134474742765,0.030829622477136838,1.0155640311955908e-10,1.0155640311955908e-10,0.033852134474742765,0.10155640322111549,1.0155640311955908e-10,0.10155640322111549,0.10155640322111549,1
0.024534786893461853,0.011906587795005788,0.07360436053317684,0.02208130821147611,0.005212326028895974,0.07360436053317684,0.07360436053317684,0.07360436053317684,0.049069573713319346,0.07360436053317684,0.07360436053317684,7.360436045957248e-11,0.04074527104229626,0.07360436053317684,0.036802180303390594,0.024534786893461853,0.049069573713319346,0.07360436053317684,0.07360436053317684,0.07360436053317684,1
1.2322860024409334e-10,0.014497482504886637,0.06161430024527526,0.03696858019645661,0.013316879779847907,1.2322860024409334e-10,0.06161430024527526,0.12322860036732194,0.0821524002859575,1.2322860024409334e-10,0.0821524002859575,0.041076200204593044,0.011002553716451221,0.12322860036732194,0.06161430024527526,1.2322860024409334e-10,0.041076200204593044,0.12322860036732194,1.2322860024409334e-10,0.12322860036732194,1
0.09208746802485478,0.02708454948407785,0.09208746802485478,0.018417493678640928,0.00676443113039738,9.20874679327673e-11,0.06906560104166294,0.09208746802485478,0.061391645380599005,9.20874679327673e-11,0.061391645380599005,0.030695822736343237,0.0345328005668752,0.09208746802485478,0.04604373405847111,0.030695822736343237,0.061391645380599005,0.09208746802485478,9.20874679327673e-11,0.09208746802485478,1
0.04307120385118819,0.011401201114442178,0.06460680571217547,0.02584272236239836,0.009036563339948124,1.2921361116592375e-10,0.06460680571217547,0.12921361129513736,1.2921361116592375e-10,1.2921361116592375e-10,0.04307120385118819,0.08614240757316277,0.027688631093340122,0.12921361129513736,0.06460680571217547,1.2921361116592375e-10,0.04307120385118819,0.12921361129513736,1.2921361116592375e-10,0.12921361129513736,1
0.042078962570578735,0.05940559416530773,0.031559221959493275,0.05049475505944711,0.025978098432912114,0.12623688745926245,0.031559221959493275,0.08415792501492059,0.042078962570578735,1.2623688733302557e-10,0.042078962570578735,0.12623688745926245,0.022542301435705733,1.2623688733302557e-10,0.06311844379274965,1.2623688733302557e-10,1.2623688733302557e-10,0.12623688745926245,1.2623688733302557e-10,0.12623688745926245,1
0.10350607200812621,0.03196511058040924,0.07762955404490943,0.03105182171111924,0.02391164550984602,1.5525910777930066e-10,0.038814777100084276,1.5525910777930066e-10,0.05175303608169266,1.5525910777930066e-10,1.5525910777930066e-10,0.05175303608169266,0.07208458590993441,0.07762955404490943,0.07762955404490943,1.5525910777930066e-10,0.05175303608169266,0.15525910793455977,1.5525910777930066e-10,0.15525910793455977,1
1.2048611412183229e-10,0.03543709250926031,0.06024305718140225,0.036145834357035805,0.006841733903568039,0.030121528650944186,0.06024305718140225,0.12048611424231839,0.040162038161096876,1.2048611412183229e-10,0.040162038161096876,0.08032407620170763,0.02796999089876861,0.12048611424231839,0.06024305718140225,1.2048611412183229e-10,0.040162038161096876,0.12048611424231839,1.2048611412183229e-10,0.12048611424231839,0
0.0906044857648183,0.07461545888113351,0.04530224292771139,0.027181345792868638,0.049325453004694465,0.02265112150915794,0.06795336434626484,0.030201495315342424,0.030201495315342424,9.060448567421382e-11,0.0906044857648183,9.060448567421382e-11,0.0032358745789692685,0.0906044857648183,0.04530224292771139,9.060448567421382e-11,0.060402990540080366,0.0906044857648183,0.0906044857648183,0.0906044857648183,1
1.2802431943056067e-10,0.015061684766913807,0.06401215984330465,1.2802431943056067e-10,0.006466728709363302,1.2802431943056067e-10,0.06401215984330465,0.128024319558585,0.128024319558585,1.2802431943056067e-10,0.08534954641506477,1.2802431943056067e-10,0.018289188618104413,0.128024319558585,0.06401215984330465,1.2802431943056067e-10,0.04267477327154454,0.128024319558585,1.2802431943056067e-10,0.128024319558585,1
0.04438009517580709,0.00391589087219912,0.0665701426971405,0.0665701426971405,0.0014944767572248063,1.3314028512800043e-10,0.033285071415140394,0.08876019021847391,0.13314028526114072,1.3314028512800043e-10,1.3314028512800043e-10,0.04438009517580709,0.007132515407854597,0.13314028526114072,0.0665701426971405,1.3314028512800043e-10,0.04438009517580709,0.13314028526114072,1.3314028512800043e-10,0.13314028526114072,1
0.12353955611682013,0.019984340063629057,0.09265466711849998,0.012353955722867615,0.02273116966472643,1.2353955599328058e-10,0.0308848891218597,1.2353955599328058e-10,0.041179852121299744,1.2353955599328058e-10,0.041179852121299744,0.041179852121299744,0.059563714620299836,0.12353955611682013,0.061769778120179836,0.041179852121299744,0.041179852121299744,0.12353955611682013,1.2353955599328058e-10,0.12353955611682013,1
0.13350317247789784,0.015706255703431954,0.0667515863057005,0.026700634602382103,0.011150974911691302,1.3350317234439466e-10,0.0667515863057005,0.08900211502976628,0.08900211502976628,1.3350317234439466e-10,0.04450105758163472,1.3350317234439466e-10,0.011919926235681269,0.13350317247789784,1.3350317234439466e-10,1.3350317234439466e-10,0.04450105758163472,0.13350317247789784,1.3350317234439466e-10,0.13350317247789784,1
0.0789051761053509,0.06498073327715459,0.05917888209873947,0.0236715528868389,0.06687445954491945,7.890517602644574e-11,0.05917888209873947,0.026301725421053752,0.05260345076320233,7.890517602644574e-11,0.0789051761053509,0.05260345076320233,0.002818042079849669,0.0789051761053509,0.03945258809212804,0.026301725421053752,0.05260345076320233,0.0789051761053509,0.0789051761053509,0.0789051761053509,1
0.07314405492175544,0.01290777448831126,0.08228706177326034,1.0971608221805902e-10,0.012055850015596123,1.0971608221805902e-10,0.05485804121874559,0.03657202751573576,0.03657202751573576,1.0971608221805902e-10,0.03657202751573576,0.07314405492175544,0.033306667925912574,0.05485804121874559,0.05485804121874559,0.03657202751573576,0.07314405492175544,0.10971608232777512,0.10971608232777512,0.10971608232777512,1
0.1036037766291724,0.03047169908171219,0.05180188836638808,0.031081133061274368,0.006629866511617218,1.0360377652556862e-10,0.05180188836638808,0.1036037766291724,0.1036037766291724,1.0360377652556862e-10,0.03453459227879332,0.03453459227879332,0.016650607045213022,0.1036037766291724,0.05180188836638808,1.0360377652556862e-10,0.06906918445398286,0.1036037766291724,1.0360377652556862e-10,0.1036037766291724,1
0.03389659073167461,0.06131295080004468,0.10168977199164428,0.010168977290685222,0.024205455873448502,0.0254224430741784,1.0168977188995451e-10,0.06779318136165945,0.06779318136165945,1.0168977188995451e-10,0.10168977199164428,0.06779318136165945,0.01452711037168327,0.10168977199164428,0.050844886046667016,1.0168977188995451e-10,0.06779318136165945,0.10168977199164428,1.0168977188995451e-10,0.10168977199164428,1
8.28043014384918e-11,0.024354206388243062,0.0828043015212961,0.024841290514351844,0.004469628106968517,0.06210322616167314,0.0828043015212961,0.0828043015212961,0.027601433895634898,8.28043014384918e-11,0.0828043015212961,0.027601433895634898,0.05618863320178087,0.0828043015212961,8.28043014384918e-11,0.027601433895634898,0.0828043015212961,0.0828043015212961,0.0828043015212961,0.0828043015212961,1
8.322614812629841e-11,0.039165246260307755,0.04161307414637535,0.008322614895855989,0.03702450803970918,0.08322614820952456,0.08322614820952456,0.055484098834091757,0.055484098834091757,8.322614812629841e-11,0.08322614820952456,0.08322614820952456,0.04161307414637535,0.08322614820952456,0.08322614820952456,8.322614812629841e-11,0.055484098834091757,0.08322614820952456,8.322614812629841e-11,0.08322614820952456,0
0.029043189518428946,0.0410021498724934,0.08712956838102771,0.008712956916519382,0.02660774213792382,8.712956829389813e-11,0.043564784234078634,0.058086378949728325,0.058086378949728325,8.712956829389813e-11,0.08712956838102771,0.058086378949728325,0.023338277308709427,0.08712956838102771,0.043564784234078634,0.029043189518428946,0.058086378949728325,0.08712956838102771,0.08712956838102771,0.08712956838102771,1
1.0087769864350045e-10,0.020768938056892495,0.07565827408350302,0.060526619286977966,0.04563197768138926,0.10087769874437814,0.05043884942262791,1.0087769864350045e-10,0.033625899648711176,1.0087769864350045e-10,0.033625899648711176,0.06725179919654466,0.007205550003984876,0.10087769874437814,1.0087769864350045e-10,0.033625899648711176,0.06725179919654466,0.10087769874437814,0.10087769874437814,0.10087769874437814,1
8.800391496065613e-11,0.033648555808254786,0.04400195756833197,0.01760078308013514,0.01632822729430591,0.066002936308496,0.08800391504866005,0.08800391504866005,0.029334638408222626,8.800391496065613e-11,0.08800391504866005,0.029334638408222626,0.05971694238273486,0.08800391504866005,8.800391496065613e-11,0.029334638408222626,0.058669276728441334,0.08800391504866005,0.08800391504866005,0.08800391504866005,1
8.062053267843525e-11,0.0023711922182215687,0.08062053275905579,0.024186159884151112,0.004076717893511585,0.08062053275905579,0.08062053275905579,0.08062053275905579,0.053747021866244034,8.062053267843525e-11,0.08062053275905579,8.062053267843525e-11,0.0691033138049936,0.08062053275905579,0.040310266419838155,0.026873510973432282,0.053747021866244034,0.08062053275905579,0.08062053275905579,0.08062053275905579,1
0.08447596399816705,0.01366522954110246,0.0422379820413215,0.0337903856499524,0.0047039549364983795,0.0422379820413215,0.06335697301974427,0.08447596399816705,0.05631730936027002,8.447596391369108e-11,0.05631730936027002,0.02815865472237299,0.025644489129703612,0.08447596399816705,0.0422379820413215,0.02815865472237299,0.05631730936027002,0.08447596399816705,0.08447596399816705,0.08447596399816705,1
0.05320320770103439,0.023472003442111977,0.07980481151164918,0.015960962366173684,0.0147850116397817,0.07980481151164918,0.07980481151164918,0.07980481151164918,0.05320320770103439,0.03990240579572699,0.07980481151164918,0.07980481151164918,0.001425085998230603,0.07980481151164918,7.980481143184436e-11,0.0266016038904196,0.05320320770103439,0.07980481151164918,7.980481143184436e-11,0.07980481151164918,1
0.029518966190687345,0.03385999061747123,0.08855689839494824,8.855689830639134e-11,0.009409231442669457,0.08855689839494824,0.08855689839494824,0.08855689839494824,0.05903793229281779,8.855689830639134e-11,0.08855689839494824,8.855689830639134e-11,0.026883344217282838,0.08855689839494824,0.04427844924175256,0.029518966190687345,0.05903793229281779,0.08855689839494824,8.855689830639134e-11,0.08855689839494824,1
9.729909080338415e-11,0.06295823532301822,0.024324772798145128,0.08756918182034482,0.03980514701724853,9.729909080338415e-11,0.07297431819983718,0.032433030365093804,0.032433030365093804,0.09729909090068324,0.09729909090068324,0.06486606063288852,0.03127470785552971,0.09729909090068324,9.729909080338415e-11,9.729909080338415e-11,0.06486606063288852,0.09729909090068324,9.729909080338415e-11,0.09729909090068324,0
0.08862275911414164,0.05734413828160555,0.08862275911414164,0.05317365550393408,0.028575402745690034,8.862275902551887e-11,0.04431137960138219,8.862275902551887e-11,0.05908183943896867,8.862275902551887e-11,0.05908183943896867,0.08862275911414164,0.018990591308376797,8.862275902551887e-11,0.08862275911414164,8.862275902551887e-11,0.05908183943896867,0.08862275911414164,0.08862275911414164,0.08862275911414164,1
0.0754435546900447,0.02218928084444389,0.037721777382744126,7.544355461460115e-11,0.014558190129003928,7.544355461460115e-11,0.0754435546900447,0.0754435546900447,0.025147851613643937,0.037721777382744126,0.0754435546900447,0.0754435546900447,0.057929872368798,0.0754435546900447,0.0754435546900447,7.544355461460115e-11,0.05029570315184432,0.0754435546900447,0.0754435546900447,0.0754435546900447,1
9.32843376309587e-11,0.05212948288705537,0.09328433772424305,0.04664216890876369,0.01613766695317947,9.32843376309587e-11,9.32843376309587e-11,0.09328433772424305,0.06218955851392347,0.04664216890876369,0.09328433772424305,0.06218955851392347,0.07662642029014326,0.09328433772424305,0.04664216890876369,0.031094779303603905,9.32843376309587e-11,0.09328433772424305,9.32843376309587e-11,0.09328433772424305,1
0.07590743787969954,0.03572114727769196,0.07590743787969954,0.06831669409932033,0.0252857725235886,0.07590743787969954,0.07590743787969954,0.07590743787969954,0.05060495861176884,7.59074378037921e-11,0.07590743787969954,7.59074378037921e-11,0.02304332940920147,0.07590743787969954,0.03795371897780349,0.02530247934383814,0.05060495861176884,0.07590743787969954,7.59074378037921e-11,0.07590743787969954,1
0.08730259366363226,0.006419308438503304,0.08730259366363226,0.052381556233100396,0.0047748860790970075,0.08730259366363226,0.08730259366363226,0.08730259366363226,0.029100864612745816,8.730259357632967e-11,0.08730259366363226,0.029100864612745816,0.03429744756371782,0.08730259366363226,8.730259357632967e-11,0.029100864612745816,0.029100864612745816,0.08730259366363226,8.730259357632967e-11,0.08730259366363226,1
0.11110005339908653,0.0032676487372173017,0.05555002675509329,1.1110005328798648e-10,0.01997771410610059,1.1110005328798648e-10,0.05555002675509329,0.03703335120709554,0.07406670230309104,0.11110005339908653,0.07406670230309104,0.03703335120709554,0.013887506772098362,0.11110005339908653,1.1110005328798648e-10,1.1110005328798648e-10,0.07406670230309104,0.11110005339908653,1.1110005328798648e-10,0.11110005339908653,1
0.10090681968071179,0.04748556225610916,1.0090681957980497e-10,0.0504534098908093,0.013119996506050382,1.0090681957980497e-10,0.0504534098908093,0.10090681968071179,0.06727121315411012,1.0090681957980497e-10,0.033635606627508474,0.06727121315411012,0.014415260040878956,0.10090681968071179,0.0504534098908093,0.033635606627508474,0.06727121315411012,0.10090681968071179,1.0090681957980497e-10,0.10090681968071179,1
8.254299851813172e-11,0.05341017559427528,0.041271499341608855,0.04952579919342204,0.03281917622934722,8.254299851813172e-11,0.06190724897114179,0.08254299860067472,0.05502866576129748,8.254299851813172e-11,8.254299851813172e-11,0.08254299860067472,0.04569344569079449,0.08254299860067472,0.08254299860067472,8.254299851813172e-11,0.08254299860067472,0.08254299860067472,0.08254299860067472,0.08254299860067472,1
0.07707341734140143,0.022668652213640478,0.03853670870923742,0.06936607561496862,0.01840957993535711,0.05780506302531942,0.03853670870923742,0.025691139165182755,0.05138227825329209,7.707341726432801e-11,0.05138227825329209,0.025691139165182755,0.04817088586727842,0.07707341734140143,0.03853670870923742,0.05138227825329209,0.07707341734140143,0.07707341734140143,0.07707341734140143,0.07707341734140143,0
0.03972581671412071,0.02453653389840711,0.05958872501159233,0.02383549007614341,0.01097738819774051,0.11917744990400723,0.029794362565384896,0.11917744990400723,0.03972581671412071,1.1917744978482978e-10,0.07945163330906398,1.1917744978482978e-10,0.017025350088438845,0.11917744990400723,1.1917744978482978e-10,1.1917744978482978e-10,0.07945163330906398,0.11917744990400723,1.1917744978482978e-10,0.11917744990400723,0
0.03412950470599016,0.10238851391319347,0.05119425700779098,0.030716554245630003,0.030112611872981254,0.025597128555089752,0.05119425700779098,0.03412950470599016,0.10238851391319347,1.0238851381080495e-10,0.03412950470599016,0.0682590093095918,0.009141831692638956,0.10238851391319347,0.05119425700779098,1.0238851381080495e-10,0.0682590093095918,0.10238851391319347,1.0238851381080495e-10,0.10238851391319347,0
0.02656887567508349,0.05157487623543818,0.05977997016930457,0.047823976151384985,0.026200472646029076,7.970662678613059e-11,0.07970662686583722,0.07970662686583722,0.05313775127046036,7.970662678613059e-11,0.07970662686583722,0.07970662686583722,0.044123311336314634,0.07970662686583722,0.07970662686583722,7.970662678613059e-11,0.05313775127046036,0.07970662686583722,7.970662678613059e-11,0.07970662686583722,0
0.056844849484997635,0.013793235601378316,0.042633637135065044,0.0511603645450246,0.007764792570951802,8.526727409959554e-11,0.08526727418486282,0.08526727418486282,0.056844849484997635,8.526727409959554e-11,0.08526727418486282,0.056844849484997635,0.0319752278726156,0.08526727418486282,8.526727409959554e-11,8.526727409959554e-11,0.08526727418486282,0.08526727418486282,0.08526727418486282,0.08526727418486282,1
0.12128595818259341,0.030321489636612825,0.09096446866726654,0.012128595927416703,0.018305677625531935,1.2128595806130746e-10,0.060642979151939676,0.08085730549549093,0.08085730549549093,1.2128595806130746e-10,0.04042865280838844,1.2128595806130746e-10,0.019492386238281804,0.060642979151939676,0.060642979151939676,0.04042865280838844,0.04042865280838844,0.12128595818259341,1.2128595806130746e-10,0.12128595818259341,1
0.09011649126402883,0.042407760642545825,0.06758736847055075,0.009011649207507725,0.04312441539437068,0.09011649126402883,0.06758736847055075,0.06007766087272472,0.06007766087272472,9.011649117391234e-11,0.030038830481420604,0.06007766087272472,0.01931067677024056,0.04505824567707266,0.04505824567707266,9.011649117391234e-11,0.09011649126402883,9.011649117391234e-11,0.09011649126402883,0.09011649126402883,1
1.331366341557325e-10,0.03915783370835207,0.06656831721100287,0.026627326964283132,0.027617756860720627,1.331366341557325e-10,0.06656831721100287,0.04437887818504746,0.0887577562369583,1.331366341557325e-10,0.04437887818504746,0.0887577562369583,0.019019519298241274,0.06656831721100287,0.06656831721100287,1.331366341557325e-10,0.0887577562369583,0.13313663428886913,1.331366341557325e-10,0.13313663428886913,1
0.037818258028663565,0.023358335884613144,0.056727386986267954,0.01134547748801741,0.01578778061321757,1.1345477374562637e-10,0.056727386986267954,1.1345477374562637e-10,0.11345477385908115,1.1345477374562637e-10,0.07563651594387236,0.07563651594387236,0.00405195631865572,0.11345477385908115,1.1345477374562637e-10,1.1345477374562637e-10,0.07563651594387236,0.11345477385908115,0.11345477385908115,0.11345477385908115,1
0.12214577438915127,0.030536443688897148,0.06107288725564851,1.221457742670055e-10,0.017017338101900252,0.06107288725564851,0.09160933082239987,1.221457742670055e-10,0.040715258211147604,1.221457742670055e-10,0.040715258211147604,0.08143051630014943,0.026174094607932658,1.221457742670055e-10,0.06107288725564851,1.221457742670055e-10,0.12214577438915127,0.12214577438915127,1.221457742670055e-10,0.12214577438915127,1
0.08404751364606541,0.009887942856049617,0.04202375686505645,8.404751356201789e-11,0.0075565994656001285,8.404751356201789e-11,0.08404751364606541,0.08404751364606541,0.05603167579205944,8.404751356201789e-11,0.08404751364606541,0.05603167579205944,0.030016969213339618,0.08404751364606541,0.04202375686505645,8.404751356201789e-11,0.08404751364606541,0.08404751364606541,0.08404751364606541,0.08404751364606541,1
0.07675681513786907,0.03612085422316258,0.07675681513786907,0.0076756815828680405,0.04563005564626582,0.07675681513786907,0.03837840760731294,0.07675681513786907,0.05117121011749832,7.675681506111225e-11,0.025585605097127564,0.05117121011749832,0.015077231606618152,0.07675681513786907,0.03837840760731294,7.675681506111225e-11,0.07675681513786907,0.07675681513786907,0.07675681513786907,0.07675681513786907,1
0.028555562413730636,0.07054903642558938,0.06425001532381057,0.02570000618092425,0.041984878536651435,0.08566668706985854,0.04283334357776261,0.028555562413730636,0.05711112474179459,8.566668698419185e-11,0.028555562413730636,0.08566668706985854,0.012238098226265521,0.08566668706985854,0.08566668706985854,8.566668698419185e-11,0.08566668706985854,0.08566668706985854,8.566668698419185e-11,0.08566668706985854,1
0.035528865438826336,0.0595630978694591,0.026646649105766404,0.010658659706258518,0.052976599734536674,1.0658659599671922e-10,1.0658659599671922e-10,1.0658659599671922e-10,0.07105773077106609,1.0658659599671922e-10,0.035528865438826336,0.10658659610330583,0.06851995467590609,1.0658659599671922e-10,0.10658659610330583,1.0658659599671922e-10,0.10658659610330583,0.10658659610330583,0.10658659610330583,0.10658659610330583,1
0.07830790150135865,0.06448886007376144,0.03915395078983327,7.830790142305074e-11,0.027046258317137518,0.07830790150135865,0.03915395078983327,0.07830790150135865,0.05220526769367506,7.830790142305074e-11,0.07830790150135865,0.07830790150135865,0.020975330816625063,0.07830790150135865,0.07830790150135865,7.830790142305074e-11,0.05220526769367506,7.830790142305074e-11,0.07830790150135865,0.07830790150135865,1
0.07944016677512934,0.012850615280213414,0.07944016677512934,0.007944016749009084,0.01362905475959637,0.05958012510120705,0.07944016677512934,0.052960111209899616,0.052960111209899616,7.944016669568918e-11,0.07944016677512934,0.07944016677512934,0.005674297700560824,0.07944016677512934,7.944016669568918e-11,0.026480055644669893,0.052960111209899616,0.07944016677512934,0.07944016677512934,0.07944016677512934,1
1.532738890478766e-10,0.02479430573454804,0.07663694467721217,1.532738890478766e-10,0.019068574112625105,1.532738890478766e-10,1.532738890478766e-10,1.532738890478766e-10,0.05109129650256609,1.532738890478766e-10,0.15327388920115048,0.1021825928518583,0.010948135085265077,0.15327388920115048,1.532738890478766e-10,1.532738890478766e-10,0.1021825928518583,0.15327388920115048,1.532738890478766e-10,0.15327388920115048,1
1.0597196243153553e-10,0.0498691588972828,0.05298598132173973,0.010597196349125516,0.030571750905385456,1.0597196243153553e-10,0.1059719625375075,0.035323987583150473,0.07064797506032898,1.0597196243153553e-10,0.1059719625375075,0.1059719625375075,0.0435241989617812,0.1059719625375075,0.1059719625375075,1.0597196243153553e-10,0.07064797506032898,1.0597196243153553e-10,1.0597196243153553e-10,0.1059719625375075,1
0.11205986813152616,0.00329587858322064,0.056029934121793,0.04482394731984638,0.006708547289631084,0.056029934121793,0.056029934121793,1.1205986801946629e-10,1.1205986801946629e-10,1.1205986801946629e-10,0.11205986813152616,1.1205986801946629e-10,0.08604597019843575,0.11205986813152616,0.056029934121793,1.1205986801946629e-10,0.07470657879170406,0.11205986813152616,1.1205986801946629e-10,0.11205986813152616,1
0.03308824541858979,0.007298877743233498,0.04963236807825231,0.02977942088665729,0.004544308469300795,9.926473595797516e-11,0.0992647360572399,0.0992647360572399,0.06617649073791484,9.926473595797516e-11,0.0992647360572399,0.06617649073791484,0.03190652237147104,0.0992647360572399,0.04963236807825231,0.03308824541858979,0.03308824541858979,0.0992647360572399,9.926473595797516e-11,0.0992647360572399,1
0.08992138766096151,0.018513226942782585,0.08992138766096151,0.026976416361233428,0.004448075770914293,0.06744104076820147,0.044960693875441445,0.08992138766096151,0.05994759180394813,8.992138757104012e-11,0.05994759180394813,8.992138757104012e-11,0.043354954811672876,0.08992138766096151,0.044960693875441445,0.02997379594693476,0.05994759180394813,0.08992138766096151,8.992138757104012e-11,0.08992138766096151,1
0.03207410779120999,0.015565375889378102,0.048111161638703825,0.048111161638703825,0.005601585758371044,9.622232308496301e-11,0.09622232318118534,0.09622232318118534,0.06414821548619767,9.622232308496301e-11,0.09622232318118534,0.06414821548619767,0.03264685971433477,0.09622232318118534,0.048111161638703825,0.03207410779120999,0.03207410779120999,0.09622232318118534,9.622232308496301e-11,0.09622232318118534,1
0.032391467094961414,0.02286456503678876,9.717440099336104e-11,0.009717440196510505,0.03153596450010405,0.02429360034551466,0.09717440109053543,0.06478293409274842,0.09717440109053543,9.717440099336104e-11,0.09717440109053543,0.06478293409274842,0.02082308602432319,9.717440099336104e-11,0.048587200593854914,0.032391467094961414,0.06478293409274842,0.09717440109053543,0.09717440109053543,0.09717440109053543,1
0.11498176425692812,0.013527266484622508,0.05749088218595493,0.022996352943371035,0.009401502344261629,1.1498176414194635e-10,0.08623632322144152,0.076654509542946,0.03832725482896388,1.1498176414194635e-10,0.11498176425692812,1.1498176414194635e-10,0.02463894957397026,0.11498176425692812,0.05749088218595493,1.1498176414194635e-10,0.03832725482896388,0.11498176425692812,1.1498176414194635e-10,0.11498176425692812,1
0.10538656892345591,0.012398419966335901,0.052693284514421235,0.031615970750807375,0.016288702196833513,0.07903992671893856,0.07903992671893856,0.03512885637807635,1.0538656881806934e-10,1.0538656881806934e-10,0.10538656892345591,1.0538656881806934e-10,0.07903992671893856,0.10538656892345591,0.052693284514421235,1.0538656881806934e-10,0.03512885637807635,0.10538656892345591,1.0538656881806934e-10,0.10538656892345591,1
1.017321273412635e-10,0.02992121402563315,0.05086606377236387,0.020346425569984825,0.015371212915593114,0.10173212744299562,0.05086606377236387,0.033910709215486626,0.10173212744299562,1.017321273412635e-10,0.10173212744299562,0.06782141832924113,0.0018166452328261173,0.10173212744299562,0.05086606377236387,1.017321273412635e-10,0.06782141832924113,0.10173212744299562,1.017321273412635e-10,0.10173212744299562,0
0.07996414807193603,0.03057452725336516,0.07996414807193603,0.007996414879161336,0.03232181317279046,0.07996414807193603,0.07996414807193603,7.996414799197188e-11,0.05330943207461207,7.996414799197188e-11,0.07996414807193603,0.05330943207461207,0.06282897350222777,0.07996414807193603,0.039982074075950086,0.02665471607728811,0.05330943207461207,0.07996414807193603,7.996414799197188e-11,0.07996414807193603,1
0.1122846741709797,0.04293237548766807,0.05614233714163218,0.011228467518154176,0.028179289117550882,0.1122846741709797,0.08421350565630593,0.037428224798516346,0.037428224798516346,1.1228467405869503e-10,0.1122846741709797,0.037428224798516346,0.010025417438953873,0.05614233714163218,1.1228467405869503e-10,1.1228467405869503e-10,0.037428224798516346,0.1122846741709797,1.1228467405869503e-10,0.1122846741709797,1
0.13017654745968332,0.0038287221104561565,0.06508827379492992,0.0260353095960779,0.010858789926123076,1.3017654732950676e-10,0.06508827379492992,1.3017654732950676e-10,0.13017654745968332,1.3017654732950676e-10,0.04339218257334546,0.04339218257334546,0.004649162534801793,0.13017654745968332,1.3017654732950676e-10,1.3017654732950676e-10,0.08678436501651439,0.13017654745968332,1.3017654732950676e-10,0.13017654745968332,1
0.027772072668909,0.024504770011780433,0.04165810896170539,0.008331621858994052,0.011506751847898239,0.08331621784009456,0.08331621784009456,0.08331621784009456,0.055544145254501784,8.331621775677835e-11,0.08331621784009456,0.08331621784009456,0.02529242333090964,8.331621775677835e-11,0.08331621784009456,8.331621775677835e-11,0.055544145254501784,0.08331621784009456,0.08331621784009456,0.08331621784009456,1
0.07774152208308327,0.022865153608724386,0.07774152208308327,0.038870761080412396,0.022487464652523166,7.774152200534175e-11,0.07774152208308327,0.05182768141463602,0.05182768141463602,7.774152200534175e-11,0.07774152208308327,0.07774152208308327,0.03470603668726909,0.07774152208308327,0.07774152208308327,0.02591384074618877,0.05182768141463602,0.07774152208308327,7.774152200534175e-11,0.07774152208308327,1
0.02857251504356486,0.006302760738183864,0.042858772522488514,0.051430527009842714,0.004475951999715085,8.571754487354195e-11,0.064288158740874,0.08571754495925948,0.02857251504356486,8.571754487354195e-11,0.08571754495925948,0.02857251504356486,0.07347218140589636,0.08571754495925948,0.042858772522488514,0.02857251504356486,0.08571754495925948,0.08571754495925948,0.08571754495925948,0.08571754495925948,1
0.062241781803232255,0.027459609671246308,0.046681336375764854,0.018672534606323548,0.01357236616116355,9.336267256480437e-11,0.09336267265816704,0.062241781803232255,9.336267256480437e-11,9.336267256480437e-11,0.09336267265816704,0.09336267265816704,0.05335009870182231,0.09336267265816704,0.09336267265816704,9.336267256480437e-11,0.062241781803232255,0.09336267265816704,9.336267256480437e-11,0.09336267265816704,1
0.029911269015214254,0.04222767386688268,0.06730035517206481,8.973380677644135e-11,0.012896704354071037,0.022433451783844146,0.08973380686617516,0.08973380686617516,0.059822537940694705,8.973380677644135e-11,0.059822537940694705,0.08973380686617516,0.017626283563677646,0.08973380686617516,0.08973380686617516,8.973380677644135e-11,0.059822537940694705,0.08973380686617516,8.973380677644135e-11,0.08973380686617516,1
1.236123492523162e-10,0.00908914345098854,0.061806174749770446,1.236123492523162e-10,0.0027478480986280716,1.236123492523162e-10,0.061806174749770446,0.12361234937592856,0.08240823295848983,1.236123492523162e-10,0.08240823295848983,0.08240823295848983,0.019866270539163174,0.12361234937592856,0.061806174749770446,1.236123492523162e-10,0.041204116541051085,0.12361234937592856,1.236123492523162e-10,0.12361234937592856,0
0.02931410592324715,0.0064663469633772066,0.08794231759385682,0.05276539059149102,0.004287272747249032,0.06595673821737819,0.08794231759385682,0.08794231759385682,0.058628211758551985,8.79423175059145e-11,0.058628211758551985,0.08794231759385682,0.02041518093752961,0.08794231759385682,0.08794231759385682,0.02931410592324715,0.058628211758551985,8.79423175059145e-11,8.79423175059145e-11,0.08794231759385682,0
0.038384525848335904,0.033868699291490924,0.057576788714927066,0.011515357835108276,0.024476629845639437,0.057576788714927066,0.028788394415040327,0.07676905158151824,0.038384525848335904,1.1515357719954698e-10,0.11515357731470056,0.07676905158151824,0.018506825022223634,0.11515357731470056,1.1515357719954698e-10,1.1515357719954698e-10,0.07676905158151824,0.11515357731470056,1.1515357719954698e-10,0.11515357731470056,0
0.038965297765195646,0.0034381146152752816,0.05844794658934552,1.1689589294489926e-10,0.09201033073078296,0.11689589306179515,1.1689589294489926e-10,1.1689589294489926e-10,0.0779305954134954,1.1689589294489926e-10,0.038965297765195646,0.038965297765195646,0.00834970675581727,0.11689589306179515,0.05844794658934552,1.1689589294489926e-10,1.1689589294489926e-10,0.11689589306179515,0.11689589306179515,0.11689589306179515,0
1.34223120086772e-10,0.021712563677671527,1.34223120086772e-10,1.34223120086772e-10,0.0051698132772153285,1.34223120086772e-10,0.1342231202209951,0.1342231202209951,0.08948208019207111,1.34223120086772e-10,0.08948208019207111,0.08948208019207111,0.03355578015591613,0.1342231202209951,1.34223120086772e-10,0.04474104016314712,0.08948208019207111,1.34223120086772e-10,1.34223120086772e-10,0.1342231202209951,0
9.453155757448485e-11,0.027803399381144747,0.09453155766901641,9.453155757448485e-11,0.004936197306933126,9.453155757448485e-11,0.09453155766901641,0.09453155766901641,0.06302103847752145,9.453155757448485e-11,0.09453155766901641,0.06302103847752145,0.0692106047472794,0.09453155766901641,0.047265778881773975,0.03151051928602651,0.03151051928602651,0.09453155766901641,9.453155757448485e-11,0.09453155766901641,0
1.2477202217148298e-10,0.014679061556711193,1.2477202217148298e-10,1.2477202217148298e-10,0.005712024029618167,1.2477202217148298e-10,0.0623860112105135,0.124772022296255,0.08318134823909401,1.2477202217148298e-10,0.124772022296255,0.08318134823909401,0.06461408303500427,1.2477202217148298e-10,0.0623860112105135,0.04159067418193301,0.08318134823909401,0.124772022296255,1.2477202217148298e-10,0.124772022296255,0
0.03812639162634761,0.043733213907519435,0.057189587382331826,1.1437917453590531e-10,0.011957765692579905,1.1437917453590531e-10,0.057189587382331826,0.11437917465028449,0.03812639162634761,0.11437917465028449,0.03812639162634761,0.11437917465028449,0.010212426412227865,1.1437917453590531e-10,0.057189587382331826,1.1437917453590531e-10,0.07625278313831604,0.11437917465028449,1.1437917453590531e-10,0.11437917465028449,0
0.035069792446209155,0.049510295174856125,0.10520937712820873,1.0520937702299934e-10,0.014877742976845137,1.0520937702299934e-10,0.026302344360959216,0.10520937712820873,1.0520937702299934e-10,1.0520937702299934e-10,0.10520937712820873,0.07013958478720894,0.015029911108494996,0.10520937712820873,0.05260468861670904,0.035069792446209155,0.07013958478720894,0.10520937712820873,1.0520937702299934e-10,0.10520937712820873,0
0.03329208582296694,0.0646258135623464,0.04993812868451227,0.029962877250657875,0.015442515927192998,9.987625716927204e-11,0.07490719297683028,0.09987625726914831,0.06658417154605763,9.987625716927204e-11,0.09987625726914831,9.987625716927204e-11,0.016051541430652124,0.09987625726914831,0.04993812868451227,0.03329208582296694,0.06658417154605763,0.09987625726914831,9.987625716927204e-11,0.09987625726914831,0
8.990151386967958e-11,0.018509135298364954,0.0449507570247413,0.02697045425080539,0.01162476940836454,8.990151386967958e-11,0.0449507570247413,0.0899015139595811,0.059934342669687904,8.990151386967958e-11,0.0899015139595811,0.0899015139595811,0.07384767219713831,0.0899015139595811,0.0899015139595811,0.029967171379794707,0.059934342669687904,0.0899015139595811,8.990151386967958e-11,0.0899015139595811,0
0.10687453835412195,0.02671863466868639,1.068745382472474e-10,1.068745382472474e-10,0.027950626292038337,0.10687453835412195,0.053437269230498234,1.068745382472474e-10,0.035624846189290335,1.068745382472474e-10,0.10687453835412195,0.035624846189290335,0.019084739079597283,1.068745382472474e-10,0.053437269230498234,0.035624846189290335,0.07124969227170613,0.10687453835412195,0.10687453835412195,0.10687453835412195,0
0.02816946667949693,0.0695951528485977,0.042254199976991196,0.05070503995548776,0.028076467450064816,8.450839978496559e-11,0.042254199976991196,0.084508399869474,0.05633893327448546,8.450839978496559e-11,0.084508399869474,0.084508399869474,0.034708807139047844,0.084508399869474,0.084508399869474,8.450839978496559e-11,0.05633893327448546,0.084508399869474,8.450839978496559e-11,0.084508399869474,0
0.09832830290805598,0.02892008916001291,0.07374622720562406,9.832830280972767e-11,0.012378956675232502,9.832830280972767e-11,0.09832830290805598,0.09832830290805598,0.06555220197148008,9.832830280972767e-11,0.09832830290805598,0.06555220197148008,0.04916415150319214,0.09832830290805598,0.04916415150319214,0.03277610103490419,0.03277610103490419,9.832830280972767e-11,9.832830280972767e-11,0.09832830290805598,0
0.10440589495215653,0.007676904137328735,0.0522029475282812,0.03132176855873109,0.007054607723699267,1.0440589484775063e-10,0.07830442124021886,0.10440589495215653,0.06960393000290631,1.0440589484775063e-10,0.034801965053656105,0.06960393000290631,0.005593173042678253,0.10440589495215653,0.0522029475282812,1.0440589484775063e-10,0.06960393000290631,0.10440589495215653,1.0440589484775063e-10,0.10440589495215653,0
0.03301575087543311,0.05098020350376071,0.09904725242820485,0.029714175797794534,0.025522080139624176,9.904725232915759e-11,0.07428543934591543,0.03301575087543311,0.06603150165181898,0.09904725242820485,0.03301575087543311,9.904725232915759e-11,0.010612205705742709,0.09904725242820485,0.04952362626362604,0.03301575087543311,0.06603150165181898,0.09904725242820485,9.904725232915759e-11,0.09904725242820485,0
0.11753014389327417,0.024197382659595087,0.11753014389327417,1.17530143775744e-10,0.008277681642398215,1.17530143775744e-10,0.058765072005402146,0.0783534293013595,0.0783534293013595,1.17530143775744e-10,0.03917671470944482,0.03917671470944482,0.027283783494042146,1.17530143775744e-10,0.058765072005402146,0.03917671470944482,0.0783534293013595,0.11753014389327417,1.17530143775744e-10,0.11753014389327417,0
0.03816467343906914,0.00841867805373853,0.02862350510792536,1.1449401997372535e-10,0.007477957730253456,0.02862350510792536,0.08587051509478802,0.03816467343906914,0.07632934676364425,1.1449401997372535e-10,0.07632934676364425,0.11449402008821938,0.02044536082408783,0.11449402008821938,0.05724701010135669,1.1449401997372535e-10,0.07632934676364425,0.11449402008821938,1.1449401997372535e-10,0.11449402008821938,0
1.1484418921609232e-10,0.01857773660568265,0.057422094722890345,0.04593767580128112,0.0064771264462238866,0.11484418933093651,0.057422094722890345,0.11484418933093651,0.038281396520208295,1.1484418921609232e-10,0.038281396520208295,0.07656279292557241,0.01025394558056672,0.11484418933093651,1.1484418921609232e-10,1.1484418921609232e-10,0.07656279292557241,0.11484418933093651,1.1484418921609232e-10,0.11484418933093651,0
1.4196952660877551e-10,0.041755743262197616,0.07098476344635728,0.042590858124602185,0.012287777480783428,1.4196952660877551e-10,1.4196952660877551e-10,0.14196952675074503,0.09464635121448653,1.4196952660877551e-10,0.04732317567822803,0.09464635121448653,0.02788687144012186,0.07098476344635728,0.07098476344635728,1.4196952660877551e-10,0.14196952675074503,1.4196952660877551e-10,1.4196952660877551e-10,0.14196952675074503,0
1.0311892499234401e-10,0.007582273999614808,0.05155946259929092,1.0311892499234401e-10,0.006649905467432073,1.0311892499234401e-10,0.02577973135120493,0.06874595009801493,0.06874595009801493,1.0311892499234401e-10,0.03437297510056693,0.10311892509546293,0.01473127510202521,0.10311892509546293,0.10311892509546293,1.0311892499234401e-10,0.10311892509546293,0.10311892509546293,0.10311892509546293,0.10311892509546293,0
1.0352941880409985e-10,0.021314880445549973,0.05176470950557934,0.04141176762516936,0.005508580932381876,1.0352941880409985e-10,0.05176470950557934,0.10352941890762928,0.10352941890762928,1.0352941880409985e-10,0.06901961263959598,1.0352941880409985e-10,0.05176470950557934,0.10352941890762928,0.05176470950557934,1.0352941880409985e-10,0.0345098063715627,0.10352941890762928,0.10352941890762928,0.10352941890762928,0
1.0941426914125009e-10,0.05148906794059078,0.05470713468003931,1.0941426914125009e-10,0.054309790024854844,1.0941426914125009e-10,0.08206070196535183,0.03647142315649763,0.07294284620358099,1.0941426914125009e-10,1.0941426914125009e-10,0.07294284620358099,0.00976913128274017,0.10941426925066436,0.05470713468003931,1.0941426914125009e-10,0.07294284620358099,0.10941426925066436,0.10941426925066436,0.10941426925066436,0
9.774396688413441e-11,0.04599716098439545,0.07330797526084476,0.08796957029346493,0.010191747497624823,9.774396688413441e-11,0.07330797526084476,0.03258132239245543,0.0651626446871669,9.774396688413441e-11,9.774396688413441e-11,0.0651626446871669,0.008727139998113111,0.09774396698187837,0.04887198353981116,0.03258132239245543,0.0651626446871669,0.09774396698187837,0.09774396698187837,0.09774396698187837,0
1.026408491607328e-10,0.04830157617827981,0.051320424683007244,1.026408491607328e-10,0.008991099027692384,1.026408491607328e-10,0.02566021239282405,0.10264084926337365,0.03421361648955178,1.026408491607328e-10,0.10264084926337365,0.06842723287646271,0.027493084699265705,0.10264084926337365,0.051320424683007244,1.026408491607328e-10,0.06842723287646271,0.10264084926337365,0.10264084926337365,0.10264084926337365,0
0.02962024832589548,0.01829485929408808,0.06664555862218889,0.017772149031081586,0.019787577608715412,8.886074471110421e-11,0.08886074479996496,0.08886074479996496,8.886074471110421e-11,8.886074471110421e-11,0.05924049656293022,0.08886074479996496,0.033322779355524815,0.08886074479996496,0.04443037244441284,8.886074471110421e-11,0.08886074479996496,0.08886074479996496,0.08886074479996496,0.08886074479996496,0
1.1978508867866262e-10,0.0035230909632751645,0.11978508879844771,0.023957017855517612,0.020656238037630836,1.1978508867866262e-10,0.05989254445911639,1.1978508867866262e-10,1.1978508867866262e-10,1.1978508867866262e-10,0.11978508879844771,1.1978508867866262e-10,0.05347548613704519,0.11978508879844771,1.1978508867866262e-10,1.1978508867866262e-10,0.11978508879844771,0.11978508879844771,0.11978508879844771,0.11978508879844771,0
0.03397674800200623,0.020985638510800705,0.1019302438021582,0.030579073211998636,0.005580532317277818,1.0193024370022796e-10,0.050965121952044216,0.1019302438021582,0.1019302438021582,1.0193024370022796e-10,0.03397674800200623,0.06795349590208222,0.02548256102698724,0.1019302438021582,0.050965121952044216,1.0193024370022796e-10,0.06795349590208222,0.1019302438021582,1.0193024370022796e-10,0.1019302438021582,0
0.08986838897890027,0.014537533586623543,0.044934194534384325,0.05392103342328752,0.021623993960878427,0.02246709731212636,0.044934194534384325,0.05991225934922298,0.05991225934922298,8.986838888903189e-11,0.02995612971954568,0.02995612971954568,0.03370064592325534,0.08986838897890027,0.044934194534384325,8.986838888903189e-11,0.08986838897890027,0.08986838897890027,0.08986838897890027,0.08986838897890027,0
0.03515282090058545,0.040322353370457066,0.10545846249083943,0.021091692582534655,0.047210853520637266,1.0545846238538096e-10,0.07909384689449418,0.03515282090058545,0.07030564169571243,1.0545846238538096e-10,0.03515282090058545,0.03515282090058545,0.0564956049547697,0.10545846249083943,0.05272923129814894,1.0545846238538096e-10,0.07030564169571243,0.10545846249083943,1.0545846238538096e-10,0.10545846249083943,0
1.1336287840317055e-10,0.03334202317311892,0.08502215891574078,0.034008863634314046,0.004827933858496256,1.1336287840317055e-10,0.028340719714155516,0.11336287851653343,0.11336287851653343,1.1336287840317055e-10,0.11336287851653343,1.1336287840317055e-10,0.058705776429290465,0.056681439314948144,0.056681439314948144,1.1336287840317055e-10,0.07557525238214324,0.11336287851653343,1.1336287840317055e-10,0.11336287851653343,0
0.026130334587601424,0.03688988409139395,0.03919550184220663,7.839100352763126e-11,0.06068034769733655,7.839100352763126e-11,0.07839100360602227,0.07839100360602227,0.052260669096811846,7.839100352763126e-11,0.026130334587601424,0.07839100360602227,0.05319389532928365,0.07839100360602227,0.07839100360602227,7.839100352763126e-11,0.07839100360602227,0.07839100360602227,0.07839100360602227,0.07839100360602227,0
0.05575285738314138,0.004919369921601171,0.04181464307917068,0.10035514315584763,0.0016841818890325159,0.12544392890299488,0.04181464307917068,0.16725857181490703,0.05575285738314138,1.6725857164764844e-10,0.05575285738314138,0.05575285738314138,0.014933801207227183,1.6725857164764844e-10,1.6725857164764844e-10,1.6725857164764844e-10,0.1115057145990242,1.6725857164764844e-10,1.6725857164764844e-10,0.16725857181490703,0
1.231925329429554e-10,0.01449323929295199,0.030798133358931386,0.036957760006079164,0.012872379349486816,1.231925329429554e-10,0.06159626659467023,0.12319253306614794,1.231925329429554e-10,1.231925329429554e-10,1.231925329429554e-10,0.12319253306614794,0.02199866672014885,0.12319253306614794,0.12319253306614794,1.231925329429554e-10,0.08212835541849614,0.12319253306614794,1.231925329429554e-10,0.12319253306614794,0
0.09232501185209048,0.027154415315785437,0.04616250597220774,0.027697503620254655,0.010906889068236557,0.04616250597220774,0.09232501185209048,0.06155000793216865,0.06155000793216865,9.232501175976546e-11,0.03077500401224683,0.06155000793216865,0.026378574880829432,9.232501175976546e-11,0.04616250597220774,0.03077500401224683,0.06155000793216865,0.09232501185209048,0.09232501185209048,0.09232501185209048,0
0.061930712703902525,0.0054644748197430525,0.046448034574374936,1.8579213755433118e-10,0.006961838288273677,0.046448034574374936,0.046448034574374936,1.8579213755433118e-10,0.061930712703902525,1.8579213755433118e-10,1.8579213755433118e-10,0.061930712703902525,0.0431303178323333,0.09289606896295771,0.09289606896295771,1.8579213755433118e-10,0.061930712703902525,0.18579213774012332,1.8579213755433118e-10,0.18579213774012332,0
0.03180296039728916,0.015433789653674307,0.0715566607746395,0.047704440548229296,0.006625179346147227,0.0715566607746395,0.047704440548229296,0.06360592069916944,0.09540888100104972,9.540888090564084e-11,0.06360592069916944,0.03180296039728916,0.0715566607746395,0.047704440548229296,0.047704440548229296,0.03180296039728916,0.06360592069916944,0.09540888100104972,9.540888090564084e-11,0.09540888100104972,0
0.03430312206241306,0.030267460655412623,1.0290936587851108e-10,0.09261842939356933,0.022598837960350643,1.0290936587851108e-10,0.051454683042164905,1.0290936587851108e-10,0.06860624402191676,1.0290936587851108e-10,0.10290936598142045,1.0290936587851108e-10,0.0312403433160288,0.10290936598142045,0.051454683042164905,0.06860624402191676,0.03430312206241306,0.10290936598142045,0.10290936598142045,0.10290936598142045,0
0.04387063617182034,0.038709384872972284,0.1316119082522372,0.026322381755736965,0.03248657544960052,1.3161190812062528e-10,0.03290297716176823,0.04387063617182034,0.04387063617182034,1.3161190812062528e-10,0.1316119082522372,0.08774127221202876,0.014101276001678905,1.3161190812062528e-10,0.06580595419192455,1.3161190812062528e-10,0.04387063617182034,0.1316119082522372,1.3161190812062528e-10,0.1316119082522372,0
0.06728332918300142,0.03265220397211465,2.018499869434543e-10,2.018499869434543e-10,0.016970770535821494,2.018499869434543e-10,0.05046249693771356,0.06728332918300142,0.06728332918300142,2.018499869434543e-10,2.018499869434543e-10,2.018499869434543e-10,0.02523124856978177,0.2018499871453043,2.018499869434543e-10,0.06728332918300142,2.018499869434543e-10,0.2018499871453043,2.018499869434543e-10,0.2018499871453043,0
0.09174490726942369,0.02226163201518801,0.0688086804864721,0.04128520834693022,0.015727482154187327,1.376173606977095e-10,0.034404340312044736,0.04587245370352053,0.04587245370352053,1.376173606977095e-10,0.09174490726942369,1.376173606977095e-10,0.014744717355229094,0.13761736083532686,0.0688086804864721,1.376173606977095e-10,0.04587245370352053,0.13761736083532686,1.376173606977095e-10,0.13761736083532686,0
1.4631273999152601e-10,0.0430331589673498,0.036578185144194246,0.029262548144617945,0.053311487118024276,1.4631273999152601e-10,0.036578185144194246,0.048770913476821415,1.4631273999152601e-10,1.4631273999152601e-10,1.4631273999152601e-10,0.048770913476821415,0.09405819014086517,1.4631273999152601e-10,0.07315637014207574,1.4631273999152601e-10,0.09754182680733009,0.14631274013783876,0.14631274013783876,0.14631274013783876,0
1.1188046127879074e-10,0.013162407321149958,0.05594023075127583,0.06712827687915492,0.003355059614298253,1.1188046127879074e-10,0.02797011543157815,0.1118804613906712,0.03729348720481071,1.1188046127879074e-10,0.1118804613906712,0.03729348720481071,0.06792742303114627,0.1118804613906712,0.05594023075127583,1.1188046127879074e-10,0.07458697429774096,0.1118804613906712,1.1188046127879074e-10,0.1118804613906712,0
0.05209879520494391,0.02988019140086927,0.05861114459579338,0.07033337349932241,0.007129399411280192,7.814819269019358e-11,0.07814819276834178,0.07814819276834178,0.05209879520494391,7.814819269019358e-11,0.07814819276834178,7.814819269019358e-11,0.06558866180027495,0.07814819276834178,0.03907409642324498,7.814819269019358e-11,0.07814819276834178,0.07814819276834178,0.07814819276834178,0.07814819276834178,0
0.025225210345762267,0.035612061633445005,7.567563081025991e-11,0.06810806780490955,0.007091207254605565,7.567563081025991e-11,0.07567563088593555,0.07567563088593555,0.05045042061584891,7.567563081025991e-11,0.07567563088593555,0.07567563088593555,0.056756723183370564,0.07567563088593555,0.07567563088593555,7.567563081025991e-11,0.07567563088593555,0.07567563088593555,0.07567563088593555,0.07567563088593555,0
0.10552578345519206,0.032588844999979424,0.0791443376309662,0.03165773514735969,0.022766952744794573,1.5828867494535507e-10,0.0791443376309662,0.05276289180674037,0.10552578345519206,1.5828867494535507e-10,1.5828867494535507e-10,1.5828867494535507e-10,0.0423987523757945,0.15828867510364375,0.0791443376309662,1.5828867494535507e-10,0.05276289180674037,1.5828867494535507e-10,1.5828867494535507e-10,0.15828867510364375,0
0.08550102703624962,0.03206288521875082,0.12825154049024867,0.07695092434544981,0.014600662448542728,1.2825154036199712e-10,0.03206288521875082,0.04275051358225058,1.2825154036199712e-10,1.2825154036199712e-10,1.2825154036199712e-10,0.08550102703624962,0.03206288521875083,0.12825154049024867,1.2825154036199712e-10,1.2825154036199712e-10,0.08550102703624962,0.12825154049024867,1.2825154036199712e-10,0.12825154049024867,0
1.175187583461591e-10,0.03456434080756555,0.0587593792905983,1.175187583461591e-10,0.004300097746009778,0.11751875846367786,0.11751875846367786,0.11751875846367786,0.03917291956623846,1.175187583461591e-10,0.03917291956623846,0.07834583901495816,0.02098549267933288,1.175187583461591e-10,0.0587593792905983,1.175187583461591e-10,0.07834583901495816,0.11751875846367786,1.175187583461591e-10,0.11751875846367786,0
0.07762388753596985,0.034245832801524365,0.05821791568108634,1.1643583112930104e-10,0.004465487862508398,1.1643583112930104e-10,0.0873268734634116,0.11643583124573686,0.07762388753596985,1.1643583112930104e-10,0.07762388753596985,0.11643583124573686,0.03950501424959153,1.1643583112930104e-10,0.11643583124573686,1.1643583112930104e-10,0.07762388753596985,1.1643583112930104e-10,1.1643583112930104e-10,0.11643583124573686,0
1.1352373803755552e-10,0.03338933483045183,0.056761869132301496,1.1352373803755552e-10,0.007064782094401656,0.11352373815107927,0.056761869132301496,0.11352373815107927,0.03784124612604225,1.1352373803755552e-10,0.03784124612604225,0.03784124612604225,0.032435353838539606,0.11352373815107927,0.056761869132301496,1.1352373803755552e-10,0.07568249213856076,0.11352373815107927,1.1352373803755552e-10,0.11352373815107927,0
1.0169619063669592e-10,0.029910644406606752,0.05084809542004414,1.0169619063669592e-10,0.005791546118477321,0.1016961907383921,0.07627214307921812,0.1016961907383921,0.03389873031392816,1.0169619063669592e-10,0.1016961907383921,0.1016961907383921,0.023608044356643456,0.1016961907383921,1.0169619063669592e-10,1.0169619063669592e-10,0.06779746052616013,0.1016961907383921,1.0169619063669592e-10,0.1016961907383921,0
1.181622176325982e-10,0.03475359353951463,0.059081108934461314,1.181622176325982e-10,0.0072884256692870445,0.11816221775076044,0.059081108934461314,0.11816221775076044,0.03938740599569496,1.181622176325982e-10,0.11816221775076044,1.181622176325982e-10,0.012660237721654883,0.11816221775076044,1.181622176325982e-10,1.181622176325982e-10,0.0787748118732277,0.11816221775076044,1.181622176325982e-10,0.11816221775076044,0
0.03703925492786578,0.02287718690969742,0.055558882336239776,1.1111776445024404e-10,0.004842372150547349,0.11111776456136181,0.055558882336239776,0.11111776456136181,0.03703925492786578,1.1111776445024404e-10,0.03703925492786578,0.03703925492786578,0.027779441223678782,0.11111776456136181,0.055558882336239776,1.1111776445024404e-10,0.07407850974461379,0.11111776456136181,1.1111776445024404e-10,0.11111776456136181,0
1.0647917590724353e-10,0.012526961977919589,0.05323958806010093,1.0647917590724353e-10,0.003808268200443536,0.1064791760137227,0.05323958806010093,0.1064791760137227,0.1064791760137227,1.0647917590724353e-10,0.03549305874222702,0.07098611737797486,0.007605655528425144,0.1064791760137227,0.05323958806010093,1.0647917590724353e-10,0.07098611737797486,0.1064791760137227,1.0647917590724353e-10,0.1064791760137227,0
1.329894340502744e-10,0.03911453955954073,0.06649471715812663,1.329894340502744e-10,0.007002910245574038,1.329894340502744e-10,0.03324735864555804,0.13298943418326384,0.044329811483080905,1.329894340502744e-10,0.13298943418326384,0.044329811483080905,0.01187405674462108,0.13298943418326384,1.329894340502744e-10,1.329894340502744e-10,0.08865962283317237,0.13298943418326384,1.329894340502744e-10,0.13298943418326384,0
0.04092565004834343,0.025277607429744477,1.2277694977669944e-10,1.2277694977669944e-10,0.01370043228670049,0.03069423756695181,0.03069423756695181,0.0818512999739099,0.04092565004834343,1.2277694977669944e-10,0.0818512999739099,0.0818512999739099,0.019732009908317933,0.12277694989947638,0.06138847501112666,0.04092565004834343,0.0818512999739099,0.12277694989947638,1.2277694977669944e-10,0.12277694989947638,0
7.432201851187601e-11,0.061206368260572845,0.05574151395822902,0.06688981673501042,0.026933246135685256,7.432201851187601e-11,0.07432201858619802,0.04954801241557269,0.04954801241557269,7.432201851187601e-11,0.07432201858619802,0.07432201858619802,0.0583958717622246,0.07432201858619802,0.03716100933026002,0.024774006244947355,0.04954801241557269,0.07432201858619802,0.07432201858619802,0.07432201858619802,0
1.0147244549167947e-10,0.029844837010789934,0.050736222847312176,0.02029448919980834,0.01728057778369694,1.0147244549167947e-10,0.10147244559315191,0.10147244559315191,0.06764829709592543,1.0147244549167947e-10,0.033824148598698936,0.033824148598698936,0.036240159205643684,0.10147244559315191,1.0147244549167947e-10,1.0147244549167947e-10,0.10147244559315191,0.10147244559315191,0.10147244559315191,0.10147244559315191,0
9.787332519523779e-11,0.0028786273094979654,0.024468331396682776,0.058723995215016006,0.005105310557050468,9.787332519523779e-11,0.09787332529311112,0.09787332529311112,0.03262444182961925,9.787332519523779e-11,0.09787332529311112,0.09787332529311112,0.0279638072965127,0.09787332529311112,0.09787332529311112,9.787332519523779e-11,0.06524888356136518,0.09787332529311112,9.787332519523779e-11,0.09787332529311112,0
0.030394040368285136,0.05900019592320561,0.04559106050683664,0.08206390883936025,0.07737485799040343,9.118212083130904e-11,0.04559106050683664,0.030394040368285136,0.060788080645388154,9.118212083130904e-11,0.030394040368285136,0.060788080645388154,0.006513008721989911,0.09118212092249117,0.04559106050683664,9.118212083130904e-11,0.060788080645388154,0.09118212092249117,0.09118212092249117,0.09118212092249117,0
8.511952451391055e-11,0.07009843203775173,0.04255976234207479,0.07660757214763901,0.03300524324840376,8.511952451391055e-11,0.08511952459903008,0.08511952459903008,0.05674634976105989,0.04255976234207479,0.08511952459903008,0.08511952459903008,0.02583985574112808,0.08511952459903008,8.511952451391055e-11,8.511952451391055e-11,0.05674634976105989,0.08511952459903008,8.511952451391055e-11,0.08511952459903008,0
0.10964352050493026,0.022573666073379024,0.05482176030728689,0.05482176030728689,0.010213848466043897,1.0964352039528674e-10,0.027410880208465205,0.10964352050493026,0.03654784024140577,1.0964352039528674e-10,0.10964352050493026,1.0964352039528674e-10,0.00783168013787829,0.10964352050493026,0.05482176030728689,1.0964352039528674e-10,0.07309568037316802,0.10964352050493026,1.0964352039528674e-10,0.10964352050493026,0
1.4443344167743657e-10,0.02973629696037626,0.07221672098315171,0.04333003264766442,0.023364934585484585,1.4443344167743657e-10,0.07221672098315171,0.04814448070357896,0.04814448070357896,1.4443344167743657e-10,0.04814448070357896,1.4443344167743657e-10,0.012895843151347421,0.14443344182187,0.07221672098315171,1.4443344167743657e-10,0.09628896126272449,0.14443344182187,1.4443344167743657e-10,0.14443344182187,0
0.034456146482940465,0.007600620628274032,0.02584210988804746,0.010336844017240047,0.02775033654871871,1.0336843913871608e-10,0.10336843924208451,0.034456146482940465,0.034456146482940465,1.0336843913871608e-10,0.10336843924208451,0.10336843924208451,0.10152257425746458,1.0336843913871608e-10,0.10336843924208451,1.0336843913871608e-10,0.10336843924208451,1.0336843913871608e-10,0.10336843924208451,0.10336843924208451,0
0.1170250273590434,0.02409338807861704,0.0877687705485388,0.0234050055654287,0.010032188542416498,1.1702502724201838e-10,0.0877687705485388,0.1170250273590434,0.03900834253103115,1.1702502724201838e-10,1.1702502724201838e-10,1.1702502724201838e-10,0.0062691980049903,0.1170250273590434,0.058512513738034205,1.1702502724201838e-10,0.07801668494503727,0.1170250273590434,1.1702502724201838e-10,0.1170250273590434,0
0.07624363586080513,0.010091069551394233,0.057182726924195196,1.143654536196595e-10,0.006229877911408641,0.028591363519280332,0.11436545373402496,1.143654536196595e-10,0.03812181798758529,1.143654536196595e-10,0.11436545373402496,0.11436545373402496,0.05922496716740339,0.11436545373402496,0.11436545373402496,1.143654536196595e-10,0.03812181798758529,1.143654536196595e-10,1.143654536196595e-10,0.11436545373402496,0
1.3008433334713145e-10,0.015304039347393914,0.06504216680365006,1.3008433334713145e-10,0.0036432776514714747,1.3008433334713145e-10,0.09756325014043292,0.1300843334772158,0.08672288902817198,1.3008433334713145e-10,0.043361444579128154,1.3008433334713145e-10,0.016260541798475765,0.1300843334772158,0.06504216680365006,1.3008433334713145e-10,0.08672288902817198,0.1300843334772158,1.3008433334713145e-10,0.1300843334772158,0
0.04218118435632154,0.007443738520033785,0.06327177647121053,0.025308710664410348,0.006872372004191434,1.2654355268933398e-10,0.06327177647121053,0.08436236858609954,0.04218118435632154,1.2654355268933398e-10,0.12654355281587754,1.2654355268933398e-10,0.011298531616662659,0.12654355281587754,0.06327177647121053,1.2654355268933398e-10,0.08436236858609954,0.12654355281587754,1.2654355268933398e-10,0.12654355281587754,0
0.1206944222780344,0.008874589985204713,0.0603472111993644,0.024138884552162416,0.011489014665219465,1.2069442215733997e-10,0.030173605660029416,0.040231474173141074,0.040231474173141074,0.0603472111993644,0.040231474173141074,0.08046294822558774,1.2069442215733997e-10,0.1206944222780344,1.2069442215733997e-10,0.040231474173141074,0.08046294822558774,0.1206944222780344,1.2069442215733997e-10,0.1206944222780344,0
0.030268338080026314,0.05875618559929341,0.04540250707463696,0.027241504281104188,0.05351670002519744,0.06810376056655293,0.06810376056655293,9.08050139676639e-11,0.06053667606924762,0.04540250707463696,0.030268338080026314,0.09080501405846891,0.012972144943328427,9.08050139676639e-11,0.04540250707463696,0.030268338080026314,0.06053667606924762,0.09080501405846891,0.09080501405846891,0.09080501405846891,0
9.806147131620532e-11,0.04614657483509927,0.07354610358521546,0.058836882887784665,0.035811268125224165,9.806147131620532e-11,0.04903073575616412,0.0980614714142668,0.06537431430886502,9.806147131620532e-11,0.06537431430886502,0.03268715720346324,0.01751097711881242,0.04903073575616412,0.04903073575616412,9.806147131620532e-11,0.06537431430886502,0.0980614714142668,0.0980614714142668,0.0980614714142668,0
1.2761927182563957e-10,0.03753508007633679,0.06380963604043906,0.03828578167531115,0.011853270230055696,1.2761927182563957e-10,0.03190481808402917,0.12761927195325884,1.2761927182563957e-10,1.2761927182563957e-10,0.08507951467804566,0.04253975740283246,0.029625902515714172,0.12761927195325884,0.06380963604043906,1.2761927182563957e-10,0.08507951467804566,0.12761927195325884,1.2761927182563957e-10,0.12761927195325884,0
1.1658152138562702e-10,0.029145380462988275,0.05829076080939502,0.03497445653226963,0.010167366210794067,1.1658152138562702e-10,0.05829076080939502,0.0777210143736662,0.038860507245123854,1.1658152138562702e-10,0.038860507245123854,1.1658152138562702e-10,0.012490877407898702,0.11658152150220853,0.05829076080939502,0.038860507245123854,0.0777210143736662,0.11658152150220853,0.11658152150220853,0.11658152150220853,0
1.174138321385436e-10,0.03453348015816195,0.08806037422132153,0.03522414975897692,0.009102899285632602,1.174138321385436e-10,0.029353458152049733,0.11741383225595743,0.039137944163595034,1.174138321385436e-10,0.039137944163595034,0.07827588820977624,0.02096675585643947,0.11741383225595743,1.174138321385436e-10,1.174138321385436e-10,0.039137944163595034,0.11741383225595743,0.11741383225595743,0.11741383225595743,0
0.03279060689060588,0.0028932889329807074,0.07377886538089845,9.83718203767022e-11,0.005190853831246112,9.83718203767022e-11,9.83718203767022e-11,0.098371820475074,0.06558121368283995,9.83718203767022e-11,0.098371820475074,0.03279060689060588,0.04918591028672291,0.098371820475074,0.04918591028672291,9.83718203767022e-11,0.098371820475074,0.098371820475074,0.098371820475074,0.098371820475074,0
0.032218557320832904,0.0625419052965291,9.66556716725317e-11,0.0869901046019342,0.019114145798816942,0.024163918014788597,0.07249175385105443,0.09665567176918737,0.06443711454501014,9.66556716725317e-11,0.09665567176918737,0.09665567176918737,0.02588991215179809,0.09665567176918737,0.09665567176918737,9.66556716725317e-11,0.032218557320832904,9.66556716725317e-11,9.66556716725317e-11,0.09665567176918737,0
9.119420673427206e-11,0.01072873029522621,0.09119420682546626,9.119420673427206e-11,0.023046934807300273,9.119420673427206e-11,0.09119420682546626,0.060796137914042245,0.060796137914042245,0.04559710345833023,0.09119420682546626,0.030398069002618225,0.03908323154873937,0.09119420682546626,9.119420673427206e-11,0.030398069002618225,0.060796137914042245,0.09119420682546626,0.09119420682546626,0.09119420682546626,0
0.0370282058357828,0.013068778602154562,0.05554230869813189,0.05554230869813189,0.0023776778969723015,1.1108461717409456e-10,0.05554230869813189,0.11108461728517918,0.07405641156048098,1.1108461717409456e-10,0.0370282058357828,0.07405641156048098,0.021820192770281764,0.11108461728517918,0.05554230869813189,1.1108461717409456e-10,0.07405641156048098,0.11108461728517918,1.1108461717409456e-10,0.11108461728517918,0
0.042656728616372,0.08280423778192664,0.06398509286057291,0.03839105576753183,0.040142953101291214,1.2797018546520547e-10,0.06398509286057291,0.042656728616372,0.042656728616372,1.2797018546520547e-10,0.042656728616372,1.2797018546520547e-10,0.00685554577789191,0.12797018559317563,0.06398509286057291,1.2797018546520547e-10,0.08531345710477382,0.12797018559317563,1.2797018546520547e-10,0.12797018559317563,0
0.03554851561801188,0.0501861396521039,1.0664554653409902e-10,0.03199366406687526,0.02085497272589216,1.0664554653409902e-10,0.05332277337369505,0.10664554664074456,0.03554851561801188,1.0664554653409902e-10,1.0664554653409902e-10,0.07109703112937822,0.04380084957600765,0.10664554664074456,0.05332277337369505,1.0664554653409902e-10,0.07109703112937822,0.10664554664074456,0.10664554664074456,0.10664554664074456,0
0.08419348963923348,0.03962046575715348,0.06314511725047348,0.02525804695070549,0.01951728694979179,8.419348955503999e-11,0.04209674486171348,0.08419348963923348,0.056128993120886816,8.419348955503999e-11,0.02806449660254015,0.056128993120886816,0.010524186278573487,0.08419348963923348,0.04209674486171348,0.02806449660254015,0.08419348963923348,0.08419348963923348,0.08419348963923348,0.08419348963923348,0
0.07534596070939692,0.03545692272666406,0.05650947055088417,0.06781136464599181,0.0320471154985447,0.07534596070939692,0.0188364902338587,0.07534596070939692,0.0502306404980466,7.534596063405096e-11,0.07534596070939692,0.0502306404980466,0.01076370873735324,0.07534596070939692,7.534596063405096e-11,0.025115320286696278,0.0502306404980466,0.07534596070939692,0.07534596070939692,0.07534596070939692,0
0.0693470556415418,0.0489508628363885,0.05201029175716149,0.031206175095905137,0.022665429282675585,1.0402058330628183e-10,0.05201029175716149,0.10402058341030242,0.0693470556415418,1.0402058330628183e-10,0.03467352787278119,0.0693470556415418,0.013002573017305811,0.10402058341030242,0.05201029175716149,1.0402058330628183e-10,0.0693470556415418,0.10402058341030242,1.0402058330628183e-10,0.10402058341030242,0
0.12070230177188049,0.0035500678163251885,0.06035115094629139,0.02414046045093794,0.02896350499033959,1.207023016511782e-10,0.03017557553349685,1.207023016511782e-10,0.04023410067109503,1.207023016511782e-10,0.12070230177188049,0.04023410067109503,0.02802017728972581,0.12070230177188049,0.06035115094629139,1.207023016511782e-10,0.08046820122148776,0.12070230177188049,1.207023016511782e-10,0.12070230177188049,0
0.03807552378369361,0.033596050410815134,0.05711328561842713,0.011422657215066684,0.07108520524821009,1.1422657100840112e-10,0.05711328561842713,1.1422657100840112e-10,0.03807552378369361,1.1422657100840112e-10,0.1142265711226277,0.07615104745316066,0.00815904090054094,0.1142265711226277,1.1422657100840112e-10,0.03807552378369361,0.1142265711226277,0.1142265711226277,1.1422657100840112e-10,0.1142265711226277,0
0.12307887078348942,0.02533976761198692,1.2307887066041054e-10,0.11077098371744835,0.0265133586922165,1.2307887066041054e-10,0.061539435453284136,0.04102629034321571,0.08205258056335256,1.2307887066041054e-10,0.04102629034321571,0.08205258056335256,0.037363228716417785,0.061539435453284136,0.061539435453284136,0.04102629034321571,0.08205258056335256,1.2307887066041054e-10,1.2307887066041054e-10,0.12307887078348942,0
0.03373080315223048,0.029762473381520115,0.050596204677749515,0.020238481931815253,0.0211972875253096,1.0119240915311422e-10,0.07589430696602806,0.06746160620326855,1.0119240915311422e-10,1.0119240915311422e-10,0.06746160620326855,0.06746160620326855,0.04336817545252707,0.10119240925430663,0.050596204677749515,1.0119240915311422e-10,0.06746160620326855,0.10119240925430663,0.10119240925430663,0.10119240925430663,0
0.10012069113000928,0.020613083547450693,0.02503017285759284,1.0012069102988859e-10,0.034199914808690536,1.0012069102988859e-10,0.10012069113000928,0.03337356377675022,0.06674712745337975,1.0012069102988859e-10,0.10012069113000928,0.10012069113000928,0.03575738975365233,1.0012069102988859e-10,0.05006034561506498,0.03337356377675022,0.10012069113000928,1.0012069102988859e-10,0.10012069113000928,0.10012069113000928,0
0.12040715996402607,0.014165548337303498,0.060203580042216605,1.204071598436189e-10,0.007526275765964058,0.060203580042216605,0.060203580042216605,0.040135720068280124,0.040135720068280124,1.204071598436189e-10,0.040135720068280124,0.040135720068280124,0.015050895100859522,0.12040715996402607,0.060203580042216605,1.204071598436189e-10,0.08027144001615309,0.12040715996402607,1.204071598436189e-10,0.12040715996402607,0
7.571581284779156e-11,0.03563097082761772,0.037857906499611585,0.04542948778439075,0.007194960391999295,0.07571581292350738,0.07571581292350738,0.07571581292350738,0.05047720864091019,7.571581284779156e-11,0.07571581292350738,0.07571581292350738,0.028393429893637644,0.07571581292350738,0.037857906499611585,7.571581284779156e-11,0.07571581292350738,0.07571581292350738,0.07571581292350738,0.07571581292350738,0
0.04275789573974539,0.02640928859418268,0.1282736869626888,0.025654737495156708,0.011843471378859608,1.2827368683441512e-10,0.03206842183687746,0.04275789573974539,0.08551579135121709,1.2827368683441512e-10,0.04275789573974539,1.2827368683441512e-10,0.027487218735648345,0.1282736869626888,0.06413684354548123,0.04275789573974539,0.04275789573974539,0.1282736869626888,1.2827368683441512e-10,0.1282736869626888,0
0.10663723494130464,0.012545557146009868,0.053318617523970935,0.021327447073570715,0.005122389564690753,0.053318617523970935,0.053318617523970935,0.10663723494130464,0.03554574505152637,1.0663723483466741e-10,0.10663723494130464,0.07109148999641551,0.019042363469970697,0.10663723494130464,1.0663723483466741e-10,1.0663723483466741e-10,0.03554574505152637,0.10663723494130464,1.0663723483466741e-10,0.10663723494130464,0
0.030078151903245243,0.026539545807596914,0.04511722780975064,0.09023445552926683,0.05500260256374609,9.023445543903237e-11,0.04511722780975064,0.030078151903245243,0.060156303716256035,0.04511722780975064,0.060156303716256035,0.060156303716256035,0.016113295704347375,9.023445543903237e-11,0.04511722780975064,0.030078151903245243,0.09023445552926683,0.09023445552926683,0.09023445552926683,0.09023445552926683,0
0.0282620550891064,0.024937107441539312,0.08478616509774688,0.08478616509774688,0.05452738517730761,8.478616501296071e-11,0.042393082591266514,0.0282620550891064,0.05652411009342664,0.042393082591266514,0.05652411009342664,0.05652411009342664,0.030280773303700704,0.08478616509774688,0.042393082591266514,0.0282620550891064,0.08478616509774688,8.478616501296071e-11,0.08478616509774688,0.08478616509774688,0
0.034478356453371016,0.03498539110557595,0.10343506915324291,0.031030520818377424,0.012919423826504498,0.05171753462833898,0.05171753462833898,0.10343506915324291,0.06895671280330697,1.0343506904980784e-10,0.034478356453371016,0.034478356453371016,0.007388219321278488,0.10343506915324291,0.05171753462833898,0.034478356453371016,0.034478356453371016,0.10343506915324291,1.0343506904980784e-10,0.10343506915324291,0
0.03261382030537575,0.03740997033589549,0.0733810955647936,0.029352438284622324,0.008985220620518042,0.024460365253492176,0.024460365253492176,0.09784146072044432,0.06522764051291004,9.784146062260287e-11,0.06522764051291004,0.09784146072044432,0.01921885843442417,0.04892073040914289,0.04892073040914289,0.03261382030537575,0.09784146072044432,0.09784146072044432,9.784146062260287e-11,0.09784146072044432,0
0.024651290101423536,0.060903187200643624,0.01848846759455612,0.07395387015636287,0.059133797809046165,0.01848846759455612,0.07395387015636287,0.0493025801288932,0.024651290101423536,7.395387008240899e-11,0.07395387015636287,0.07395387015636287,0.054144797812860454,7.395387008240899e-11,0.07395387015636287,0.024651290101423536,0.07395387015636287,0.07395387015636287,0.07395387015636287,0.07395387015636287,0
0.02888327235747375,0.04077638446898949,0.043324908492885714,0.025994945130391363,0.011542819856815673,0.02166245428976777,0.043324908492885714,0.08664981689912163,0.02888327235747375,0.043324908492885714,0.08664981689912163,0.08664981689912163,0.04796686296498242,0.08664981689912163,0.08664981689912163,8.66498168124718e-11,0.05776654462829769,0.08664981689912163,8.66498168124718e-11,0.08664981689912163,0
0.029848632694474703,0.04213924612003362,0.0447729489969391,0.05372753877841775,0.060909342490029536,0.022386474543242503,0.0447729489969391,8.954589781478642e-11,0.05969726529940351,8.954589781478642e-11,0.08954589790433232,0.08954589790433232,0.0447729489969391,0.08954589790433232,0.08954589790433232,8.954589781478642e-11,0.05969726529940351,8.954589781478642e-11,0.08954589790433232,0.08954589790433232,0
0.03223204104170258,0.05830207415898721,0.04834806151420581,0.02900883694720194,0.014796518067654023,0.02417403080545097,0.04834806151420581,0.0966961229317155,0.06446408198670904,0.0966961229317155,0.0966961229317155,0.03223204104170258,0.0034534330550896756,0.0966961229317155,9.669612283501937e-11,9.669612283501937e-11,0.06446408198670904,0.0966961229317155,9.669612283501937e-11,0.0966961229317155,0
1.5517617225628073e-10,0.01825602042062096,0.03879404321924636,0.0465528518320604,0.003210423879637576,1.5517617225628073e-10,0.07758808628331652,0.1551761724114569,0.05172539090726975,1.5517617225628073e-10,0.1551761724114569,1.5517617225628073e-10,0.01385501553520124,1.5517617225628073e-10,0.07758808628331652,1.5517617225628073e-10,0.05172539090726975,0.1551761724114569,1.5517617225628073e-10,0.1551761724114569,0
0.029408863050825435,0.025948996819931448,0.08822658897602313,0.07940393008724346,0.008179916577493517,8.822658888779653e-11,0.08822658897602313,0.08822658897602313,8.822658888779653e-11,8.822658888779653e-11,0.08822658897602313,8.822658888779653e-11,0.018905697707040127,0.08822658897602313,0.04411329453212485,0.029408863050825435,0.05881772601342428,0.08822658897602313,0.08822658897602313,0.08822658897602313,0
0.08071928525344063,0.035611449444179676,0.12107892781962148,1.2107892769854257e-10,0.00728845323553945,0.12107892781962148,0.09080919589498583,0.12107892781962148,0.08071928525344063,1.2107892769854257e-10,0.04035964268725978,1.2107892769854257e-10,0.038918226881324756,1.2107892769854257e-10,0.0605394639703502,0.04035964268725978,0.04035964268725978,1.2107892769854257e-10,1.2107892769854257e-10,0.12107892781962148,0
0.1201675257996754,0.02474037305418385,0.06008376295992146,0.0240335052560691,0.008483269375521801,1.2016752567950788e-10,0.030041881540044498,0.1201675257996754,0.1201675257996754,0.06008376295992146,1.2016752567950788e-10,0.04005584201333682,0.051500368268528045,0.1201675257996754,0.06008376295992146,1.2016752567950788e-10,0.04005584201333682,1.2016752567950788e-10,1.2016752567950788e-10,0.1201675257996754,0
1.0085650239333193e-10,0.06526008988477715,0.05042825129752246,1.0085650239333193e-10,0.02042768719835044,1.0085650239333193e-10,0.07564237689585544,0.10085650249418843,0.06723766836307779,1.0085650239333193e-10,0.10085650249418843,0.10085650249418843,0.04862724232621297,0.10085650249418843,0.10085650249418843,1.0085650239333193e-10,0.06723766836307779,1.0085650239333193e-10,1.0085650239333193e-10,0.10085650249418843,0
9.809309096321775e-11,0.028850909204921837,0.02452327283889753,0.01961861829073664,0.01672666945514227,0.04904654557970196,0.02452327283889753,0.09809309106131084,0.06539539407357159,9.809309096321775e-11,0.09809309106131084,0.09809309106131084,0.019268285823010864,0.09809309106131084,0.09809309106131084,9.809309096321775e-11,0.06539539407357159,9.809309096321775e-11,0.09809309106131084,0.09809309106131084,0
1.1860826222358235e-10,0.05581565292970584,0.05930413123039943,0.03558247878568297,0.013391887104565727,1.1860826222358235e-10,0.05930413123039943,0.11860826234219062,1.1860826222358235e-10,1.1860826222358235e-10,0.11860826234219062,0.07907217493432983,0.025416056309375903,0.11860826234219062,1.1860826222358235e-10,1.1860826222358235e-10,0.07907217493432983,0.11860826234219062,1.1860826222358235e-10,0.11860826234219062,0
1.0813429114353668e-10,0.060427986335404776,0.054067145679902624,0.0324402874511953,0.022104043884861414,1.0813429114353668e-10,0.027033572894018462,0.10813429125167097,0.07208952753715873,1.0813429114353668e-10,0.07208952753715873,0.07208952753715873,0.02896454237872447,0.10813429125167097,0.054067145679902624,1.0813429114353668e-10,0.07208952753715873,0.10813429125167097,1.0813429114353668e-10,0.10813429125167097,0
9.809794591929528e-11,0.011540934912132681,0.049048973057745575,0.029429383873886533,0.0025747068331867452,0.024524486577921764,0.024524486577921764,0.09809794601739322,0.09809794601739322,9.809794591929528e-11,0.06539863071096147,0.09809794601739322,0.02452448657792177,0.09809794601739322,0.049048973057745575,9.809794591929528e-11,0.0326993154045297,0.09809794601739322,0.09809794601739322,0.09809794601739322,0
0.10429756838160811,0.06748666193079261,0.05214878424295283,0.09386781155387705,0.021027087711212162,0.10429756838160811,0.05214878424295283,0.10429756838160811,1.0429756827731054e-10,1.0429756827731054e-10,0.03476585619673441,1.0429756827731054e-10,0.03538667505552793,1.0429756827731054e-10,0.05214878424295283,1.0429756827731054e-10,0.06953171228917127,0.10429756838160811,1.0429756827731054e-10,0.10429756838160811,0
1.1614900218732595e-10,0.07515523682559519,0.05807450120981197,0.10453410208474234,0.025934447726810864,1.1614900218732595e-10,0.02903725066298049,0.07743266824103297,0.03871633417859098,1.1614900218732595e-10,0.11614900230347494,0.03871633417859098,0.010370446740017391,0.11614900230347494,1.1614900218732595e-10,1.1614900218732595e-10,0.07743266824103297,0.11614900230347494,1.1614900218732595e-10,0.11614900230347494,0
0.05282849568316437,0.018645351520136855,0.0792427434455038,0.04754564613069649,0.011197059956056911,1.5848548657403665e-10,0.039621371801994654,1.5848548657403665e-10,0.15848548673252216,1.5848548657403665e-10,1.5848548657403665e-10,1.5848548657403665e-10,0.011320392056630966,0.15848548673252216,1.5848548657403665e-10,1.5848548657403665e-10,0.10565699120784326,0.15848548673252216,1.5848548657403665e-10,0.15848548673252216,0
0.11798338799700546,0.02429069762248793,0.11798338799700546,1.1798338787902208e-10,0.016391991666048246,1.1798338787902208e-10,0.08848754102724993,0.039327796077657406,0.07865559203733144,1.1798338787902208e-10,0.039327796077657406,0.039327796077657406,0.02528215466348811,1.1798338787902208e-10,0.058991694057494416,0.039327796077657406,0.07865559203733144,0.11798338799700546,1.1798338787902208e-10,0.11798338799700546,0
9.444168268310578e-11,0.04999853798549768,0.09444168277754747,0.05666500970430515,0.029869637602007,9.444168268310578e-11,0.047220841435994566,0.09444168277754747,0.06296112188317887,9.444168268310578e-11,0.06296112188317887,0.09444168277754747,0.013491669049171078,9.444168268310578e-11,0.047220841435994566,9.444168268310578e-11,0.06296112188317887,0.09444168277754747,0.09444168277754747,0.09444168277754747,0
0.04984391358523179,0.012094479088334805,0.07476587034046475,0.02242976115447554,0.004200283641469873,0.07476587034046475,0.037382935207615306,0.04984391358523179,0.04984391358523179,7.476587026569889e-11,0.07476587034046475,0.07476587034046475,0.02670209659822976,0.07476587034046475,0.07476587034046475,0.024921956829998832,0.04984391358523179,0.07476587034046475,0.07476587034046475,0.07476587034046475,0
0.049758994989148805,0.017561998328055273,0.07463849240908471,1.4927698451961547e-10,0.008583385690324534,1.4927698451961547e-10,0.03731924627918085,0.09951798982902063,0.049758994989148805,1.4927698451961547e-10,1.4927698451961547e-10,0.09951798982902063,0.015993962776378642,0.14927698466889247,1.4927698451961547e-10,1.4927698451961547e-10,0.09951798982902063,0.14927698466889247,1.4927698451961547e-10,0.14927698466889247,0
0.03338454872201158,0.047131127566306025,0.050076823032940546,0.010015364686711027,0.050412983063632746,1.0015364586557381e-10,0.0250384115665471,1.0015364586557381e-10,0.10015364596572746,1.0015364586557381e-10,0.10015364596572746,0.06676909734386952,0.016096121757120867,0.10015364596572746,1.0015364586557381e-10,1.0015364586557381e-10,0.10015364596572746,0.10015364596572746,0.10015364596572746,0.10015364596572746,0
0.03921995071989499,0.013842335624331075,0.05882992602101256,0.023531970479000935,0.0045383271847062095,0.02941496306933621,0.02941496306933621,0.11765985192436527,0.03921995071989499,1.1765985180670542e-10,0.11765985192436527,0.07843990132213013,0.016808550375760622,1.1765985180670542e-10,1.1765985180670542e-10,0.11765985192436527,0.07843990132213013,0.11765985192436527,1.1765985180670542e-10,0.11765985192436527,0
0.036851163963390283,0.03251573292188007,0.05527674588980868,1.1055349155851039e-10,0.006721778924912133,1.1055349155851039e-10,0.02763837300018109,0.07370232781622708,0.036851163963390283,1.1055349155851039e-10,0.11055349166906388,0.07370232781622708,0.011845017063251032,0.11055349166906388,0.05527674588980868,1.1055349155851039e-10,0.036851163963390283,0.11055349166906388,0.11055349166906388,0.11055349166906388,0
1.0007158338171999e-10,0.06475220111177274,0.05003579179093157,0.04002863345275958,0.015423159836629176,1.0007158338171999e-10,0.05003579179093157,0.06671438902121825,0.06671438902121825,1.0007158338171999e-10,0.10007158348179157,0.06671438902121825,0.06254473971364657,0.10007158348179157,0.05003579179093157,1.0007158338171999e-10,0.06671438902121825,0.10007158348179157,1.0007158338171999e-10,0.10007158348179157,0
0.09839756897696661,0.04630473839419476,0.09839756897696661,9.839756887856904e-11,0.04117494844887174,9.839756887856904e-11,0.04919878453768208,0.09839756897696661,0.032799189724587244,9.839756887856904e-11,0.032799189724587244,9.839756887856904e-11,0.010542596763958537,0.04919878453768208,0.04919878453768208,0.032799189724587244,0.06559837935077692,0.09839756897696661,0.09839756897696661,0.09839756897696661,0
0.12141536627093179,0.024997281387492274,0.06070768319617357,0.0364246099662703,0.0012225714873976212,1.2141536614951642e-10,1.2141536614951642e-10,0.08094357755442631,0.04047178883792084,0.06070768319617357,0.12141536627093179,1.2141536614951642e-10,0.006504394736568035,0.12141536627093179,1.2141536614951642e-10,1.2141536614951642e-10,0.08094357755442631,0.12141536627093179,1.2141536614951642e-10,0.12141536627093179,0
0.10856702669744912,0.051090365562158596,0.08142527005022858,0.0977103240385609,0.05568734586963001,1.0856702658888209e-10,0.02714175675578755,1.0856702658888209e-10,1.0856702658888209e-10,1.0856702658888209e-10,1.0856702658888209e-10,0.07237801783448843,0.01744827223892308,0.10856702669744912,0.05428351340300806,0.03618900897152772,0.07237801783448843,0.10856702669744912,1.0856702658888209e-10,0.10856702669744912,0
0.0360387736937629,0.03179891797780447,0.02702908029735125,0.06486979256228016,0.009440992792239977,1.0811632075693972e-10,0.08108724067582111,0.10811632086505604,0.0360387736937629,1.0811632075693972e-10,0.10811632086505604,0.10811632086505604,0.028959728882296604,1.0811632075693972e-10,0.10811632086505604,1.0811632075693972e-10,0.0360387736937629,0.10811632086505604,1.0811632075693972e-10,0.10811632086505604,0
0.03356907721071009,0.03850570619747522,0.10070723143071582,1.0070723133000858e-10,0.022159580715250222,1.0070723133000858e-10,1.0070723133000858e-10,0.10070723143071582,0.10070723143071582,1.0070723133000858e-10,0.03356907721071009,0.06713815432071295,0.0161850908501729,0.10070723143071582,0.05035361576571152,0.03356907721071009,0.10070723143071582,0.10070723143071582,1.0070723133000858e-10,0.10070723143071582,0
0.03338684641877163,0.03829667675974385,0.10016053905599383,1.0016053895583329e-10,0.027467818200516712,1.0016053895583329e-10,1.0016053895583329e-10,0.10016053905599383,0.10016053905599383,1.0016053895583329e-10,0.03338684641877163,0.06677369273738273,0.016097229575205176,0.10016053905599383,0.05008026957807718,0.03338684641877163,0.10016053905599383,0.10016053905599383,1.0016053895583329e-10,0.10016053905599383,0
1.032406709246566e-10,0.0668027871721361,0.05162033556556897,0.030972201380637658,0.036969862895012716,1.032406709246566e-10,0.05162033556556897,0.06882711405301174,0.034413557078126204,1.032406709246566e-10,0.034413557078126204,0.06882711405301174,0.022123001015667082,0.10324067102789727,0.05162033556556897,1.032406709246566e-10,0.06882711405301174,0.10324067102789727,0.10324067102789727,0.10324067102789727,0
1.381500305764412e-10,0.010158090621711881,0.06907501542637061,0.041445009311082394,0.008483296832510565,1.381500305764412e-10,0.03453750778226033,0.09210002052244415,0.04605001033029709,1.381500305764412e-10,0.13815003071459123,0.04605001033029709,0.007400894633316527,0.13815003071459123,1.381500305764412e-10,1.381500305764412e-10,0.09210002052244415,0.13815003071459123,1.381500305764412e-10,0.13815003071459123,0
8.347186963007248e-11,0.024550549974669655,0.02086796749098999,0.08347186971354435,0.005088964073244088,0.08347186971354435,0.08347186971354435,0.08347186971354435,0.05564791317018686,8.347186963007248e-11,0.05564791317018686,0.05564791317018686,0.031301951194749045,0.041735934898508104,0.041735934898508104,8.347186963007248e-11,0.08347186971354435,0.08347186971354435,0.08347186971354435,0.08347186971354435,0
1.4349927834820088e-10,0.02954396921518769,0.07174963931759971,0.028699855813139455,0.017552486980081786,1.4349927834820088e-10,1.4349927834820088e-10,0.14349927849170016,0.09566618570896653,1.4349927834820088e-10,1.4349927834820088e-10,0.09566618570896653,0.015374922823663659,0.14349927849170016,0.07174963931759971,1.4349927834820088e-10,1.4349927834820088e-10,0.14349927849170016,1.4349927834820088e-10,0.14349927849170016,0
0.06589006042273562,0.007267286163971179,9.88350904858508e-11,0.029650527244590337,0.00591139788457955,9.88350904858508e-11,0.024708772720297794,0.0988350905846859,0.06589006042273562,9.88350904858508e-11,0.03294503026078536,0.06589006042273562,0.02647368505040227,0.0988350905846859,0.04941754534176049,0.03294503026078536,0.0988350905846859,0.0988350905846859,0.0988350905846859,0.0988350905846859,0
9.400411172566274e-11,0.06082619003413882,0.04700205595683548,9.400411172566274e-11,0.03886061918693381,9.400411172566274e-11,0.09400411181966686,0.09400411181966686,0.06266940791111261,9.400411172566274e-11,0.09400411181966686,0.09400411181966686,0.0386088316956156,9.400411172566274e-11,0.09400411181966686,9.400411172566274e-11,0.09400411181966686,0.09400411181966686,9.400411172566274e-11,0.09400411181966686,0
0.04550811127875182,0.022084818779075904,0.03413108349319495,1.3652433342668245e-10,0.007617237623849964,0.03413108349319495,0.06826216684986555,0.04550811127875182,0.13652433356320678,1.3652433342668245e-10,0.04550811127875182,0.04550811127875182,0.014627607289383168,0.13652433356320678,1.3652433342668245e-10,1.3652433342668245e-10,0.0910162224209793,0.13652433356320678,1.3652433342668245e-10,0.13652433356320678,0
0.03557393263165045,0.017263820302643052,0.053360898894114765,1.0672179757478596e-10,0.013981765267146874,0.026680449500418285,0.053360898894114765,0.03557393263165045,0.03557393263165045,1.0672179757478596e-10,0.10672179768150775,0.0711478651565791,0.017151717574098113,0.10672179768150775,1.0672179757478596e-10,0.03557393263165045,0.0711478651565791,0.10672179768150775,0.10672179768150775,0.10672179768150775,0
0.03669639732123332,0.0712341829317219,0.055044595926805384,1.1008919163343241e-10,0.038222889909085477,0.027522298018447293,0.08256689383516348,0.07339279453237746,0.07339279453237746,1.1008919163343241e-10,0.03669639732123332,0.03669639732123332,0.009829392220217085,0.1100891917435216,0.055044595926805384,1.1008919163343241e-10,0.07339279453237746,0.1100891917435216,1.1008919163343241e-10,0.1100891917435216,0
1.3930698166655759e-10,0.04097264180594156,0.06965349097258577,1.3930698166655759e-10,0.022022062334091836,1.3930698166655759e-10,0.03482674555594638,0.13930698180586457,0.04643566069482618,1.3930698166655759e-10,1.3930698166655759e-10,0.04643566069482618,0.01990099752024378,0.13930698180586457,0.06965349097258577,1.3930698166655759e-10,0.09287132125034538,0.13930698180586457,1.3930698166655759e-10,0.13930698180586457,0
8.86964555553273e-11,0.041739508585321064,0.08869645564402374,0.05321787342189283,0.038140354450140426,8.86964555553273e-11,0.0443482278663601,0.05913097045891465,0.02956548527380555,8.86964555553273e-11,0.02956548527380555,0.08869645564402374,0.009503191755338666,0.08869645564402374,0.0443482278663601,0.02956548527380555,0.08869645564402374,0.08869645564402374,0.08869645564402374,0.08869645564402374,0
1.0810485041350924e-10,0.03179554434737227,0.054052425314859466,0.03243145523215763,0.01302088255309064,1.0810485041350924e-10,0.027026212711482166,0.1081048505216141,0.036034950245941264,1.0810485041350924e-10,0.1081048505216141,1.0810485041350924e-10,0.030887100226250356,0.1081048505216141,0.054052425314859466,1.0810485041350924e-10,0.07206990038377768,0.1081048505216141,0.1081048505216141,0.1081048505216141,0
0.030771633373858215,0.04344230590155252,0.04615745001462987,0.018462980061240888,0.0446183604001849,0.023078725053472388,0.023078725053472388,0.09231489993694485,0.06154326665540153,0.04615745001462987,9.231489984462994e-11,0.09231489993694485,0.016484803635998815,0.09231489993694485,9.231489984462994e-11,9.231489984462994e-11,0.09231489993694485,0.09231489993694485,0.09231489993694485,0.09231489993694485,0
0.02822997292086399,0.06974463885641409,0.04234495933895102,8.468991850852222e-11,0.0642001215379699,8.468991850852222e-11,0.06351743896608157,0.08468991859321214,0.05645994575703807,8.468991850852222e-11,0.02822997292086399,0.08468991859321214,0.012098559871621664,0.08468991859321214,0.04234495933895102,8.468991850852222e-11,0.08468991859321214,0.08468991859321214,0.08468991859321214,0.08468991859321214,0
8.503926194751089e-11,0.04001847629563263,0.08503926203255016,0.00850392627979035,0.0438859491224391,8.503926194751089e-11,0.06377944654567243,0.08503926203255016,0.05669284138337986,8.503926194751089e-11,0.08503926203255016,0.05669284138337986,0.007592791330352735,0.08503926203255016,0.04251963105879471,0.02834642073420956,0.05669284138337986,0.08503926203255016,0.08503926203255016,0.08503926203255016,0
0.03536309567872295,0.01248109266113646,0.05304464346503978,0.03182678612145959,0.0072033774478902,0.10608928682399028,0.05304464346503978,0.03536309567872295,0.10608928682399028,1.0608928671790099e-10,1.0608928671790099e-10,1.0608928671790099e-10,0.011366709397292965,0.10608928682399028,0.05304464346503978,1.0608928671790099e-10,0.07072619125135661,0.10608928682399028,0.10608928682399028,0.10608928682399028,0
1.2979666466202242e-10,0.02672284285433069,0.06489833246080787,0.025959333062201148,0.006292003077262371,1.2979666466202242e-10,1.2979666466202242e-10,0.1297966647918191,0.04326555501713747,1.2979666466202242e-10,0.04326555501713747,0.08653110990447828,0.03244916629530228,0.1297966647918191,0.06489833246080787,1.2979666466202242e-10,0.08653110990447828,0.1297966647918191,1.2979666466202242e-10,0.1297966647918191,0
0.03658264922647313,0.03227880815391722,0.0823109606223796,0.021949589579783057,0.010954263149982262,1.0974794735017554e-10,1.0974794735017554e-10,0.0731652983431983,0.03658264922647313,1.0974794735017554e-10,0.03658264922647313,0.03658264922647313,0.02939677172140211,0.10974794745992349,0.05487397378483571,1.0974794735017554e-10,0.10974794745992349,0.10974794745992349,0.10974794745992349,0.10974794745992349,0
0.029818526719282527,0.018417325360819282,0.044727790034196,0.008945558078403665,0.06263957914049184,8.945557988948085e-11,8.945557988948085e-11,0.05963705334910948,0.029818526719282527,8.945557988948085e-11,0.08945557997893643,0.08945557997893643,0.030351000409100864,0.08945557997893643,0.08945557997893643,8.945557988948085e-11,0.08945557997893643,0.08945557997893643,0.08945557997893643,0.08945557997893643,0
0.12493135621035821,0.03123283914628807,0.09369851718900149,0.11243822060181552,0.01601684064870403,0.06246567816764478,0.03123283914628807,0.12493135621035821,0.08328757084854926,1.2493135608542685e-10,0.0416437854867403,1.2493135608542685e-10,0.049080175729920475,1.2493135608542685e-10,0.06246567816764478,1.2493135608542685e-10,0.0416437854867403,1.2493135608542685e-10,1.2493135608542685e-10,0.12493135621035821,0
0.1276334316066544,0.04317013136318464,0.06381671586714391,1.27633431479021e-10,0.01629303198805649,1.27633431479021e-10,0.06381671586714391,0.08508895444698075,0.04254447728730709,1.27633431479021e-10,0.08508895444698075,1.27633431479021e-10,0.0045583369661699,0.1276334316066544,1.27633431479021e-10,1.27633431479021e-10,0.08508895444698075,0.1276334316066544,1.27633431479021e-10,0.1276334316066544,0
0.03363559932999078,0.034130240495124364,0.05045339894453277,0.09081611801943355,0.020349037930981542,1.0090679768725194e-10,0.05045339894453277,0.10090679778815875,0.06727119855907476,1.0090679768725194e-10,0.03363559932999078,0.06727119855907476,0.030632420827393994,0.10090679778815875,0.05045339894453277,1.0090679768725194e-10,0.06727119855907476,1.0090679768725194e-10,0.10090679778815875,0.10090679778815875,0
0.089906261468146,0.007932905505633298,0.04495313077902612,8.990626137823974e-11,0.005238842986327295,0.089906261468146,0.04495313077902612,0.089906261468146,0.05993750767539942,0.089906261468146,0.089906261468146,0.02996875388265284,0.01284375171536908,0.089906261468146,0.04495313077902612,8.990626137823974e-11,0.02996875388265284,0.089906261468146,8.990626137823974e-11,0.089906261468146,0
1.0334461297592355e-10,0.030395474508028007,0.05167230659130638,1.0334461297592355e-10,0.02596978372065742,1.0334461297592355e-10,0.07750845983528727,0.034448204428652464,0.06889640875396032,0.05167230659130638,0.06889640875396032,0.034448204428652464,0.022145274312471083,0.10334461307926816,0.05167230659130638,1.0334461297592355e-10,0.06889640875396032,0.10334461307926816,0.10334461307926816,0.10334461307926816,0
1.7404025378663787e-10,0.020475324148938823,0.08702012706735918,1.7404025378663787e-10,0.02230327689182828,1.7404025378663787e-10,0.04351006362069972,0.17404025396067813,0.11602683603179884,1.7404025378663787e-10,1.7404025378663787e-10,1.7404025378663787e-10,0.04351006362069973,0.17404025396067813,0.08702012706735918,1.7404025378663787e-10,0.05801341810291954,1.7404025378663787e-10,1.7404025378663787e-10,0.17404025396067813,0
0.02775966141401162,0.03919011019725448,0.06245923807742742,8.327898399219792e-11,0.009050071250033187,8.327898399219792e-11,0.0832789840754769,0.0832789840754769,0.05551932274474426,8.327898399219792e-11,0.0832789840754769,0.0832789840754769,0.056510739220841856,8.327898399219792e-11,0.0832789840754769,0.02775966141401162,0.05551932274474426,0.0832789840754769,0.0832789840754769,0.0832789840754769,0
1.1072536847988908e-10,0.022796399503643705,0.055362684350669905,0.022145073806703185,0.02377908634254044,1.1072536847988908e-10,0.055362684350669905,0.036908456270688395,0.07381691243065143,0.055362684350669905,0.07381691243065143,0.07381691243065143,0.04547649073639411,0.11072536859061445,0.055362684350669905,1.1072536847988908e-10,0.07381691243065143,0.11072536859061445,1.1072536847988908e-10,0.11072536859061445,0
1.594437716265769e-10,0.03282665902373901,1.594437716265769e-10,0.031888754484759155,0.025126387412581015,1.594437716265769e-10,0.039860943066088,1.594437716265769e-10,0.05314792403496941,1.594437716265769e-10,0.15944377178602068,0.05314792403496941,0.019930471612765885,0.15944377178602068,1.594437716265769e-10,1.594437716265769e-10,0.10629584791049504,0.15944377178602068,1.594437716265769e-10,0.15944377178602068,0
1.1860123000107974e-10,0.024417900412941174,0.11860123011968098,0.02372024611881718,0.01222948757441852,1.1860123000107974e-10,0.059300615119141094,0.11860123011968098,0.039533743452294476,1.1860123000107974e-10,0.11860123011968098,1.1860123000107974e-10,0.010589395654411922,0.11860123011968098,1.1860123000107974e-10,0.039533743452294476,0.07906748678598773,0.11860123011968098,1.1860123000107974e-10,0.11860123011968098,0
1.2754006497291527e-10,0.026258248798434383,0.03188501637076888,0.02550801312212312,0.009144090842831612,1.2754006497291527e-10,0.06377003261399769,0.12754006510045535,0.08502671010948358,1.2754006497291527e-10,0.08502671010948358,0.08502671010948358,0.05693752913330582,1.2754006497291527e-10,0.06377003261399769,1.2754006497291527e-10,0.08502671010948358,0.12754006510045535,1.2754006497291527e-10,0.12754006510045535,0
1.2465078235790728e-10,0.047660593379144744,0.06232539130360442,0.02493015659623224,0.01478744849945259,1.2465078235790728e-10,0.09348808689308123,0.12465078248255808,0.04155026091061988,1.2465078235790728e-10,0.12465078248255808,1.2465078235790728e-10,0.008903627435929876,0.12465078248255808,1.2465078235790728e-10,1.2465078235790728e-10,0.08310052169658898,0.12465078248255808,1.2465078235790728e-10,0.12465078248255808,0
1.3276193094609292e-10,0.039047626881612785,0.09957144834233161,1.3276193094609292e-10,0.00791136643707681,1.3276193094609292e-10,1.3276193094609292e-10,0.13276193107885484,0.08850795409682388,1.3276193094609292e-10,0.044253977114792904,1.3276193094609292e-10,0.05689797053823032,0.13276193107885484,0.13276193107885484,0.044253977114792904,0.08850795409682388,1.3276193094609292e-10,1.3276193094609292e-10,0.13276193107885484,0
1.0346084219020378e-10,0.06694525093241621,1.0346084219020378e-10,0.020692168541501597,0.03910380361421851,1.0346084219020378e-10,0.05173042119856273,0.06897389489693002,0.06897389489693002,1.0346084219020378e-10,0.10346084229366462,0.10346084229366462,0.06281551143322742,0.10346084229366462,0.10346084229366462,0.03448694750019544,0.06897389489693002,1.0346084219020378e-10,1.0346084219020378e-10,0.10346084229366462,0
1.0268202188675828e-10,0.030200594775257984,0.07701151651775072,1.0268202188675828e-10,0.026102726036258742,1.0268202188675828e-10,0.051341011046061154,0.06845468136052088,0.06845468136052088,1.0268202188675828e-10,0.1026820219894403,0.1026820219894403,0.062342656248213835,0.1026820219894403,0.1026820219894403,0.03422734073160145,0.06845468136052088,1.0268202188675828e-10,1.0268202188675828e-10,0.1026820219894403,0
1.0422862335954628e-10,0.012262191087704655,0.10422862346377491,1.0422862335954628e-10,0.002529152899516392,1.0422862335954628e-10,0.10422862346377491,0.10422862346377491,0.06948574901059282,1.0422862335954628e-10,0.06948574901059282,0.034742874557410715,0.02977960677838471,0.10422862346377491,0.05211431178400176,0.034742874557410715,0.06948574901059282,0.10422862346377491,1.0422862335954628e-10,0.10422862346377491,0
1.2179495021424123e-10,0.06806188406504739,0.09134621278247586,0.036538485186067324,0.027610608401902458,1.2179495021424123e-10,0.09134621278247586,0.08119663359795576,0.08119663359795576,1.2179495021424123e-10,0.040598316859875354,0.040598316859875354,0.015224368898575102,1.2179495021424123e-10,0.06089747522891555,0.040598316859875354,0.08119663359795576,1.2179495021424123e-10,0.12179495033603617,0.12179495033603617,0
1.1399631964106175e-10,0.053645327003907735,0.02849908002426176,0.02279926404220867,0.01565614701748978,1.1399631964106175e-10,0.11399631975505807,0.11399631975505807,0.07599754654137082,1.1399631964106175e-10,0.11399631975505807,0.07599754654137082,0.024427782894223832,1.1399631964106175e-10,0.05699815993452719,1.1399631964106175e-10,0.07599754654137082,0.11399631975505807,1.1399631964106175e-10,0.11399631975505807,0
1.4062184018148976e-10,0.04135936489988353,1.4062184018148976e-10,0.028124368176919795,0.029866859560702754,1.4062184018148976e-10,0.1406218403221116,0.09374789359494835,0.09374789359494835,1.4062184018148976e-10,0.1406218403221116,0.1406218403221116,0.01004441729644254,1.4062184018148976e-10,1.4062184018148976e-10,0.04687394686778509,0.09374789359494835,1.4062184018148976e-10,1.4062184018148976e-10,0.1406218403221116,0
1.2906835049683476e-10,0.02657289581959315,0.06453417537748572,0.0258136702284353,0.015709210611020506,1.2906835049683476e-10,0.06453417537748572,0.04302278362801327,0.08604556712695818,1.2906835049683476e-10,0.04302278362801327,0.08604556712695818,0.0069143760485416445,0.1290683506259031,0.06453417537748572,1.2906835049683476e-10,0.08604556712695818,0.1290683506259031,1.2906835049683476e-10,0.1290683506259031,0
1.3527610309030988e-10,0.015914835792959613,0.06763805168043102,0.027055220753338077,0.007681574823798155,1.3527610309030988e-10,0.06763805168043102,0.04509203449871273,0.04509203449871273,1.3527610309030988e-10,0.13527610322558598,0.09018406886214934,0.0024156448333173494,0.13527610322558598,1.3527610309030988e-10,1.3527610309030988e-10,0.09018406886214934,0.13527610322558598,1.3527610309030988e-10,0.13527610322558598,0
0.04449745032835484,0.01570498255520852,1.3349235058458746e-10,0.026698470250409844,0.019971701533266384,1.3349235058458746e-10,0.03337308777963922,0.13349235071807983,0.04449745032835484,1.3349235058458746e-10,0.08899490052321733,0.04449745032835484,0.014302751981841007,0.13349235071807983,1.3349235058458746e-10,0.04449745032835484,0.08899490052321733,0.13349235071807983,1.3349235058458746e-10,0.13349235071807983,0
1.0627776451433359e-10,0.0687679653802583,1.0627776451433359e-10,0.010627776557711122,0.025467132518510776,1.0627776451433359e-10,0.10627776462061135,0.0708518431158335,0.0708518431158335,1.0627776451433359e-10,0.10627776462061135,0.10627776462061135,0.009489086223628979,0.10627776462061135,0.10627776462061135,0.03542592161105562,0.0708518431158335,1.0627776451433359e-10,1.0627776451433359e-10,0.10627776462061135,0
7.558312049703152e-11,0.048906725103074096,0.07558312057261464,0.007558312125286273,0.025290027353147154,7.558312049703152e-11,0.07558312057261464,0.07558312057261464,0.050388747073604134,7.558312049703152e-11,0.07558312057261464,0.07558312057261464,0.03644186174379475,0.07558312057261464,0.07558312057261464,0.025194373574593625,0.050388747073604134,0.07558312057261464,0.07558312057261464,0.07558312057261464,0
1.2522964608622231e-10,0.036832248974118555,0.03130741164678522,0.025045929342474106,0.02275273982902111,1.2522964608622231e-10,0.09392223468989637,0.08348643084937785,0.08348643084937785,1.2522964608622231e-10,0.12522964621145197,0.08348643084937785,0.017889949566118547,1.2522964608622231e-10,0.0626148231683408,1.2522964608622231e-10,0.08348643084937785,0.12522964621145197,1.2522964608622231e-10,0.12522964621145197,0
1.2061195351843552e-10,0.01418964171101613,0.03015298850022084,1.2061195351843552e-10,0.0029665206016695456,1.2061195351843552e-10,0.03015298850022084,0.12061195363904749,0.08040796913290231,1.2061195351843552e-10,0.04020398462675713,0.08040796913290231,0.05815219199557194,1.2061195351843552e-10,0.06030597687982971,0.04020398462675713,0.08040796913290231,0.12061195363904749,0.12061195363904749,0.12061195363904749,0
1.1519231809489668e-10,0.03388009367251487,0.05759615916264065,1.1519231809489668e-10,0.007555257250061737,1.1519231809489668e-10,0.08639423868636482,0.115192318210089,0.03839743948015788,1.1519231809489668e-10,0.115192318210089,0.07679487884512344,0.00822802283625637,0.115192318210089,1.1519231809489668e-10,0.03839743948015788,0.07679487884512344,0.115192318210089,1.1519231809489668e-10,0.115192318210089,0
1.0098333130535571e-10,0.03415612686603011,1.0098333130535571e-10,0.09088499827580347,0.028021290943555623,1.0098333130535571e-10,1.0098333130535571e-10,0.0336611105361019,0.06732222097122047,1.0098333130535571e-10,0.10098333140633904,0.0336611105361019,0.05590148707359095,0.10098333140633904,0.05049166575366118,0.0336611105361019,0.06732222097122047,0.10098333140633904,0.10098333140633904,0.10098333140633904,0
1.336464542502991e-10,0.03341161369622123,0.10023484082137077,0.08018787268382592,0.02326716098144806,1.336464542502991e-10,0.03341161369622123,0.04454881821707948,0.08909763630051253,1.336464542502991e-10,1.336464542502991e-10,0.04454881821707948,0.01670580691493384,0.066823227258796,0.066823227258796,0.04454881821707948,0.08909763630051253,0.13364645438394557,1.336464542502991e-10,0.13364645438394557,0
1.5332304289526149e-10,0.031566508984700405,0.07666152160095378,0.03066460873237534,0.015092710824590941,1.5332304289526149e-10,0.07666152160095378,1.5332304289526149e-10,0.05110768111841021,1.5332304289526149e-10,0.15332304304858455,1.5332304289526149e-10,0.002737911633595568,0.15332304304858455,1.5332304289526149e-10,1.5332304289526149e-10,0.10221536208349737,0.15332304304858455,1.5332304289526149e-10,0.15332304304858455,0
1.2021286443729504e-10,0.0353567249547114,0.030053216229536626,0.1081915781137784,0.01925496041387226,1.2021286443729504e-10,0.06010643233886038,0.1202128645575079,0.08014190974507622,1.2021286443729504e-10,0.040070954932644544,0.040070954932644544,0.025759899642490366,1.2021286443729504e-10,1.2021286443729504e-10,1.2021286443729504e-10,0.08014190974507622,0.1202128645575079,0.1202128645575079,0.1202128645575079,0
1.08234048182121e-10,0.01273341754142475,0.05411702419929454,0.08658723865393084,0.003882942741377158,1.08234048182121e-10,0.08117553624482479,0.10823404829035504,0.10823404829035504,1.08234048182121e-10,0.10823404829035504,0.036078016168941046,0.0038655018290240876,0.10823404829035504,1.08234048182121e-10,1.08234048182121e-10,0.07215603222964805,0.10823404829035504,1.08234048182121e-10,0.10823404829035504,0
8.398403876516274e-11,0.05434261340261874,0.04199201946656541,0.008398403960500313,0.046428284307247485,8.398403876516274e-11,0.06298802915785609,0.08398403884914679,0.0559893592607592,8.398403876516274e-11,0.08398403884914679,0.08398403884914679,0.029994299642970734,0.08398403884914679,0.08398403884914679,0.0559893592607592,0.0559893592607592,8.398403876516274e-11,0.08398403884914679,0.08398403884914679,0
0.0335549910300024,0.06513615896349643,1.0066497278801228e-10,0.09059847560987602,0.0784925350065152,1.0066497278801228e-10,0.05033248649467111,0.0335549910300024,0.06710998195933983,1.0066497278801228e-10,0.0335549910300024,0.06710998195933983,0.010785532899380574,0.05033248649467111,0.05033248649467111,1.0066497278801228e-10,0.06710998195933983,0.10066497288867726,0.10066497288867726,0.10066497288867726,0
0.03242544261028775,0.020027479296489265,0.09727632763631061,9.727632753903428e-11,0.004314114766389435,9.727632753903428e-11,0.09727632763631061,0.06485088512329917,0.06485088512329917,0.09727632763631061,0.06485088512329917,9.727632753903428e-11,0.019107850149586634,0.09727632763631061,0.04863816386679346,0.03242544261028775,0.06485088512329917,0.09727632763631061,9.727632753903428e-11,0.09727632763631061,0
1.9689871870822334e-10,0.023164555339042634,0.09844935955101038,1.9689871870822334e-10,0.0110941065002563,1.9689871870822334e-10,0.049224679873954555,0.1312658126690476,0.06563290643297316,1.9689871870822334e-10,1.9689871870822334e-10,1.9689871870822334e-10,0.06328887406739908,1.9689871870822334e-10,0.09844935955101038,1.9689871870822334e-10,0.06563290643297316,0.19689871890512206,1.9689871870822334e-10,0.19689871890512206,0
0.05138750420248749,0.018136766288865444,0.07708125622664998,1.5416251214497495e-10,0.008253556020623424,1.5416251214497495e-10,0.15416251229913747,1.5416251214497495e-10,1.5416251214497495e-10,1.5416251214497495e-10,1.5416251214497495e-10,1.5416251214497495e-10,0.07432835422406114,0.15416251229913747,1.5416251214497495e-10,0.05138750420248749,0.10277500825081247,0.15416251229913747,1.5416251214497495e-10,0.15416251229913747,0
1.3216519762312367e-10,0.015548846911356216,0.06608259894372703,1.3216519762312367e-10,0.00815942302933394,1.3216519762312367e-10,0.09912389834950795,0.04405506600653976,1.3216519762312367e-10,1.3216519762312367e-10,0.08811013188091432,0.08811013188091432,0.04012157798204203,0.13216519775528887,0.06608259894372703,1.3216519762312367e-10,0.08811013188091432,0.13216519775528887,1.3216519762312367e-10,0.13216519775528887,0
1.027145057849794e-10,0.018126089358887338,0.10271450588769392,1.027145057849794e-10,0.013422854248159982,1.027145057849794e-10,0.10271450588769392,0.03423816869770764,0.06847633729270078,0.10271450588769392,0.10271450588769392,0.03423816869770764,0.04402050258199139,0.10271450588769392,1.027145057849794e-10,1.027145057849794e-10,0.06847633729270078,0.10271450588769392,0.10271450588769392,1.027145057849794e-10,0
1.288463407789415e-10,0.03031678619447963,0.12884634090778782,1.288463407789415e-10,0.014072850709136803,1.288463407789415e-10,0.06442317051831707,0.12884634090778782,0.12884634090778782,0.12884634090778782,0.0429487803884935,0.0429487803884935,0.03221158532358172,1.288463407789415e-10,1.288463407789415e-10,0.0429487803884935,0.08589756064814066,0.12884634090778782,1.288463407789415e-10,1.288463407789415e-10,0
0.052705539106712405,0.011626221985012748,0.07905830858101029,0.031623323527274094,0.006168410048270862,1.5811661684578737e-10,0.07905830858101029,1.5811661684578737e-10,0.052705539106712405,1.5811661684578737e-10,0.052705539106712405,0.1054110780553082,0.02823511030915007,1.5811661684578737e-10,0.07905830858101029,1.5811661684578737e-10,0.1054110780553082,0.158116617003904,1.5811661684578737e-10,0.158116617003904,0
0.03212024141680094,0.01983897267663262,0.09636072405768138,9.636072396132065e-11,0.0033615440047725926,9.636072396132065e-11,0.09636072405768138,0.09636072405768138,0.06424048273724116,9.636072396132065e-11,0.09636072405768138,0.06424048273724116,0.029252362727475924,0.09636072405768138,0.04818036207702105,9.636072396132065e-11,0.06424048273724116,9.636072396132065e-11,0.09636072405768138,0.09636072405768138,0
0.052600989105080195,0.04641263746422405,0.0789014835787188,1.578029668418317e-10,0.008648165392449404,1.578029668418317e-10,0.03945074186826089,0.15780296699963467,0.10520197805235743,1.578029668418317e-10,0.052600989105080195,1.578029668418317e-10,0.011271640646505234,1.578029668418317e-10,0.0789014835787188,1.578029668418317e-10,0.052600989105080195,0.15780296699963467,1.578029668418317e-10,0.15780296699963467,0
0.027072828607555683,0.0382204638831063,0.06091386426547718,8.12184855790116e-11,0.0350186009944536,0.020304621475971386,0.08121848566023009,0.027072828607555683,0.05414565713389288,8.12184855790116e-11,0.08121848566023009,0.05414565713389288,0.033357592372598256,0.04060924287072428,0.04060924287072428,0.08121848566023009,0.08121848566023009,0.08121848566023009,0.08121848566023009,0.08121848566023009,0
0.08593312476634975,0.05560378664384975,0.08593312476634975,8.593312468041662e-11,0.046701962915716044,0.04296656242614143,0.04296656242614143,0.02864437497940533,0.05728874987287754,8.593312468041662e-11,0.02864437497940533,0.08593312476634975,0.03836300217540483,0.08593312476634975,0.08593312476634975,8.593312468041662e-11,0.05728874987287754,0.08593312476634975,8.593312468041662e-11,0.08593312476634975,0
0.04417580083135455,0.015591459202701687,0.06626370118076812,1.3252740209648146e-10,0.004652387198531318,1.3252740209648146e-10,0.13252740222900886,0.13252740222900886,0.0883516015301817,1.3252740209648146e-10,0.13252740222900886,0.0883516015301817,0.05206433667043083,1.3252740209648146e-10,0.06626370118076812,1.3252740209648146e-10,0.04417580083135455,1.3252740209648146e-10,1.3252740209648146e-10,0.13252740222900886,0
0.11359793427922209,0.013364462956612536,0.05679896719641,0.06815876061297242,0.0029315193786841965,1.1359793416562415e-10,0.11359793427922209,0.11359793427922209,0.07573195622401403,1.1359793416562415e-10,0.11359793427922209,0.07573195622401403,0.04462775996437885,1.1359793416562415e-10,0.05679896719641,1.1359793416562415e-10,0.037865978168805985,1.1359793416562415e-10,1.1359793416562415e-10,0.11359793427922209,0
0.029958196022381714,0.042293923759296415,0.044937293988635274,8.987458779752138e-11,0.06003013221676531,0.08987458788739597,0.044937293988635274,8.987458779752138e-11,0.05991639195488884,8.987458779752138e-11,0.08987458788739597,0.08987458788739597,0.028888260453363606,8.987458779752138e-11,0.08987458788739597,8.987458779752138e-11,0.05991639195488884,0.08987458788739597,0.08987458788739597,0.08987458788739597,0
1.0963139945581219e-10,0.012897811810315183,0.054815699837537486,0.032889419946375065,0.0027688353880631037,1.0963139945581219e-10,0.1096313995654436,0.1096313995654436,0.07308759974683952,1.0963139945581219e-10,0.1096313995654436,1.0963139945581219e-10,0.07439273545464681,0.1096313995654436,0.054815699837537486,1.0963139945581219e-10,0.03654379992823546,0.1096313995654436,1.0963139945581219e-10,0.1096313995654436,0
0.04789654190225603,0.02324391011475861,0.03592240646261443,1.436896252756992e-10,0.052181772280787395,0.03592240646261443,1.436896252756992e-10,1.436896252756992e-10,0.09579308366082243,1.436896252756992e-10,0.04789654190225603,0.04789654190225603,0.03848829262825191,0.07184481278153922,0.07184481278153922,1.436896252756992e-10,0.14368962541938884,1.436896252756992e-10,0.14368962541938884,0.14368962541938884,0
0.13947213025279234,0.012306364561235678,0.06973606519613224,0.027894426162136172,0.015041563637992411,1.3947213011332021e-10,0.06973606519613224,0.046490710177245535,0.09298142021501894,1.3947213011332021e-10,0.046490710177245535,1.3947213011332021e-10,0.014943442651613582,0.13947213025279234,1.3947213011332021e-10,1.3947213011332021e-10,0.046490710177245535,0.13947213025279234,1.3947213011332021e-10,0.13947213025279234,0
0.10448310546849063,0.03994942274366245,0.026120776445484988,0.010448310640883857,0.041594325366318394,0.10448310546849063,1.0448310536400752e-10,0.10448310546849063,0.03482770189248561,1.0448310536400752e-10,1.0448310536400752e-10,1.0448310536400752e-10,0.06343617121834481,1.0448310536400752e-10,0.05224155278648686,1.0448310536400752e-10,0.10448310546849063,0.10448310546849063,0.10448310546849063,0.10448310546849063,0
1.2760071362159174e-10,0.02627073528498725,0.03190017853299865,1.2760071362159174e-10,0.008369101626276697,1.2760071362159174e-10,0.09570053534379452,0.12760071374919246,0.08506714254199521,1.2760071362159174e-10,0.12760071374919246,0.12760071374919246,0.029621594361184514,1.2760071362159174e-10,0.12760071374919246,0.04253357133479796,0.04253357133479796,1.2760071362159174e-10,1.2760071362159174e-10,0.12760071374919246,0
0.1013745201101558,0.011926414220054669,0.1013745201101558,0.03041235610400891,0.0030511645365458285,0.1013745201101558,0.1013745201101558,0.1013745201101558,0.03379150677096828,1.0137452000878128e-10,0.06758301344056204,0.03379150677096828,0.025343630103569846,0.1013745201101558,0.05068726010576515,1.0137452000878128e-10,0.03379150677096828,1.0137452000878128e-10,1.0137452000878128e-10,0.1013745201101558,0
0.0400499185616628,0.0724432349481807,0.12014975544468891,0.036044926717511507,0.02972341268420434,1.2014975532453916e-10,0.030037438951284544,0.12014975544468891,0.08009983700317586,1.2014975532453916e-10,0.0400499185616628,0.0400499185616628,0.010727656845555038,1.2014975532453916e-10,0.06007487778241932,0.0400499185616628,0.0400499185616628,0.12014975544468891,1.2014975532453916e-10,0.12014975544468891,0
0.05848155345740907,0.010320274211784695,0.08772233014225245,8.772233005453011e-11,0.0033256678222646015,0.04386116511498738,0.0657917476286199,0.08772233014225245,0.08772233014225245,8.772233005453011e-11,0.0292407767725657,8.772233005453011e-11,0.014098231703628958,0.08772233014225245,0.04386116511498738,0.05848155345740907,0.05848155345740907,0.08772233014225245,0.08772233014225245,0.08772233014225245,0
0.03894647429352151,0.029209855749350987,0.05841971138186254,0.10515548039388103,0.006030338970871742,1.1683942253004624e-10,0.11683942264688567,0.03894647429352151,0.03894647429352151,1.1683942253004624e-10,0.11683942264688567,0.03894647429352151,0.04172836530614166,0.11683942264688567,0.05841971138186254,1.1683942253004624e-10,0.07789294847020359,1.1683942253004624e-10,1.1683942253004624e-10,0.11683942264688567,0
0.09794019187282157,0.06337306536403989,0.09794019187282157,0.00979401927542833,0.06111157568543633,0.02448504804166054,0.04897009598538088,0.03264673068956732,0.03264673068956732,9.794019177488138e-11,0.09794019187282157,0.06529346128119444,0.008744660077840315,0.09794019187282157,9.794019177488138e-11,0.03264673068956732,0.03264673068956732,0.09794019187282157,9.794019177488138e-11,0.09794019187282157,0
0.10818294912642248,0.01909110880300643,0.040568606023829945,0.1460469812638743,0.0032054870125657036,1.622744234462221e-10,0.040568606023829945,0.1622744236084965,0.05409147464434845,1.622744234462221e-10,1.622744234462221e-10,1.622744234462221e-10,0.020284303093052184,1.622744234462221e-10,0.08113721188538546,1.622744234462221e-10,1.622744234462221e-10,0.1622744236084965,1.622744234462221e-10,0.1622744236084965,0
1.1449776296903147e-10,0.02357306896106306,0.11449776308352923,0.057248881599013486,0.0059220809547580015,1.1449776296903147e-10,1.1449776296903147e-10,0.03816592110417492,0.03816592110417492,1.1449776296903147e-10,0.11449776308352923,0.11449776308352923,0.07360570488030369,0.11449776308352923,0.11449776308352923,0.07633184209385208,1.1449776296903147e-10,1.1449776296903147e-10,1.1449776296903147e-10,0.11449776308352923,0
0.03405358524327516,0.025540188957996562,0.05108037781383236,0.09194467998316964,0.014148708223683528,0.025540188957996562,0.10216075552550398,0.10216075552550398,1.0216075542334322e-10,1.0216075542334322e-10,0.03405358524327516,0.06810717038438957,0.07662056666966816,0.10216075552550398,1.0216075542334322e-10,0.03405358524327516,0.03405358524327516,0.10216075552550398,1.0216075542334322e-10,0.10216075552550398,0
0.042317396849726796,0.048540543426605416,0.0634760952111141,0.025390438160616955,0.022290329103903953,0.03173804766903315,0.0634760952111141,0.042317396849726796,0.042317396849726796,0.0634760952111141,0.12695219029527602,0.08463479357250141,0.004534006918678046,1.2695219016832383e-10,1.2695219016832383e-10,1.2695219016832383e-10,0.08463479357250141,0.12695219029527602,1.2695219016832383e-10,0.12695219029527602,0
0.03554001922746944,0.040766492627594346,1.0662005736254815e-10,0.09595805173291339,0.023642502096884666,0.026655014447257094,0.05331002878789413,0.10662005746916821,0.03554001922746944,1.0662005736254815e-10,0.10662005746916821,0.07108003834831882,0.013327507276938575,0.10662005746916821,1.0662005736254815e-10,0.03554001922746944,0.03554001922746944,0.10662005746916821,1.0662005736254815e-10,0.10662005746916821,0
0.03519614946114107,0.031055426007546644,0.052794224138917385,0.03167653452558582,0.016511630423924624,0.02639711212225292,0.02639711212225292,0.0703922988166937,0.10558844817224633,1.0558844806665789e-10,0.03519614946114107,0.0703922988166937,0.005656524109159409,0.10558844817224633,1.0558844806665789e-10,1.0558844806665789e-10,0.0703922988166937,0.10558844817224633,0.10558844817224633,0.10558844817224633,0
0.09428795924080477,0.019412226977394358,0.047143979667546354,9.42879591465168e-11,0.03377951489581602,0.09428795924080477,0.047143979667546354,0.03142931980979356,0.06285863952529916,9.42879591465168e-11,0.09428795924080477,0.06285863952529916,0.08250196434749016,0.047143979667546354,9.42879591465168e-11,0.03142931980979356,0.06285863952529916,0.09428795924080477,9.42879591465168e-11,0.09428795924080477,0
0.04475855564117734,0.015797137372005665,0.06713783339462817,0.04028270009048718,0.007986794208716192,1.3427566652070502e-10,0.03356891676445192,0.04475855564117734,0.08951711114807902,1.3427566652070502e-10,1.3427566652070502e-10,0.08951711114807902,0.007193339412170582,0.1342756666549807,0.06713783339462817,1.3427566652070502e-10,0.08951711114807902,0.1342756666549807,1.3427566652070502e-10,0.1342756666549807,0
0.02829978535143949,0.06242599699638494,8.48993557996204e-11,0.07640942030455772,0.07331877356762424,8.48993557996204e-11,0.021224839034804457,0.05659957061797963,0.05659957061797963,8.48993557996204e-11,0.08489935588451976,0.08489935588451976,0.05912633715963499,0.08489935588451976,8.48993557996204e-11,8.48993557996204e-11,0.05659957061797963,0.08489935588451976,0.08489935588451976,0.08489935588451976,0
1.2275355610937584e-10,0.03610398721374645,0.06137677817744147,0.024550711344628724,0.0201549803929405,1.2275355610937584e-10,0.03068838915009752,0.12275355623212941,0.04091785215921217,1.2275355610937584e-10,0.12275355623212941,1.2275355610937584e-10,0.008768111273423262,0.12275355623212941,1.2275355610937584e-10,1.2275355610937584e-10,0.04091785215921217,0.12275355623212941,0.12275355623212941,0.12275355623212941,0
0.03782048274261849,0.018354057859964128,0.05673072405719701,0.03403843447970279,0.003446171525032047,1.1346144788747114e-10,0.11346144800093258,0.11346144800093258,0.07564096537177553,1.1346144788747114e-10,0.07564096537177553,0.07564096537177553,0.0364697512201486,0.11346144800093258,0.05673072405719701,1.1346144788747114e-10,0.07564096537177553,1.1346144788747114e-10,1.1346144788747114e-10,0.11346144800093258,0
0.041204802586199685,0.0799857931392211,0.06180720381749232,0.024722881601165574,0.06604467359863966,1.2361440738775584e-10,0.03090360197055337,1.2361440738775584e-10,0.041204802586199685,1.2361440738775584e-10,0.041204802586199685,0.08240960504878497,0.015451801047083887,1.2361440738775584e-10,0.06180720381749232,1.2361440738775584e-10,0.08240960504878497,0.12361440751137025,0.12361440751137025,0.12361440751137025,0
0.09709620687529276,0.028557707973036365,0.07282215518074361,0.0873865861974731,0.044867059881584744,9.709620677819655e-11,0.024274051791645344,0.03236540235649506,0.06473080461589391,9.709620677819655e-11,0.03236540235649506,0.06473080461589391,0.013870886779695713,9.709620677819655e-11,0.048548103486194476,0.03236540235649506,0.06473080461589391,0.09709620687529276,0.09709620687529276,0.09709620687529276,0
1.1730939251240938e-10,0.02415193386986426,0.05865469637351407,0.03519281787103221,0.0070679975202525116,1.1730939251240938e-10,0.05865469637351407,0.11730939262971876,0.11730939262971876,1.1730939251240938e-10,0.07820626179224897,1.1730939251240938e-10,0.014663674181360564,0.11730939262971876,0.05865469637351407,1.1730939251240938e-10,0.07820626179224897,0.11730939262971876,1.1730939251240938e-10,0.11730939262971876,0
8.775420102258333e-11,0.05291062129254708,0.043877100599045864,0.026326260394529205,0.0077015490385091475,8.775420102258333e-11,0.043877100599045864,0.08775420111033753,0.05850280076947642,8.775420102258333e-11,0.08775420111033753,0.08775420111033753,0.006268157303653012,0.08775420111033753,0.08775420111033753,8.775420102258333e-11,0.05850280076947642,0.08775420111033753,0.08775420111033753,0.08775420111033753,0
1.43846228015464e-10,0.03596155714771223,0.03596155714771223,1.43846228015464e-10,0.011057179660606611,0.14384622815931025,0.07192311415157822,0.14384622815931025,0.0958974854874889,1.43846228015464e-10,0.047948742815667564,0.047948742815667564,0.05394233564964522,1.43846228015464e-10,0.07192311415157822,0.047948742815667564,0.047948742815667564,1.43846228015464e-10,1.43846228015464e-10,0.14384622815931025,0
0.09188498579951591,0.05945499084388146,0.04594249294570045,0.08269648722875282,0.02322656685433995,9.188498570763094e-11,9.188498570763094e-11,0.06125665723030561,0.06125665723030561,9.188498570763094e-11,0.030628328661095296,0.06125665723030561,0.022971246518792725,0.09188498579951591,9.188498570763094e-11,9.188498570763094e-11,0.09188498579951591,0.09188498579951591,0.09188498579951591,0.09188498579951591,0
0.02794963592535695,0.028360659981849716,8.384890752452414e-11,0.07546401685592062,0.037223120250452886,8.384890752452414e-11,0.08384890760837305,0.02794963592535695,0.02794963592535695,8.384890752452414e-11,0.08384890760837305,0.08384890760837305,0.034437944245707036,0.041924453846110966,0.08384890760837305,0.02794963592535695,0.08384890760837305,0.08384890760837305,0.08384890760837305,0.08384890760837305,0
0.07197529032184573,0.022227663262250265,0.05398146776837502,0.0323888807042102,0.01098995445722698,1.0796293532082419e-10,0.05398146776837502,0.10796293542878713,0.07197529032184573,0.05398146776837502,0.03598764521490433,1.0796293532082419e-10,0.03470237217537071,0.10796293542878713,0.05398146776837502,1.0796293532082419e-10,0.07197529032184573,0.10796293542878713,1.0796293532082419e-10,0.10796293542878713,0
1.0015440859978602e-10,0.06038721705002538,1.0015440859978602e-10,0.09013896783996182,0.06373863165430456,1.0015440859978602e-10,0.10015440869994043,0.03338480296674975,0.06676960583334508,1.0015440859978602e-10,0.10015440869994043,0.06676960583334508,0.017884715921544767,0.10015440869994043,1.0015440859978602e-10,0.03338480296674975,0.06676960583334508,0.10015440869994043,1.0015440859978602e-10,0.10015440869994043,0
1.205535572331659e-10,0.003545692980352553,0.0602767787371365,0.0723321344604531,0.0013133931178115547,1.205535572331659e-10,0.030138389428845034,0.12055355735371946,0.04018451919827552,1.205535572331659e-10,0.12055355735371946,0.04018451919827552,0.008610968494351124,0.12055355735371946,0.0602767787371365,1.205535572331659e-10,0.08036903827599749,0.12055355735371946,1.205535572331659e-10,0.12055355735371946,0
1.3550206379051814e-10,0.051809612761288405,0.06775103203076112,0.06775103203076112,0.08759096774918132,1.3550206379051814e-10,0.0338755160831316,1.3550206379051814e-10,1.3550206379051814e-10,1.3550206379051814e-10,1.3550206379051814e-10,0.1355020639260202,0.036295195793676564,1.3550206379051814e-10,0.06775103203076112,1.3550206379051814e-10,0.04516735473234144,0.1355020639260202,0.1355020639260202,0.1355020639260202,0
0.04058836071360447,0.07878917068239447,1.2176508177551818e-10,0.12176508189728324,0.12176508189728324,1.2176508177551818e-10,0.06088254100952416,1.2176508177551818e-10,0.04058836071360447,1.2176508177551818e-10,0.04058836071360447,0.04058836071360447,0.02826689410536751,1.2176508177551818e-10,0.06088254100952416,1.2176508177551818e-10,0.12176508189728324,0.12176508189728324,0.12176508189728324,1.2176508177551818e-10,0
9.636738350442731e-11,0.002834334905321127,0.04818369184858103,9.636738350442731e-11,0.07766021242198871,9.636738350442731e-11,0.09636738360079469,9.636738350442731e-11,0.06424492243265226,9.636738350442731e-11,0.09636738360079469,0.09636738360079469,0.08432146066274127,9.636738350442731e-11,0.04818369184858103,9.636738350442731e-11,0.09636738360079469,0.09636738360079469,0.09636738360079469,0.09636738360079469,0
0.03485653118439526,0.012302305191566885,0.05228479672430809,0.020913918752464993,0.014453550133047981,0.1045695933440466,0.1045695933440466,1.0456959323947699e-10,0.03485653118439526,1.0456959323947699e-10,0.03485653118439526,0.03485653118439526,0.011203885094513557,0.1045695933440466,0.05228479672430809,1.0456959323947699e-10,0.06971306226422093,0.1045695933440466,0.1045695933440466,0.1045695933440466,0
8.947812770926179e-11,0.010526838643508923,0.044739063944109016,0.008947812860404306,0.015439826682206472,8.947812770926179e-11,0.08947812779873991,0.059652085228985983,0.059652085228985983,8.947812770926179e-11,0.08947812779873991,0.08947812779873991,0.0255651794349815,0.08947812779873991,0.08947812779873991,8.947812770926179e-11,0.059652085228985983,0.08947812779873991,0.08947812779873991,0.08947812779873991,0
0.04001860193305056,0.035310531131521765,0.06002790283954794,0.0360167417517511,0.011817972824487568,1.2005580543898428e-10,0.030013951479801876,1.2005580543898428e-10,0.12005580555904008,1.2005580543898428e-10,1.2005580543898428e-10,0.04001860193305056,0.006431561125715681,0.12005580555904008,0.06002790283954794,1.2005580543898428e-10,0.08003720374604532,0.12005580555904008,0.12005580555904008,0.12005580555904008,0
0.08482588926550516,0.01746415373967162,0.06361941697033534,0.07634330034743723,0.008956799982356621,8.482588918067927e-11,0.04241294467516552,0.08482588926550516,0.08482588926550516,8.482588918067927e-11,0.028275296478385645,0.0565505928719454,0.013632732274577918,0.08482588926550516,0.04241294467516552,8.482588918067927e-11,0.0565505928719454,0.08482588926550516,0.08482588926550516,0.08482588926550516,0
0.03131812070918878,0.060793998935291756,0.09395436193965763,0.018790872463095014,0.025052428700990677,9.395436184570327e-11,0.04697718101680599,0.03131812070918878,0.03131812070918878,9.395436184570327e-11,0.0626362413244232,0.0626362413244232,0.018455321170788932,0.09395436193965763,0.04697718101680599,9.395436184570327e-11,0.09395436193965763,0.09395436193965763,0.09395436193965763,0.09395436193965763,0
1.2982251967834245e-10,0.026728165945951843,0.06491125996899373,0.03894675603332526,0.011657882385520487,1.2982251967834245e-10,0.06491125996899373,0.12982251980816498,0.04327417335593667,1.2982251967834245e-10,0.12982251980816498,0.08654834658205082,0.013909555809644925,1.2982251967834245e-10,1.2982251967834245e-10,0.04327417335593667,0.08654834658205082,0.12982251980816498,1.2982251967834245e-10,0.12982251980816498,0
9.674669249991863e-11,0.06260080112610579,0.048373346346706,0.029024007846722287,0.03592733737428333,9.674669249991863e-11,0.07256001947168565,9.674669249991863e-11,0.09674669259666532,0.09674669259666532,9.674669249991863e-11,9.674669249991863e-11,0.025914292730653467,0.09674669259666532,0.048373346346706,0.03224889759671957,0.06449779509669244,0.09674669259666532,0.09674669259666532,0.09674669259666532,0
0.08664970893047413,0.010194083480040816,0.08664970893047413,0.07798473804609168,0.009735815287435967,8.664970884382442e-11,8.664970884382442e-11,0.08664970893047413,0.057766472649199326,8.664970884382442e-11,0.028883236367924517,0.057766472649199326,0.035588273361791885,0.04332485450856192,0.04332485450856192,0.028883236367924517,0.08664970893047413,0.08664970893047413,0.08664970893047413,0.08664970893047413,0
1.1869542714694889e-10,0.01745520999324673,0.059347713692169866,1.1869542714694889e-10,0.05700306428390781,1.1869542714694889e-10,0.11869542726564432,1.1869542714694889e-10,1.1869542714694889e-10,1.1869542714694889e-10,0.11869542726564432,0.03956514250101172,0.05510859129406455,0.11869542726564432,0.059347713692169866,1.1869542714694889e-10,0.11869542726564432,0.11869542726564432,0.11869542726564432,1.1869542714694889e-10,0
1.182195997722821e-10,0.013908188326723372,0.05910980000436064,0.03546588004990423,0.002758067153734489,0.029554900061290124,0.08866469994743116,0.1182195998905017,0.1182195998905017,1.182195997722821e-10,1.182195997722821e-10,0.03940653337564696,0.002111064399867493,0.1182195998905017,0.05910980000436064,1.182195997722821e-10,0.07881306663307433,0.1182195998905017,1.182195997722821e-10,0.1182195998905017,0
1.6041258660566363e-10,0.03302612093216686,0.08020629346324439,1.6041258660566363e-10,0.006408030196492249,1.6041258660566363e-10,0.04010314681182849,1.6041258660566363e-10,0.05347086236230046,1.6041258660566363e-10,0.05347086236230046,0.10694172456418834,0.011458042060817134,0.16041258676607623,0.08020629346324439,1.6041258660566363e-10,0.05347086236230046,0.16041258676607623,1.6041258660566363e-10,0.16041258676607623,0
0.03945813012665602,0.03481599718450524,0.05918719513079683,1.183743900248449e-10,0.016075052092695795,1.183743900248449e-10,0.05918719513079683,0.07891626013493765,0.03945813012665602,1.183743900248449e-10,0.11837439014321928,0.03945813012665602,0.0021138285116751904,0.11837439014321928,1.183743900248449e-10,1.183743900248449e-10,0.03945813012665602,0.11837439014321928,0.11837439014321928,0.11837439014321928,0
1.584890370508261e-10,0.03263009602189441,0.07924451868390209,0.09509342238898472,0.004360323616473689,1.584890370508261e-10,1.584890370508261e-10,0.15848903720931515,0.05282967917543108,1.584890370508261e-10,1.584890370508261e-10,1.584890370508261e-10,0.022641291165749908,0.15848903720931515,0.07924451868390209,1.584890370508261e-10,1.584890370508261e-10,0.15848903720931515,1.584890370508261e-10,0.15848903720931515,0
0.02773402063769328,0.024471194690106078,0.04160103091493889,0.008320206249549428,0.05644317265109942,8.320206166347366e-11,0.08320206174667573,0.08320206174667573,0.02773402063769328,8.320206166347366e-11,0.02773402063769328,0.08320206174667573,0.037143777611538524,0.08320206174667573,0.08320206174667573,8.320206166347366e-11,0.08320206174667573,0.08320206174667573,0.08320206174667573,0.08320206174667573,0
9.575329898613423e-11,0.01971391459289858,0.047876649588820416,0.009575329994366723,0.038256008896145104,0.09575329908188754,0.09575329908188754,9.575329898613423e-11,0.06383553275317612,9.575329898613423e-11,0.09575329908188754,0.031917766424464714,0.05471617094497286,0.09575329908188754,0.09575329908188754,9.575329898613423e-11,0.06383553275317612,9.575329898613423e-11,0.09575329908188754,0.09575329908188754,0
1.200910247578324e-10,0.024724622864350634,0.12009102487792343,1.200910247578324e-10,0.02455476230783754,1.200910247578324e-10,0.12009102487792343,1.200910247578324e-10,0.04003034170603516,1.200910247578324e-10,0.12009102487792343,1.200910247578324e-10,0.030022756309549134,1.200910247578324e-10,1.200910247578324e-10,0.0800606832919793,0.0800606832919793,0.12009102487792343,0.12009102487792343,0.12009102487792343,0
1.1442916985637073e-10,0.013462255391649254,1.1442916985637073e-10,0.034328751071340396,0.037456758751798463,1.1442916985637073e-10,0.05721458504261453,0.11442916997079991,0.07628611335200966,1.1442916985637073e-10,0.03814305673321941,0.03814305673321941,0.01839040241277447,0.11442916997079991,1.1442916985637073e-10,0.03814305673321941,0.07628611335200966,0.11442916997079991,0.11442916997079991,0.11442916997079991,0
1.6505078144928332e-10,0.04854434765013411,0.08252539088969243,0.04951523459983579,0.015774909781943326,1.6505078144928332e-10,0.08252539088969243,0.05501692731481189,0.110033854464573,1.6505078144928332e-10,0.16505078161433412,1.6505078144928332e-10,0.005894670931096621,0.16505078161433412,1.6505078144928332e-10,1.6505078144928332e-10,0.05501692731481189,1.6505078144928332e-10,1.6505078144928332e-10,0.16505078161433412,0
1.1488046305993793e-10,0.03378837160309749,0.05744023164484942,1.1488046305993793e-10,0.01297730784361671,1.1488046305993793e-10,0.1148804631748184,0.1148804631748184,0.07658697548817242,0.05744023164484942,1.1488046305993793e-10,1.1488046305993793e-10,0.053337357964137355,0.1148804631748184,0.05744023164484942,1.1488046305993793e-10,0.07658697548817242,0.1148804631748184,1.1488046305993793e-10,0.1148804631748184,0
0.06758108680206065,0.01689527175120098,0.06758108680206065,6.758108673447957e-11,0.046221685338274435,0.06758108680206065,0.06758108680206065,0.06758108680206065,0.04505405789056747,6.758108673447957e-11,0.06758108680206065,0.06758108680206065,0.013274856390425289,0.06758108680206065,0.06758108680206065,6.758108673447957e-11,0.06758108680206065,0.06758108680206065,0.06758108680206065,0.06758108680206065,0
0.03120396475172899,0.011013164090594395,0.04680594708078753,0.028083568285917286,0.03202810379849339,0.09361189406796318,9.361189397435128e-11,0.03120396475172899,0.06240792940984608,9.361189397435128e-11,9.361189397435128e-11,0.09361189406796318,0.05516415189992603,0.09361189406796318,0.04680594708078753,9.361189397435128e-11,0.09361189406796318,0.09361189406796318,0.09361189406796318,0.09361189406796318,0
9.260159836220949e-11,0.03540649358403464,0.04630079927370634,0.018520319765043498,0.031081201259624703,0.0926015984548111,0.0926015984548111,0.0926015984548111,0.061734399000741264,9.260159836220949e-11,0.0926015984548111,0.03086719954667143,0.019843199741646486,0.0926015984548111,0.04630079927370634,9.260159836220949e-11,0.061734399000741264,0.0926015984548111,9.260159836220949e-11,0.0926015984548111,0
