mcg,gvh,alm,mit,erl,pox,vac,nuc,name
0.2185384434000843,0.22831896065772303,0.13619659536944265,0.05379765542129586,4.1382811544205957e-10,4.1382811544205957e-10,0.2721061585127166,0.09104218581108123,MIT
0.14166466832503366,0.24455473964562993,0.13465988846293767,0.1063813119684618,3.9400485768317383e-10,3.9400485768317383e-10,0.2860583217256242,0.08668106908430309,MIT
0.22823462144149548,0.21586015705967831,0.1358396649825258,0.05748928700830752,3.8326191083363744e-10,3.8326191083363744e-10,0.27825864797480687,0.08431762076666215,MIT
0.21733579179619267,0.14664452191564148,0.18754211611216817,0.05350159841836579,4.115507538985772e-10,4.115507538985772e-10,0.30443480466529277,0.09054116626923774,NUC
0.14136472662788593,0.14461449044908206,0.13870944798100412,0.21916092757459146,4.0585356883099613e-10,4.0585356883099613e-10,0.2668626210070565,0.08928778554867271,MIT
0.15679187922363771,0.10826749602015107,0.1545590834801678,0.05930652853324587,3.488619304963761e-10,0.21015778980451016,0.2341675975313609,0.07674962505806467,CYT
0.15390280419678526,0.165514686832938,0.12003519595034015,0.22828915938881128,3.512140908270726e-10,3.512140908270726e-10,0.25499105259552707,0.07726710033317007,MIT
0.15995290454658254,0.14151782301690277,0.1850703807731581,0.07695031644098378,3.84751580281161e-10,3.84751580281161e-10,0.3056930367725233,0.13081553768034632,NUC
0.18039699380850835,0.15518477032566252,0.20785096663119873,0.1313618110451986,3.6489391855640187e-10,3.6489391855640187e-10,0.2449287950123417,0.08027666244730233,MIT
0.13790037905211755,0.1264770024633576,0.20892719999585785,0.0634817264472079,4.2321150682664264e-10,4.2321150682664264e-10,0.33625023872383164,0.1269634524712043,CYT
0.1575490450782753,0.13095132561676553,0.1830385859239231,0.09201848932328702,4.3818328040525596e-10,4.3818328040525596e-10,0.31813306703378,0.1183094861476024,NUC
0.15094772447256402,0.11954925462236377,0.20845455441481456,0.08667320972038939,4.3336604643511673e-10,4.3336604643511673e-10,0.30869910200358613,0.1256761538995499,NUC
0.1334928698375228,0.136561671433565,0.1866919051005589,0.14338975498475903,4.0968501307164004e-10,4.0968501307164004e-10,0.29744254414662913,0.10242125367759503,CYT
0.2070295585913322,0.11669998357832355,0.14755736310297976,0.17297530881142797,3.7603327920737974e-10,3.7603327920737974e-10,0.2730104633622131,0.08272732180165682,MIT
0.2527856007264118,0.19747389256919665,0.12426928516805841,0.07772008225208099,4.0905306233172597e-10,4.0905306233172597e-10,0.25775946434411323,0.08999167412203277,MIT
0.1823243343970844,0.16519961863190558,0.181928693889453,0.0509987212981553,4.6362473485936885e-10,4.6362473485936885e-10,0.3175511887234664,0.10199744213268587,CYT
0.1796422303998448,0.13272417672686063,0.1630297457028136,0.048852706868187455,4.441155129461086e-10,4.441155129461086e-10,0.29810493379150343,0.17764620562255898,CYT
0.21955752378640883,0.16248008496444694,0.17367100664780794,0.04573336539019771,4.157578634039986e-10,4.157578634039986e-10,0.2904609734788254,0.10809704490079752,NUC
0.1981744752922927,0.10916242116431342,0.1946367939822626,0.09497130647174443,4.52244314378572e-10,4.52244314378572e-10,0.3035612525693679,0.09949374961553015,NUC
0.2098343821557886,0.20177867140690547,0.16074907360722407,0.07843609228372272,3.735051995724644e-10,3.735051995724644e-10,0.2558254795327274,0.09337630026662132,NUC
0.17982712049817406,0.14608673793724275,0.17279739317022086,0.07531582956457362,4.707239318365606e-10,4.707239318365606e-10,0.3224136524135736,0.10355926547476726,CYT
0.16370928607606774,0.16223919550835264,0.15561448358295302,0.10016961959451363,4.553164506327145e-10,4.553164506327145e-10,0.3180977947329663,0.10016961959451363,CYT
0.25532540902493256,0.2106410957558288,0.09742817284152194,0.10995465215973706,3.6651550597740517e-10,3.6651550597740517e-10,0.24601725780340386,0.08063341168154464,CYT
0.1553033279969138,0.19859189918600206,0.16949441528627673,0.056151859804649165,4.3193737979009064e-10,4.3193737979009064e-10,0.3254322728765262,0.09502622398575732,CYT
0.1631808746849455,0.1907796103989192,0.16282677513860913,0.06224184817221701,4.149456517151424e-10,4.149456517151424e-10,0.32968284698314093,0.09128804379227698,CYT
0.16353013786939233,0.1589249788246961,0.14277837042011363,0.18556582389826348,3.638545559498215e-10,3.638545559498215e-10,0.2691526855870101,0.08004800267281528,MIT
0.2090066429441935,0.14254092902770765,0.15697545344696578,0.07363129883822327,3.8753314974047433e-10,3.8753314974047433e-10,0.31321172415038223,0.10463395081746124,CYT
0.20674491762804587,0.15632436809916866,0.19747154902370617,0.07200116505203236,4.0000647028903277e-10,4.0000647028903277e-10,0.27945657553344033,0.08800142386359368,CYT
0.20927400350397207,0.22231893473454523,0.16322149648260018,0.08596332165037487,3.5818050538414327e-10,3.5818050538414327e-10,0.24042253136945468,0.07879971154269201,MIT
0.2339166655269356,0.2601022392453007,0.05728834153739363,0.11767025319979516,3.017185971745553e-10,3.017185971745553e-10,0.2314553625178158,0.09956713736932184,ME1
0.19480475224577246,0.19453818854594626,0.11495711436366217,0.04128005496788268,4.1280054555082134e-10,4.1280054555082134e-10,0.32232371406207194,0.1320961749890634,NUC
0.15147749229219726,0.14721174682909216,0.09385852225102567,0.293222555389238,3.3703741960023063e-10,3.3703741960023063e-10,0.24008144991528385,0.07414823264908815,MIT
0.11330580363590205,0.20606317259018866,0.18910860778754882,0.04481874033062157,3.734894996427673e-10,3.734894996427673e-10,0.27116360970316983,0.1755400652055901,CYT
0.10055255107016023,0.19637692537005794,0.15447371172509097,0.17491573285621406,4.0678077313821693e-10,4.0678077313821693e-10,0.2841893076677268,0.0894917704971885,NUC
0.26993795517957253,0.2514141634608558,0.09531721886612117,0.0932293178892892,3.5857429819505733e-10,3.5857429819505733e-10,0.2112149979255258,0.0788863459614869,ME1
0.25344157735075623,0.22222956047973155,0.11783480227910409,0.12173241495803173,3.5803651352939764e-10,3.5803651352939764e-10,0.20599361088179952,0.078768033334504,EXC
0.24213359575225749,0.19491138523069257,0.10732462367185387,0.10598306588037168,3.53276885090316e-10,3.53276885090316e-10,0.26132810713241467,0.08831922162585588,MIT
0.1382752811499971,0.15608719800922477,0.19338018350813965,0.07638517274245424,4.243620684338454e-10,4.243620684338454e-10,0.3255380255242983,0.11033413821716188,CYT
0.20565265918156214,0.17531692215547195,0.10618879413945911,0.16777829451918316,3.813143048587928e-10,3.813143048587928e-10,0.26117418179144636,0.08388914745024872,MIT
0.19374407805819968,0.17234605648497647,0.15183905740351866,0.12744990886828922,3.748526720395192e-10,3.748526720395192e-10,0.27215331021176387,0.0824675882235469,MIT
0.2903392903202911,0.21781008837998753,0.07850186406456292,0.08268863012963103,3.445359574378961e-10,3.445359574378961e-10,0.25486221543558235,0.0757979109808731,ME2
0.2555936133289038,0.21266172062759234,0.11517889427433399,0.1213217686194556,3.033044207903779e-10,3.033044207903779e-10,0.22851702966591791,0.06672697287718755,ME2
0.2698684204741524,0.17863501272535504,0.08942028847965783,0.09889883902106132,3.532101380994685e-10,3.532101380994685e-10,0.28547120785825997,0.0777062307350932,ME2
0.15642998240390307,0.2187023008849302,0.10573874774998429,0.09281512308170657,4.640756130881548e-10,4.640756130881548e-10,0.324217209607855,0.10209663534346966,ME3
0.13930586632407177,0.12606503468961036,0.21126473860445022,0.0858338455104092,4.768546946308584e-10,4.768546946308584e-10,0.31354829283687113,0.12398222108087789,VAC
0.1849904822938027,0.08110420181693029,0.18359664201425321,0.1528814200779904,3.9200364022047886e-10,3.9200364022047886e-10,0.25238590573943515,0.1450413472735808,NUC
0.21734933803790563,0.21881657494650653,0.14380778996903631,0.14431306058136223,3.070490644134323e-10,3.070490644134323e-10,0.1682460629993407,0.10746717285175036,ME2
0.18679432915469182,0.13074473021716546,0.17167406870223362,0.12687267475830588,4.3749198041659963e-10,4.3749198041659963e-10,0.2876659601634753,0.09624823612914389,EXC
0.24511587961286618,0.17512749226526247,0.13149676499200494,0.09695694814505985,3.462748135670894e-10,3.462748135670894e-10,0.2751224549612225,0.07618045933103447,VAC
0.2043812111480596,0.07418954643011658,0.09655739569473833,0.0938834985994408,5.867718625791808e-10,5.867718625791808e-10,0.4018985365999094,0.12908981035419165,ME3
0.18101546053211554,0.13012419262670596,0.16534768379435802,0.09143726933291076,4.354155661785486e-10,4.354155661785486e-10,0.3101590338776693,0.12191635896540919,CYT
0.12900186621829401,0.17595656834235882,0.11626497313579286,0.053578775326419956,3.827055353122458e-10,3.827055353122458e-10,0.2726121625229354,0.25258565368878777,ME3
0.13865823773644853,0.13767384862730614,0.15620991335334602,0.15607208107717804,3.6295832724237144e-10,3.6295832724237144e-10,0.273461753764745,0.13792416471505947,NUC
0.19712959642202105,0.15684768663256662,0.18260133927422315,0.10526720467104263,3.898785343746818e-10,3.898785343746818e-10,0.2723808942680809,0.08577327795230853,CYT
0.22493841907848805,0.1997176074393005,0.16734730734043787,0.08687715944951135,3.7772677857297647e-10,3.7772677857297647e-10,0.23801961427302695,0.0830998916637816,CYT
0.22999289673858428,0.19088762006535548,0.171107684202224,0.08496718737827863,3.862144863275643e-10,3.862144863275643e-10,0.23807742346485,0.08496718737827863,CYT
0.24456350126709767,0.22289267067787039,0.14026518892771667,0.039574821445839306,3.9574821050091095e-10,3.9574821050091095e-10,0.26563921018403086,0.08706460670594862,CYT
0.1879069302486322,0.14188156018400397,0.1512090126648194,0.13140063205789018,3.981837323021407e-10,3.981837323021407e-10,0.3000014425436322,0.08760042150465468,CYT
0.13682863029629122,0.1866321545694714,0.18269476735178272,0.08569526455041311,4.51027705786239e-10,4.51027705786239e-10,0.3089230866059859,0.09922609572400028,CYT
0.13435577307328309,0.18191172102443304,0.1201998967962134,0.2356363158631148,3.516959933006251e-10,3.516959933006251e-10,0.25052317366173027,0.0773731188778335,MIT
0.1447142568486172,0.10177820231395342,0.15793775100963625,0.209292993787703,4.0248652574080093e-10,4.0248652574080093e-10,0.2977297591696543,0.08854703606546273,MIT
0.1548901181128126,0.11579097702542475,0.17449646211061157,0.09543614220994853,5.302007871097098e-10,5.302007871097098e-10,0.3268361021731725,0.1325501973076282,NUC
0.1597344891900223,0.13249179445427142,0.14590868499301016,0.12295238528122819,3.842262028031312e-10,3.842262028031312e-10,0.2736953777234429,0.16521726758957261,NUC
0.13747526378134187,0.15469917608905606,0.19617778130622812,0.0774902238627053,4.0784328134137913e-10,4.0784328134137913e-10,0.32403986777496635,0.11011768637001565,NUC
0.21579493385414492,0.17968490222808378,0.1300359818081854,0.035731626629468514,4.4664532728528984e-10,4.4664532728528984e-10,0.3181583157731531,0.1205942388136736,CYT
0.22437164520718927,0.15926544661061973,0.12380724228096734,0.08965707806421148,4.0753217116672413e-10,4.0753217116672413e-10,0.28471425697606545,0.11818433004588218,CYT
0.11981639302298112,0.1758624417164073,0.21127777798710312,0.04172736152452185,4.636373451209389e-10,4.636373451209389e-10,0.34931580843146803,0.1020002163902439,CYT
0.17645565660527399,0.20002693096307317,0.18267356032974377,0.05093368712745355,4.2444738919171806e-10,4.2444738919171806e-10,0.29653173807893535,0.09337842604662536,CYT
0.17321768025121076,0.12797755825402174,0.20598530041462926,0.06423489002925367,4.282325973401405e-10,4.282325973401405e-10,0.33437339835135593,0.0942111718430635,CYT
0.23831386707835867,0.25075784238781085,0.09972120965529238,0.11210965220175036,3.0299905918581433e-10,3.0299905918581433e-10,0.23243763474691143,0.06665979332387821,EXC
0.17551791651872745,0.14073058179689155,0.16567017849620544,0.1013260190119756,4.2219174412409947e-10,4.2219174412409947e-10,0.3238731192023228,0.09288218412949362,CYT
0.19852079371862497,0.1641959708051276,0.133238302829468,0.10149903578071266,3.759223533510752e-10,3.759223533510752e-10,0.2935284132664878,0.10901748284773415,CYT
0.2008745526645669,0.15516769933810157,0.10622325238177778,0.22256080535161757,3.6485377866682595e-10,3.6485377866682595e-10,0.23490585786267315,0.08026783167155548,MIT
0.13612844952401731,0.17202438946681356,0.14884931353782518,0.23518191518308876,3.563362345859887e-10,3.563362345859887e-10,0.2294219596103289,0.07839397196525374,MIT
0.16891487025102508,0.1777350555717536,0.20117058499451557,0.09879106857941433,4.295263832603824e-10,4.295263832603824e-10,0.25889261499742805,0.0944958047468105,MIT
0.1655755196061359,0.12926509872492087,0.1718080424814432,0.21328741264405246,3.877952950113767e-10,3.877952950113767e-10,0.22311510162721748,0.09694882414063948,MIT
0.2111798105848368,0.1661803992109747,0.1509822551389763,0.14457694736053547,3.6144236749773274e-10,3.6144236749773274e-10,0.24756326577084833,0.07951732121094357,MIT
0.15521693430565706,0.16692796734178134,0.14347868516229886,0.1912750220389925,3.5421300311996204e-10,3.5421300311996204e-10,0.24746387924624125,0.09563751119660277,MIT
0.21547224274358215,0.18651399266315008,0.1773921921194098,0.1475156124561474,3.687890302183959e-10,3.687890302183959e-10,0.19197237226329644,0.08113358701683612,MIT
0.13762285975475608,0.19358157987296556,0.14535325770998664,0.1875541534206571,3.827635776283541e-10,3.827635776283541e-10,0.251680161015106,0.08420798746100149,MIT
0.15629232819254416,0.13827913974272818,0.16179972120147662,0.18797320545266533,3.7594641015343783e-10,3.7594641015343783e-10,0.2729473940489903,0.08270821060970274,MIT
0.16971188410674823,0.200323046156942,0.12256051362188773,0.1781539624251007,3.872912218213249e-10,3.872912218213249e-10,0.2440465237267562,0.0852040691879827,MIT
0.1498679851425628,0.15714605681863722,0.16461765073611725,0.19007007206760557,3.33456266200262e-10,3.33456266200262e-10,0.2649378556706507,0.0733603788975139,MIT
0.18006308114160102,0.1670673495704686,0.19813829766859511,0.1378948201336255,3.7268870205658595e-10,3.7268870205658595e-10,0.2348449359151949,0.08199151482513761,MIT
0.16699449058828764,0.1494792638733872,0.06383085088384671,0.114122842134274,2.6540195783458615e-10,0.2654019580999881,0.1817821631658034,0.058388430989010906,MIT
0.10872167527427425,0.2944085923162234,5.691899440442649e-10,0.07399469329494437,5.691899440442649e-10,5.691899440442649e-10,0.3976532491480599,0.1252217882589282,ME3
0.1587665290018396,0.1798180842992911,0.08943177921509253,0.0807441207117925,5.046507512946359e-10,5.046507512946359e-10,0.38021631997321204,0.11102316578947065,ME3
0.27084794921937866,0.20077850650820964,0.10613304360497215,0.10131283455711287,3.4935460071640785e-10,3.4935460071640785e-10,0.2440696529046532,0.07685801250696432,EXC
0.16133385158904837,0.1650426757550455,0.17709545146489503,0.11045163697323354,3.681721220168714e-10,3.681721220168714e-10,0.25721614040735624,0.12886024307407712,NUC
0.13461165292924468,0.15103257754421473,0.15165110261820405,0.1584509423634336,3.864657121389461e-10,3.864657121389461e-10,0.280584695501043,0.12366902827092846,CYT
0.10529127569011916,0.14217952938678358,0.194535627526971,0.17242499283114313,3.748369401224047e-10,3.748369401224047e-10,0.26187238320007855,0.1236961906152305,CYT
0.1777794823210999,0.12990454795899603,0.1487818163815218,0.09945492202337206,4.5206782532411015e-10,4.5206782532411015e-10,0.32202091712129693,0.12205831328957757,MIT
0.14994129611000676,0.1692559695488489,0.20387042208795084,0.0920329336521367,4.601646659598602e-10,4.601646659598602e-10,0.2836631507093935,0.1012362269713339,CYT
0.09775607452908701,0.1363681915849993,0.2152546009186903,0.0632748411074104,3.9546775444964154e-10,3.9546775444964154e-10,0.2817030583595959,0.20564323270928134,NUC
0.16756574776833358,0.21652779010502354,0.1390985488470487,0.09811415510596352,3.924566188540276e-10,3.924566188540276e-10,0.26880590371713303,0.10988785367158437,CYT
0.1516678842852044,0.2126191326007801,0.10125413388494611,0.129984994232941,4.999422835884565e-10,4.999422835884565e-10,0.29448655110684124,0.10998730288940271,ME3
0.22399306543521807,0.22519160145532718,0.13487491666572596,0.12373685905977913,3.437134964335157e-10,3.437134964335157e-10,0.21658658713743567,0.07561696955908694,EXC
0.19976257667589323,0.24113868731143448,0.08101763257460168,0.11734053768613092,3.5557738585016223e-10,3.5557738585016223e-10,0.28251353979817195,0.07822702524261307,MIT
0.2567573265109536,0.24305831665697603,0.08202846029823183,0.09549839688067177,3.4106570192716453e-10,3.4106570192716453e-10,0.24762304420599335,0.07503445476504189,MIT
0.23318428317917184,0.1980372268926003,0.1784386060881259,0.10572487426678087,3.9157360694521205e-10,3.9157360694521205e-10,0.19846881487065363,0.08614619391952026,CYT
0.13782421950355947,0.2537866658454521,0.08695138119449214,0.11775701321528047,4.906542196859427e-10,4.906542196859427e-10,0.29573679043834566,0.10794392882156162,ME3
0.15063157197111895,0.18491323995284814,0.12218317898620418,0.0643498078532251,5.362483943081393e-10,5.362483943081393e-10,0.35994755288006786,0.11797464728403903,ME3
0.1684338659347072,0.18666473452050034,0.15285787907418918,0.16656237854005942,4.1640594530913367e-10,4.1640594530913367e-10,0.23387183271331657,0.09160930838441535,CYT
0.1743906030422447,0.04821610366094035,0.19115548820714268,0.11325962693367023,4.1948009820070413e-10,4.1948009820070413e-10,0.2758225307432307,0.19715564657381102,NUC
0.1807747384323755,0.1335609020108856,0.1923433046466349,0.10725967831828835,4.4691532446405433e-10,4.4691532446405433e-10,0.28774000386897763,0.09832137182900727,CYT
0.16995113027614417,0.24234758857191513,0.08702906003133005,0.07333648799184836,4.583530470843457e-10,4.583530470843457e-10,0.3264980613951472,0.1008376708169091,ME3
0.15933639162464594,0.11567692070415721,0.19108655858650456,0.08234093550578785,4.574496391574345e-10,4.574496391574345e-10,0.3509202715919199,0.10063892107208522,CYT
0.09603176183508624,0.22233124716572183,0.19359900774615302,0.0809699382072939,4.4983298754144956e-10,4.4983298754144956e-10,0.30810478643712713,0.09896325770895188,CYT
0.21678899212094885,0.21355884537266112,0.14020647674640166,0.05716806040756619,3.5730037531416135e-10,3.5730037531416135e-10,0.2936715417114055,0.07860608292641587,CYT
0.07936390803873748,0.2384908233433327,0.15087932793849781,0.10153619972372639,4.4146173600984636e-10,4.4146173600984636e-10,0.33260815770915414,0.09712158236362793,CYT
0.12370027116821646,0.10421266933809596,0.11886463139209458,0.1489496793935172,3.2380365015155116e-10,0.19506244017413568,0.221783322345414,0.08742698586472247,POX
0.16695649668211696,0.20184813643798744,0.11399407919698766,0.10356362099166364,4.502766110495088e-10,4.502766110495088e-10,0.31457681090952244,0.09906085488116854,NUC
0.09342380433091638,0.09557147798363594,0.19942029868820435,0.08314718590265344,4.376167656054562e-10,4.376167656054562e-10,0.2877480106987386,0.24068922152061767,NUC
0.1331150408565254,0.14556654681995304,0.14479383750866331,0.19200697082024398,4.0852546896110325e-10,4.0852546896110325e-10,0.2742157261495399,0.11030187702802335,NUC
0.12491654951386813,0.1428220994987354,0.12003336348831992,0.05231799033937511,3.26987437577423e-10,3.26987437577423e-10,0.2329225586013161,0.3269874379044104,NUC
0.14647202038317197,0.141025123087711,0.1407461968165395,0.23004723179479966,3.8341205235231276e-10,3.8341205235231276e-10,0.25735877525003287,0.08435065190092085,MIT
0.18746841658259691,0.2157502897214976,0.15399897623684417,0.14251505260624606,3.475976884357277e-10,3.475976884357277e-10,0.22379577235416206,0.07647149180345779,MIT
0.1550660603293543,0.14981797528648214,0.17469467551239182,0.184011724852607,3.8335775931093596e-10,3.8335775931093596e-10,0.25207085582068545,0.08433870743176367,MIT
0.14530228320993846,0.24154416871479667,0.1841568493039534,0.11854244615134252,5.388292982386965e-10,5.388292982386965e-10,0.19191180539096778,0.11854244615134252,MIT
0.16166963836874423,0.12863369702129884,0.2276676867801647,0.10391765102757415,3.9968327164573414e-10,3.9968327164573414e-10,0.2901810058411067,0.08793032016174478,MIT
0.24221133182704113,0.22907907573181716,0.041188074916228265,0.1138850264254888,4.067322357812734e-10,4.067322357812734e-10,0.28415539800734785,0.08948109227861238,MIT
0.17803630938525694,0.16557190739499128,0.15498788042630635,0.16565469334850869,3.601188978008474e-10,3.601188978008474e-10,0.2565230508483937,0.07922615787630531,MIT
0.21070843551258012,0.18860826917928636,0.1398848724227867,0.1439966398750677,3.3487590590742276e-10,3.3487590590742276e-10,0.24312908270601843,0.07367269963450891,MIT
0.18597356230354845,0.1862852995961037,0.12221680319322692,0.1482751715148324,3.4482597946513123e-10,3.4482597946513123e-10,0.2503531087236199,0.10689605397901666,MIT
0.20129512009784942,0.20113369658567523,0.06856003970752785,0.1291565667423255,4.1663408492158523e-10,4.1663408492158523e-10,0.308195076933971,0.09165949909938283,ME3
0.20656235396321393,0.22030286757818118,0.16339176781402956,0.0664954984665825,3.911499886790147e-10,3.911499886790147e-10,0.2571945134951596,0.08605299790053322,MIT
0.15081183104567364,0.13299893944294452,0.1874779984985939,0.07405380968696056,4.628363076507766e-10,4.628363076507766e-10,0.32969161687160864,0.124965803528546,NUC
0.13665603061017847,0.23166450879280473,0.11876471670236985,0.18417328456151663,3.4749676266796206e-10,3.4749676266796206e-10,0.25229217050368835,0.07644928813444841,MIT
0.20922547379233797,0.1936509448511988,0.1908126232143084,0.022167937500572013,4.4335874114426544e-10,4.4335874114426544e-10,0.27330333402544016,0.1108396857294251,NUC
0.12549604183276766,0.11554290751004131,0.1790833810555475,0.17498331418201013,3.7230492299937277e-10,3.7230492299937277e-10,0.24480323741298837,0.16009111726203523,CYT
0.17570674420003557,0.23505243485542224,0.18272132696124446,0.06014577039372823,4.009717999517096e-10,4.009717999517096e-10,0.2581599263972779,0.0882137963903479,CYT
0.1266540287615999,0.2189212123325058,0.15252661072516105,0.12049602255450358,3.886968456961507e-10,3.886968456961507e-10,0.2609061022943322,0.12049602255450358,CYT
0.21994414113955926,0.169898207168678,0.18204624863797672,0.09987259491921555,3.9949037807890066e-10,3.9949037807890066e-10,0.22437130863558521,0.10386749870000456,CYT
0.2023462399141536,0.1542337128154615,0.13856373203564273,0.14830789123138186,3.531140259006377e-10,3.531140259006377e-10,0.26120763595084595,0.0953407873462862,NUC
0.11810455180032405,0.22653674766317394,0.18294993047554,0.07007536757963383,4.3797104463539237e-10,4.3797104463539237e-10,0.3059797713476287,0.09635363025775737,NUC
0.1096653137328842,0.19998437236979208,0.15577665075419111,0.08911498763028627,4.243570819329962e-10,4.243570819329962e-10,0.313907978840546,0.13155069582358592,CYT
0.11281634575842563,0.18548007561570573,0.1316360706465529,0.09323465152116926,3.5859481216374786e-10,3.5859481216374786e-10,0.26526191620575074,0.21157093953520603,ME3
0.17540545045647568,0.19883643632626707,0.15488247272407143,0.07172660742253768,4.219212176506851e-10,4.219212176506851e-10,0.3063263639217337,0.09282266830507194,NUC
0.09992825714957261,0.10790465056077017,0.2314091067996489,0.07411345751357286,4.94089713463221e-10,4.94089713463221e-10,0.33841761245519997,0.14822691453305603,CYT
0.15861264067150782,0.08563664621346516,0.21343550473431813,0.11763770859933412,3.9212569402402813e-10,3.9212569402402813e-10,0.33840984591971157,0.08626765307741187,NUC
0.14482756705265615,0.17990485124373312,0.20395021290837817,0.07365516289872025,4.6034476523984677e-10,4.6034476523984677e-10,0.2963863561627118,0.10127584881311105,CYT
0.19178439647840267,0.14610134394324975,0.13791121437546927,0.17068811290572666,3.6316619689906483e-10,3.6316619689906483e-10,0.2736183678898588,0.07989656368096046,NUC
0.22988298383349634,0.208544897319613,0.17591236698877225,0.07334568435011778,3.8602991560046245e-10,3.8602991560046245e-10,0.2273874849178091,0.08492658181813165,NUC
0.1447365728819317,0.18792719461529991,0.1191575194368027,0.13376999412803248,4.954444208614372e-10,4.954444208614372e-10,0.30541094486208376,0.1089977730849606,NUC
0.1504340890418155,0.21160197277806259,0.16947637874098265,0.06694316985581701,4.1839480898388876e-10,4.1839480898388876e-10,0.3094975303516823,0.09204685839485033,CYT
0.08213660494020095,0.1186232507571015,0.21772621938479875,0.03870083584922312,4.300092824357093e-10,4.300092824357093e-10,0.30630798243900764,0.2365051057696494,NUC
0.2329548650496236,0.17376781731031196,0.15855920548949215,0.06047120070561158,4.3193714481196025e-10,4.3193714481196025e-10,0.2662626239461592,0.1079842866349272,CYT
0.12691571612686942,0.19474997797906288,0.1378745324483796,0.12505730743234733,4.0341066783527955e-10,4.0341066783527955e-10,0.2984133711308777,0.11698909407564173,CYT
0.06614447438682747,0.10375305653535061,0.12916313357640047,0.13343545259710013,3.924572123665968e-10,3.924572123665968e-10,0.2849346888230001,0.2825691932964069,NUC
0.20876548975771647,0.11212146583490999,0.1705138383967131,0.0882556110632091,4.6450321367739946e-10,4.6450321367739946e-10,0.31815288654491375,0.10219070747353108,NUC
0.2249105045869336,0.18112748641325122,0.15634096763290814,0.051107323499083694,4.258943589432445e-10,4.258943589432445e-10,0.28004012685432905,0.10647359016170549,NUC
0.1548540038861076,0.12481092484328686,0.1691692378085861,0.0584691180908835,4.176365548089067e-10,4.176365548089067e-10,0.30893663000230726,0.18376008453355552,CYT
0.14500484300854138,0.12855984936747067,0.1252425796529252,0.14626155164422053,4.3018103298246907e-10,4.3018103298246907e-10,0.2828587618433113,0.1720724136231687,NUC
0.1581007523174739,0.14270757566154316,0.1571589756866258,0.09932447278624504,4.1385196821830446e-10,4.1385196821830446e-10,0.3061370727945155,0.13657114992589245,CYT
0.11725783834887325,0.263897525325197,0.13210060264399168,0.06679006490318348,4.1743790303590987e-10,4.1743790303590987e-10,0.30307135467638613,0.11688261326749269,NUC
0.17257588992056916,0.10250892702828335,0.18187765284589147,0.07431897223175689,4.954598115753138e-10,4.954598115753138e-10,0.3597173979405507,0.10900115904202885,NUC
0.16372683591357176,0.16208774634850873,0.20825197776958748,0.0470054467748062,4.700544630475174e-10,4.700544630475174e-10,0.3155160099129085,0.10341198234050827,CYT
0.18374884371586772,0.1946862748720485,0.1145938201397622,0.18981911800754808,2.9202941187002875e-10,2.9202941187002875e-10,0.21202135411547493,0.10513058856523975,NUC
0.18480441758333008,0.16915250082527208,0.17532411104063292,0.06925302412291301,4.328313980630101e-10,4.328313980630101e-10,0.28460146765234484,0.11686447790984414,NUC
0.22450325852119113,0.1760759273487987,0.11381462679423501,0.14319566184737267,3.3301316631246396e-10,3.3301316631246396e-10,0.26914762790062097,0.07326289692175524,MIT
0.12719220310190132,0.13011616178492552,0.24705600303827954,0.08197318206893202,3.903484841837311e-10,3.903484841837311e-10,0.28875093389612216,0.12491151532914245,CYT
0.12719220310190132,0.13011616178492552,0.24705600303827954,0.08197318206893202,3.903484841837311e-10,3.903484841837311e-10,0.28875093389612216,0.12491151532914245,CYT
0.20268758978421964,0.17359289973106654,0.14868927704502133,0.08390323508676552,4.195161733362467e-10,4.195161733362467e-10,0.2988334389604042,0.09229355855349045,CYT
0.14248830848525096,0.17867833111490522,0.15016836429009156,0.049089520739837814,4.09079336089654e-10,4.09079336089654e-10,0.29139897954143557,0.1881764950103202,NUC
0.20222609695823357,0.17089671668049206,0.1584864954442989,0.07042743663045613,3.912635346621811e-10,3.912635346621811e-10,0.3001473694471833,0.09781588405680883,NUC
0.13395517187521416,0.18271280130415696,0.13833556250045928,0.054642547488215426,4.967504271951364e-10,4.967504271951364e-10,0.38106882135877285,0.10928509447968043,ME3
0.1708510281248603,0.1635025968287591,0.1303881469374677,0.09810155829345858,4.905077890147539e-10,4.905077890147539e-10,0.329244954760685,0.10791171407375365,ME3
0.08668133040830212,0.21872921073723534,0.07812292062130026,0.14400658324486276,5.143092240376911e-10,5.143092240376911e-10,0.3593119241570797,0.11314802980260126,ME3
0.13084828057158235,0.1386368686760866,0.08949975081172042,0.1663642423281218,4.15910604780528e-10,4.15910604780528e-10,0.27917287211790875,0.19547798466275876,ME3
0.08789922638098759,0.18583445580600172,0.05941542660881067,0.05736889526580453,5.21535406766083e-10,5.21535406766083e-10,0.3643603531937303,0.24512164170159437,ME3
0.10055741053783837,0.15944706621719162,0.1812579143318724,0.10292050967496179,4.4748047490209267e-10,4.4748047490209267e-10,0.3126233459270246,0.14319375241615012,NUC
0.17900666811538796,0.23756336928721117,0.12535978447122492,0.08611672164111112,4.3058360605263754e-10,4.3058360605263754e-10,0.27722506186173373,0.09472839376216385,CYT
0.2497771934720602,0.14866571531689315,0.14837167711492968,0.09296253026053776,4.0418491241892545e-10,4.0418491241892545e-10,0.27130220189086085,0.0889206811363485,CYT
0.05823217179996031,0.16679835779870472,0.22305133000991947,0.057009296203044735,5.182663244070765e-10,5.182663244070765e-10,0.3549769350436611,0.139931908108177,CYT
0.11567023261371269,0.24104120377751215,0.11100654767607136,0.17157751152605352,3.8128335809948924e-10,3.8128335809948924e-10,0.2768221644809125,0.08388233916317099,MIT
0.11353124853789762,0.08798572908206936,0.10464733037937504,0.09798090787100923,3.06190336140059e-10,0.3061903364462494,0.22230257312020577,0.06736187425700331,POX
0.10000928438874923,0.09207751359321377,0.19717020265051613,0.1468636339163764,4.450413135495003e-10,4.450413135495003e-10,0.3170157306446853,0.1468636339163764,NUC
0.1834896236368821,0.08891420986043028,0.15231716932787598,0.15041320471664943,4.2975201224827835e-10,4.2975201224827835e-10,0.3002377076169054,0.12462808398175274,NUC
0.14286331848223227,0.12990891799844786,0.2086353664368074,0.09889316393875053,4.709198260372892e-10,4.709198260372892e-10,0.31609687000279874,0.10360236219912342,NUC
0.12270869321200925,0.1210463833338791,0.15799021610295563,0.26132569156768565,3.9003834504126463e-10,3.9003834504126463e-10,0.2511205787042771,0.08580843629911655,CYT
0.0693126439010821,0.11454052263565255,0.2883190002001841,0.08541450414325154,4.74525020381814e-10,4.74525020381814e-10,0.3380178232122555,0.1043955049585241,CYT
0.19901696757244014,0.16073058188592457,0.17700709646008211,0.06059542966138551,4.661186861174371e-10,4.661186861174371e-10,0.30010381207597536,0.10254611141195484,CYT
0.21759007087022725,0.1294140359179371,0.1767238757192485,0.08106495226725059,4.5036084342716536e-10,4.5036084342716536e-10,0.29612767832027775,0.09907938600433722,CYT
0.12950297760489463,0.18216007898457012,0.14589575953460532,0.1908954827549671,3.6018015546186215e-10,3.6018015546186215e-10,0.26150066117495674,0.0900450392256457,CYT
0.1495333810960105,0.21085182240447436,0.18212071039092567,0.08272833289137796,3.596884023116937e-10,3.596884023116937e-10,0.2956343036295736,0.07913144886826101,CYT
0.10204246775471594,0.21921536986198764,0.17818681518980406,0.07719512696701329,4.5408897948779005e-10,4.5408897948779005e-10,0.3234606433768983,0.09989957594140278,CYT
0.10701791996472877,0.22938268945506693,0.1664938221885412,0.0680328207142287,4.535521350711772e-10,4.535521350711772e-10,0.3292912766011191,0.09978147016921111,CYT
0.10516753077393803,0.14857000360780992,0.17489886492767573,0.10697040272242193,4.4571000948629974e-10,4.4571000948629974e-10,0.3663369945440385,0.09805620253269594,CYT
0.20425582314594262,0.1610666728817056,0.14861334822016822,0.10604281503203851,3.7872433804755055e-10,3.7872433804755055e-10,0.2853402550720843,0.09468108489061199,CYT
0.13805753050191574,0.1575271821727193,0.17946134671324476,0.051983970433627,4.725815451004132e-10,4.725815451004132e-10,0.36900202883865757,0.10396794039467246,CYT
0.2614251256189354,0.23818420661724382,0.07823105544887,0.09815696536177945,3.635443148082782e-10,3.635443148082782e-10,0.24402289660471732,0.07997974962136552,ME1
0.20933980640140493,0.25269961450069933,0.04716770350316011,0.12296620243393028,3.726248547312285e-10,3.726248547312285e-10,0.28584920400206043,0.08197746841349512,MIT
0.15394194495973956,0.1383922535916019,0.20496067917013552,0.08718711991632459,4.1517675952927545e-10,4.1517675952927545e-10,0.32417911402022737,0.09133888751161735,CYT
0.16217339162300135,0.15376238030112613,0.13368414814255056,0.1900988585101482,3.520349225150246e-10,3.520349225150246e-10,0.26523179128801233,0.09504942943109157,MIT
0.20280450321460045,0.17155898188421972,0.10545044292864725,0.20132247030903028,3.47107706830901e-10,3.47107706830901e-10,0.24249990511938102,0.07636369584990593,MIT
0.16818530143957697,0.18044439263087714,0.15250393036069565,0.19349513821103093,3.650851657470675e-10,3.650851657470675e-10,0.22505249979820896,0.08031873682944002,MIT
0.17993340321995202,0.17623704571399573,0.15958004226943345,0.1669552279910035,3.407249543883236e-10,3.407249543883236e-10,0.22870579164247634,0.0885884884816891,MIT
0.24920745965198413,0.20478495042138042,0.05983254454219561,0.10544335321988059,3.6359776846994076e-10,3.6359776846994076e-10,0.2789243159021825,0.1018073755351812,MIT
0.2501005365487356,0.20132456991028277,0.07390395627396505,0.10947023505520226,3.649007823010049e-10,3.649007823010049e-10,0.2849225290108909,0.08027817247112186,MIT
0.1770788149228162,0.1552710791503371,0.09689701538588756,0.14859442276623494,4.502861282301479e-10,4.502861282301479e-10,0.29607855051942444,0.12608011635472754,MIT
0.19532896496759228,0.19113149096591506,0.11002707536830462,0.13983006133309167,3.779190836626286e-10,3.779190836626286e-10,0.2692026353156819,0.09447977129357624,MIT
0.17751737821572972,0.10544413810146905,0.2645001684351252,0.061157600312903654,5.096466650271416e-10,5.096466650271416e-10,0.2792584470998612,0.11212226681561781,MIT
0.1713070934420655,0.15218661028051914,0.12188939105253421,0.18054866030347955,4.012192442272451e-10,4.012192442272451e-10,0.28580000998774996,0.08826823413121317,MIT
0.1310016060857745,0.19453519906621655,0.09521554066324636,0.24446590006334618,3.7610138413422277e-10,3.7610138413422277e-10,0.23699539311821433,0.09778636025099931,MIT
0.22525999888691253,0.23043838965632038,0.06873043771432413,0.0918873081265816,4.1766958049505463e-10,4.1766958049505463e-10,0.2917965566539406,0.0918873081265816,MIT
0.17252897288715532,0.275504633800924,0.08059164452753236,0.12733479813628296,3.74514111064026e-10,3.74514111064026e-10,0.2616468450904775,0.08239310480859982,MIT
0.15832817870508123,0.16196790694286897,0.1783697202675835,0.18426964177217553,3.6131302237424026e-10,3.6131302237424026e-10,0.23757568630601889,0.07948886528364586,MIT
0.16950991215138075,0.21447669757442459,0.11055976296032043,0.2223256320243215,3.970100564773419e-10,3.970100564773419e-10,0.1957857816735074,0.08734221282202527,MIT
0.18674534209313698,0.13715573029179773,0.12407261139412638,0.2130812236102744,4.2616244636822393e-10,4.2616244636822393e-10,0.24518935313116796,0.09375573862717171,MIT
0.15669574562277597,0.11097550164619585,0.15842494242219707,0.2503114088196704,3.575877263744039e-10,3.575877263744039e-10,0.24492310061402872,0.07866930015995659,MIT
0.12005926637903648,0.2125717776886457,0.11965010627106352,0.2095957728067583,4.1097210273683575e-10,4.1097210273683575e-10,0.2477092130194758,0.09041386301307595,MIT
0.18935114041320159,0.14087566569282753,0.11635616698383952,0.2068230865159878,3.83005715061078e-10,3.83005715061078e-10,0.26233268193168924,0.08426125769644287,MIT
0.23149955122479945,0.2325924267727691,0.11643004120348836,0.10669648978963475,3.679189290403994e-10,3.679189290403994e-10,0.23183932551666372,0.0809421647568068,MIT
0.19805839732569677,0.18331513406394728,0.13281492902604042,0.11751464925058945,4.196951743960509e-10,4.196951743960509e-10,0.27596395070750945,0.09233293878682637,CYT
0.11083489057788654,0.2503870583215222,0.14567539402696714,0.0863126711284657,4.110127177021571e-10,4.110127177021571e-10,0.30403680528658095,0.102753179836552,CYT
0.1953569901600982,0.13160719031352133,0.20934983413007627,0.05088811384798971,4.240676118660176e-10,4.240676118660176e-10,0.31950299566558765,0.09329487503459147,CYT
0.2410771027143341,0.2466191050681098,0.15225678938680431,0.0747704288994502,3.250888198885277e-10,3.250888198885277e-10,0.21375703258055906,0.0715195407005649,EXC
0.14752120126535995,0.13833645216713916,0.17542781381267086,0.17870554401130395,3.6470519111550765e-10,3.6470519111550765e-10,0.27977384560399876,0.08023514241011688,MIT
0.22816867374847916,0.2635318570966273,0.09121156883676347,0.09825973549429498,3.275324505558751e-10,3.275324505558751e-10,0.2467710247189452,0.07205713944982498,ME1
0.18279426762284912,0.17025048533566203,0.11372407401618638,0.06070406664887195,0.242816265867039,2.428162656242227e-10,0.17629126158643,0.05341957868014526,ERL
0.20844866999533515,0.18794086204893878,0.1313481536834141,0.08804306554237036,3.1443951867118153e-10,3.1443951867118153e-10,0.2584434403181503,0.12577580778291214,VAC
0.1905097065305886,0.22195718993825672,0.09538882657115086,0.06593752651272385,4.709823288695822e-10,4.709823288695822e-10,0.3225906366830249,0.10361611282229041,ME3
0.21833376225397827,0.193572538691005,0.14758256854958124,0.07340866301780055,4.3181566227049934e-10,4.3181566227049934e-10,0.2721030204926782,0.09499944613132551,NUC
0.2220495938502756,0.13826776324927773,0.20665154829661408,0.10310824641799274,4.296176916182294e-10,4.296176916182294e-10,0.23540695474097625,0.09451589258562816,CYT
0.2197236633667263,0.1398598645538358,0.2035302457329073,0.09125856177238906,4.3456457779916426e-10,4.3456457779916426e-10,0.2500234561546316,0.09560420755038071,CYT
0.22331550425575342,0.20900670943936447,0.12846806295641303,0.05074488512362194,4.228740391728993e-10,4.228740391728993e-10,0.2954325483381872,0.09303228904091188,NUC
0.19762327616774808,0.12033710729930656,0.2385416578553748,0.10469328340483723,4.1877313194425637e-10,4.1877313194425637e-10,0.2466745849886775,0.09213008944650952,NUC
0.1473637629787613,0.15075143567780788,0.23819888345072107,0.0627257063954287,5.702336893199547e-10,5.702336893199547e-10,0.2812111350293894,0.11974907532742415,NUC
0.2486467959322123,0.2105071566622525,0.08210445294989009,0.10301693998641585,3.815442207587838e-10,3.815442207587838e-10,0.27178492475766414,0.08393972894847665,ME2
0.10310660754897442,0.16227211424236537,0.17423711504497155,0.06705895141774611,3.5294184770949614e-10,0.21261557126227684,0.20306243328169302,0.077647206849031,POX
0.1512521046938981,0.16504444216912942,0.18175780335600683,0.07628147835636881,4.487145759273778e-10,4.487145759273778e-10,0.3134855260966086,0.11217864443055903,NUC
0.08755235752502222,0.1477823411405917,0.16274764146980522,0.20259615480095652,3.8960798925259336e-10,3.8960798925259336e-10,0.2668547875489185,0.13246671673548974,NUC
0.14483193685820725,0.1422349504134433,0.07831924507960307,0.0721842375887563,5.156016933796758e-10,5.156016933796758e-10,0.40259310356548544,0.15983652546330118,ME3
0.2677520062558933,0.2507601353928947,0.11895845973183339,0.07719554345095296,3.3563279615356597e-10,3.3563279615356597e-10,0.21149463900774282,0.0738392154894173,EXC
0.26518789460085895,0.23689603409852736,0.13885841457139336,0.07645628477854502,3.324186280266365e-10,3.324186280266365e-10,0.2094692727875594,0.07313209849827865,EXC
0.14792890557993893,0.19168412196649687,0.20554003614754218,0.06582836322663776,4.388557519185468e-10,4.388557519185468e-10,0.27052751874480924,0.1184910534568634,CYT
0.11817547531947624,0.1701445113359184,0.2662687920038249,0.06622203504472339,3.8954138032460007e-10,3.8954138032460007e-10,0.29349008145602085,0.0856991040609534,CYT
0.11817547531947624,0.1701445113359184,0.2662687920038249,0.06622203504472339,3.8954138032460007e-10,3.8954138032460007e-10,0.29349008145602085,0.0856991040609534,CYT
0.1910329388200854,0.14424189342280203,0.15372451685109806,0.1335866051966341,4.048078933085642e-10,4.048078933085642e-10,0.28835630796707273,0.089057736932692,MIT
0.14697659715381287,0.17613057562841508,0.2365446136364247,0.05606107371699666,3.7374048895504114e-10,3.7374048895504114e-10,0.3020642311730203,0.08222290794384954,MIT
0.15045583142832888,0.22821817926044421,0.157811157953103,0.0646441264563524,4.6174375710434746e-10,4.6174375710434746e-10,0.2972870769535838,0.10158362702470018,MIT
0.19288531018264352,0.1879232907193847,0.20177965991001184,0.05313531074406988,4.0873315642566707e-10,4.0873315642566707e-10,0.2743551328040439,0.08992129482237991,MIT
0.12803550437701824,0.18590546336385466,0.23730222686771385,0.08086887677096279,3.675858018335318e-10,3.675858018335318e-10,0.287019051114316,0.08086887677096279,MIT
0.16971482684644598,0.07148907201191133,0.20244464072445625,0.15993126626561371,4.44253516170445e-10,4.44253516170445e-10,0.3164545599081321,0.0799656333549336,CYT
0.05188535869380467,0.07666840334206497,0.20133854231420778,0.0718323963943911,5.13088542009304e-10,5.13088542009304e-10,0.3725163392321722,0.22575895899718226,CYT
0.1874050499484981,0.191713212006694,0.1794581269620348,0.058376673346045294,4.169762352076361e-10,4.169762352076361e-10,0.29131216474011923,0.09173477216265617,CYT
0.12615662555209717,0.2150946295328696,0.10336423181416679,0.1735227039270942,3.4024059526834046e-10,3.4024059526834046e-10,0.24236316409303102,0.13949864440026016,MIT
0.09075041225153833,0.1508595211814906,0.28754382886373137,0.05552790869233519,5.047991653412367e-10,5.047991653412367e-10,0.3042625111214349,0.11105581687987122,MIT
0.22223401086954642,0.14983959838423436,0.07397144753121382,0.1348556385907628,4.495187938041467e-10,4.495187938041467e-10,0.32020516863877396,0.09889413508643106,ME3
0.137336107155745,0.17714367429322728,0.06054277510824747,0.12222913542707045,5.314310212853888e-10,5.314310212853888e-10,0.3858334817386311,0.11691482521421656,ME3
0.10997372619273078,0.13636588820681544,0.11638569640224843,0.06821703572368316,2.965958062047277e-10,0.2965958065013235,0.20721076901496718,0.06525107766163589,POX
0.19404878320008598,0.1861028201096431,0.1594045252932098,0.07555774517823559,3.597987848496991e-10,3.597987848496991e-10,0.26615252613902823,0.1187335993601995,NUC
0.18450708972277302,0.10111533884466513,0.18559144422493032,0.0703762760141735,5.864689618975378e-10,5.864689618975378e-10,0.32938667781659287,0.12902317220392728,NUC
0.2167152211459695,0.1477981203048183,0.1790415203292816,0.06857832805117307,4.2861454764099084e-10,4.2861454764099084e-10,0.2935716084018959,0.09429520090963253,NUC
0.12859903368870326,0.28942173271767924,0.09851662692785693,0.036625005121970235,4.5781255830197095e-10,4.5781255830197095e-10,0.33238446059485993,0.1144531400333053,VAC
0.08623708268370645,0.12681559478401414,0.23681084884213682,0.15829894450043458,4.796937697598206e-10,4.796937697598206e-10,0.24313245912508222,0.14870506910523815,NUC
0.11750755543484669,0.13523498830108865,0.20960472143096848,0.09586658072251436,4.3575718312162356e-10,4.3575718312162356e-10,0.2805559950483093,0.1612301581907579,NUC
0.1688860195855412,0.10589034468184118,0.17798890015772945,0.10182192619427319,4.848663129019376e-10,4.848663129019376e-10,0.3387422190875898,0.10667058932329257,NUC
0.082059480876056,0.04896844525096435,0.2465246839437264,0.12172156300532262,6.08607811983574e-10,6.08607811983574e-10,0.3668321064617209,0.1338937192449941,NUC
0.1842223498487091,0.1756079818873147,0.1650899366839036,0.08197894588948607,3.726315705311568e-10,3.726315705311568e-10,0.2552271034761636,0.1378736814691596,NUC
0.15262956967518124,0.0687008502813161,0.19258374043019438,0.08693780312084592,5.433612661092792e-10,5.433612661092792e-10,0.37960855631833706,0.11953947908740267,NUC
0.13442404932998853,0.17825922235993977,0.2131374281671764,0.09748232922848103,4.4310149447899796e-10,4.4310149447899796e-10,0.2792146407997303,0.09748232922848103,CYT
0.29616791485517696,0.14490174364499564,0.14023287274584315,0.057302053399647446,3.820136867842251e-10,3.820136867842251e-10,0.27735240311576614,0.08404301147454321,CYT
0.20863622009419386,0.187297868746353,0.12471821593593183,0.07579030060203955,3.7895150111544027e-10,3.7895150111544027e-10,0.25955582306075986,0.1440015708028188,NUC
0.17529877744080868,0.06575383293592268,0.21723734559020466,0.1352137904515959,5.200530381982418e-10,5.200530381982418e-10,0.29208458361769557,0.11441166892366622,NUC
0.1293990948193259,0.19120658057000792,0.13363049980823108,0.19834005683318492,3.199033169569059e-10,3.199033169569059e-10,0.23225857290505414,0.11516519442438942,MIT
0.1728643147634672,0.14368104331488118,0.20083168206632304,0.06730904285460064,4.807788740987269e-10,4.807788740987269e-10,0.30954256325667145,0.10577135278249879,NUC
0.19347333859814303,0.1928461040800991,0.173253145515886,0.039736447585992526,4.415160793830717e-10,4.415160793830717e-10,0.2903119430495632,0.11037902028728401,NUC
0.17612108878405106,0.2059083993034545,0.14644909106805926,0.07837388471603368,3.7320897306107006e-10,3.7320897306107006e-10,0.2811848430904535,0.11196269229153,NUC
0.22347463549289037,0.15418017501836326,0.11709886721379827,0.07400648424933544,4.625405236674683e-10,4.625405236674683e-10,0.329480921431148,0.10175891566938354,ME2
0.17876801643569779,0.11495165079646184,0.18413428960981443,0.07273304467089853,4.545815263519813e-10,4.545815263519813e-10,0.3175843544813082,0.1318286430966561,CYT
0.12352053936192652,0.10830865031662706,0.11132484056986214,0.24813511746989583,3.1409508500734273e-10,3.1409508500734273e-10,0.21083094778477715,0.197879903868721,NUC
0.18434390144154883,0.19801077686284105,0.07268750062697021,0.06562642917733774,4.101651797948286e-10,4.101651797948286e-10,0.28655375615723716,0.1927776349137346,ME3
0.19953356510881862,0.17690447117954697,0.1698420726379876,0.07498027993500811,3.946330502125003e-10,3.946330502125003e-10,0.2919203389079894,0.08681927144138311,CYT
0.2443187849838125,0.08497800526765148,0.2091863622942455,0.05218649281453783,4.348874364970866e-10,4.348874364970866e-10,0.29191074548087703,0.11741960828910084,NUC
0.13511022885080076,0.21264032453958231,0.14635845136998318,0.10637332258205677,4.6249270486766984e-10,4.6249270486766984e-10,0.29776927619921156,0.10174839553338007,NUC
0.32830253936981135,0.20990607776067016,0.0616433041353445,0.016232737054593622,4.0581841621938015e-10,4.0581841621938015e-10,0.29463528889386154,0.08928005197408205,ME2
0.14125584810207567,0.16514641018461695,0.18187009724645237,0.08081852471336334,4.4899180146873086e-10,4.4899180146873086e-10,0.3321309220833954,0.09877819677211258,CYT
0.1867677653097293,0.1910612771466099,0.1488260582066006,0.08513876933375172,4.054227091825191e-10,4.054227091825191e-10,0.2665793160322846,0.12162681316017845,CYT
0.1340443558553609,0.14855298818820153,0.22651799341265508,0.054678927120312755,4.970811511202874e-10,4.970811511202874e-10,0.3268478806857632,0.10935785374354437,NUC
0.1369607200721764,0.20175730878599232,0.05554710751910502,0.10726763606623596,4.875801617211628e-10,4.875801617211628e-10,0.3473173759601892,0.1511498506211406,ME3
0.2764377781547242,0.24058480851887545,0.051130282712566005,0.08445793038676731,3.6720839138938667e-10,3.6720839138938667e-10,0.2666033530197768,0.08078584647287344,ME1
0.19154043046536004,0.14695774415411864,0.15693531248810524,0.042617746079772575,3.874340517485321e-10,3.874340517485321e-10,0.2759804208110459,0.18596834522672945,CYT
0.14609902389099305,0.1890199337723103,0.15975161320620077,0.12237941772136846,3.824356791841649e-10,3.824356791841649e-10,0.2986141608413041,0.08413584980295195,CYT
0.14680972359165909,0.1899394225325646,0.15566421918346576,0.12297473323564015,3.8429604016045034e-10,3.8429604016045034e-10,0.3000667714684832,0.0845451292195951,CYT
0.10737220115886179,0.1830675456628684,0.127683819983702,0.07963438266330393,5.308958808827204e-10,5.308958808827204e-10,0.38544495514437777,0.11679709432509436,ME3
0.19470701253188247,0.3012036148938391,0.08560135431075098,0.05917193629780188,4.2265668482246567e-10,4.2265668482246567e-10,0.2663316100368131,0.09298447108359913,ME3
0.2594322570447133,0.1902006222693828,0.08768153523063502,0.10390261917710998,3.848245140455017e-10,3.848245140455017e-10,0.274121572033675,0.08466139347483488,ME2
0.21641028637241647,0.2213852354750053,0.11412101843156132,0.049175784539176134,4.0979820107814945e-10,4.0979820107814945e-10,0.30875206971525326,0.09015560464699107,ME3
0.17844029082794408,0.2207489082128119,0.13090173832130708,0.12557216756183373,3.693299035073642e-10,3.693299035073642e-10,0.2630843151964934,0.08125257914095002,CYT
0.21277961368854298,0.21767109905122944,0.11985687118155954,0.06586916765217135,4.116822952530566e-10,4.116822952530566e-10,0.29325314223577736,0.09057010536735474,ME2
0.20742135223683486,0.19892780550150593,0.12170688537173417,0.07307281413087285,3.8459375655936366e-10,3.8459375655936366e-10,0.2950308273342426,0.10384031465562196,CYT
0.3157843910506957,0.1914333644857985,0.0834491962650844,0.07633405429732966,3.469729725016213e-10,3.469729725016213e-10,0.25666493890981606,0.07633405429732966,ME2
0.20666776226689998,0.20661377382336577,0.12699722116290615,0.0585245529779618,4.1803251828520916e-10,4.1803251828520916e-10,0.3092295344920228,0.09196715444077852,CYT
0.23113866657514903,0.21826356845904693,0.10015258700699324,0.0870325981609011,3.956027171149927e-10,3.956027171149927e-10,0.27637998084580306,0.0870325981609011,ME3
0.2280792769614988,0.19857232237989927,0.0929393878246475,0.07774106447453855,4.318948002369097e-10,4.318948002369097e-10,0.30765109101161126,0.09501685648401494,ME3
0.14001368192814964,0.18906675100834835,0.13880850087280536,0.09470525461749842,4.984487058897353e-10,4.984487058897353e-10,0.3277470947821103,0.10965871579419048,ME3
0.11185523435823129,0.18526214482737716,0.20402286830619482,0.05688637656372087,4.740531340805646e-10,4.740531340805646e-10,0.3376816850245922,0.10429168997177733,CYT
0.1319709573151087,0.14674431779696484,0.15514032177334525,0.09702734310036823,5.106702241563054e-10,5.106702241563054e-10,0.356769609167815,0.11234744982505739,ME2
0.2308052840133625,0.20833336999042518,0.12746134466526254,0.052361120625806556,4.0277784786945164e-10,4.0277784786945164e-10,0.29242775296553036,0.0886111269340572,CYT
0.18831628868143305,0.25227373634384015,0.10607689696317764,0.07581972503845777,3.990511823126662e-10,3.990511823126662e-10,0.2897220916671513,0.08779126050783775,ME3
0.28518943859034596,0.1976340604613746,0.10364173172055484,0.0655015745980443,4.0938483867912164e-10,4.0938483867912164e-10,0.25796852889211896,0.0900646649187916,ME2
0.17817696138805952,0.13670473770058786,0.11405170872822126,0.11172505387751777,3.604033984423044e-10,3.604033984423044e-10,0.28634790597209725,0.1729936316127095,NUC
0.11183135723930929,0.22403762761648346,0.13648616058988067,0.05391203368390118,4.1470794822456334e-10,4.1470794822456334e-10,0.2954084018897393,0.17832441815127018,NUC
0.17444012621111982,0.1811540356225917,0.08932779777179028,0.0940919469737402,0.2352298670815057,2.352298668462758e-10,0.17400565516261196,0.05175057094141054,ERL
0.23402360147667964,0.26842205486922055,0.10386087739397981,0.11676359404641212,3.155772803536077e-10,3.155772803536077e-10,0.2075028695891823,0.06942700199337097,EXC
0.08279924409883233,0.11646617799692888,0.10882685448907702,0.046057079666227664,0.30704719603491704,3.0704719572786983e-10,0.23133692859516827,0.10746651881180164,CYT
0.16470208898163632,0.20007990828375127,0.1565581961551154,0.06413087617693833,4.5807768370614746e-10,4.5807768370614746e-10,0.3137518386129732,0.10077709087343012,CYT
0.20370176830852724,0.21744476614383215,0.11973224482592291,0.10247084625367114,3.941186379213558e-10,3.941186379213558e-10,0.2699442729429924,0.08670610073681691,CYT
0.23411620040148057,0.22568097922550184,0.10651489275743231,0.048083866093167116,4.006988807705687e-10,4.006988807705687e-10,0.28542934012767923,0.10017472059334105,CYT
0.0793529057523075,0.15655585543925493,0.19156623650062302,0.0908023963666401,5.04457754789902e-10,5.04457754789902e-10,0.34551901063452756,0.1362035942977313,CYT
0.1862503990352707,0.2074681966867243,0.14920988374483338,0.08840685626892125,3.68361899585664e-10,3.68361899585664e-10,0.2876250452503187,0.08103961827720797,CYT
0.20048255147832086,0.20509134575645147,0.14416601477055702,0.09111292147469852,3.796371712294223e-10,3.796371712294223e-10,0.27562698771058763,0.08352017805011008,CYT
0.2443316775874024,0.19162718169557783,0.1468051937667997,0.05436379854498272,3.6242532121704934e-10,3.6242532121704934e-10,0.24327179131633508,0.1196003563640516,CYT
0.20255857024215682,0.1302494847599449,0.07823962166101625,0.08756317651424064,5.150775058774302e-10,5.150775058774302e-10,0.3880720939843742,0.11331705180811213,ME3
0.2074245511843741,0.2072582123305208,0.11412319305846247,0.0944505284242961,4.293205817953433e-10,4.293205817953433e-10,0.2822929857194093,0.0944505284242961,ME3
0.1767778195994276,0.20021757146688282,0.04978869010095116,0.06742811153764322,5.619009247978524e-10,5.619009247978524e-10,0.3540745559139723,0.1517132502573211,ME3
0.11310618113132036,0.16304072798049618,0.16217526066412294,0.03660527347561735,4.57565912725643e-10,4.57565912725643e-10,0.30086525814018045,0.224207297693131,NUC
0.26688444635728775,0.269119439254975,0.085904939563913,0.12215682391668939,3.3932450993712466e-10,3.3932450993712466e-10,0.18128295770299385,0.07465139252549194,EXC
0.17933049756733938,0.1486602202857036,0.1044985659168353,0.03577334257983971,2.751795561896935e-10,0.2751795564648731,0.19601831427331737,0.06053950263691213,POX
0.17323235024213401,0.17721470311113696,0.1282483259536821,0.09250607523457494,4.4050511806699915e-10,4.4050511806699915e-10,0.3318874181622168,0.09691112641524492,POX
0.12889853764532427,0.12636748399405015,0.21782221202025132,0.08125978661723354,4.779987419954989e-10,4.779987419954989e-10,0.34049225505013486,0.10515972371700848,CYT
0.2386629310662535,0.22864788379975248,0.11096363740911479,0.08428968618989459,3.371587434109434e-10,3.371587434109434e-10,0.26326093697310077,0.07417492388756629,ME1
0.1584336136489347,0.16584496952468375,0.1286777569227625,0.06230493989206832,3.279207345481452e-10,3.279207345481452e-10,0.2650318268805312,0.219706892475178,NUC
0.1618541009307753,0.20830388727143503,0.11175797673587864,0.0789952436921635,4.646779013381506e-10,4.646779013381506e-10,0.3182725356277947,0.12081625481259706,ME3
0.27309897161711116,0.2235016871717093,0.049996125273676216,0.14279662492925835,3.038226055860335e-10,3.038226055860335e-10,0.21642158236510672,0.094185008035493,ME1
0.24160005393672296,0.2718694859431833,0.06998974459551939,0.12594265683492184,3.071772110432796e-10,3.071772110432796e-10,0.22301907133859936,0.06757898673669871,ME2
0.1709172393018776,0.1388485890097091,0.19821563672130074,0.06263614150995332,4.4740100758965936e-10,4.4740100758965936e-10,0.3309541704452312,0.09842822211712605,CYT
0.17032157872377746,0.1645571830340946,0.1972113075064478,0.0673716469496982,4.210727908039088e-10,4.210727908039088e-10,0.28263790109766906,0.11790038184616727,CYT
0.13889217111507152,0.1231404153571806,0.1564734585458341,0.21426432241657958,4.1204677308564003e-10,4.1204677308564003e-10,0.27657934125035305,0.09065029049088758,CYT
0.1554009575053802,0.12840158699673374,0.0740689084564814,0.11702887505270998,5.319494296398207e-10,5.319494296398207e-10,0.40807079587208583,0.11702887505270998,ME3
0.2292706333558014,0.1900592666727964,0.12914611641102114,0.10906166870664068,3.5181183340267366e-10,3.5181183340267366e-10,0.2650637104497166,0.07739860370040004,CYT
0.12093502227240788,0.22165628805393686,0.08515203322007103,0.13454021222760118,4.484673725971127e-10,4.484673725971127e-10,0.3255995997313026,0.11211684359774556,ME3
0.2297209494448761,0.17061781120911917,0.05317799007285989,0.21845518234884861,2.800707462420229e-10,2.800707462420229e-10,0.1879926929630724,0.14003537340108219,ME1
0.17151324764309755,0.1973880909799588,0.15940962291546776,0.1106689231770873,3.816169751567943e-10,3.816169751567943e-10,0.27706437960504293,0.08395573491611172,CYT
0.12682303444835782,0.14969827665782157,0.22530538072523285,0.11721375071727942,4.3412500104872004e-10,4.3412500104872004e-10,0.2854520559182149,0.09550750066484341,NUC
0.16478875913112634,0.203058666803866,0.15189389653244892,0.1066632696642647,3.333227166591937e-10,3.333227166591937e-10,0.2602656832041999,0.11332972399744858,CYT
0.19379121653469222,0.11787611138948059,0.12391234491777561,0.09789075258293348,4.66146438651367e-10,4.66146438651367e-10,0.36397735667337805,0.10255221696944715,CYT
0.21746936160258912,0.1962958741001387,0.1489198235650323,0.05692580375848904,3.7950535585989127e-10,3.7950535585989127e-10,0.27033258263586624,0.11005655357887383,CYT
0.21532297793011287,0.2251678854584043,0.1725006586346118,0.06813776041831758,4.258609999528537e-10,4.258609999528537e-10,0.1400090963007718,0.17886162040605952,NUC
0.17837166574263705,0.2101194612663794,0.0974304766346807,0.07215944688233611,4.810629760084877e-10,4.810629760084877e-10,0.33608509330891045,0.10583385520293025,ME3
0.17394133293292202,0.16715574281242515,0.16626843180774445,0.07036717587492752,4.691145027054203e-10,4.691145027054203e-10,0.29560639943417377,0.12666091619957798,NUC
0.19227008554582395,0.18660341637084446,0.14995943390590752,0.07459093345594259,4.3877019421866113e-10,4.3877019421866113e-10,0.28249587890831906,0.11408025093562209,CYT
0.20457479149984417,0.20073571495978745,0.13169733426246788,0.11147238655779497,3.715746206207345e-10,3.715746206207345e-10,0.2697733550688202,0.08174641690813621,NUC
0.1981964280543555,0.1760746852289567,0.07638683148412144,0.09748134866577753,4.6419689619800303e-10,4.6419689619800303e-10,0.34973738801063753,0.10212331762775756,ME3
0.09483251015056736,0.22232046752868195,0.1602549377966417,0.14066822322003417,3.5167055717090897e-10,3.5167055717090897e-10,0.255322459667536,0.1266014009331978,NUC
0.22628382899282912,0.21971529393164235,0.09505765674546461,0.11264332318022706,3.413434025420717e-10,3.413434025420717e-10,0.271204347566551,0.07509554890059916,ME1
0.06928210609594833,0.10040596387181781,0.24066031030484988,0.11304530278864533,5.138422830672866e-10,5.138422830672866e-10,0.3378688989690444,0.13873741694200967,NUC
0.17034100429488927,0.14863087635335048,0.174970525248343,0.08917852599036734,4.4589262772237357e-10,4.4589262772237357e-10,0.3054059098447786,0.11147315737648603,CYT
0.19648451232951436,0.11055076890993507,0.13834748112086423,0.06557670628124528,4.371780389604483e-10,4.371780389604483e-10,0.3054257536835186,0.18361477680056632,CYT
0.1689854517059127,0.1449878885551706,0.159670206334413,0.06306973179560996,4.851517793112168e-10,4.851517793112168e-10,0.3322957397394098,0.13099098089918032,CYT
0.11193073817410834,0.13631411726797513,0.1861464171793577,0.09487462576272011,4.743731264417349e-10,4.743731264417349e-10,0.3379096247890336,0.13282447587805893,CYT
0.19473276672854212,0.21581016385452353,0.14168452103824627,0.10832010165297502,3.6106700430636007e-10,3.6106700430636007e-10,0.22752167430754042,0.11193077169603863,CYT
0.15059952628274773,0.20028005951829153,0.11310850508307604,0.04914564571124985,4.467785933133751e-10,4.467785933133751e-10,0.33049375440461765,0.15637250810645986,CYT
0.12996832775184625,0.10227392732658003,0.16331463178824598,0.05338699027713295,4.4489158193534477e-10,4.4489158193534477e-10,0.3108146672764338,0.24024145468997776,CYT
0.16374488797909914,0.2118497924014659,0.15191819096316775,0.07286647538858673,4.2862632329388474e-10,4.2862632329388474e-10,0.3053228608571469,0.09429779155328095,CYT
0.19595896398712911,0.1826447662048853,0.18642284564599687,0.054258860086465285,3.875632835635857e-10,3.875632835635857e-10,0.2760724763506654,0.10464208694973144,NUC
0.11060829289383216,0.10183591108266876,0.2056054149121901,0.08859724270590873,4.922069011872324e-10,4.922069011872324e-10,0.35061313558448204,0.14274000183650432,NUC
0.08001023007363817,0.19439267041909558,0.14647442398978558,0.15576991625320105,4.4505690230898333e-10,4.4505690230898333e-10,0.2987368252825936,0.12461593309157225,NUC
0.1948536153757282,0.19933300882337018,0.18378303907614665,0.07259430067907545,4.0330166819874327e-10,4.0330166819874327e-10,0.2486106177860886,0.1008254174529875,NUC
0.0383415240457134,0.16342890810950325,0.17277952408525366,0.05118593441050196,5.687325982418819e-10,5.687325982418819e-10,0.42070630611752186,0.1535578020940407,NUC
0.16047839229449132,0.19494896640555456,0.18644186629207746,0.0669495795454851,4.4633052732769716e-10,4.4633052732769716e-10,0.27513525701819863,0.1160459375515318,NUC
0.2294529941926216,0.12933979493784806,0.20046758629895184,0.07501708123899171,4.167615601235009e-10,4.167615601235009e-10,0.27403499885413196,0.09168754364393175,CYT
0.261653138449801,0.187367707271408,0.13264820514243603,0.13099010258179425,2.910891162015669e-10,2.910891162015669e-10,0.22330124011694868,0.06403960585543383,ME2
0.14468461662494267,0.18638384401200478,0.19318414805758855,0.05723080419769543,4.769233643397672e-10,4.769233643397672e-10,0.3135934455222497,0.10492314063167216,CYT
0.2165981894385755,0.13848591149564654,0.15759346125419094,0.07630573741442374,4.0160914217270844e-10,4.0160914217270844e-10,0.3025822308057045,0.10843446878824044,CYT
0.24455072508275327,0.1888094950609859,0.12475766649606541,0.05338588502304011,4.106606508644574e-10,4.106606508644574e-10,0.2981508839149927,0.09034534360084127,CYT
0.22945942159667496,0.11118995593273856,0.08843589333074262,0.06986435584414448,5.374181177440489e-10,5.374181177440489e-10,0.3828183857797543,0.11823198644110887,ME3
0.1845773355087081,0.17500435905931436,0.1521523575289381,0.04808014525320127,4.006678737711117e-10,4.006678737711117e-10,0.27991865193938975,0.16026714990911256,CYT
0.18834055822576828,0.15210807342509056,0.15076028037333378,0.06616701218914348,4.4111341165353377e-10,4.4111341165353377e-10,0.3323457215499402,0.11027835335449686,CYT
0.17968423940979164,0.16446597355470793,0.16513951253626885,0.06733430471564676,4.2083940184254604e-10,4.2083940184254604e-10,0.30554093600515364,0.11783503293675231,CYT
0.19178925585830664,0.13786900853483258,0.16350969065950524,0.08303956455483229,4.6133091163056326e-10,4.6133091163056326e-10,0.32229967844980656,0.10149280102005483,CYT
0.17206874173378234,0.11201549242961739,0.1997238251983055,0.08353155304409099,4.64064181000149e-10,4.64064181000149e-10,0.33056626638197845,0.10209412028409695,CYT
0.14358469597208579,0.18819703852611627,0.1870349697510204,0.06389518992921461,3.993449345616855e-10,3.993449345616855e-10,0.27352392818132126,0.1437641768415517,NUC
0.17842655243287164,0.13929792260502563,0.17456321936126154,0.07104194073333102,4.178937665613956e-10,4.178937665613956e-10,0.2862286076517263,0.15044175637999618,CYT
0.10852781927958888,0.25583494372874643,0.15947676231055596,0.06719287609652849,4.199554729785814e-10,4.199554729785814e-10,0.27038229124178176,0.13858530650288733,NUC
0.06474247557472296,0.15453855192064647,0.09725030054183063,0.06402311474211748,6.402311410188635e-10,6.402311410188635e-10,0.4209739015841413,0.19847165435607883,ME3
0.2643113907150345,0.17167461260040312,0.13706805311033793,0.029871382900892165,3.7339228159374855e-10,3.7339228159374855e-10,0.2813229522590932,0.11575160766745433,CYT
0.27237554367549743,0.1681430478312023,0.0899398076961443,0.06269333666775184,4.1795557499864183e-10,4.1795557499864183e-10,0.31489803637583635,0.09195022691765677,ME2
0.1107265431653445,0.22058227815660408,0.17070034674412485,0.05705330854556004,5.186664366081237e-10,5.186664366081237e-10,0.3268309057785799,0.11410661657245365,CYT
0.15062403184998102,0.1774331158164587,0.13883757139178168,0.1543668108131288,4.0622844843921144e-10,4.0622844843921144e-10,0.2893682102533379,0.08937025906285495,CYT
0.11119992018671844,0.18200998399051257,0.1816499958902442,0.08412273974174596,4.948396426288607e-10,4.948396426288607e-10,0.33215263732791045,0.10886472187318899,CYT
0.20585631414989466,0.1340109549158401,0.18447710550265797,0.08744214822728162,4.163911800518593e-10,4.163911800518593e-10,0.29660741634374294,0.09160606002780022,CYT
0.1426967466492891,0.10570757819022135,0.17184649663921286,0.0744483373406156,4.379313935452012e-10,4.379313935452012e-10,0.2819558291588143,0.22334501114598398,NUC
0.130079200149086,0.16060115268651265,0.14654492163641222,0.06786545875147221,3.9920857854272727e-10,3.9920857854272727e-10,0.29530497630752733,0.19960428967057217,CYT
0.2243788375155959,0.17093178754583557,0.1882413356087164,0.04248875893780894,4.248875851292136e-10,4.248875851292136e-10,0.2677373828350769,0.10622189670719098,NUC
0.2224881881360578,0.16949149094012558,0.18665518618253757,0.05055689073606346,4.2130741928963373e-10,4.2130741928963373e-10,0.26548138791888476,0.10532685524371585,NUC
0.20628455621567612,0.14367777368232088,0.1335043870449736,0.09374974746345616,3.906239461368009e-10,3.906239461368009e-10,0.27825267435108486,0.1445308604612403,CYT
0.20642171001634124,0.12580163902787075,0.1484368344064968,0.10162975274690682,3.9088366290778136e-10,3.9088366290778136e-10,0.27308310735385416,0.14462695566676276,CYT
0.1273817940425679,0.2041525072358719,0.15307314314455586,0.1095908035274025,3.7789932120518336e-10,3.7789932120518336e-10,0.24330504279767487,0.16249670849612818,NUC
0.23761278963831833,0.1550651836936481,0.12922982814070927,0.15313734627928713,3.646127283682724e-10,3.646127283682724e-10,0.24474005091317907,0.08021480060563266,MIT
0.13114658939104828,0.17888193786262402,0.2188850715495745,0.05619874244165877,4.3229801545662117e-10,4.3229801545662117e-10,0.31978209405774377,0.09510556383275467,CYT
0.1756891993954112,0.12837716548980602,0.09290513865783041,0.1659366560997471,3.191089534243041e-10,3.191089534243041e-10,0.23605319874256675,0.20103864097642052,NUC
0.18347823106520034,0.18769612142408776,0.24115387739669528,0.07711182348564144,4.535989590120146e-10,4.535989590120146e-10,0.19262421592445447,0.11793572979672276,NUC
0.09463921603148401,0.21640961979419246,0.21323772663991394,0.05450105461885439,4.95464128394457e-10,4.95464128394457e-10,0.3122102731823822,0.10900210874224465,NUC
0.12209367643473637,0.12212486255892359,0.12837866736114054,0.09417492247854374,0.24147415982370385,2.4147415958222966e-10,0.1951640470271118,0.09658966407436603,NUC
0.05447005876056568,0.13930560929353675,0.17182200709649129,0.07756536346949731,4.847835186544612e-10,4.847835186544612e-10,0.33868437653105093,0.21815258387929107,CYT
0.1587620431139058,0.2041747653472657,0.18396874718254091,0.06055637955174131,4.0370919432021416e-10,4.0370919432021416e-10,0.28757367307016307,0.10496439092696488,NUC
0.1472706383342768,0.13653215431893553,0.17109725657446442,0.09011122198976025,4.095964617280172e-10,4.095964617280172e-10,0.31982189518352766,0.13516683277984215,NUC
0.17587809323935866,0.17992126778876263,0.1249150685220434,0.19736580806746276,3.4028587539168434e-10,3.4028587539168434e-10,0.24705686877534436,0.07486289292645643,MIT
0.20478729827963948,0.118902597436984,0.1621203587133346,0.06896350672034124,4.925964730553197e-10,4.925964730553197e-10,0.3171511543775283,0.1280750834869796,CYT
0.12717468578173383,0.14636052192765828,0.19103032946065868,0.08488910291611636,4.716061246917235e-10,4.716061246917235e-10,0.27133503111615936,0.17921032785446106,CYT
0.15278290431255065,0.1389290266888298,0.1529977888469175,0.234182240353389,3.7771329028334793e-10,3.7771329028334793e-10,0.23801111480283663,0.08309692424004983,MIT
0.20425718320985592,0.1492519648593926,0.14245060951843536,0.06492460495838512,4.328306968370295e-10,4.328306968370295e-10,0.3438928828512925,0.0952227537369772,CYT
0.16725605732955323,0.1564352221209699,0.18842771010224246,0.06804932186292106,4.2530825898508005e-10,4.2530825898508005e-10,0.32626387033167104,0.09356781740202587,CYT
0.14911794382866753,0.1340555253007381,0.20871936195310706,0.05630332085956663,4.0216657469571464e-10,4.0216657469571464e-10,0.30300221421400636,0.148801633039581,NUC
0.14429202506195343,0.11922272105875448,0.2313308850618512,0.11854144836981256,4.939226994828745e-10,4.939226994828745e-10,0.29770683305894285,0.08890608640084009,NUC
0.14429202506195343,0.11922272105875448,0.2313308850618512,0.11854144836981256,4.939226994828745e-10,4.939226994828745e-10,0.29770683305894285,0.08890608640084009,NUC
0.14103584641964612,0.13397247482337962,0.19293601758631956,0.23311210586094402,4.482925104089453e-10,4.482925104089453e-10,0.2272167522994017,0.07172680211372374,NUC
0.14103584641964612,0.13397247482337962,0.19293601758631956,0.23311210586094402,4.482925104089453e-10,4.482925104089453e-10,0.2272167522994017,0.07172680211372374,NUC
0.18507684574683647,0.16886321717427802,0.09579927069540685,0.12910360523533698,4.451848441039729e-10,4.451848441039729e-10,0.3232163941097131,0.09794066614805888,ME3
0.16557058878919093,0.20142107033888823,0.14619832015090942,0.03584379534451632,3.982643882916882e-10,3.982643882916882e-10,0.28369518109919295,0.16727104348077343,NUC
0.20913644050301922,0.1882708738325023,0.11309251584550224,0.07817520169313959,3.7226286343274633e-10,3.7226286343274633e-10,0.25497456436729454,0.15635040301401631,NUC
0.2059792195826794,0.14515879113653765,0.180485307786018,0.07740241365747653,4.0738112236892323e-10,4.0738112236892323e-10,0.3013504196939818,0.08962384732854423,CYT
0.18092580282147427,0.23135627073709117,0.045861256015708764,0.14089596903628945,4.0255991038208446e-10,4.0255991038208446e-10,0.2922695243785938,0.10869117620572272,ME3
0.17488664861939351,0.23428301711330732,0.060983680908224834,0.15564911731202544,3.7059313557483884e-10,3.7059313557483884e-10,0.2741373883300629,0.10006014697579962,ME3
0.13564181480944648,0.04803231403215162,0.25272698366724716,0.1625093280355019,4.643123644891129e-10,4.643123644891129e-10,0.298940837875111,0.1021487206519172,NUC
0.17941480122013917,0.1605968695248393,0.18696612036861546,0.08782354540104866,3.991979318265942e-10,3.991979318265942e-10,0.27342324137631724,0.11177542131064433,NUC
0.18788634145931082,0.12139299028189533,0.21166942260098942,0.07480843043008703,4.400495881766908e-10,4.400495881766908e-10,0.30743190450869656,0.09681090983892156,NUC
0.17941480122013917,0.1605968695248393,0.18696612036861546,0.08782354540104866,3.991979318265942e-10,3.991979318265942e-10,0.27342324137631724,0.11177542131064433,NUC
0.18520976598349345,0.18044520167983816,0.1589745068431131,0.06671961356847331,3.924683128000294e-10,3.924683128000294e-10,0.26343763501166606,0.14521327612847917,NUC
0.08297726997005797,0.2593702012373073,0.13502770910319797,0.10667189027768446,4.102764994900306e-10,4.102764994900306e-10,0.2641506233696112,0.15180230522158783,NUC
0.17571150601611205,0.14748787779322803,0.1421204392172444,0.06014740040000772,4.0098266666016703e-10,4.0098266666016703e-10,0.30211022870658794,0.1724225470648545,NUC
0.14270231194627928,0.09953374440048958,0.07307540743483046,0.13855097197918156,5.772957141745244e-10,5.772957141745244e-10,0.4191325053889367,0.1270050576956911,ME3
0.25533159296335695,0.2541417905744647,0.03498470877743891,0.09519727924474287,3.0708799657308027e-10,3.0708799657308027e-10,0.23136766895803884,0.1289769588677817,ME1
0.17235594522262068,0.14325849765461415,0.18203733135930666,0.13422219244817538,4.7936497131718e-10,4.7936497131718e-10,0.26266573818740874,0.10546029416914454,NUC
0.20751843502333675,0.1740769585423203,0.13092049129537098,0.059101250558828894,3.6938281368403805e-10,3.6938281368403805e-10,0.2732420817246986,0.15514078211667878,CYT
0.11909305039305003,0.116533829429989,0.23333586053715838,0.08755928195447744,4.608383236507322e-10,4.608383236507322e-10,0.328268395390127,0.11520958137352139,NUC
0.1927622437311528,0.17926687246274783,0.17274291983984374,0.11307257994985076,3.8990544675843215e-10,3.8990544675843215e-10,0.2563761845598334,0.08577919867676051,MIT
0.2345413640129979,0.21375859741308348,0.14892971781675413,0.06452019732088259,3.795305702432472e-10,3.795305702432472e-10,0.25475339684417586,0.08349672583304495,CYT
0.15502392132053,0.13455925185970694,0.19581656026915692,0.08361896381395378,4.180948169792948e-10,4.180948169792948e-10,0.32645759723754414,0.10452370466291853,CYT
0.1334838698436038,0.2573488750790757,0.07519028131397848,0.11423138868206367,4.5692555290055247e-10,4.5692555290055247e-10,0.31922196207237996,0.10052362209504709,ME3
0.13377316344899967,0.17307298722617417,0.13297630171795674,0.22410939358867932,3.5017092693516937e-10,3.5017092693516937e-10,0.25903054904194,0.07703760427590818,MIT
0.10951943970541188,0.1369342674340237,0.14166157239626817,0.2707563920735612,3.6100852228340365e-10,3.6100852228340365e-10,0.24726611151402467,0.09386221615469346,MIT
0.20156214756728857,0.16908052338495203,0.12716275247108488,0.06816831854469801,3.5878062203114416e-10,3.5878062203114416e-10,0.2653993646009968,0.16862689271341835,CYT
0.14843969965525344,0.18406315935105183,0.15709441169466548,0.14812482756592482,4.003373707178039e-10,4.003373707178039e-10,0.27420367897417564,0.08807422195825422,NUC
0.14843969965525344,0.18406315935105183,0.15709441169466548,0.14812482756592482,4.003373707178039e-10,4.003373707178039e-10,0.27420367897417564,0.08807422195825422,NUC
0.10793956683896862,0.11042093618107231,0.23162438642380964,0.07776788804566069,4.574581622835443e-10,4.574581622835443e-10,0.3258606092073801,0.14638661238819234,NUC
0.11648913301803153,0.10880469248885635,0.22823407416538988,0.08113721365631242,4.507622955863896e-10,4.507622955863896e-10,0.32109095073147814,0.14424393503840696,NUC
0.14804709878579017,0.20824441037078592,0.116751066580453,0.19434882882802465,3.2940479406545747e-10,3.2940479406545747e-10,0.2436693000490582,0.08893929472707832,MIT
0.1585031177036622,0.09188322513466618,0.16666234989880113,0.13166325651880034,4.702259144591943e-10,4.702259144591943e-10,0.34783834815236964,0.10344970165124867,CYT
0.15089067333204856,0.1543594244328395,0.1643243999053016,0.12533985272362247,4.4764232955707183e-10,4.4764232955707183e-10,0.30660433576070517,0.09848131295019813,CYT
0.10771327603315878,0.21457944171187368,0.08302748870348467,0.13118343185886583,5.045516590550545e-10,5.045516590550545e-10,0.35249499518684996,0.11100136549666365,ME3
0.20658330582128487,0.15015719429082122,0.07961921576546006,0.12579836062879982,4.838398467113845e-10,4.838398467113845e-10,0.33139715576560996,0.10644476676034441,ME3
0.14111467252372545,0.1694645466541725,0.06220850481359016,0.1255920586061814,5.460524263483868e-10,5.460524263483868e-10,0.3814886819675281,0.12013153434269752,ME3
0.18644762701924952,0.18477334876403495,0.05907616698495553,0.09334034353546641,5.185574612050498e-10,5.185574612050498e-10,0.36227987067551004,0.11408264198366841,ME3
0.1865437844093898,0.19083214725744876,0.10507846106477599,0.06225898839230092,5.188248989456336e-10,5.188248989456336e-10,0.3411451395515702,0.11414147828686429,ME3
0.18275755842843677,0.2419467878118512,0.05450067207853761,0.08132711376616347,4.783947840456981e-10,4.783947840456981e-10,0.3342210139897729,0.10524685296844837,ME3
0.18275755842843677,0.2419467878118512,0.05450067207853761,0.08132711376616347,4.783947840456981e-10,4.783947840456981e-10,0.3342210139897729,0.10524685296844837,ME3
0.17105595544810687,0.17498827625171628,0.07459688080717919,0.0834863423781791,4.910961287475469e-10,4.910961287475469e-10,0.36327658887969244,0.13259595525293383,ME3
0.20306906113232887,0.18747026028302224,0.17855532148108322,0.04408084532262629,4.4080844881817844e-10,4.4080844881817844e-10,0.28984665171851476,0.0969778591808077,POX
0.17394900733186094,0.18218468828551254,0.13064524610472156,0.1695588657275502,3.6860622904118253e-10,3.6860622904118253e-10,0.2625688210554759,0.08109337075766637,MIT
0.1346555012669335,0.16611153613234494,0.14723872194062215,0.21853795742481916,3.524805759231268e-10,3.524805759231268e-10,0.25591055547475067,0.07754572705556846,MIT
0.18432893344995335,0.14142478524240867,0.21804479525280673,0.07382373809258037,4.1013187601360276e-10,4.1013187601360276e-10,0.2921487340088626,0.09022901313312448,CYT
0.1690814630267321,0.16864418338194623,0.1285768214993751,0.18810312757491623,3.7620625439742e-10,3.7620625439742e-10,0.26282902742097913,0.08276537634363865,MIT
0.18326786639893428,0.15339348071408115,0.13608008156140006,0.1705224193524253,3.707009108298356e-10,3.707009108298356e-10,0.26406092315359747,0.09267522807815982,MIT
0.18708631273695583,0.16194297102950905,0.16753363744846997,0.06831048984475126,4.2694055886131686e-10,4.2694055886131686e-10,0.3041220423555498,0.11100454573088295,CYT
0.1729971490205687,0.18151189226268638,0.11993570616066526,0.17370688091236677,3.9478836481267817e-10,3.9478836481267817e-10,0.2649949302005586,0.08685344065357756,MIT
0.12951420126555682,0.17925325882219748,0.13732555664534035,0.2508766260161269,3.390224671312223e-10,3.390224671312223e-10,0.21827473945090528,0.08475561712182805,MIT
0.16965543365340127,0.18110145239347916,0.1412705950563473,0.21992507617996346,3.2824638186823444e-10,3.2824638186823444e-10,0.21583323772105806,0.07221420433925796,MIT
0.19542543938282173,0.1487761699341036,0.20992270480011366,0.05258307782260971,4.0448521090864997e-10,4.0448521090864997e-10,0.2881264520106468,0.10516615524073421,NUC
0.23568797537118474,0.1636077038718112,0.1517267980215789,0.10488114924806663,3.745755316910396e-10,3.745755316910396e-10,0.26168975539160316,0.08240661734660425,MIT
0.12271342103895562,0.18830162859241587,0.14976732916346375,0.10011369941475526,4.550622679986045e-10,4.550622679986045e-10,0.3116864853856133,0.12741743549467155,MIT
0.15464235246950736,0.2197185402252308,0.21777166708738213,0.1720396170793171,3.823102593266818e-10,3.823102593266818e-10,0.19377369346569687,0.04205412890824525,MIT
0.2185098407879816,0.11735485437240824,0.13539312305293086,0.08751319152705417,4.861843946714988e-10,4.861843946714988e-10,0.31968289013319723,0.12154609915405909,CYT
0.20611583116526946,0.14994071202902973,0.19608544052643173,0.057071183768538467,4.076513097206225e-10,4.076513097206225e-10,0.28479749076041494,0.10598934093501317,NUC
0.16030274588056226,0.12057931368892141,0.20184061290990643,0.0755308822515089,4.196160101771828e-10,4.196160101771828e-10,0.2529192394305207,0.18882720499934827,NUC
0.14305188073016817,0.17377926019809864,0.19641340096488483,0.09946576094141896,3.978630421742236e-10,3.978630421742236e-10,0.299759826693511,0.08752986967619224,CYT
0.16792121369171228,0.21949854676069824,0.11560820561750541,0.05396801257097073,4.151385550448629e-10,4.151385550448629e-10,0.3184624536002389,0.12454156692859743,ME3
0.153034723473626,0.1727478764566976,0.12484587445238009,0.079841909402418,4.69658287839763e-10,4.69658287839763e-10,0.3474184599675651,0.12211115530799668,ME3
0.2223636560235928,0.19831194318317355,0.0481751837092203,0.18014306958831358,2.537226328656211e-10,2.537226328656211e-10,0.19116088802919057,0.1598452589590639,ME1
0.21589997299702662,0.19736710667801063,0.16042769347934877,0.08994301026578617,4.08831862986156e-10,4.08831862986156e-10,0.2464192054963779,0.08994301026578617,MIT
0.2215930295386845,0.20779652868302548,0.13002228147874656,0.057521857555298817,4.1087040817448866e-10,4.1087040817448866e-10,0.29267481171324583,0.09039149020925791,MIT
0.20302942599339843,0.15303972473158473,0.066211128917224,0.09985842055260095,4.755162860813556e-10,4.755162860813556e-10,0.3256960868326091,0.1521652120215501,ME3
0.12030039235917656,0.20510986405267664,0.07905816939320043,0.14721760504972434,4.4611395334427384e-10,4.4611395334427384e-10,0.3055575027367124,0.14275646551628157,ME3
0.20922116477215946,0.1311801966014063,0.3041352984571442,0.0780867383253177,6.006672132665423e-10,6.006672132665423e-10,0.11519645246000408,0.16218014818263363,NUC
0.16107660543445296,0.13942882119911792,0.09771248815401026,0.1176272237600055,3.6758507310131387e-10,3.6758507310131387e-10,0.2819830701439354,0.2021717905733077,ME3
0.2398835951533037,0.15929354294491588,0.10430648018285836,0.1011298737523328,3.7455508658436186e-10,3.7455508658436186e-10,0.3129843877943642,0.08240211942311469,ME2
0.17498102775673025,0.14687473246943555,0.14152960772637738,0.11979470374400718,3.9931567781563837e-10,3.9931567781563837e-10,0.25709365597924716,0.15972627152557103,NUC
0.15932917664330642,0.13039353314258398,0.14872643941805486,0.17826658730475572,4.0515133386273723e-10,4.0515133386273723e-10,0.29415096882604275,0.08913329385495351,MIT
0.12629368349810324,0.14150146141371836,0.08807823512718399,0.10169648524486077,5.352446563664006e-10,5.352446563664006e-10,0.4032665224551355,0.13916361119050882,ME3
0.16091907661094734,0.21570682388981463,0.1312779373174454,0.06420116293091568,4.938550956696969e-10,4.938550956696969e-10,0.30443122385188737,0.12346377441127931,ME3
0.22917500778214192,0.2384170156799293,0.07001613649448961,0.1279107290725162,3.457046722346257e-10,3.457046722346257e-10,0.22731266154107496,0.10716844873843864,ME1
0.26765698374474645,0.24642901609542875,0.04738448257411259,0.12591349267613816,3.4030673604278764e-10,3.4030673604278764e-10,0.23774854195924053,0.07486748226972001,ME2
0.2208633398169355,0.200836140454027,0.08294024176194748,0.10920465153795927,3.6401550391314587e-10,3.6401550391314587e-10,0.2842312842414033,0.10192434145969637,ME3
0.18333913388673106,0.15629485558332562,0.08032368549478498,0.14504162601396056,4.5325507987720457e-10,4.5325507987720457e-10,0.33528458008844747,0.09971611802624009,ME3
0.17804264924591484,0.0705040972292577,0.25234219477752967,0.07156165868002926,5.111547012062468e-10,5.111547012062468e-10,0.3150953642684301,0.11245403477652899,CYT
0.0723225697490124,0.12947402530496213,0.13579554188498266,0.15018986926793332,5.363923883269318e-10,5.363923883269318e-10,0.36739204733566067,0.14482594538466398,NUC
0.21534646947896124,0.12801039754150792,0.03934143527899794,0.09841915686736487,0.2589977808073322,2.5899778054833443e-10,0.1951353143707566,0.06474944539608139,ERL
0.11168333660843711,0.08941364588663189,0.21334774939630305,0.1599014030532359,4.3216595302991876e-10,4.3216595302991876e-10,0.2960040778499185,0.12964978634114158,NUC
0.20551717879271628,0.17520142642164868,0.12541317307214048,0.09907640680701424,3.810631016382736e-10,3.810631016382736e-10,0.27666225225542607,0.11812956188892791,NUC
0.21471924986704552,0.19612082554440885,0.056155102443724264,0.1399125970411836,3.4125023585349607e-10,3.4125023585349607e-10,0.28047964624823324,0.11261257817290393,ME1
0.22958375320119506,0.23884224469563475,0.0745248272224045,0.1246756518966629,3.4632125430650455e-10,3.4632125430650455e-10,0.25618284599770813,0.07619067629375226,ME1
0.1755946697933311,0.1587439650819355,0.15181676342366673,0.18898886783356464,3.6344012975023943e-10,3.6344012975023943e-10,0.23399570033962164,0.090860032801,MIT
0.15963662684875732,0.14386519220992774,0.14130583881364797,0.18943546379738016,3.3827761331982595e-10,3.3827761331982595e-10,0.22706305585432512,0.13869382179940626,MIT
0.29439310650470946,0.20627449608380716,0.077235438125275,0.08255105354801844,3.589176225613079e-10,3.589176225613079e-10,0.26058402769794936,0.07896187732240535,EXC
0.29561821652660336,0.24813459500489218,0.06404581640558275,0.11468470831023207,3.3730796462624736e-10,3.3730796462624736e-10,0.20330891052299127,0.07420775255508237,EXC
0.18379779878928545,0.1524511099751816,0.13431135770162603,0.0751583974419134,4.4210821764591286e-10,4.4210821764591286e-10,0.290701294236681,0.16358004097109596,ME3
0.14075726797124333,0.12671389921675044,0.16491762932434711,0.11024109238371536,5.01095872193725e-10,5.01095872193725e-10,0.30203038922060127,0.1553397208811506,ME3
0.21983968024306388,0.17600358216846565,0.14537004737140297,0.0680547186993498,4.253419892125489e-10,4.253419892125489e-10,0.2971567326149309,0.09357523805210273,NUC
0.09921037517486347,0.12369224570488073,0.11176865047852606,0.14348300497351302,0.27592885546359075,2.759288551876619e-10,0.18521251951148268,0.06070434841721447,CYT
0.09818406559297987,0.1339215606143857,0.1351929678323358,0.3236437710262701,3.2364377070262637e-10,3.2364377070262637e-10,0.22167381587338783,0.0873838184133529,CYT
0.16307516432036967,0.09905176126489883,0.20094111415811552,0.12245925631979061,4.5355279950458443e-10,4.5355279950458443e-10,0.292013446709929,0.12245925631979061,NUC
0.26304779132933,0.2727810980348924,0.09742848681184638,0.17317913505871108,3.207021013666833e-10,3.207021013666833e-10,0.12300902550244365,0.07055446262137242,ME1
0.0806385990901101,0.22169821668507672,0.19872566086663204,0.08073939733841205,4.4855220494366586e-10,4.4855220494366586e-10,0.31951663958650595,0.09868148553615869,CYT
0.24165986073944876,0.2186904221896267,0.13612485838504434,0.13511264790166747,2.7574009719577015e-10,2.7574009719577015e-10,0.20774938857392308,0.060662821658809526,ME2
0.18586742574351514,0.20028105291816864,0.08096604668043446,0.08160819118684035,0.22056267850779962,2.2056267828723694e-10,0.16013454747020042,0.0705800572724785,ERL
0.13813897010678547,0.22827739591565974,0.04788458975200087,0.1513153025949445,4.72860319131513e-10,4.72860319131513e-10,0.3303544700030954,0.10402927068179318,ME3
0.26791074190764624,0.2524325351186454,0.14296902364266548,0.11294552874359065,3.137375789718141e-10,3.137375789718141e-10,0.1547199022724404,0.06902226768753668,EXC
0.15769625356965575,0.16132145479105953,0.18320961097891397,0.06140297900150038,4.385927040207691e-10,4.385927040207691e-10,0.30040596209665366,0.13596373868503112,CYT
0.18277670211109714,0.15961576317785328,0.16573484847796033,0.11109257129240069,3.9675918177014816e-10,3.9675918177014816e-10,0.2934930937609783,0.08728702038619178,NUC
0.2576295038818014,0.18768098489710663,0.09234935633240726,0.11464512942021389,3.474094820388012e-10,3.474094820388012e-10,0.27126493837770627,0.07643008639594574,ME2
0.22729596462164647,0.21821216481012454,0.13788255704480903,0.10581501385019734,3.112206280558138e-10,3.112206280558138e-10,0.2174281103228166,0.09336618872796477,ME2
0.18194561003787812,0.24949108216174562,0.08286292143029955,0.12747806262542422,3.4453530346186195e-10,3.4453530346186195e-10,0.25486173167248793,0.10336059138309389,ME2
0.30333478518419826,0.1757165776781123,0.04940697763643284,0.1593786746348793,3.2526260063187083e-10,3.2526260063187083e-10,0.24060521175157798,0.07155777246427418,ME2
0.1358141432947151,0.17228102118057742,0.22032836178331525,0.08702970319692604,4.834983484079317e-10,4.834983484079317e-10,0.2781771324442261,0.10636963713324331,MIT
0.1609455119633189,0.2018234042059425,0.10528162946370338,0.101655262242536,4.6206937172939377e-10,4.6206937172939377e-10,0.31015615408864866,0.12013803711171177,ME3
0.16697979442031696,0.14582059427617688,0.16976365020269538,0.19935758375592416,3.6246833344264697e-10,3.6246833344264697e-10,0.23833534290009917,0.07974303371985066,CYT
0.17058339171851825,0.10695458505327853,0.1673792937207543,0.0783583066541849,4.897394135277843e-10,4.897394135277843e-10,0.3689817504079331,0.10774267146585197,VAC
0.16146580845570258,0.12904505174747563,0.17053548596240384,0.10777842729349948,4.49076778518428e-10,4.49076778518428e-10,0.28297988828260673,0.14819533736015802,NUC
0.14625452410610917,0.1779225586064982,0.1380486596190389,0.21459886777400056,3.518014220036052e-10,3.518014220036052e-10,0.24577907599815568,0.07739631319259456,MIT
0.29219102535776204,0.16606003372449957,0.14172908579816515,0.07223611487422432,3.6118057256521875e-10,3.6118057256521875e-10,0.23748859602050246,0.09029514350248527,ME2
0.14323809402408766,0.12308597604002655,0.16136949826638644,0.09688624696290547,5.099276129104098e-10,5.099276129104098e-10,0.36323610833652087,0.11218407535021777,ME2
0.1876013736930823,0.14393553680995236,0.1373764490756088,0.07930848096970222,4.1741305553836406e-10,4.1741305553836406e-10,0.29733532765022025,0.15444283096660774,CYT
0.19833874657818001,0.1934611297250859,0.1454990158505566,0.05747211150933148,4.1051507927726e-10,4.1051507927726e-10,0.31491567766430356,0.09031331785151227,CYT
0.16815732463800354,0.14595891785781503,0.13203607356653693,0.0589569774478949,4.5351520764907455e-10,4.5351520764907455e-10,0.30441431791659257,0.1904763876661265,NUC
0.18161477624628303,0.2220415023540835,0.16468125901648434,0.07490502136150765,3.9423695245931946e-10,3.9423695245931946e-10,0.2700253102978804,0.08673212993528723,MIT
0.19761471732531824,0.15595013663558244,0.10813420178746616,0.09045107945969033,5.025059942065796e-10,5.025059942065796e-10,0.3372985445589772,0.11055131922795351,ME3
0.2075167940034776,0.1378005249431871,0.13945054833068996,0.21061134268115372,3.240174497802097e-10,3.240174497802097e-10,0.2041753796375742,0.10044540975588245,MIT
0.2031142035028606,0.1533640087163678,0.14165348623801977,0.09468990748180409,4.304086684154338e-10,4.304086684154338e-10,0.3124884857183263,0.09468990748180409,NUC
0.15816002377031563,0.1530501628095989,0.139654814054497,0.17880631871553468,3.804389751810547e-10,3.804389751810547e-10,0.28663210496890484,0.08369657492027101,MIT
0.22606806762859225,0.006607572978071376,0.10915040546337021,0.12072034838155245,5.748587990794936e-10,5.748587990794936e-10,0.39373890405396395,0.14371470034473222,ME3
0.1936615488114526,0.16255469827759428,0.15104469396090867,0.07513074984785945,4.419455847406698e-10,4.419455847406698e-10,0.3027024557437742,0.11490585247451975,CYT
0.1339177195049594,0.16605610630052525,0.10057955313583088,0.061399245532247876,3.611720304180932e-10,3.611720304180932e-10,0.26716835162935054,0.2708790231747419,NUC
0.18046423267726833,0.17933818328083181,0.1452198618281104,0.07342316236717017,4.5889476192672136e-10,4.5889476192672136e-10,0.3205977108460562,0.10095684808277346,CYT
0.16342954551616515,0.14679794335928556,0.16166355784075628,0.20221416684349328,3.5476169559426597e-10,3.5476169559426597e-10,0.24784721234527626,0.07804757338550021,NUC
0.2054022054627067,0.21012409523521844,0.15880562679174784,0.07168939743405137,3.584469853780219e-10,3.584469853780219e-10,0.23569116882618735,0.11828750553319421,NUC
0.16837431163090327,0.09350442086948275,0.20052680216075958,0.07278580981379837,4.281518199155679e-10,4.281518199155679e-10,0.3577706992617085,0.1070379554070438,NUC
0.25259934561281633,0.1349883277568339,0.11043168085162246,0.10066272449827691,3.355424138757817e-10,3.355424138757817e-10,0.2436129857522058,0.1577049348571598,ME2
0.15318365071452966,0.20206712050440379,0.1998225102832046,0.0645790024298047,3.587722337279582e-10,3.587722337279582e-10,0.22607565448871847,0.15427206086179426,NUC
0.18339496560580415,0.10102127655616489,0.21720487804539493,0.07951817634972262,4.1851671542739953e-10,4.1851671542739953e-10,0.32678702479333543,0.09207367781254461,CYT
0.16064519701548596,0.14086130582030568,0.07756287115582765,0.11744311381257079,5.106222317476024e-10,5.106222317476024e-10,0.37072573040956647,0.1327617807649989,ME3
0.14711985964829,0.12900165038958814,0.20717828317457165,0.07014464761269518,4.676309809670947e-10,4.676309809670947e-10,0.32029519291084646,0.12626036532874654,CYT
0.1115079342854465,0.1244414563916246,0.18843429370281195,0.12630807823073248,4.511002777844007e-10,4.511002777844007e-10,0.32751116103429523,0.12179707545288847,NUC
0.16177679741743486,0.14185354656728513,0.07810923156875543,0.11827039453596289,5.142191044423643e-10,5.142191044423643e-10,0.3662930612128895,0.13369696766923383,ME3
0.11328958646193482,0.1316976644384907,0.18564369489923396,0.11916004682757732,4.5830787065103634e-10,4.5830787065103634e-10,0.32646588092205975,0.12374312553408769,NUC
0.1694686789496694,0.1780500379438759,0.18576039932952226,0.09783381050649842,4.076408754119065e-10,4.076408754119065e-10,0.27920607945689185,0.0896809929982603,CYT
0.14752421564278853,0.18961187860074144,0.1406292182380229,0.22219416462081465,3.366578246729649e-10,3.366578246729649e-10,0.22597580045960683,0.0740647217647101,MIT
0.1465820830363958,0.1707784229924828,0.15137537898881606,0.17394407180221147,3.623834821663083e-10,3.623834821663083e-10,0.2631003367297032,0.09421970572562365,MIT
0.26100359167091153,0.19696992371166633,0.10122758123185699,0.10662638554391293,3.8080851843965853e-10,3.8080851843965853e-10,0.2503946426425018,0.0837778744375334,MIT
0.1511911615898083,0.14435569913208016,0.17032928325326074,0.08522141827849886,4.485337780524478e-10,4.485337780524478e-10,0.3502250052292121,0.09867743162007228,MIT
0.2436964399922324,0.1851932881341611,0.1215838117173857,0.12703547293856265,3.0984261616760985e-10,3.0984261616760985e-10,0.24193190608455162,0.08055908051342119,MIT
0.17161240824696178,0.16205309640356122,0.15367693426792334,0.07832566346406256,3.9162831536217117e-10,3.9162831536217117e-10,0.23068517245427703,0.20364672437995732,NUC
0.06737302207821942,0.3446091323924702,0.27107589998517784,0.10279198180615659,8.565998412463063e-10,8.565998412463063e-10,8.565998412463063e-10,0.21414996116817644,NUC
0.06947683137406066,0.11845666622837861,0.16176082456724436,0.14840251134670118,4.122291970402e-10,4.122291970402e-10,0.27105481490441546,0.2308483507547412,NUC
0.19031154911154566,0.17614495325805668,0.1531440133782856,0.04436071616170608,4.0327923416751683e-10,4.0327923416751683e-10,0.27069428087188635,0.16534448641196112,NUC
0.19416543347315623,0.15214136688026042,0.1349692928118568,0.1507467376872284,3.6767496907208155e-10,3.6767496907208155e-10,0.2870886748486153,0.0808884935635329,MIT
0.22485975594605814,0.21198745982015577,0.1291450672455072,0.06278437135483485,3.924023185152033e-10,3.924023185152033e-10,0.28489483438289237,0.08632851046574705,CYT
0.1736970455706417,0.14028164302664956,0.10299158609165962,0.051530123710042224,2.7121117599384763e-10,0.2712111762650588,0.20062196607487925,0.05966645898985765,POX
0.1244713899521861,0.17124066356000928,0.15473353049805885,0.19863916966849102,3.819984024740243e-10,3.819984024740243e-10,0.26687559663097427,0.08403964892628374,MIT
0.18432146919875994,0.16027493275334476,0.10382665055055432,0.1804507183541984,4.101152680547344e-10,4.101152680547344e-10,0.2809008689407552,0.09022535938215683,ME3
0.25973843311118266,0.1873033699034032,0.09114291171952789,0.09853028453344742,3.78962631363403e-10,3.78962631363403e-10,0.2647547154410661,0.09853028453344742,ME2
0.19183325372036716,0.16009314799160815,0.13649428059153648,0.09884460831896785,4.492936721348826e-10,4.492936721348826e-10,0.3138901001599651,0.09884460831896785,CYT
0.10733171025842084,0.17776998067683517,0.1957720039904507,0.11372050250863149,4.548820082149979e-10,4.548820082149979e-10,0.30533175939371615,0.10007404226218154,MIT
0.15706843501823894,0.20199671303236247,0.15672759935541325,0.11183272584801408,3.9940259088789815e-10,3.9940259088789815e-10,0.28450595555242586,0.08786857039474018,NUC
0.1843946794694217,0.15719469807275807,0.11870615907430399,0.17192608688410138,3.907411056667279e-10,3.907411056667279e-10,0.2622782767971748,0.10550009892075764,MIT
0.15766560956709852,0.14855667691229354,0.11685742224307683,0.23263975583564514,3.6926945312123125e-10,3.6926945312123125e-10,0.26304125464740674,0.08123928005594033,MIT
0.2562367029434224,0.17771335731279758,0.1027475646600383,0.08503584167574722,3.8652655131463943e-10,3.8652655131463943e-10,0.2700390978803157,0.10822743475462561,NUC
0.2351920697222508,0.23215672137808432,0.13015737030565133,0.055084458716168856,3.6722972232626094e-10,3.6722972232626094e-10,0.26661883986437807,0.08079053927900713,EXC
0.17864243171026356,0.23858917349293254,0.07826598826186186,0.09274519600860222,4.4164378841408783e-10,4.4164378841408783e-10,0.31459557575030905,0.0971616338927431,ME3
0.2165297990136511,0.1812334055154227,0.13305743707711531,0.07883653164666797,4.379807289371514e-10,4.379807289371514e-10,0.2939870650670275,0.09635576080415403,NUC
0.13088805598449338,0.18468548509244667,0.20338781265606742,0.0843550955341936,4.016909292023937e-10,4.016909292023937e-10,0.2641255428909361,0.13255800703848086,NUC
0.22484378311859274,0.15500849529358618,0.11563924915147684,0.08700476851692658,4.350238404095137e-10,4.350238404095137e-10,0.32179845772425314,0.09570524532511686,CYT
0.15601335511261244,0.18711708772490246,0.16364037201308687,0.08618392948685757,4.78799605600322e-10,4.78799605600322e-10,0.301709340994071,0.10533591371087046,CYT
0.11694895185571436,0.21326672892339488,0.1890363627371417,0.058830407745355015,4.525415945601033e-10,4.525415945601033e-10,0.3223583965775466,0.09955915125576431,CYT
0.1266752992684941,0.2834723826252293,0.15162953141258304,0.07046313537443992,3.5231567511062124e-10,3.5231567511062124e-10,0.22683338021805807,0.1409262703965642,NUC
0.1822541736270329,0.22034282007601558,0.1353273942638993,0.10322213667771617,3.6865048681809165e-10,3.6865048681809165e-10,0.2777503671494045,0.08110310746863066,NUC
0.09361077266457411,0.17556503108638724,0.19334376836471978,0.12497038135215062,4.628532625529531e-10,4.628532625529531e-10,0.3106823273819587,0.10182771822450294,CYT
0.17889956411684735,0.15163867822550542,0.22457880171009273,0.09553236745038735,4.549160333117682e-10,4.549160333117682e-10,0.24926905980383007,0.10008152778350503,EXC
0.24748702423114205,0.2495071581927752,0.13738685307238122,0.11172783792583539,3.1922239316175144e-10,3.1922239316175144e-10,0.1836621991246136,0.0702289268148077,EXC
0.2523967006538358,0.23161962271983624,0.11708350316097281,0.10901310457300438,3.303427401292777e-10,3.303427401292777e-10,0.21721166507288145,0.07267540315878383,EXC
0.13341097256167705,0.14049194708410956,0.1856627755279845,0.23397930249712415,3.492228390267184e-10,3.492228390267184e-10,0.22962597669555818,0.07682902493510088,MIT
0.2104984572762837,0.15269386534034723,0.13366288703463697,0.14987490167881393,3.406247757686117e-10,3.406247757686117e-10,0.26130119819051867,0.09196868979814994,MIT
0.15461009301774276,0.14599785973932575,0.1697148115805922,0.165829235639325,3.5282816018403583e-10,3.5282816018403583e-10,0.23682986129827682,0.12701813801908107,MIT
0.18927842346875798,0.1756175910093116,0.1636475507530035,0.07835246389805355,3.917623175314561e-10,3.917623175314561e-10,0.2951633903127224,0.09794057977462635,NUC
0.13099499580539792,0.09277364437497583,0.18163278855780862,0.07174495175162,4.484059456450879e-10,4.484059456450879e-10,0.32555500208114097,0.19729861653224462,NUC
0.15901875153407813,0.1321729135264814,0.21273790241714904,0.05749521763390245,4.422709014740889e-10,4.422709014740889e-10,0.248398725927718,0.1901764880761291,NUC
0.133123738224948,0.12514210373733903,0.1337613476435817,0.17611910762931396,3.2021655874381347e-10,3.2021655874381347e-10,0.22371293862068897,0.20814076350369531,MIT
0.21285816138909952,0.2044197308919334,0.11745415484316768,0.0889225831564313,3.866199250861364e-10,3.866199250861364e-10,0.2912889850405583,0.08505638390556994,MIT
0.11862145155260015,0.21414420234998383,0.10219286634706855,0.20183091073271403,3.105090929572384e-10,3.105090929572384e-10,0.2296916581144936,0.1335189102821216,MIT
0.22859285165782617,0.17432295007724546,0.1311054975872811,0.059184767685177525,3.6990479572045456e-10,3.6990479572045456e-10,0.2736282054233917,0.13316572682926844,NUC
0.16550014408840966,0.20316569402654547,0.2130851763544911,0.054709619341807326,4.208432224689546e-10,4.208432224689546e-10,0.27095385598304683,0.09258550936401323,CYT
0.10543496440139964,0.12873464501053006,0.12261281277844371,0.06659408407858848,3.027003807994914e-10,0.3027003811021918,0.20732902824755747,0.06659408407858848,POX
0.21874973295707692,0.21564106382081552,0.049287914788599375,0.1911474939704312,3.5397684003047105e-10,3.5397684003047105e-10,0.2472988885944429,0.07787490516068046,ME2
0.26334628500009644,0.18387634251244386,0.06592916867553944,0.13393039655430322,3.7202887828409543e-10,3.7202887828409543e-10,0.2599105865705065,0.09300721994305274,ME2
0.30641652949074016,0.1567302939907721,0.08851370075066409,0.09090357066149207,3.4962911658408825e-10,3.4962911658408825e-10,0.24905087791637687,0.10838502649069648,ME2
0.24362079355657265,0.1691144343976255,0.16173469060836235,0.08130844010746682,3.871830462870656e-10,3.871830462870656e-10,0.22806672628230384,0.11615491427330273,MIT
0.1971376601446765,0.1415977765407093,0.11813393330928641,0.12692309791972356,3.7330322807770687e-10,3.7330322807770687e-10,0.25568714289228045,0.16052038844671718,NUC
0.10484488602577774,0.20341486973165063,0.11811639054527295,0.263847578207242,3.2176533888472767e-10,3.2176533888472767e-10,0.1939407525262587,0.1158355223202673,MIT
0.21554202903169986,0.20212226671265457,0.11129517235681115,0.10390922003601781,3.996508447552575e-10,3.996508447552575e-10,0.27920812481770746,0.0879231862458075,MIT
0.14437631851049218,0.08967215530786081,0.20331475214547332,0.05506925320144232,4.5891043952109904e-10,4.5891043952109904e-10,0.3331815524399823,0.17438596747692808,NUC
0.19410356443650476,0.19856571533498632,0.14726999976215482,0.14102218160538396,3.525554531320712e-10,3.525554531320712e-10,0.24147633811424804,0.07756220004161112,MIT
0.11933637301991572,0.13184611690574463,0.17208607088093003,0.2039219939153072,4.248374864384786e-10,4.248374864384786e-10,0.27934519698712473,0.09346424744130276,MIT
0.18299999711382797,0.13572499796460927,0.18039398450249905,0.15472649762265006,4.071749926723028e-10,4.071749926723028e-10,0.2565760231869822,0.0895784987950816,MIT
0.1399231976749281,0.19562442447682687,0.1944164934853991,0.08302109745593358,4.1510548520414045e-10,4.1510548520414045e-10,0.29569157891668496,0.09132320716001638,MIT
0.21413165455913968,0.12857530399002387,0.21501552214641886,0.12428946053749967,4.1429820041067155e-10,4.1429820041067155e-10,0.2724152554788493,0.04557280245947207,MIT
0.17842408445668168,0.16471839367030439,0.18630140585894156,0.12006635354521182,3.873108166383903e-10,3.873108166383903e-10,0.26528138164648224,0.08520838004775669,MIT
0.1281990082548383,0.1692207894214285,0.14908565755938152,0.2355553387303508,3.680552161910869e-10,3.680552161910869e-10,0.23696705736779605,0.08097214793009433,MIT
0.1676976597868749,0.14516004331522556,0.20830215635147023,0.1377700774932058,3.826946586403087e-10,3.826946586403087e-10,0.2568772370042717,0.08419282528356258,MIT
0.14437772550589742,0.11454033964156134,0.12945881822161323,0.0996500955222492,2.622370927895055e-10,0.26223709305174264,0.18679902526298073,0.06293690253171841,MIT
0.16513402280734246,0.12421338778336223,0.23528216857426948,0.06051676274971834,4.3226258798182677e-10,4.3226258798182677e-10,0.3197558874325179,0.09509776978826447,MIT
0.1808412349839204,0.1661211063361506,0.17878569007954423,0.17080270114182175,3.2846673233337504e-10,3.2846673233337504e-10,0.21147858141981773,0.09197068538181176,MIT
0.19117054676156878,0.1350331641013357,0.18973014180107692,0.11747885282082499,4.0509949108870863e-10,4.0509949108870863e-10,0.2774654052603793,0.08912188844461538,MIT
0.1367645243280514,0.18188109716219492,0.16434825531322747,0.16635124966991255,4.057347543028727e-10,4.057347543028727e-10,0.21676240338946123,0.13389246932568274,MIT
0.14825950891470294,0.13382450605612814,0.2063268964686849,0.1552364269630141,3.880910664373075e-10,3.880910664373075e-10,0.31366264312509295,0.04269001769619489,MIT
0.14388741629448942,0.13827425343084604,0.22595898800636532,0.13582100055428048,3.880600004749157e-10,3.880600004749157e-10,0.2551627404263607,0.10089560051153809,MIT
0.21614302311699393,0.18347577243629942,0.2072365101963695,0.13506639566301984,4.092921068294779e-10,4.092921068294779e-10,0.21305616560819837,0.045022132160534675,MIT
0.2001992577745469,0.2137059542999205,0.16670417013243885,0.10458235158331015,3.8734204146654854e-10,3.8734204146654854e-10,0.2334664363397822,0.08134182909531722,MIT
0.18837963564026206,0.18852084975965916,0.17070284542863742,0.12756577512188252,3.644736421640254e-10,3.644736421640254e-10,0.2446466916800523,0.08018420164055923,MIT
0.21736304362863107,0.21396895577025304,0.1617114595878844,0.07665123203665028,3.650058651030687e-10,3.650058651030687e-10,0.2500040175588885,0.08030129068768098,MIT
0.17819943171002803,0.14988779791579546,0.17845006382164202,0.17269504927476026,3.524388753516763e-10,3.524388753516763e-10,0.2220847711219883,0.09868288545090825,MIT
0.22361311239937837,0.154058576508453,0.1953654214242591,0.064984708871124,4.061544279060598e-10,4.061544279060598e-10,0.2726242054389891,0.08935397454548759,MIT
0.12061815920200789,0.12339099043815979,0.19024079262012045,0.18893628433081264,4.2940064523048185e-10,4.2940064523048185e-10,0.28234563016999137,0.09446814238010665,MIT
0.17599086731619,0.16717687480096935,0.18882684977558356,0.13052656002251525,3.7293302757023494e-10,3.7293302757023494e-10,0.2554335809004912,0.08204526643838471,MIT
0.20179887593073392,0.18619891777805161,0.14710431843959368,0.16551464673356658,3.521588220881016e-10,3.521588220881016e-10,0.22190829920219543,0.07747494121154118,MIT
0.1884453245186956,0.1621082690292561,0.18817425817212263,0.11816378431195156,3.8117349655089695e-10,3.8117349655089695e-10,0.24019151875571126,0.1029168444499157,MIT
0.18386337941543832,0.16007670112573752,0.1586582999796071,0.1601567394761263,3.4816682419121627e-10,3.4816682419121627e-10,0.2432398364269617,0.09400504287979522,MIT
0.20702766302262596,0.15687919981882673,0.14685084592816905,0.17743037495039418,3.4121225886381143e-10,3.4121225886381143e-10,0.21968460536311818,0.09212731023444135,MIT
0.1203381093918753,0.1869364668604861,0.1656976216432325,0.16263472622018998,3.96670062984195e-10,3.96670062984195e-10,0.277125660837683,0.08726741425319295,MIT
0.18602677942229495,0.16196021886273354,0.12931190899211029,0.1866996422402078,3.5226347526027233e-10,3.5226347526027233e-10,0.2267997720951785,0.1092016776829479,MIT
0.21529065581987517,0.14535831188148496,0.1455255826657177,0.1417904260538002,3.832173666772509e-10,3.832173666772509e-10,0.2677272017604748,0.08430782105221256,MIT
0.1614594601815298,0.17267895242850323,0.10748480760631636,0.20901661017516704,3.2658845288840404e-10,3.2658845288840404e-10,0.24158597917554483,0.1077741897797618,MIT
0.19658668265937498,0.2385209709345645,0.1493642120329314,0.05289553328273211,4.068887144295646e-10,4.068887144295646e-10,0.27311708269522655,0.08951551758139292,MIT
0.13245354650152377,0.2850139923803,0.14407430720213518,0.06503925890281276,4.064953656019837e-10,4.064953656019837e-10,0.2839899133613059,0.08942898083893178,MIT
0.26806968703728934,0.265794294471388,0.06504670525334312,0.09910330145452417,3.670492632869441e-10,3.670492632869441e-10,0.2212351727591799,0.08075083829017696,ME1
0.15884209664070345,0.1746806619888891,0.13421151841894166,0.1484379393338866,3.5342366423919747e-10,3.5342366423919747e-10,0.25659526343119715,0.12723251947953476,MIT
0.16801730529865858,0.10205361486019701,0.17153981999646792,0.13551645789534228,4.672981290622213e-10,4.672981290622213e-10,0.320067212153751,0.1028055888609868,MIT
0.1697935743373004,0.14170008221843305,0.12081248338736165,0.21872093314358737,3.976744231743872e-10,3.976744231743872e-10,0.261484552621929,0.0874883734960396,MIT
0.10831899194185544,0.16885193682632607,0.13365218585103097,0.09181324085876374,4.590662019984877e-10,4.590662019984877e-10,0.34587179648532407,0.15149184711856717,NUC
0.17358583812648026,0.2086521725895253,0.1466690468313146,0.10041940751896414,3.862284889720602e-10,3.862284889720602e-10,0.28570326620117703,0.08497026796008172,NUC
0.17040997342547248,0.1513896225341462,0.10609468380559922,0.18359432397014308,3.9911809471961954e-10,3.9911809471961954e-10,0.3007054142289684,0.08780598123743438,NUC
0.15639931008706937,0.17640440894438988,0.12650018855799985,0.21771585997871334,3.569112452816428e-10,3.569112452816428e-10,0.24445975739913234,0.07852047431887267,MIT
0.17606269837879618,0.15759635218187787,0.148761836982069,0.16844798669085595,3.9173950302120107e-10,3.9173950302120107e-10,0.26294843392651823,0.08618269105640373,MIT
0.20670439377809582,0.1289367190239468,0.23286950685776614,0.05384397412572293,4.486997806418596e-10,4.486997806418596e-10,0.2520094662886483,0.1256359390284205,NUC
0.1963037955574326,0.12909633860013625,0.1895591805344892,0.049917251180518624,4.159770897045128e-10,4.159770897045128e-10,0.302010764174048,0.1331126691214212,NUC
0.15365370873889284,0.16897492621411225,0.17743113386741796,0.0820510806258846,3.418795011833546e-10,3.418795011833546e-10,0.24353060392454304,0.17435854594539033,NUC
0.21362593235839025,0.1975237124623841,0.13421824050032147,0.09871983009228387,3.656289989876106e-10,3.656289989876106e-10,0.2754739037124589,0.08043838014290332,MIT
0.16790289191176264,0.15213270243240118,0.17294301487495942,0.13235545117169295,4.2695306691851573e-10,4.2695306691851573e-10,0.28073626360625104,0.09392967514902653,MIT
0.17028101645711607,0.16307665945264113,0.1346930637179555,0.2224884514039369,3.224470305528839e-10,3.224470305528839e-10,0.23852246127937482,0.07093834704408149,MIT
0.19579109665092295,0.18426867810990727,0.11469888562541647,0.17076899454347436,3.4850815141829835e-10,3.4850815141829835e-10,0.25780055071272884,0.07667179366053378,MIT
0.2391564473146229,0.15996627104049918,0.18134672195509022,0.04911905527372116,4.0932545720329755e-10,4.0932545720329755e-10,0.28035990260336485,0.09005160099405092,MIT
0.18660094635619098,0.1735369302845336,0.15766598954303065,0.1509771293966118,3.774428225479224e-10,3.774428225479224e-10,0.24818158232676163,0.08303742133798575,MIT
0.12387272844054426,0.1436164276276672,0.17211514532300412,0.22784323820319521,3.67489093283397e-10,3.67489093283397e-10,0.25170485878077464,0.08084760088983643,MIT
0.14688977235887293,0.18214127109879322,0.1604687654708846,0.14657818799410352,3.9615726377823316e-10,3.9615726377823316e-10,0.2767674038576626,0.08715459842736856,MIT
0.21694715119652497,0.1302658683149482,0.14345734860813325,0.10073893825870225,4.1974557432898624e-10,4.1974557432898624e-10,0.3162466660100776,0.09234402677212254,CYT
0.17031315638260566,0.1642724927233122,0.1918717837179884,0.051969843448536654,4.3308202512878865e-10,4.3308202512878865e-10,0.32629467689997754,0.09527804596141552,MIT
0.15819568753830268,0.14834633920059342,0.16831932152592288,0.10950657049410653,3.910948932250415e-10,3.910948932250415e-10,0.23572842918427056,0.179903651274614,NUC
0.15864042697217362,0.12751147629414913,0.17872149361368292,0.08572248809209582,5.042499269873288e-10,5.042499269873288e-10,0.3384691295779363,0.11093498444146224,NUC
0.24326029195477317,0.1323683420048928,0.11078727568729843,0.09673478446118043,4.6064182857399336e-10,4.6064182857399336e-10,0.31550810222365094,0.10134120274692036,CYT
0.1445504808435335,0.09858232036617867,0.11244267368381852,0.0735142446938119,0.30630935192090336,3.06309351614594e-10,0.1972128705239246,0.06738805766152002,CYT
0.16478665688411,0.14223503472238994,0.16824144042468248,0.08249632033147757,4.5831288818424823e-10,4.5831288818424823e-10,0.3139129375708116,0.1283276091499024,CYT
0.16163580664995805,0.25353907728479735,0.1517466961458595,0.09110871655759005,4.795195583056342e-10,4.795195583056342e-10,0.23647539909599666,0.10549430330675907,EXC
0.18890241911624883,0.17679862021315823,0.14036675860031908,0.08942720923808149,3.577088355214906e-10,3.577088355214906e-10,0.27930689932654396,0.12519809279023056,NUC
0.17740266068125746,0.2359251474654367,0.1598869549820804,0.07499697503085423,3.947209191375438e-10,3.947209191375438e-10,0.26494965844594887,0.08683860260498054,EXC
0.2773310236870873,0.2674946524161106,0.049097120035148455,0.13046443747267014,3.526065868109826e-10,3.526065868109826e-10,0.19803931623274745,0.07757344945102275,ME1
0.19565287454373184,0.16982478702994305,0.05343492430957861,0.11081067372040314,5.276698723463489e-10,5.276698723463489e-10,0.35418936689713687,0.11608737244386663,ME3
0.17862339297991647,0.22600775936723935,0.1800514280969976,0.07112031435141869,4.183547878415524e-10,4.183547878415524e-10,0.25215905062422195,0.09203805374349631,CYT
0.21080686792018946,0.23961444751514321,0.16360510518246926,0.08338582800710766,4.169291379508926e-10,4.169291379508926e-10,0.1941861742570709,0.10840157628416122,NUC
0.17846115553511713,0.08833727969492419,0.23347878397210542,0.09222411997895717,5.123562192588942e-10,5.123562192588942e-10,0.29478029104487063,0.11271836874931293,NUC
0.1726949625118446,0.14574859342124521,0.16050794461486534,0.15754097958514784,3.8424629073390624e-10,3.8424629073390624e-10,0.27897333475269875,0.08453418434570566,MIT
0.19771097637823498,0.15685163556827694,0.1409156766279716,0.16159846137065972,3.591076911367823e-10,3.591076911367823e-10,0.24596417237060236,0.0969590769660389,MIT
0.15202631534134664,0.16748434027893203,0.1580955255727574,0.07285568831536018,5.203977699640172e-10,5.203977699640172e-10,0.3350506195383266,0.11448750991248156,CYT
0.11628891316857504,0.17386786202046284,0.18139711652109958,0.15922635788383996,3.9806589371443515e-10,3.9806589371443515e-10,0.2617419579089273,0.10747779170096339,MIT
0.1299638221922319,0.1382695560866728,0.19912431669236774,0.12029451385555259,4.626712053572361e-10,4.626712053572361e-10,0.31056012460656934,0.10178766564126314,NUC
0.16654982325257278,0.10047966068658937,0.1539545266835069,0.15583084747283,3.8007523681159695e-10,3.8007523681159695e-10,0.2863580555121003,0.13682708563225013,CYT
0.19266131525824987,0.18477216658773377,0.08139330902585486,0.18575761814096317,3.572261880456481e-10,3.572261880456481e-10,0.24467547162136866,0.11074011865137709,CYT
0.26673495610719655,0.20363193603802213,0.14352185071974435,0.046061544205973096,3.5431956808964253e-10,3.5431956808964253e-10,0.26209940688638383,0.07795030533404092,ME2
0.1615140179956241,0.21112336822795652,0.08087059148831667,0.12378254888492694,3.992985435020271e-10,3.992985435020271e-10,0.27896199654455034,0.1437474760600283,NUC
0.15172729029250434,0.20555536270544283,0.14321436673858154,0.10948969336673006,3.6496564333921476e-10,3.6496564333921476e-10,0.25497599776633484,0.1350372884004751,NUC
0.16255346209054855,0.1900460836994931,0.1308070355650915,0.16878467812414863,3.444585260810002e-10,3.444585260810002e-10,0.25480493744547233,0.0930038023863286,MIT
0.1419802639277162,0.1609462512971056,0.13833725340121442,0.2049120564361923,3.4152009349112044e-10,3.4152009349112044e-10,0.24795294493096368,0.10587122932376743,NUC
0.09669132929092099,0.14837117749596548,0.15844470965843208,0.11343650943219773,3.9116037600357707e-10,3.9116037600357707e-10,0.26791806614703506,0.21513820719312776,NUC
0.1277460306031924,0.1620465738706293,0.17269969690858453,0.07731189790059756,4.547758673283629e-10,4.547758673283629e-10,0.3737883845602796,0.08640741524716482,NUC
0.12968905252628887,0.09950280763767076,0.24524832997512153,0.12366777510670734,4.1222591564827146e-10,4.1222591564827146e-10,0.2823465179795351,0.11954551595022463,NUC
5.153162487042678e-10,0.16584890814427594,0.30005756305197845,0.06699111284687105,5.153162487042678e-10,5.153162487042678e-10,0.3176607017713717,0.1494417126395539,NUC
0.1412728347165355,0.19933860132432152,0.12622675371913453,0.07804106268229401,4.335614569374031e-10,4.335614569374031e-10,0.3207166946064349,0.13440405208415643,NUC
0.16054699185369364,0.16879988636983112,0.1708210960889732,0.07541248999508139,3.9690783999038715e-10,3.9690783999038715e-10,0.337099809703812,0.08731972519479302,CYT
0.12399893508854964,0.19555962293702084,0.13387437766710278,0.12415393375683555,4.5982938258150427e-10,4.5982938258150427e-10,0.3212506650030721,0.10116246462776032,CYT
0.1346065423411193,0.09363664316291652,0.17590860024913121,0.09104786539460198,4.791992890284353e-10,4.791992890284353e-10,0.3610405607061026,0.14375978718772986,NUC
0.1836126905495241,0.1532327324444552,0.1633064236875425,0.07740724505409632,4.300402479114227e-10,4.300402479114227e-10,0.30633004003817693,0.11611086736612439,CYT
0.11847924829210757,0.15655375753980547,0.18353035431252404,0.11423374191071747,4.3936054412060353e-10,4.3936054412060353e-10,0.31296915515540685,0.11423374191071747,NUC
0.13826462465678868,0.06630146353233608,0.15576647583048997,0.13074648571198563,3.8454848625716807e-10,3.8454848625716807e-10,0.2897283119481682,0.21919263755113425,NUC
0.0910163422877402,0.14812743248908025,0.15846688796804204,0.05891239622884872,3.6820247412903904e-10,3.6820247412903904e-10,0.26732508432490204,0.2761518559649817,NUC
0.1901987199863477,0.0457814366965864,0.1764613590106351,0.11948954897651479,4.97873118661007e-10,4.97873118661007e-10,0.3137282670513843,0.15434066728278528,NUC
0.1701067965730399,0.1107382804788234,0.23229006343030736,0.05964047412671437,4.5877287436878074e-10,4.5877287436878074e-10,0.3079434366789133,0.11928094779465588,NUC
0.2638340835140359,0.12074439470983302,0.15252633322115644,0.14521289110459745,3.089635974375189e-10,3.089635974375189e-10,0.24971030508723221,0.06797199174521774,NUC
0.08748546879169945,0.1978346530483599,0.191931810790609,0.0655680567128658,4.0980035189415905e-10,4.0980035189415905e-10,0.34243591089670034,0.11474409894016491,NUC
0.09949993648152891,0.11875183980517885,0.2117347447285398,0.11807325786624623,4.91971905726143e-10,4.91971905726143e-10,0.34370640038283895,0.10823381975172337,CYT
0.23333299817415132,0.20140057282187923,0.12321975986930182,0.09409882336354197,3.2447870013470093e-10,3.2447870013470093e-10,0.23113551274919716,0.11681233237297105,MIT
0.1632790796585323,0.1577530316377736,0.14817978365148912,0.060549325627343185,4.0366216815787346e-10,4.0366216815787346e-10,0.276480937498096,0.19375784111944144,NUC
0.20989276986061375,0.11272689299478234,0.1655230325331054,0.07472182637113384,4.670114119007652e-10,4.670114119007652e-10,0.3390630803401697,0.09807239696617209,NUC
0.2181716965406819,0.26529791848594764,0.1391254908811546,0.06594548287037465,3.6636379168894926e-10,3.6636379168894926e-10,0.23085937595118108,0.08060003453793262,NUC
0.12657112889825667,0.10663125536472279,0.1551745075431306,0.1590329006954243,3.3131854242522036e-10,3.3131854242522036e-10,0.24054633935236894,0.21204386748345957,NUC
0.30425197486325245,0.1615328760921115,0.16487424771150205,0.06855297688029247,3.427648826876379e-10,3.427648826876379e-10,0.22537964923326648,0.07540827453404522,NUC
0.2824330443962094,0.17260499844879532,0.13636459845777976,0.12731494785451872,3.26448583405308e-10,3.26448583405308e-10,0.1833478348417585,0.09793457534804098,NUC
0.25064664586036306,0.16514454645661225,0.12443603076770371,0.09074258253913249,3.7809409233766003e-10,3.7809409233766003e-10,0.2745066701574911,0.0945235234625091,NUC
0.0685553307331816,0.11521573206037047,0.20411636812950934,0.13074480893150608,4.3581602831896685e-10,4.3581602831896685e-10,0.3462647900591047,0.13510296921469575,NUC
0.18982032187547332,0.1640520063215345,0.10323706737722532,2.9127601070678557e-10,0.29127601099806155,2.9127601070678557e-10,0.18753387019838447,0.06408072264676883,NUC
0.25637498971554473,0.16027529700992538,0.08424136023006762,0.18063754493069742,3.169079730066482e-10,3.169079730066482e-10,0.21706025580091357,0.1014105516790354,ME2
0.19053798406263056,0.15227981854726508,0.11403638070595046,0.06359205253397132,5.299337667003129e-10,5.299337667003129e-10,0.36296833388631244,0.11658542920400261,ME2
0.26563195998693623,0.21090147731057104,0.08486371539937475,0.05645670341538163,3.5285439414079526e-10,3.5285439414079526e-10,0.3045181761181982,0.07762796706382934,MIT
0.1941921077904524,0.24710904873875172,0.0693671718404438,0.06744623478576645,4.215389647764218e-10,4.215389647764218e-10,0.3291468633291559,0.09273857267235175,MIT
0.22382817314126083,0.18961880261713548,0.16942057337700647,0.12139181091953125,3.112610528417184e-10,3.112610528417184e-10,0.1961371021019329,0.09960353722061095,MIT
0.1421340252620146,0.17448176884637018,0.19748833113865732,0.09276614063413291,4.216642736930393e-10,4.216642736930393e-10,0.3003635926413635,0.09276614063413291,MIT
0.23432514581559186,0.19380964623674324,0.19658573376808902,0.07099553385000773,4.4372208378928534e-10,4.4372208378928534e-10,0.2066650805647591,0.09761885887736485,NUC
0.18218196984288243,0.1813330324272037,0.13313058088582866,0.10079094405209743,4.382214939733737e-10,4.382214939733737e-10,0.30615474280318117,0.0964087291123637,ME3
0.12980950201834343,0.1375362580663038,0.14624108450008197,0.04126087770871728,4.1260877296108505e-10,4.1260877296108505e-10,0.27695657404402196,0.26819570283731403,NUC
0.09894910410079526,0.1467745042033566,0.15049031442520552,0.07485499735947039,4.4032351128909926e-10,4.4032351128909926e-10,0.29555961760697913,0.23337146142354612,NUC
0.1517668234894639,0.08317270520917838,0.20150956611157966,0.06753623672054436,4.824016874153048e-10,4.824016874153048e-10,0.3898862957906617,0.10612837171376874,MIT
0.26720127466410626,0.2270856456845817,0.07409827000572433,0.08048924576216263,3.6586020634682917e-10,3.6586020634682917e-10,0.270636317389542,0.08048924576216263,ME2
0.13412660154361022,0.050551042398809413,0.14315177591015027,0.05654495167456323,3.141386186690256e-10,0.31413861898316425,0.23237651275423973,0.06911049642132426,POX
0.09036039306842537,0.19031279488452574,0.20958497659707892,0.07569011756470775,4.730632318227782e-10,4.730632318227782e-10,0.31105527619215023,0.12299644074698558,CYT
0.2792751106159981,0.12807027489817652,0.1681623812681738,0.051425141407888036,4.2854284149454335e-10,4.2854284149454335e-10,0.22307709600104483,0.149989994951633,CYT
0.222245033505195,0.16729831093515166,0.136998909022277,0.09703302049913362,3.7320392356126803e-10,3.7320392356126803e-10,0.26073150861463773,0.11569321667719701,NUC
0.20276337987982654,0.16133024997355716,0.14721020643049973,0.12030627222511223,4.010209060803044e-10,4.010209060803044e-10,0.28016529095027465,0.08822459973868788,CYT
0.18787256921751452,0.18233550559273468,0.1790917675603953,0.06859757426340721,4.2873483646670233e-10,4.2873483646670233e-10,0.28778091805706923,0.09432166445140934,POX
0.16351404291111915,0.13939415541489414,0.19444602422922722,0.10914562377758288,4.0424304953088823e-10,4.0424304953088823e-10,0.30456668155765193,0.08893347130103846,POX
0.23219247921324107,0.1916910688067375,0.10555141146789203,0.17764761444463045,3.625461511879271e-10,3.625461511879271e-10,0.19865542567099934,0.0942619996714072,POX
0.1768217727599603,0.17624852209803255,0.18388086980632268,0.10894941552467914,4.035163523006029e-10,4.035163523006029e-10,0.2653258210943237,0.08877359790964898,POX
0.15058176397843376,0.1495127250888903,0.19957970194293354,0.07883398250593157,3.941699105588083e-10,3.941699105588083e-10,0.3347744449783632,0.08671738071710773,CYT
0.21838652523145038,0.2021300570494359,0.08786799641400297,0.06016028835738132,4.627714453431529e-10,4.627714453431529e-10,0.3296454135839214,0.10180971843826507,ME3
0.18651247986596992,0.15964908262700625,0.14151050211386274,0.17954680971219888,3.3876756485553086e-10,3.3876756485553086e-10,0.2413138821536662,0.0914672428497609,MIT
0.14728381498339022,0.1546346405778675,0.1397282828533705,0.2414679385548111,3.4495419744265283e-10,3.4495419744265283e-10,0.24099539855831437,0.0758899237823378,MIT
0.1823801646133981,0.15711394707035517,0.1730242201481477,0.06834456721694623,4.271535424362044e-10,4.271535424362044e-10,0.28671950151446873,0.1324175985823769,CYT
0.18119058597992782,0.15291860667872353,0.18371349286770566,0.10078726363023223,4.031490529083327e-10,4.031490529083327e-10,0.2926972579941303,0.08869279204298224,CYT
0.18788635793818975,0.1618573344251383,0.13925621144383438,0.07920893325900238,4.400496267719598e-10,4.400496267719598e-10,0.29537577731437875,0.13641538473935716,CYT
0.1998878741933904,0.164583876304835,0.16477327086855292,0.07810253061992704,4.339029454779117e-10,4.339029454779117e-10,0.2971937987064452,0.09545864843904352,CYT
0.2008417455370619,0.21479783336485617,0.1594138021369487,0.04062480794407178,4.0624807537823705e-10,4.0624807537823705e-10,0.2949472332151051,0.08937457698946022,CYT
0.13997658814399083,0.23013392233932461,0.16332711294550753,0.04449255867784274,4.449255823291716e-10,4.449255823291716e-10,0.31083842097626463,0.11123139602721849,CYT
0.16059280339866341,0.1976984072450507,0.08586081669060498,0.06783004523645048,0.2422501609358227,2.4225016069357254e-10,0.19247273065632145,0.05329503559483611,ERL
0.11561404233118396,0.13439981402373358,0.14208952487529333,0.08886515719095325,4.677113511749574e-10,4.677113511749574e-10,0.34597826024096745,0.17305320040244557,NUC
0.20375818318760844,0.13757190449068651,0.10559316498107157,0.1704640961140167,3.626895654283556e-10,3.626895654283556e-10,0.24841751093005637,0.13419513957118112,NUC
0.1580156780701913,0.18858959270188203,0.1008766756632674,0.06094138013039086,4.68779843550854e-10,4.68779843550854e-10,0.32750372678512985,0.16407294571157874,ME3
0.13476288574406203,0.15376790802752796,0.2277322179960915,0.05996948441213117,4.6130372269867274e-10,4.6130372269867274e-10,0.3222806834425682,0.10148681945501171,NUC
0.13607697493369525,0.18424215153363976,0.17133742702078966,0.15672865695780902,3.5620149227638077e-10,3.5620149227638077e-10,0.27325046018465793,0.07836432865700525,MIT
0.23436179250048927,0.28922152235879045,0.04610009969492604,0.07945980796185281,3.310825317948762e-10,3.310825317948762e-10,0.2449103663163334,0.10594641050544293,ME1
0.12182932265990046,0.24192881658025508,0.04036786981117735,0.11480622056686242,6.378123329391672e-10,6.378123329391672e-10,0.3407490552217509,0.1403187138844291,VAC
0.189908527435215,0.1602762486513417,0.14976330716797998,0.08873475966921582,4.225464726031874e-10,4.225464726031874e-10,0.3183569318359068,0.09296022439524769,VAC
0.23247483414398692,0.23781908319787484,0.13664453664852627,0.07796329964990412,2.9985884365402025e-10,2.9985884365402025e-10,0.23413635767354585,0.08096188808644432,VAC
0.16633371758264118,0.17501912350329432,0.1284950528110543,0.11842960704065383,4.2296288077746764e-10,4.2296288077746764e-10,0.3186706640224248,0.09305183419400576,VAC
0.15394499585138974,0.12490107282310021,0.20333372199871375,0.07086778282792844,4.724518823698438e-10,4.724518823698438e-10,0.34301301096014664,0.1039394145938175,VAC
0.22251775052758005,0.1341409347257398,0.1656308663850119,0.10609328481157436,3.5364428152643363e-10,3.5364428152643363e-10,0.2761332064770239,0.09548395636578137,NUC
0.1767972763541345,0.0881120527561247,0.14299864099712475,0.19769562102420135,4.0346045024641e-10,4.0346045024641e-10,0.265289063579182,0.12910734448231165,MIT
0.14947053336747443,0.17989016178251177,0.12876947667828925,0.16824227383242826,3.912611010259702e-10,3.912611010259702e-10,0.2679870558885009,0.10564049766827306,MIT
0.25920555994524286,0.19473003910743256,0.10038063439269847,0.12616020631461486,3.604577312975918e-10,3.604577312975918e-10,0.22219997170828829,0.09732358781080754,MIT
0.19200505487857397,0.24006762279909857,0.1490132058262338,0.1480998990831747,3.7974333000879833e-10,3.7974333000879833e-10,0.18727068367175345,0.08354353298167896,MIT
0.15582191519838356,0.13786294334391203,0.1802907003177876,0.13118520704384637,3.748148761972328e-10,3.748148761972328e-10,0.282394770112456,0.11244446323398473,MIT
0.08085941592074807,0.08271825305732237,0.23684644013854156,0.09595317346973141,4.797658649498277e-10,4.797658649498277e-10,0.35489529783991236,0.14872741861421246,MIT
0.21775728766180324,0.14850880167552843,0.1891019906307472,0.08478924412985954,4.03758303457625e-10,4.03758303457625e-10,0.27101584793010924,0.0888268271644358,MIT
0.13456336586145423,0.1450976833872446,0.1147218295813376,0.11328780671561686,3.236794468341069e-10,0.19498761889844266,0.2261322166050418,0.07120947862718296,MIT
0.18607575159367884,0.1784562704003068,0.11354939074306585,0.21045942816355576,3.4501545544023e-10,3.4501545544023e-10,0.20795452143227736,0.10350463697708447,MIT
0.16651761913687213,0.19218479114095197,0.19721609607744411,0.09500043672206242,3.8000174536824266e-10,3.8000174536824266e-10,0.2654806718016507,0.08360038436101512,MIT
0.20871469633474193,0.1670969233829984,0.14823682764589677,0.0807635131770883,4.038175638663537e-10,4.038175638663537e-10,0.2821191203652427,0.11306891828639662,CYT
0.227645173238827,0.13698729169475593,0.14080212765493927,0.11520631237845458,3.9726314476272906e-10,3.9726314476272906e-10,0.2720980447552967,0.1072610494832,CYT
0.11848158725521603,0.09981613102925116,0.10992409363371783,0.043420017172955044,0.31014297790165773,3.1014297759151477e-10,0.2251722991094619,0.0930428935875974,CYT
0.18365185991826155,0.18787374174502558,0.22414050826005985,0.06810423167201475,4.540282081199103e-10,4.540282081199103e-10,0.23634345125617326,0.09988620624040846,CYT
0.13963788971669724,0.1666559487579736,0.1730449290561413,0.09942217759759504,4.1425907159723326e-10,4.1425907159723326e-10,0.20996692711422654,0.211272126928848,NUC
0.16905163426010245,0.16305571424247858,0.1741262402665794,0.09887105598715337,4.2987415459686617e-10,4.2987415459686617e-10,0.3003230399427532,0.0945723144411847,CYT
0.18111799196712763,0.14522073238431468,0.1488972066108628,0.0827758176463941,4.3566219584595744e-10,4.3566219584595744e-10,0.34614256699820367,0.09584568352177282,CYT
0.15567970310579288,0.1592585468453977,0.17538599458336357,0.08226699331414652,4.329841730587492e-10,4.329841730587492e-10,0.3321522427794219,0.095256518505909,CYT
0.09379016242239457,0.12980964313708102,0.21132466914652334,0.07365286294889335,4.910190830524953e-10,4.910190830524953e-10,0.3833984626005016,0.10802419876256802,CYT
0.17719797254276023,0.1616745714440151,0.1996280955954852,0.11082057001478543,4.26232959955971e-10,4.26232959955971e-10,0.2569075379339415,0.09377125161654658,NUC
0.2368990034512339,0.22695797613563262,0.12285238672081504,0.09370671712299783,3.3466684567261065e-10,3.3466684567261065e-10,0.22922386723371518,0.09036004866627172,EXC
0.23799006350403276,0.22800325187684797,0.1234181946372239,0.09413829198925881,3.362081844751808e-10,3.362081844751808e-10,0.22567398717571302,0.090776210144507,EXC
0.12936801161335687,0.24017620169768464,0.16733536979573516,0.05970094188528873,4.264352961346674e-10,4.264352961346674e-10,0.309603708579002,0.09381576557606211,CYT
0.2522240371255878,0.2306562903367224,0.11624364445125919,0.08843127626763117,3.4012029202888794e-10,3.4012029202888794e-10,0.23761828655208309,0.07482646458647564,EXC
0.16018442920040082,0.14400418387026057,0.19686647905645285,0.09504276150125625,4.320125503147441e-10,4.320125503147441e-10,0.29589900749690573,0.10800313801069858,NUC
0.2388456506413624,0.23657964556641156,0.12813298934917786,0.09110255552477896,3.37416871064304e-10,3.37416871064304e-10,0.23110744627187163,0.07423171197156375,EXC
0.11643212752143654,0.28926405353920204,0.0655851859173665,0.10362459353478819,3.700878327310726e-10,3.700878327310726e-10,0.2585545136479605,0.16653952509907052,ME3
0.19358962305085065,0.19332472208938287,0.11424004897271617,0.07384061361743544,4.102256289289434e-10,4.102256289289434e-10,0.29783504607096534,0.1271699453781981,NUC
0.14612903455477594,0.17717134532636922,0.09755637390882103,0.09152007330301698,4.816845937964863e-10,4.816845937964863e-10,0.34311779332301723,0.14450537862063045,ME3
0.1607543370156889,0.13609641857171528,0.2060827095139129,0.06413543751277939,4.93349515534076e-10,4.93349515534076e-10,0.3243942024883583,0.10853689391084621,NUC
0.1229247469858199,0.10688801282397582,0.09001514714808925,0.10393287366102456,5.470151216526813e-10,5.470151216526813e-10,0.41213468124424074,0.16410453704281952,ME3
0.16568658321984037,0.12603509330899776,0.1723011400810975,0.18527158698651724,3.781052787926775e-10,3.781052787926775e-10,0.24861716999520825,0.10208842565212821,NUC
0.1701650961903739,0.1740769374748534,0.11981561370841387,0.1956189584483216,3.155144486013019e-10,3.155144486013019e-10,0.2204279027629993,0.11989549078400917,MIT
0.16122639636533478,0.1309760076741475,0.11752840074108936,0.09284743667408771,4.220338011456996e-10,4.220338011456996e-10,0.29484553272930336,0.20257622497196962,NUC
0.12951484153027176,0.15089388779643162,0.12969700023802153,0.2465458911014934,3.2018946854714796e-10,3.2018946854714796e-10,0.22808016969624004,0.11526820899716274,MIT
0.26292244044342544,0.2648913824364282,0.1346380738177816,0.09927313985477197,3.54546926786518e-10,3.54546926786518e-10,0.16027463849091805,0.07800032424758088,EXC
0.2664352570016518,0.25092844312399115,0.1476983875632703,0.11291779961281204,3.7639266412139787e-10,3.7639266412139787e-10,0.13921372546238914,0.0828063864831002,EXC
0.2680324584133008,0.24926738559253292,0.13725482640640785,0.0975881816794115,3.614377085850881e-10,3.614377085850881e-10,0.16834085093531437,0.07951629625015708,EXC
0.16546850572856253,0.2256965057490657,0.15016674169936942,0.09408723107268359,4.0907491592873336e-10,4.0907491592873336e-10,0.27458453301877256,0.08999648191339625,ME3
0.2589328294494625,0.22139667563334414,0.10013895767986575,0.08942844311263362,3.4395554911030025e-10,3.4395554911030025e-10,0.25443287228856115,0.0756702211482216,ME1
0.16835866790499762,0.21302005671530302,0.044921816742101134,0.13406666562782152,3.9431372127502285e-10,3.9431372127502285e-10,0.27007789167857593,0.16955490054257355,ME3
0.0885469960318237,0.24344062687819534,0.056112455735394015,0.06895597326875777,4.925426626872508e-10,4.925426626872508e-10,0.3508523081601733,0.1920916389405705,ME3
0.16665251953338994,0.15284737626125944,0.07768873482634867,0.08694664233220734,5.114508342397441e-10,5.114508342397441e-10,0.35731496689812137,0.15854975912577152,VAC
0.19494494357389067,0.17223192250333463,0.16471613909351426,0.07886409104423749,3.9432045324958517e-10,3.9432045324958517e-10,0.3024924028871529,0.08675050010922918,CYT
0.34685324903869064,0.24499951728603914,0.027911337737965856,0.14332471776484515,3.6749927537780994e-10,3.6749927537780994e-10,0.1560613364868432,0.08084984095061745,ME2
0.33861303917405994,0.23361674806595606,0.03548608861101211,0.14717855141120967,3.504251215732965e-10,3.504251215732965e-10,0.1680120449403618,0.07709352709655036,ME2
0.16526440694884184,0.1536941715928234,0.07334519351211889,0.09359975067430328,4.457130963266199e-10,4.457130963266199e-10,0.33581123740412533,0.1782852389763611,ME3
0.15311918508055292,0.20139321372097935,0.055446866155631526,0.0924730508967734,4.867002653161744e-10,4.867002653161744e-10,0.34669060043794775,0.15087708273471434,ME3
0.13663209066354257,0.18118729760406305,0.17103032434589993,0.0585493813306129,4.503798529248696e-10,4.503798529248696e-10,0.30847935176878366,0.14412155338633814,NUC
0.13875537649887298,0.20745830361946138,0.1082210873251612,0.08549465908662111,4.749703256202822e-10,4.749703256202822e-10,0.3318285841274962,0.12824198839244652,ME3
0.09104045496827409,0.20955001206949048,0.09615427796415396,0.13166725777187985,5.064125279441051e-10,5.064125279441051e-10,0.3399207384414966,0.13166725777187985,ME3
0.17826696479092044,0.1679678147015921,0.16383696067941603,0.08350399951874442,4.1751999550612214e-10,4.1751999550612214e-10,0.3145698600454202,0.09185439942886686,NUC
0.13234948573413943,0.1408076827233595,0.19681541222678867,0.07538626727695488,4.71164167536192e-10,4.71164167536192e-10,0.32271518371513125,0.13192596738129794,NUC
0.1991598344735201,0.18952392697148956,0.14088345088301735,0.05771003604951378,4.122145402664231e-10,4.122145402664231e-10,0.27669195209789577,0.13603079870013418,NUC
0.12052507545069405,0.16597507059106661,0.15144850025356316,0.10726731719650004,4.1256660301512855e-10,4.1256660301512855e-10,0.29388306009457593,0.16090097558846675,NUC
0.07794341146540165,0.14807968274866526,0.18189145050754338,0.11396440210649311,4.95497398308677e-10,4.95497398308677e-10,0.3393817801589748,0.13873927202192698,NUC
0.1607629454366817,0.25101582687396334,0.15728206887808405,0.04894808654352447,3.765237397461595e-10,3.765237397461595e-10,0.29915584839402026,0.08283522312067883,NUC
0.19225232276397983,0.16170802020390548,0.16845737990917,0.09886041682378605,3.8023237093674487e-10,3.8023237093674487e-10,0.2760591190055403,0.10266274053315351,NUC
0.15393551351303197,0.20996568110059474,0.11561401448212458,0.06850130376675403,4.566753554005246e-10,4.566753554005246e-10,0.3378146469173373,0.1141688393068065,NUC
0.2164342983580762,0.18166957913144247,0.20006649848714148,0.10372197554727795,4.9391416692078e-10,4.9391416692078e-10,0.18944653027174763,0.10866111721648576,NUC
0.17490380832282942,0.12269114449321718,0.15200500960606167,0.160111943427998,4.4475539717567395e-10,4.4475539717567395e-10,0.29244190543697934,0.09784618782340367,POX
0.24381580245295248,0.19046676488656594,0.06492402409570865,0.07890765996980689,3.9453829787634296e-10,3.9453829787634296e-10,0.33508732187855556,0.08679842592733374,ME3
0.13097972582754924,0.22475868387236458,0.17611932904562802,0.12785311302644867,3.760385666188532e-10,3.760385666188532e-10,0.2575606624437462,0.08272848503218627,MIT
0.16536200699663095,0.16916343243487855,0.17533544149526495,0.06492890595128144,4.3285937012281386e-10,4.3285937012281386e-10,0.3083381818902062,0.11687203036601912,CYT
0.16379693168486156,0.08107857042631755,0.17857811657601214,0.1081588127916422,4.702557057451587e-10,4.702557057451587e-10,0.3414185265592065,0.12696904102144857,NUC
0.18587812218626076,0.16638228470148234,0.13087937413010328,0.11993785848740184,4.135788209442173e-10,4.135788209442173e-10,0.30593501864628747,0.09098734102130662,CYT
0.23847830374995657,0.2134654931902761,0.1133432287956824,0.043112406121477535,3.31633890691105e-10,3.31633890691105e-10,0.25894701087126376,0.13265355660807587,VAC
0.22213979418483254,0.22332841377139356,0.12512937788588674,0.10226090543800431,3.408696836571154e-10,3.408696836571154e-10,0.25215017729270844,0.07499133074543507,VAC
0.19768785431038877,0.1633415560738675,0.13705331292656003,0.1725586867189431,3.3835036545214266e-10,3.3835036545214266e-10,0.2549215085557181,0.07443708073782174,VAC
0.1951568679145052,0.22686730981557315,0.16489520174846706,0.06315985933750654,3.947491183922339e-10,3.947491183922339e-10,0.24333849803379737,0.10658226236065227,CYT
0.15893497660961114,0.22762411575128205,0.16882170930665977,0.10103723527762133,4.0414893949388957e-10,4.0414893949388957e-10,0.25466919515372316,0.08891276709280464,CYT
0.19654338656164067,0.22021035150522808,0.1423429048489168,0.0583078716395477,4.164847944504493e-10,4.164847944504493e-10,0.29096882941611374,0.09162665519558363,CYT
0.1498118447314341,0.19774941300434734,0.1959972030195122,0.07311784572943109,4.3010497234897715e-10,4.3010497234897715e-10,0.28870059830818545,0.09462309434687993,CYT
0.19291584340048124,0.15884323866863964,0.18553036500291026,0.08375370785960964,4.187685372042056e-10,4.187685372042056e-10,0.2868277656271285,0.09212907860369375,CYT
0.202825491731848,0.14820581919730547,0.195856803965593,0.10315125029198285,4.2979687442577493e-10,4.2979687442577493e-10,0.2296175086846629,0.12034312526901388,CYT
0.1212889502702183,0.1240772019892884,0.21738497089532735,0.09322709779849529,4.906689331990861e-10,4.906689331990861e-10,0.3360746122708648,0.10794716579446786,NUC
0.14409444956185724,0.15174246461324095,0.16710879010549945,0.21122551059377356,3.771884111010449e-10,3.771884111010449e-10,0.2428473335518337,0.08298145081941828,NUC
0.21035550588088658,0.16737098369138972,0.15272223940472227,0.07072619592010716,4.1603644414159247e-10,4.1603644414159247e-10,0.2906555983779709,0.10816947589285049,CYT
0.2780400110685452,0.18962115709318175,0.11390361810442182,0.06373856646272602,3.749327416929016e-10,3.749327416929016e-10,0.27221144297388866,0.08248520354737109,CYT
0.18388720288913102,0.19229481700204396,0.15192031367373754,0.06546384446274571,3.6368802277254277e-10,3.6368802277254277e-10,0.2391373304059079,0.1672964908390577,NUC
0.1266164302000488,0.15307754403240575,0.2009981187565921,0.04609989150310741,5.122210110098489e-10,5.122210110098489e-10,0.329786130888425,0.14342188359497873,NUC
0.16872713221136343,0.13062069393158612,0.16953526763567991,0.15828429081042805,4.058571548835151e-10,4.058571548835151e-10,0.2835440401189978,0.08928857448023048,NUC
0.11344748227295302,0.10383910511395984,0.16816831956867312,0.17005180474189044,5.314118881577455e-10,5.314118881577455e-10,0.3275826713135837,0.11691061592611589,NUC
0.14149748864957643,0.069694591282899,0.23025681316390667,0.04664176508975517,4.664176462333753e-10,4.664176462333753e-10,0.3066855760719246,0.20522376480910276,NUC
0.2578378924829891,0.12031395125438286,0.14778583195033773,0.060388348810893215,4.0258898938869487e-10,4.0258898938869487e-10,0.264716048219813,0.1489579264764061,NUC
0.2454303313511208,0.13784367513185405,0.1680670848204724,0.07281099860207016,4.282999892574716e-10,4.282999892574716e-10,0.28162191117293883,0.09422599806494374,NUC
0.21115056199621896,0.12644171603022825,0.15665168288363557,0.05958565892159827,4.583512189480543e-10,4.583512189480543e-10,0.34533311062469346,0.10083726862692315,NUC
0.11643362392149653,0.1985170979090801,0.17489607619127176,0.08388765394423019,4.934567850045494e-10,4.934567850045494e-10,0.31770505385255016,0.10856049319445764,NUC
0.12133906637384223,0.11873158019998642,0.21990618870447823,0.09390588625634541,4.695294289340799e-10,4.695294289340799e-10,0.29586785979785374,0.150249417728435,NUC
0.0795712409799338,0.029600169260521877,0.13039061792493695,0.04828527590302578,0.32190183752939483,3.2190183720749297e-10,0.22929993915463653,0.1609509189256483,NUC
0.16981421465021376,0.14628883348637806,0.1812407540502814,0.09545346398807032,3.9772276495978156e-10,3.9772276495978156e-10,0.25606808194717107,0.15113465108243976,NUC
0.16363631462689532,0.08658520833274354,0.1716359947587008,0.03013165282722537,5.021942054171861e-10,5.021942054171861e-10,0.3370892616726341,0.21092156677741236,NUC
0.18196196211377655,0.12099424735728503,0.1793707316464028,0.1012163416054472,4.048653648023273e-10,4.048653648023273e-10,0.2828511456777242,0.1336055707896334,NUC
0.1681459392732005,0.16189304770063936,0.1727158028379112,0.07482494322085566,4.401467222394643e-10,4.401467222394643e-10,0.325587986754271,0.09683227933282887,CYT
0.08493183751395073,0.19421194971333697,0.19136540548688044,0.08448219837652496,4.446431470099043e-10,4.446431470099043e-10,0.3471871152331985,0.09782149278682209,CYT
0.1716078578086687,0.16677522274320014,0.16916407502885608,0.10691169555874956,3.8182748277472164e-10,3.8182748277472164e-10,0.2824477273658681,0.10309342073100235,CYT
0.1670038988181598,0.19854735027426426,0.14237896545603562,0.12854786599361565,4.017120799746986e-10,4.017120799746986e-10,0.27514526065835493,0.08837665799614576,CYT
0.2065083973680962,0.14523830544648297,0.13086489435848747,0.17613445397819041,3.829009860767161e-10,3.829009860767161e-10,0.2570157307631624,0.08423821731977853,CYT
0.17216637058358167,0.14530248006091565,0.09213080165176157,0.24899561328555986,3.83070173696138e-10,3.83070173696138e-10,0.2571292950558203,0.08427543859622054,MIT
0.11010929717738208,0.13430218864945692,0.14313136476700677,0.21107105239750487,3.7691259289391474e-10,3.7691259289391474e-10,0.25815931057822405,0.14322678567660022,NUC
0.2907511014575373,0.17846102103739514,0.06551100795655594,0.1256875477827962,3.6966925709743216e-10,3.6966925709743216e-10,0.2582620840952725,0.08132723693110433,ME2
0.21255948741113442,0.16567307622056715,0.18245009655172084,0.08107626190543761,4.504236747500775e-10,4.504236747500775e-10,0.25914786811485174,0.09909320889544071,CYT
0.17161388814693396,0.07228901467212719,0.16490522909694902,0.14824411461633413,4.492245883851804e-10,4.492245883851804e-10,0.326149359139835,0.11679839342937151,CYT
0.1411978953644341,0.11555505928608975,0.10816831185752901,0.07539967635884948,5.026645057078998e-10,5.026645057078998e-10,0.37871983357026023,0.18095922255750843,ME3
0.20121399314965047,0.205839602176447,0.21443092321869076,0.05324013530012842,4.840012256011564e-10,4.840012256011564e-10,0.21879507507082532,0.10648027011625562,CYT
0.12642039232785612,0.18321269480093377,0.18989729794484603,0.0890737015661626,4.688089531439666e-10,4.688089531439666e-10,0.308257942262102,0.1031379701604816,CYT
0.1692997301556343,0.16382996566547167,0.18042034189415393,0.07330220771992002,4.072344850704753e-10,4.072344850704753e-10,0.32355616662761205,0.08959158712273904,CYT
0.19492785848168576,0.1872002469349886,0.11652365411466825,0.16640474128219332,3.5405264027263977e-10,3.5405264027263977e-10,0.2570519172643253,0.07789158121403339,MIT
0.1484234792182437,0.17863001547770738,0.14753934829446275,0.16317851917249268,3.885202828189819e-10,3.885202828189819e-10,0.2767541744513567,0.0854744626086963,MIT
0.08902571446879284,0.13660842369098106,0.11143865794435008,0.21128769506808412,4.4018269714146135e-10,4.4018269714146135e-10,0.3195846983648053,0.13205480958262109,NUC
0.22778313543439155,0.19831449312169472,0.0655190923201747,0.11214684604773299,4.313340216015345e-10,4.313340216015345e-10,0.3013429470296663,0.0948934851836716,ME3
0.17004233959533194,0.14910116482157101,0.1587266830289736,0.103774410847261,4.3239337672861514e-10,4.3239337672861514e-10,0.2843134536238115,0.13404194721826407,CYT
0.15450037906898306,0.16299124039506416,0.15773950884267046,0.090237877828708,4.2970417809049443e-10,4.2970417809049443e-10,0.2884315720246935,0.1460994209804723,CYT
0.2147026243011175,0.18449618617734842,0.1451281031324461,0.09936437473185927,3.8217067057572533e-10,3.8217067057572533e-10,0.2722311629840572,0.08407754790883025,CYT
0.16345042322260908,0.21008172570372288,0.1463679707209624,0.11190067447773307,3.7300224701576944e-10,3.7300224701576944e-10,0.2861387104124966,0.08206049471647152,MIT
0.16511140265729116,0.14223753023142097,0.1615363722950034,0.1546833140928333,3.8670828426531257e-10,3.8670828426531257e-10,0.29135555702495747,0.08507582292507704,MIT
0.22709149668136852,0.1753298045080162,0.18343048533159031,0.05338792573791452,3.8134232397551563e-10,3.8134232397551563e-10,0.2768649753224701,0.08389531165595576,MIT
0.20055375900978054,0.20962428132625655,0.1620876143319155,0.06596474751731309,3.880279242899127e-10,3.880279242899127e-10,0.27640345330686983,0.08536614373180872,MIT
0.14933949499055396,0.10184839137615623,0.2367867657961611,0.09353077278730532,4.922672226054636e-10,4.922672226054636e-10,0.3101957845998196,0.10829878946546923,MIT
0.24444738287152074,0.17548551795857745,0.11112231704983598,0.11832111060790342,3.816810007297497e-10,3.816810007297497e-10,0.2666538502065746,0.08396982054222593,MIT
0.0717546612495577,0.15810133966871398,0.16167505890871106,0.07859895196804309,4.912434467299978e-10,4.912434467299978e-10,0.3431974769738446,0.1866725102486426,NUC
0.24916158130781935,0.13254250575845414,0.17964865419073792,0.062091066394894104,4.435076139384749e-10,4.435076139384749e-10,0.2612442113935681,0.11531198006751109,NUC
0.1674569293360006,0.01835426982233746,0.25603044050252866,0.04258190528522147,5.322738094118457e-10,5.322738094118457e-10,0.37186252491589206,0.14371392907347216,NUC
0.1018575552707766,0.07104484666931535,0.15126257181041872,0.16482404372889228,4.1206010829208043e-10,4.1206010829208043e-10,0.2596543152262477,0.25135666647022914,NUC
0.17153041053472726,0.18424732025297225,0.1690877306433069,0.06869792964796052,3.8165516259058534e-10,3.8165516259058534e-10,0.26140764599164507,0.1450289621660776,NUC
0.12497883111923194,0.14155032632579956,0.16594160339474454,0.0953409941194486,3.9725414050914366e-10,3.9725414050914366e-10,0.27753371499953255,0.19465452924673451,NUC
0.16365153831324175,0.18310867158588057,0.18436692285223993,0.0819280515953601,4.5515583966780146e-10,4.5515583966780146e-10,0.2868105295608937,0.10013428518207215,NUC
0.18802925464833084,0.16029313860977143,0.1588728196641835,0.07437601656409361,4.648501006202719e-10,4.648501006202719e-10,0.29291924195159674,0.12550952763232354,NUC
0.19320837181972347,0.1783670222924771,0.15926716671728994,0.08388070800295705,4.194035379177676e-10,4.194035379177676e-10,0.2930079515674329,0.0922687787613124,NUC
0.09806676518608845,0.06840080028899251,0.1556767576198862,0.059508696302997675,3.9672463937515365e-10,3.9672463937515365e-10,0.2771637895492292,0.34118319025935673,NUC
0.11458155220429046,0.16410185504962257,0.1497392334137114,0.05302834257927506,4.079103243951133e-10,4.079103243951133e-10,0.2738028208923014,0.24474619504497827,NUC
0.1579290421282858,0.19482186424626566,0.14652240248097106,0.1198867229622595,4.134024915477828e-10,4.134024915477828e-10,0.2774893440550648,0.1033506233003482,NUC
0.2002021764696807,0.21411382193290354,0.16403216307248614,0.060743160642774754,4.0495440158546906e-10,4.0495440158546906e-10,0.27181870831848837,0.08908996875375759,NUC
0.1033625436271611,0.1374603021202482,0.1979588964244826,0.12878972924629178,4.5996331709403017e-10,4.5996331709403017e-10,0.2898398989027768,0.14258862875911268,NUC
0.15284613400548286,0.13681485850064418,0.16143163676197567,0.14453512549204972,4.251033090204306e-10,4.251033090204306e-10,0.28534331743881697,0.1190289269508239,NUC
0.243611752733784,0.17397820479104817,0.16570486561585382,0.04090838900700522,4.0908388597921334e-10,4.0908388597921334e-10,0.2857983317096302,0.08999845532451083,NUC
0.13669451196814514,0.18178798877098581,0.1796638837462677,0.10543703365749314,4.0552705096910034e-10,4.0552705096910034e-10,0.2666479243304149,0.12976865671563917,NUC
0.15202207322267242,0.14290736055991982,0.1758941674550918,0.14992663384004892,3.6567471579115664e-10,3.6567471579115664e-10,0.2805175905616305,0.09873217362928702,NUC
0.1455814228347617,0.14108979999919996,0.12948114559694027,0.0988804349347786,3.4096701584072963e-10,3.4096701584072963e-10,0.24288061436450042,0.242086581587885,NUC
0.13284253601885304,0.17666530351805332,0.1496580468574294,0.08670189531185532,3.9409952235343544e-10,3.9409952235343544e-10,0.28072842727599867,0.1734037902296111,NUC
0.15388664097190474,0.18890911780482697,0.12569032295782734,0.07875148868454795,3.42397775400653e-10,3.42397775400653e-10,0.24389978555930122,0.20886264333679605,NUC
0.19085068484563514,0.13829362374277804,0.1343806247191157,0.1875505584262983,3.538689774951497e-10,3.538689774951497e-10,0.256918573055827,0.09200593450260791,CYT
0.1409481438913683,0.2336845363375091,0.15878968103805224,0.06921039915164633,4.325649919942584e-10,4.325649919942584e-10,0.30220294004499204,0.09516429867130183,CYT
0.1853542106918044,0.17638625772046582,0.15539852583481814,0.06521881903393141,3.8364010970759585e-10,3.8364010970759585e-10,0.2680225427820975,0.1496196431696025,NUC
0.24083942432869263,0.1626081355997966,0.1790747821994019,0.04715635962831387,4.2869417454199726e-10,4.2869417454199726e-10,0.27600857855847316,0.09431271882793356,CYT
0.24645177739466814,0.19252596537488342,0.16658892307702097,0.07178468162559917,3.988037845933078e-10,3.988037845933078e-10,0.23491181872088912,0.0877368330093315,CYT
0.17891837329242993,0.14381041670271144,0.15837349683674432,0.14028052466567822,3.791365521257883e-10,3.791365521257883e-10,0.26487622172729,0.11374096601687303,NUC
0.13518694053833782,0.12907504056278246,0.11168608849759488,0.24464329973615812,4.010545890739403e-10,4.010545890739403e-10,0.29117661986569615,0.08823200999732145,MIT
0.22738062075408536,0.0890838238001655,0.21256076885042513,0.05166861798493616,4.305718129530363e-10,4.305718129530363e-10,0.27721746904417044,0.1420886987050738,NUC
0.17052829248200446,0.24790047582257121,0.1466134320666885,0.11183065931251687,3.993952104040059e-10,3.993952104040059e-10,0.23526019282915206,0.0878669466882765,NUC
0.1780671998606864,0.11040042364192462,0.2066863623234429,0.07683869500077306,4.802418407533201e-10,4.802418407533201e-10,0.32235411276671694,0.10565320544597227,NUC
0.1704522856807063,0.16908676754762272,0.18620947813880423,0.08734388358355731,4.5970464802027716e-10,4.5970464802027716e-10,0.2581902822245178,0.12871730190538228,NUC
0.19778200877857835,0.18473491976895293,0.15015975854566035,0.06122643080783483,3.8266519015731027e-10,3.8266519015731027e-10,0.2568574567896268,0.1492394245440162,NUC
0.16691008667255838,0.26616459704730566,0.09954950086487371,0.048060287032411136,4.3691169632272223e-10,4.3691169632272223e-10,0.32319495388111713,0.09612057362791059,ME3
0.09364251052568558,0.1642203629873083,0.16075579837569556,0.11112244574973193,3.9686587626023585e-10,3.9686587626023585e-10,0.271825943040863,0.19843293852698377,NUC
0.12314107246142576,0.15221604779588715,0.20231246843918102,0.12786148022160893,4.56648142017717e-10,4.56648142017717e-10,0.2940063384680549,0.10046259170054588,NUC
0.1819809998568144,0.1489315769783524,0.21673180191108746,0.046275168880099055,4.6275168417347373e-10,4.6275168417347373e-10,0.3042750804672275,0.1018053709809159,NUC
0.20184717370743696,0.17057649718157936,0.18290664368512952,0.08591668851107453,3.905304005479279e-10,3.905304005479279e-10,0.2728363076226444,0.08591668851107453,NUC
0.16634559905671653,0.16071576717407918,0.17178517032043986,0.07813622466388087,4.112432855401978e-10,4.112432855401978e-10,0.2873069533228883,0.13571028463950857,NUC
0.11132437476469623,0.22281565220856137,0.15813330266294295,0.1120020013910766,4.3077692677038337e-10,4.3077692677038337e-10,0.3009537437909077,0.09477092432026125,NUC
0.2000100888887889,0.1488058342611665,0.18948021368953316,0.10114146560397409,4.0456586079763294e-10,4.0456586079763294e-10,0.2715579069673605,0.0890044897800451,NUC
0.142792976907344,0.26696570396768615,0.07211325830586908,0.09202761182470263,4.3822672088798057e-10,4.3822672088798057e-10,0.312161500248843,0.11393894786910168,NUC
0.1631360820193461,0.043067442093980675,0.2252863327694773,0.14050752877195102,4.68358427678642e-10,4.68358427678642e-10,0.3015458374669361,0.12645677594159177,NUC
0.2231469123999085,0.16305480473633785,0.12826191701289924,0.12969845047890424,4.0530765647998935e-10,4.0530765647998935e-10,0.22208638751763055,0.13375152704370413,CYT
0.22663466060510437,0.13560724990551032,0.1445222222099262,0.13320131483329373,3.805751841506244e-10,3.805751841506244e-10,0.2763080107913025,0.08372654089371255,CYT
0.11156121914060632,0.1283915754140611,0.12044610523119806,0.10342654694176985,4.137061861122547e-10,4.137061861122547e-10,0.3003620259472609,0.2358125264976913,NUC
0.18942727121982453,0.11010336444052103,0.20855528389636913,0.16092707728939903,3.8315970691961745e-10,3.8315970691961745e-10,0.2466918664820914,0.08429513590547554,MIT
0.17303511260841112,0.15618788059327443,0.16627089564030836,0.11323621355468381,4.529448524069558e-10,4.529448524069558e-10,0.29162202871495746,0.09964786798247513,MIT
0.1511697526098758,0.17182768810063972,0.12772887330743474,0.1905998629848051,3.7372522080603903e-10,3.7372522080603903e-10,0.27645427329874034,0.0822195489510538,MIT
0.16057800803216368,0.17393236566316758,0.1915457697383909,0.10508413775454696,4.2033654933684166e-10,4.2033654933684166e-10,0.27638567669661596,0.09247404127444171,NUC
0.16192163036514293,0.19000337348883506,0.1555918570427917,0.050862441828941,4.2385367837572777e-10,4.2385367837572777e-10,0.3483728867600682,0.09324780966651378,CYT
0.20644425702800062,0.1783383084256251,0.056852019319886225,0.2000674233235254,4.08300863092295e-10,4.08300863092295e-10,0.26847180079775507,0.08982619028860576,NUC
0.12924601832941643,0.2288374459054714,0.1624069976022731,0.09733219391270401,4.4241906122856795e-10,4.4241906122856795e-10,0.28484514945259287,0.09733219391270401,NUC
0.17051486144621572,0.15505310521026275,0.16008251762825096,0.13911170787417326,4.2155062864431097e-10,4.2155062864431097e-10,0.26563464312892465,0.1096031638690715,NUC
0.17858666824382513,0.10774150027812088,0.22182771147844557,0.15079125609597316,4.07543934293052e-10,4.07543934293052e-10,0.20656336436429623,0.1344894987242511,NUC
0.15627712803171273,0.15487377738877928,0.2365793387708701,0.08258269504922083,4.346457611293425e-10,4.346457611293425e-10,0.2262539582827966,0.1434331016073288,NUC
0.13996552042609642,0.1431831185862051,0.22192376441856984,0.11534195672859786,4.6136782506892013e-10,4.6136782506892013e-10,0.27808471694126485,0.10150092197653024,CYT
0.14425491296151943,0.13703032374749424,0.2205561099002644,0.11463113628679726,4.5852454331309084e-10,4.5852454331309084e-10,0.28265211619947095,0.10087539998740452,CYT
0.194513100850834,0.19435711600684988,0.17836570776093033,0.05636356392783025,4.0259688232309544e-10,4.0259688232309544e-10,0.27575128966499096,0.10064922098337074,CYT
0.16860782831270235,0.18770303532314894,0.20112415550457033,0.1279931780107515,4.4135578472205424e-10,4.4135578472205424e-10,0.26602266520533363,0.04854913676078175,CYT
0.16860782831270235,0.18770303532314894,0.20112415550457033,0.1279931780107515,4.4135578472205424e-10,4.4135578472205424e-10,0.26602266520533363,0.04854913676078175,CYT
0.22675170277073975,0.11598219299369752,0.18392720404520227,0.14530249128046963,4.0361803021347666e-10,4.0361803021347666e-10,0.24327662135420666,0.08475978674844813,CYT
0.22675170277073975,0.11598219299369752,0.18392720404520227,0.14530249128046963,4.0361803021347666e-10,4.0361803021347666e-10,0.24327662135420666,0.08475978674844813,CYT
0.1747337673846743,0.11171914742551811,0.20300358964004087,0.17981196748516765,4.859782891869982e-10,4.859782891869982e-10,0.25297500033674447,0.077756526755898,CYT
0.1747337673846743,0.11171914742551811,0.20300358964004087,0.17981196748516765,4.859782891869982e-10,4.859782891869982e-10,0.25297500033674447,0.077756526755898,CYT
0.19794864279586818,0.13162447124804225,0.20628002552791638,0.08368278899619479,4.4043572924083714e-10,4.4043572924083714e-10,0.283568209677687,0.09689586087341989,CYT
0.26832856692453827,0.1709981560377648,0.1536249257006189,0.03131966258354926,3.9149577740066864e-10,3.9149577740066864e-10,0.28959961655089445,0.08612907141964286,NUC
0.12255172237825815,0.14626383715661703,0.18408613127670398,0.1227049120306629,4.544626354674084e-10,4.544626354674084e-10,0.2925992315088214,0.13179416474001107,NUC
0.20047784493598203,0.16406922489317963,0.16562684411308481,0.059475094276546764,3.965006258669743e-10,3.965006258669743e-10,0.2715757715382638,0.13877521944994162,NUC
0.22019791942235817,0.11752692570743092,0.11864268765630491,0.11502947854520128,4.2603510414505985e-10,4.2603510414505985e-10,0.3093131582299826,0.11928982958665188,NUC
0.19657436026312794,0.15737737395966123,0.1925714701609465,0.09888545011267597,3.803286528167204e-10,3.803286528167204e-10,0.27091904074292394,0.08367230400000714,NUC
0.16499117620380957,0.1459754178240723,0.21099453175723246,0.0754054269616095,3.968706661302044e-10,3.968706661302044e-10,0.31532189951401934,0.08731154694551563,NUC
0.11937841774446327,0.18583896589675114,0.1520317327634026,0.08776908899443929,4.61942571223667e-10,4.61942571223667e-10,0.31639902184801577,0.13858277182904266,NUC
0.1929339544730076,0.20195919958471395,0.17186286322739822,0.07187911538212702,3.993284165711034e-10,3.993284165711034e-10,0.2735126144891252,0.08785225204497116,NUC
0.11303322910864388,0.13276231543549855,0.16035562632444098,0.1639400461986588,3.7259101324106316e-10,3.7259101324106316e-10,0.23988736506204256,0.1900214171255332,NUC
0.16649447063949166,0.09984389004899971,0.2328451695602005,0.06642555290362248,5.109657876358207e-10,5.109657876358207e-10,0.32197844203490755,0.11241247379084635,NUC
0.09707177265895733,0.1117162210389782,0.2323885942362281,0.07019502575351043,5.399617324119131e-10,5.399617324119131e-10,0.3698368035618199,0.1187915816705826,NUC
0.18685944160746937,0.153856512547429,0.1797058229878247,0.10140542886272196,4.0562171382840095e-10,4.0562171382840095e-10,0.28893601573544153,0.08923677744786992,NUC
0.15818619280158758,0.1814375244568418,0.1836100572454349,0.10238960858205473,4.266233673142974e-10,4.266233673142974e-10,0.28051947482506545,0.09385714123576878,NUC
0.12268969296810385,0.18553673684900424,0.16225830045357545,0.15192184578825807,4.747557666046947e-10,4.747557666046947e-10,0.27314715386375815,0.1044462691277886,NUC
0.1746213082069532,0.19695719019601038,0.21185798436085035,0.09962369523793581,3.9849477935776413e-10,3.9849477935776413e-10,0.22927096934405766,0.08766885185720288,NUC
0.15062913802509742,0.17610500202695803,0.126059973078778,0.14172050045598075,3.8302837857554695e-10,3.8302837857554695e-10,0.2675951689769036,0.13789021667022527,NUC
0.09554188586693742,0.2296848893923735,0.23679874940617082,0.07652905066402399,4.251613902159034e-10,4.251613902159034e-10,0.2679099175475114,0.09353550627266012,NUC
0.18113999355873778,0.11682216988333712,0.1863239669471968,0.07710263224216111,3.5046650859861185e-10,3.5046650859861185e-10,0.32646195356561175,0.1121492831020223,NUC
0.13936087618817836,0.17546409155808348,0.19323260711059387,0.06678602014476402,4.770429976265788e-10,4.770429976265788e-10,0.320206944089404,0.10494945995489031,NUC
0.13738532220107283,0.13013296805174202,0.1891705067700184,0.10868705499144671,4.528627272440999e-10,4.528627272440999e-10,0.33499434663342975,0.0996298004465647,NUC
0.1161460808078214,0.1710951919461098,0.17795343802020255,0.08683081011628964,4.134800462038553e-10,4.134800462038553e-10,0.3115260626218641,0.1364484156607523,NUC
0.09731325787073444,0.14932551613067943,0.17662835302862248,0.07698559966046778,4.811599948706737e-10,4.811599948706737e-10,0.3361528736099868,0.16359439873718906,NUC
0.14100501731748188,0.09431502721612318,0.18329279257076495,0.07240065335746813,4.826710191653141e-10,4.826710191653141e-10,0.3834920431071671,0.1254944654656527,NUC
0.11547962989313428,0.0984452784203429,0.14635946751903242,0.17985952331981453,4.2823695926566086e-10,4.2823695926566086e-10,0.2757142070787309,0.18414189291247113,CYT
0.1877410066196108,0.1207214750345255,0.2900649473994711,0.08593174100306256,4.773985584759112e-10,4.773985584759112e-10,0.19619118889215653,0.11934964009637634,CYT
0.1877410066196108,0.1207214750345255,0.2900649473994711,0.08593174100306256,4.773985584759112e-10,4.773985584759112e-10,0.19619118889215653,0.11934964009637634,CYT
0.23807885454286024,0.15883821645252302,0.18075386903874613,0.13818924837357704,4.6063082637648737e-10,4.6063082637648737e-10,0.23347041930898738,0.05066939136204444,CYT
0.23807885454286024,0.15883821645252302,0.18075386903874613,0.13818924837357704,4.6063082637648737e-10,4.6063082637648737e-10,0.23347041930898738,0.05066939136204444,CYT
0.21680520223964017,0.17558314039598788,0.13739000568043866,0.04823915781086947,4.019929784073041e-10,4.019929784073041e-10,0.2973646693608206,0.12461782370825726,CYT
0.21680520223964017,0.17558314039598788,0.13739000568043866,0.04823915781086947,4.019929784073041e-10,4.019929784073041e-10,0.2973646693608206,0.12461782370825726,CYT
0.2198541461129815,0.17992661160261453,0.18823967655098348,0.06652786488670899,3.913403793845213e-10,3.913403793845213e-10,0.2358763934450244,0.10957530661900634,CYT
0.21335480208439223,0.15278165723262063,0.1682532174202509,0.07215659431627426,3.797715470342248e-10,3.797715470342248e-10,0.2757245482265375,0.11772917996038125,CYT
0.21335480208439223,0.15278165723262063,0.1682532174202509,0.07215659431627426,3.797715470342248e-10,3.797715470342248e-10,0.2757245482265375,0.11772917996038125,CYT
0.1660950140461811,0.2214021659096105,0.1757791115018507,0.08063157977654747,4.479532184921903e-10,4.479532184921903e-10,0.30681727338780956,0.04927485448209415,CYT
0.13225024255717568,0.23269962183380777,0.18474856650437066,0.08474595559975344,4.708108618274589e-10,4.708108618274589e-10,0.2902258742000663,0.07532973836320427,CYT
0.11992836074851851,0.14627866803763576,0.22344977402956237,0.19705152170433649,4.105240026954427e-10,4.105240026954427e-10,0.20245019352060534,0.11084148113829355,CYT
0.2676432826708338,0.10772301733995925,0.2076054349544932,0.14838845623838165,3.904959364418045e-10,3.904959364418045e-10,0.21397037652299153,0.05466943149234857,CYT
0.2676432826708338,0.10772301733995925,0.2076054349544932,0.14838845623838165,3.904959364418045e-10,3.904959364418045e-10,0.21397037652299153,0.05466943149234857,CYT
0.1503908712863293,0.10722748654034486,0.2207694146213849,0.18251983006539427,4.055996214662103e-10,4.055996214662103e-10,0.2944764379084646,0.04461595876688275,CYT
0.2234052901168343,0.1556024130050726,0.18206959552495874,0.11422189640903938,4.2304405920739e-10,4.2304405920739e-10,0.2781659571621498,0.04653484693585696,CYT
0.22972759318531488,0.2304892894478882,0.11944940112443973,0.10222877918568424,3.9318761074037164e-10,3.9318761074037164e-10,0.23160366151422837,0.08650127475606936,CYT
0.22972759318531488,0.2304892894478882,0.11944940112443973,0.10222877918568424,3.9318761074037164e-10,3.9318761074037164e-10,0.23160366151422837,0.08650127475606936,CYT
0.16815945952240746,0.10751574655871031,0.2723278586045601,0.056123219927204274,4.676934954959232e-10,4.676934954959232e-10,0.2883042100199749,0.10756950443175582,CYT
0.1703421420385797,0.1089112835144867,0.27586263004906275,0.05685169022102128,4.737640812271434e-10,4.737640812271434e-10,0.27906651407331423,0.10896573915600706,CYT
0.2160911688140288,0.1458047286138746,0.15021042477032473,0.106390418215319,4.091939146389426e-10,4.091939146389426e-10,0.29148059713830365,0.09002266162976129,CYT
0.14865317240981188,0.16896720739757604,0.19848299797130362,0.10780107849703528,4.900049000319563e-10,4.900049000319563e-10,0.32219500325074324,0.05390053949352009,CYT
0.14089108137153825,0.1590399522812581,0.21893157971801538,0.1253930624682319,4.323898690891105e-10,4.323898690891105e-10,0.26061855166418246,0.09512577163199418,CYT
0.14089108137153825,0.1590399522812581,0.21893157971801538,0.1253930624682319,4.323898690891105e-10,4.323898690891105e-10,0.26061855166418246,0.09512577163199418,CYT
0.12574759851249792,0.1174524046397243,0.2710113344818891,0.1946354130832135,4.865885314915624e-10,4.865885314915624e-10,0.2132990827842597,0.07785416552523851,CYT
0.12574759851249792,0.1174524046397243,0.2710113344818891,0.1946354130832135,4.865885314915624e-10,4.865885314915624e-10,0.2132990827842597,0.07785416552523851,CYT
0.1571087383690251,0.04520262223422347,0.3208051053441291,0.34519735556207093,4.369586773735598e-10,4.369586773735598e-10,0.13168617717967532,4.369586773735598e-10,CYT
0.11476487235542589,0.039134382041508674,0.425586400498741,0.34046912048411015,4.2558640007315473e-10,4.2558640007315473e-10,0.07578935934272353,0.004255864426317947,CYT
0.11476487235542589,0.039134382041508674,0.425586400498741,0.34046912048411015,4.2558640007315473e-10,4.2558640007315473e-10,0.07578935934272353,0.004255864426317947,CYT
0.21045169452605042,0.10525272508213596,0.13698599765114428,0.17065294081772595,4.162266839060958e-10,4.162266839060958e-10,0.2850867702149224,0.09156987087556775,CYT
0.21334683891696174,0.10670066703069536,0.138870488263711,0.14768342306905335,4.219526361345735e-10,4.219526361345735e-10,0.30056900150411453,0.0928295803715588,CYT
0.1848525689876065,0.1363293873863997,0.16466407827448998,0.1836488778432018,3.826018280429166e-10,3.826018280429166e-10,0.24633268419105492,0.08417240255204347,CYT
0.11761373096711705,0.13034395275830402,0.1932314195310663,0.08723018391328413,4.361509173856661e-10,4.361509173856661e-10,0.2927588353936527,0.178821876564274,CYT
0.1839650321189417,0.16784880380805212,0.207251744989376,0.07080167749852076,4.425104816000643e-10,4.425104816000643e-10,0.27278043430556376,0.09735230639452462,CYT
0.179683145626153,0.20865349429209154,0.1477176185988352,0.043221081303186096,4.322108087097529e-10,4.322108087097529e-10,0.32563828096695613,0.09508637834835644,CYT
0.2126690442310046,0.18591318959779782,0.13504117228518833,0.06538606456462678,3.4413718010784e-10,3.4413718010784e-10,0.3252803486652462,0.07571017996786197,CYT
0.21698764348239574,0.1569139737480009,0.14330087509729839,0.07658167369966849,3.3296379724654216e-10,3.3296379724654216e-10,0.3329637975795059,0.07325203572720307,CYT
0.2343758080938549,0.1817563970456112,0.11072797484657985,0.06728853869260297,3.364426917808014e-10,3.364426917808014e-10,0.3318338881202468,0.074017392528219,CYT
0.22377351476147256,0.23575109865456512,0.13169365182871728,0.062422791123166205,2.972513848853087e-10,2.972513848853087e-10,0.2809636380655568,0.0653953049720193,CYT
0.13836503541926026,0.1643758150841336,0.14079447458052885,0.14300695917483763,3.9724155215998917e-10,3.9724155215998917e-10,0.31017491098791794,0.10328280395883874,MIT
0.14829674725949255,0.22526022786580235,0.16200580594501202,0.10798699515858104,3.999518324393674e-10,3.999518324393674e-10,0.2684608194345956,0.08798940353661265,NUC
0.1892229065551544,0.206477715624525,0.14685400829354897,0.07110576356355745,3.7424085889114004e-10,3.7424085889114004e-10,0.26658252999532683,0.11975707521940566,NUC
0.15357631564347363,0.18765535111867807,0.12015024702593094,0.18983739008075948,3.7967477940216947e-10,3.7967477940216947e-10,0.2652522435236562,0.08352845184815205,MIT
0.18919527778986986,0.11059691135453381,0.14615591814168957,0.10584124418697602,4.810965622994521e-10,4.810965622994521e-10,0.27020491903284355,0.17800572853189384,CYT
0.1945193367806353,0.14560320425653314,0.2137971098498053,0.09289484446852239,4.222492911194232e-10,4.222492911194232e-10,0.26029065933148277,0.09289484446852239,CYT
0.1945193367806353,0.14560320425653314,0.2137971098498053,0.09289484446852239,4.222492911194232e-10,4.222492911194232e-10,0.26029065933148277,0.09289484446852239,CYT
0.12051167042725065,0.18198779323085654,0.21334706171917392,0.10725538673643446,5.107399344080692e-10,5.107399344080692e-10,0.27985749881653127,0.09704058804827309,CYT
0.12051167042725065,0.18198779323085654,0.21334706171917392,0.10725538673643446,5.107399344080692e-10,5.107399344080692e-10,0.27985749881653127,0.09704058804827309,CYT
0.17188850696852292,0.13306808315195578,0.16224440328223144,0.13644230953568193,4.134615427946072e-10,4.134615427946072e-10,0.28885669469462544,0.10750000154005941,CYT
0.17576857932065318,0.1335725756567209,0.18670246560140408,0.09832996542829787,4.469543862788341e-10,4.469543862788341e-10,0.2938878160823521,0.11173859701666292,CYT
0.17576857932065318,0.1335725756567209,0.18670246560140408,0.09832996542829787,4.469543862788341e-10,4.469543862788341e-10,0.2938878160823521,0.11173859701666292,CYT
0.14890720926258974,0.18181365956504017,0.23269411566305634,0.05557601353143998,4.2750779310717073e-10,4.2750779310717073e-10,0.286957286211773,0.09405171491108534,CYT
0.14610783722100576,0.1750894902446782,0.17871128580549964,0.1523278565611691,3.7153135656009205e-10,3.7153135656009205e-10,0.2697419441754338,0.07802158524915068,CYT
0.14610783722100576,0.1750894902446782,0.17871128580549964,0.1523278565611691,3.7153135656009205e-10,3.7153135656009205e-10,0.2697419441754338,0.07802158524915068,CYT
0.1305019384377321,0.2479322537687032,0.18902721986573337,0.07881384941365319,4.1480973157286033e-10,4.1480973157286033e-10,0.2500223043765337,0.10370243330802482,CYT
0.1312477307109617,0.24934913662392091,0.19010747232553268,0.07926425467674612,4.171802855766623e-10,4.171802855766623e-10,0.245736333017132,0.10429507181134587,CYT
0.12583878436618812,0.17641001129258596,0.16277037309266149,0.18251284410133092,4.148019174693841e-10,4.148019174693841e-10,0.3068397749811956,0.04562821133643417,CYT
0.12583878436618812,0.17641001129258596,0.16277037309266149,0.18251284410133092,4.148019174693841e-10,4.148019174693841e-10,0.3068397749811956,0.04562821133643417,CYT
0.18270557773014612,0.18223306330603325,0.19039540107952654,0.06910838502918151,4.0651990954506826e-10,4.0651990954506826e-10,0.26173199696293364,0.11382557507913904,CYT
0.21976896640409493,0.17105955290502567,0.17761735130027376,0.09354513855274128,4.252051733069824e-10,4.252051733069824e-10,0.2912364204984807,0.04677256948897323,CYT
0.1990083452205402,0.1931430830700423,0.2356966736292747,0.10445386756614887,4.541472483130506e-10,4.541472483130506e-10,0.21774183183711665,0.04995619776858281,CYT
0.11364552706537806,0.13950968142421652,0.18777885378345527,0.09440155120606451,3.3714839596041465e-10,3.3714839596041465e-10,0.272489799812004,0.1921745860345847,CYT
0.1724654000332972,0.18483155622185007,0.18041814450260957,0.13156646239778205,3.6546239453422123e-10,3.6546239453422123e-10,0.2503167089505454,0.08040172716299107,CYT
0.1724654000332972,0.18483155622185007,0.18041814450260957,0.13156646239778205,3.6546239453422123e-10,3.6546239453422123e-10,0.2503167089505454,0.08040172716299107,CYT
0.12025650883333763,0.08043682501024033,0.21363972739837953,0.17700833030772767,4.116472788280939e-10,4.116472788280939e-10,0.24811616847241616,0.16054243915460392,CYT
0.12025650883333763,0.08043682501024033,0.21363972739837953,0.17700833030772767,4.116472788280939e-10,4.116472788280939e-10,0.24811616847241616,0.16054243915460392,CYT
0.20399859142621618,0.18739349851129145,0.1453970845148431,0.05187392781040304,3.705280531419642e-10,3.705280531419642e-10,0.23348343111751912,0.17785346587867085,NUC
0.16481099858211484,0.1359675461878162,0.1856731502414753,0.137218447608391,4.731670590869791e-10,4.731670590869791e-10,0.27223310296156594,0.10409675347230245,NUC
0.15025524812751515,0.16908033088304578,0.20877237623311115,0.03566057922889445,4.4575723478921516e-10,4.4575723478921516e-10,0.3114194384491815,0.1248120261867375,NUC
0.18172635866784856,0.13208966735123323,0.19934207160871725,0.09789312024715838,4.256222600936353e-10,4.256222600936353e-10,0.2740307706228942,0.1149180106509038,CYT
0.13584611858221682,0.12827909343510457,0.17658672654725976,0.17670445103131466,4.6501171201658666e-10,4.6501171201658666e-10,0.28028103236542007,0.10230257710866077,CYT
0.24305572847437265,0.1999956307345136,0.11310050571378075,0.03762080010915743,4.70259995486218e-10,4.70259995486218e-10,0.30277013455042767,0.10345719947722794,ME3
0.19252787391717355,0.1329438165184849,0.15725140595830814,0.11994486561189632,4.2837451851257785e-10,4.2837451851257785e-10,0.28167091671061745,0.11566112042677054,CYT
0.11258629526258164,0.060091036355276344,0.18749924542534893,0.12198480335248119,4.3566001041721844e-10,4.3566001041721844e-10,0.3043652131928948,0.21347340554009703,CYT
0.24560871926681493,0.2779031432996239,0.09642521085310307,0.08942390208912139,3.311996361404509e-10,3.311996361404509e-10,0.21777510354683854,0.07286392028209883,ME1
0.2216540184029458,0.19368187580673793,0.16647432616022098,0.057537689248063704,4.109834916934301e-10,4.109834916934301e-10,0.27023572097652654,0.0904163685835381,CYT
0.15548456387195292,0.14274518613609619,0.1212688760872682,0.08160946228291693,3.5482374751344863e-10,3.5482374751344863e-10,0.25761176224814947,0.24128014866396882,CYT
0.10868265635378178,0.34545558551477806,0.074338543989487,0.1416367902648778,3.4545558516932247e-10,3.4545558516932247e-10,0.2366134148449915,0.09327300834117266,MIT
0.22079517687214362,0.14556126490154245,0.17135693202189717,0.06113573151192444,4.36683793394576e-10,4.36683793394576e-10,0.3050804588356341,0.09607043498349051,CYT
0.15954957191858585,0.1923633384527133,0.07703388037487227,0.0912851481504028,5.071397091292394e-10,5.071397091292394e-10,0.36819732357357376,0.11157073651557238,ME3
0.1699416462562396,0.17384835075939686,0.12140937628223794,0.18075988273833618,3.68897719121303e-10,3.68897719121303e-10,0.2728832446504095,0.08115749857558438,MIT
0.16354730826031144,0.17208721694578433,0.1789852277349578,0.07485793960638693,4.15877439947275e-10,4.15877439947275e-10,0.31902926941652676,0.09149303720427793,NUC
0.1738126638444767,0.20546743500054532,0.1218399883729552,0.19250718142988676,3.437628233680785e-10,3.437628233680785e-10,0.23074490917987026,0.0756278214847401,MIT
0.17103097491197725,0.1582996051589726,0.1559794244091231,0.20658098462192026,3.624227794026272e-10,3.624227794026272e-10,0.22837599834216044,0.07973301183100076,MIT
0.17326444268353863,0.21022381851227087,0.08624968301138196,0.20082557723010752,3.586171015562329e-10,3.586171015562329e-10,0.2505407151444784,0.07889576270098833,MIT
0.14813520091902863,0.18942575969380485,0.12052913330546082,0.19043603041021867,3.662231346999914e-10,3.662231346999914e-10,0.2709047849388195,0.08056909000022125,MIT
0.17451301460418703,0.14792055530355078,0.16851708825871126,0.07100186677646043,4.4376166457936734e-10,4.4376166457936734e-10,0.34041990751834483,0.09762756665122246,CYT
0.2095142510926184,0.1662156222215568,0.13487716720423107,0.06849833296028905,3.8054629210968203e-10,3.8054629210968203e-10,0.27628703437798663,0.14460759138222545,CYT
0.2873331392630435,0.2105235194934006,0.12248275473872178,0.06220374204095234,3.455763427520889e-10,3.455763427520889e-10,0.2414300480216932,0.0760267957510359,ME1
0.20421242236669485,0.18516753348543946,0.12025973221372144,0.08261320747612495,4.1306603531529464e-10,4.1306603531529464e-10,0.3168725754494564,0.09087452818243084,ME2
0.20355984989147555,0.1369995966497003,0.21122216267757252,0.04290827399812393,4.767585946818371e-10,4.767585946818371e-10,0.3004232245228477,0.10488689130676275,CYT
0.14362762742860066,0.14692941195630552,0.19177284696584415,0.05681270624681418,4.734392147781247e-10,4.734392147781247e-10,0.3567007787309304,0.10415662772462665,CYT
0.1997040689821604,0.1950088322601021,0.15851079591812728,0.052513092982354376,4.039468659877501e-10,4.039468659877501e-10,0.29327649214847773,0.10098671690088439,CYT
0.16653900050170747,0.15089691379485304,0.19834102293979117,0.07199243102872796,4.2348488591319454e-10,4.2348488591319454e-10,0.31906395556356293,0.09316667532438769,CYT
0.1171382953721076,0.17193162073144191,0.17786711970537175,0.08612211206533824,4.5327427164244194e-10,4.5327427164244194e-10,0.3290895401388828,0.11785131108030919,CYT
0.22027345803476484,0.20615958033952772,0.1319979651893393,0.05839590003234623,4.171135686802333e-10,4.171135686802333e-10,0.2914081100430299,0.09176498552676488,CYT
0.12663944100998487,0.1258492441715378,0.09375440722555287,0.05796468145977174,0.32202600664283565,3.2202600632080965e-10,0.20292049745568685,0.07084572171260413,ME2
0.14129141626014774,0.25403911175962274,0.1398822958869769,0.08002232046530637,3.8105866706784625e-10,3.8105866706784625e-10,0.28187901437645174,0.10288584048937717,CYT
0.23155426419500041,0.1895018806657453,0.06376698335488543,0.10075183343510052,4.579628771688075e-10,4.579628771688075e-10,0.31367320399824195,0.10075183343510052,ME2
0.16353367788817255,0.20075168722817083,0.15966959099594924,0.043663492351756955,4.851499096289672e-10,4.851499096289672e-10,0.3256485699621278,0.10673298060352268,CYT
0.15080844664922866,0.17765035400900533,0.1647496954196326,0.12201774327565992,4.067258095631137e-10,4.067258095631137e-10,0.2952940813224111,0.08947967851061082,CYT
0.18853070422973967,0.17043861049052836,0.17287993635139232,0.05853220727992769,3.9021471259808655e-10,3.9021471259808655e-10,0.2886519795723609,0.12096656129562154,CYT
0.1992909378046052,0.19367872175247988,0.0617423509739913,0.11972403106315294,4.434223356286318e-10,4.434223356286318e-10,0.3280110432372047,0.09755291428172132,ME3
0.18047724674219356,0.1318758208136951,0.17427640102902525,0.09178557142584584,4.5892785483458993e-10,4.5892785483458993e-10,0.3206208305488468,0.10096412852253764,CYT
0.1976744499244228,0.27115687982867537,0.07085798777257687,0.10395879044526903,3.998415001747212e-10,3.998415001747212e-10,0.26838676079109264,0.08796513043828016,ME3
0.22210413619078476,0.16380254268960287,0.08146651595011505,0.08734374313906616,4.597039088387487e-10,4.597039088387487e-10,0.32116300526485714,0.12412005584616607,ME3
0.24069430371133974,0.24166773746250575,0.08034427792132412,0.04760398483003974,3.966998702778323e-10,3.966998702778323e-10,0.28258072990967625,0.1071089653717146,ME3
0.14997372301152462,0.13807925535969062,0.19711736153984485,0.07563674785934528,4.449220436142543e-10,4.449220436142543e-10,0.3413100612996925,0.09788285004005799,CYT
0.14036203843399447,0.2974338428489623,0.09600712679136209,0.0624611073507412,4.461507636042174e-10,4.461507636042174e-10,0.3055827152435599,0.09815316843907859,ME2
0.1390751352398509,0.15868829527064124,0.15065344490129562,0.07140973313362424,4.760648843837291e-10,4.760648843837291e-10,0.33259327586743725,0.1475801146350209,ME2
0.20933223902571055,0.1873764151456202,0.1768724931610234,0.06986463503342706,3.8813685914050117e-10,3.8813685914050117e-10,0.2711641074588979,0.0853901093990471,CYT
0.16117785929424153,0.169339397350087,0.14231955353097164,0.09304754271861072,3.8769809304546936e-10,3.8769809304546936e-10,0.2867903705857165,0.14732527574497645,CYT
0.13674417727976942,0.08493183112704189,0.23108034991342688,0.08693022714333346,4.346511335434116e-10,4.346511335434116e-10,0.2560273804670716,0.20428603320005456,CYT
0.15861170103360966,0.17577944257813838,0.1637983705693545,0.09803084314970867,3.921233710303412e-10,3.921233710303412e-10,0.29006386389401956,0.1137157779909223,MIT
0.2578729010076745,0.2757919688173774,0.08363311791888327,0.12518557212265247,3.477376993747632e-10,3.477376993747632e-10,0.1810141452277514,0.0765022942101856,ME1
0.14110741443071448,0.14787202553676262,0.06979131782013832,0.027567570724269973,0.3063063382836801,3.0630633797737376e-10,0.2307787480974783,0.07657658480064977,ME3
0.20526843228058037,0.1016067326278188,0.08951681767640235,0.13554338112867773,5.893190458232986e-10,5.893190458232986e-10,0.31484168260450596,0.1532229525033767,ME3
0.13577551165599555,0.09259785863075706,0.10622380929759782,0.09398682650518342,3.356672363197006e-10,3.356672363197006e-10,0.2391054289469608,0.3323105642921708,NUC
0.17613687527284147,0.18018599883259231,0.1394391822235295,0.12286737177116283,4.2368059085338706e-10,4.2368059085338706e-10,0.2669768110984176,0.1143937599540951,NUC
0.10166951740554973,0.10948078700628912,0.20496466285338133,0.05714897104492631,4.762414214057074e-10,4.762414214057074e-10,0.3457643201269605,0.18097174061041027,CYT
0.18078045077964014,0.17520283252908486,0.1661469899413441,0.07621323238937677,4.234068442553885e-10,4.234068442553885e-10,0.29580478202648647,0.10585171148725397,NUC
0.1790218383485834,0.1959143026111473,0.16885074187235033,0.12598141472438912,3.705335716289869e-10,3.705335716289869e-10,0.24871431557355209,0.08151738612891067,NUC
0.22604893348331573,0.2547619481742951,0.13812215472617384,0.08183737681421105,3.4098906863842496e-10,3.4098906863842496e-10,0.22421199067858352,0.07501759544144256,VAC
0.27436258460775614,0.21239874528810845,0.0542999507250144,0.10229275303570551,3.2997662163138346e-10,3.2997662163138346e-10,0.2576529788640705,0.09899298681939167,ME1
0.20655366061764943,0.21599762107165568,0.12410650342024895,0.06127758627055977,4.085172390802836e-10,4.085172390802836e-10,0.3021908347966722,0.08987379300617962,MIT
0.15037871806513078,0.18374819724676747,0.15059022118424942,0.16357862772932583,3.7176960763080963e-10,3.7176960763080963e-10,0.26991492098043957,0.08178931405054772,MIT
0.19904726116739851,0.17453405171596892,0.1388171678013375,0.0885760314535861,4.217906239609309e-10,4.217906239609309e-10,0.30623154932493224,0.09279393769319541,CYT
0.2631420468215457,0.20075282599576313,0.06531974888723813,0.07541918692304528,3.9694308697948525e-10,3.9694308697948525e-10,0.2881915566971173,0.10717463388140412,ME2
0.12436417839394984,0.12311915325231229,0.20789993701816684,0.249931880734437,3.570455433962736e-10,3.570455433962736e-10,0.20542346368092895,0.08926138620611394,CYT
0.1774319854766821,0.15630103706698048,0.17768153819825455,0.07895723378057501,4.3865129634402065e-10,4.3865129634402065e-10,0.2824193282217878,0.12720887637841727,NUC
0.145632002963773,0.18494052207354847,0.18103882330505458,0.10279610705106303,4.4693959393097144e-10,4.4693959393097144e-10,0.26938824884368945,0.11620429486899218,NUC
0.15781465922001317,0.24691218464514492,0.15687458679227279,0.07022752358217807,4.13103077465147e-10,4.13103077465147e-10,0.27728836747874963,0.0908826774554354,NUC
0.15612006639049367,0.1494052248445892,0.19290294840302707,0.13894685913684307,4.4821567318912064e-10,4.4821567318912064e-10,0.26401745177879354,0.09860744854982222,NUC
0.14806167418820831,0.12473620427911566,0.1569916783414856,0.18991087081244665,3.875732049487213e-10,3.875732049487213e-10,0.26015187768192033,0.1201476939216768,NUC
0.15915070933998754,0.07877871619992721,0.16194510725014355,0.10052164174499816,4.5691655130946185e-10,4.5691655130946185e-10,0.3442521966489768,0.1553516279021336,NUC
0.15831959409787505,0.1664579895597979,0.12881559105130996,0.08610826830175561,3.914012177743382e-10,3.914012177743382e-10,0.2841680078166056,0.1761305483898534,NUC
0.10372088087055963,0.13986603617922805,0.18058652760291777,0.09650756509374277,4.1959810727888984e-10,4.1959810727888984e-10,0.29889180286483463,0.18042718654952072,NUC
0.19568782656553224,0.18684063748926266,0.17636675005676838,0.058054055486650234,3.8702703399748805e-10,3.8702703399748805e-10,0.2862939707413332,0.09675675888639905,CYT
0.13837347509926406,0.18510969729818494,0.16788057436217216,0.05683956620448684,4.73663047756865e-10,4.73663047756865e-10,0.30496114081027464,0.1468355452782912,NUC
0.10754636477707673,0.24623231679729968,0.155776922375049,0.05925292594137589,4.5579173450449354e-10,4.5579173450449354e-10,0.33091728715083496,0.1002741820467803,NUC
0.14830296111098124,0.16295016709835214,0.06187981059372455,0.17109767542882723,4.88850499828505e-10,4.88850499828505e-10,0.34822227433929237,0.10754711045112159,ME3
0.1645714811229848,0.20683581541228574,0.18540331412355482,0.10462044172348728,4.18481765220022e-10,4.18481765220022e-10,0.24650295801383712,0.0920659887668866,NUC
0.1401925172461243,0.16731788928990454,0.1579384054612556,0.05891979981019814,3.4658705566830047e-10,3.4658705566830047e-10,0.24688393041167778,0.22874745708766536,NUC
0.10930567690974345,0.18062980536532197,0.1468229612123652,0.0486410264324956,3.741617389102605e-10,3.741617389102605e-10,0.21527113782938007,0.29932939150237015,CYT
0.17754381056538798,0.18162527746455856,0.09715145965666205,0.09932308050948405,4.5146854571825227e-10,4.5146854571825227e-10,0.24119552487628823,0.20316084602468207,ME3
0.25231649231583486,0.20948615659399564,0.13182853989408336,0.10739906365527131,3.254517070600594e-10,3.254517070600594e-10,0.2273703710112466,0.07159937587866477,ME2
0.17249982761292199,0.22380970053134577,0.07109826198709637,0.13854681283695947,3.744508444932666e-10,3.744508444932666e-10,0.2667321087806133,0.1273132875021615,ME3
0.04584841002312376,0.017588398987056483,0.30345553372704265,0.18362288060986967,5.100635558327947e-10,5.100635558327947e-10,0.3423714283978298,0.10711334723495045,NUC
0.24880191932535897,0.08644126567260539,0.16923522015716638,0.06266991772753377,4.177994487315622e-10,4.177994487315622e-10,0.3033338467571528,0.12951782952458374,CYT
0.15448830750372908,0.16348940981579907,0.09002264992175307,0.15645936521410686,4.741192870908714e-10,4.741192870908714e-10,0.3312340229622623,0.10430624363411099,ME3
0.14545852162895723,0.1777361947714219,0.13655916062302645,0.07192115809834068,3.5960578869367447e-10,3.5960578869367447e-10,0.25615754847016836,0.21216741568887368,NUC
0.13919794708992017,0.30443688892696563,0.12437284932226182,0.05126324423263916,4.2719369837871224e-10,4.2719369837871224e-10,0.2867464555033155,0.09398261407051038,NUC
0.15076943625803227,0.17507802191497462,0.16985417497896527,0.06527909125573832,3.6266161607264835e-10,3.6266161607264835e-10,0.18878275941417716,0.2502365154527889,NUC
0.23030449533777814,0.1946251383080037,0.07332479422386724,0.05792658753042884,4.4558913142184397e-10,4.4558913142184397e-10,0.32350991777925664,0.12030906592948701,MIT
0.08292414460470744,0.1696608929157591,0.08563579910226048,0.07995269611174367,6.150207345901765e-10,6.150207345901765e-10,0.4465219038106283,0.13530456222485956,MIT
0.19477698397148374,0.17145164619051165,0.15309230129436163,0.10481719574666408,4.0314305901354235e-10,4.0314305901354235e-10,0.28717039860457044,0.08869147338612238,CYT
0.1938636339409299,0.2064149740466094,0.1560023818114697,0.12676307831508865,3.521196610082472e-10,3.521196610082472e-10,0.22188362235731648,0.09507230882434642,CYT
0.11023599734232573,0.1973477763667882,0.023285610681763547,0.12263754697435376,6.131877318058301e-10,6.131877318058301e-10,0.41159176579792295,0.13490130161047037,ME3
0.10826317016484058,0.17403882321301886,0.008711955555710136,0.1238839989036066,6.882444345297899e-10,6.882444345297899e-10,0.43368827450153663,0.15141377628479818,ME3
0.13608171942130287,0.15909718256718466,0.16425777154465313,0.12543818497182505,4.325454639285503e-10,4.325454639285503e-10,0.31996513813311683,0.09516000249682652,CYT
0.09526349052985707,0.1506098860578894,0.16586152005004187,0.09249218899838149,3.8538411922082245e-10,3.8538411922082245e-10,0.2375655533297267,0.25820736026333513,NUC
0.15244736295592198,0.16195005000420037,0.1122944792768378,0.09393102922160859,5.218390483320531e-10,5.218390483320531e-10,0.36457248634286243,0.11480459115489072,ME3
0.16933535796587293,0.18405488257570335,0.1550007984310982,0.08477351381685276,4.709639630327156e-10,4.709639630327156e-10,0.3032233739303835,0.10361207233816139,CYT
0.23688415391636175,0.1321798728876512,0.1746782116422078,0.2299929785408551,3.833216302625558e-10,3.833216302625558e-10,0.09976864387631561,0.12649613836996507,NUC
0.21212982195569374,0.13316299967893735,0.22268749143903777,0.09439777100842353,4.290807753606489e-10,4.290807753606489e-10,0.2174792975296836,0.12014261753006249,NUC
0.1094345453346597,0.1679254227769074,0.21855426127122157,0.07968824631403042,4.427124770628775e-10,4.427124770628775e-10,0.3092922789386953,0.11510524447906062,NUC
0.1838670668162771,0.17398685376508705,0.1708916377628595,0.04500146491225978,4.091042227559596e-10,4.091042227559596e-10,0.3362500465098929,0.09000292941541534,NUC
0.19546231271057207,0.21855622932090527,0.1843571533714316,0.0687754605252578,4.045615301217428e-10,4.045615301217428e-10,0.24384530623136536,0.08900353703134493,NUC
0.15792664133009335,0.2090739442368532,0.08895867789178889,0.11575093840292837,4.1339620710547197e-10,4.1339620710547197e-10,0.3001369726954512,0.1281528246160925,ME3
0.2040118395937262,0.20870176693122186,0.15670644765473332,0.028886222187615777,4.126603110707923e-10,4.126603110707923e-10,0.3109084539591477,0.09078526884823462,CYT
0.1828407404957226,0.14789523683791486,0.17724302575559964,0.15137512475460846,3.784378109404266e-10,3.784378109404266e-10,0.2384676620669258,0.10217820933235301,MIT
0.12355322330306143,0.09605908083602945,0.18930230544444662,0.11875935825596882,4.398494733930346e-10,4.398494733930346e-10,0.28319075728194015,0.18913527399885435,NUC
0.18493840394607658,0.15135188929184995,0.1428674253615264,0.10816254673169254,4.702719402670461e-10,4.702719402670461e-10,0.3092199063992885,0.10345982732902206,NUC
0.1374461842597007,0.12606043220971358,0.2082390681220761,0.09701804811704061,4.218175986748826e-10,4.218175986748826e-10,0.30047281043680246,0.13076345601103123,NUC
0.22194889594055625,0.18828633568174155,0.2256491862631166,0.08672247134153321,4.817915047763429e-10,4.817915047763429e-10,0.22439604380227998,0.05299706600718922,CYT
0.22194889594055625,0.18828633568174155,0.2256491862631166,0.08672247134153321,4.817915047763429e-10,4.817915047763429e-10,0.22439604380227998,0.05299706600718922,CYT
0.18632691162724413,0.15639818583735027,0.16147122824391497,0.08078943807716751,4.2520756658926287e-10,4.2520756658926287e-10,0.3087123432913847,0.10630189207252329,CYT
0.19228271803283248,0.1795984008258227,0.14127541483387313,0.06696454682694115,3.720252580828661e-10,3.720252580828661e-10,0.2599080573888221,0.1599708613476577,NUC
0.16713326728581537,0.15543219217824047,0.1426434675424346,0.12621094013347292,4.507533560097127e-10,4.507533560097127e-10,0.2778616582649598,0.13071847369357004,NUC
0.15601989500529476,0.16872693404073727,0.14563737760638884,0.11108616535802993,3.9673630343319145e-10,3.9673630343319145e-10,0.2717371945290592,0.14679243266701714,NUC
0.20933982974518436,0.20247120838325952,0.14150312553246636,0.13549996264546021,3.387499057667758e-10,3.387499057667758e-10,0.23666089340868912,0.07452497960744058,EXC
0.2483328011657988,0.2309469101985344,0.11868917173315975,0.15404158921393515,3.34873019302309e-10,3.34873019302309e-10,0.17431746243744478,0.073672064581381,EXC
0.13309258361272575,0.22692030508406064,0.13883309821751208,0.09212964412472391,4.387125889810063e-10,4.387125889810063e-10,0.3125075980690184,0.09651677001453397,NUC
0.06978213317232523,0.18696417130333412,0.1123075920862639,0.04731893230348267,2.957433250483709e-10,0.29574332534411424,0.22282031368835153,0.06506353180638492,POX
0.08051837854631885,0.1698868369960909,0.17575174504723728,0.07614019173721644,4.478834781725468e-10,4.478834781725468e-10,0.3006341159335655,0.19706873084380405,NUC
0.21528620805426352,0.17189097865841094,0.14197324511249465,0.06075271807173925,4.67328596957005e-10,4.67328596957005e-10,0.3072845573705647,0.1028122917978697,NUC
0.16041904716799976,0.10098882565313874,0.16682331290448832,0.08236901102458652,5.491267365030653e-10,5.491267365030653e-10,0.36859191957173215,0.1208078825798011,NUC
0.09629224670740638,0.13260404430256792,0.19192816813422858,0.1219578339150252,3.296157664470525e-10,3.296157664470525e-10,0.25285593075475193,0.2043617755267883,NUC
0.15523975624921335,0.22136940493634188,0.17489035825307872,0.07536184552186459,4.186769172399316e-10,4.186769172399316e-10,0.2810297119906857,0.09210892221146186,NUC
0.16675699104703692,0.2397487896863968,0.07616167762051655,0.09626836040643774,4.011181666888316e-10,4.011181666888316e-10,0.2967175483627196,0.12434663207465597,NUC
0.22440542215598225,0.1721731257165234,0.126405586079698,0.09153871203415144,4.1608505280939273e-10,4.1608505280939273e-10,0.2564907863944778,0.1289863667869968,NUC
0.2492815456039688,0.16041087235437548,0.17212539562578752,0.0894599097405231,3.5783963753073386e-10,3.5783963753073386e-10,0.24999755534506463,0.07872472061460108,NUC
0.18105619836682318,0.14247569995229786,0.1516734982769751,0.07024052028596488,4.131795286634432e-10,4.131795286634432e-10,0.26035970340658204,0.19419437888499783,NUC
0.0705700090693487,5.233942300491624e-10,0.19875730307370898,0.0837430773312602,5.233942300491624e-10,5.233942300491624e-10,0.37999855110703257,0.266931057848467,NUC
0.1461740218685907,0.18495037301151523,0.14300902806472482,0.11982423114609819,3.4235494515355214e-10,3.4235494515355214e-10,0.24855907011137224,0.15748327511298893,NUC
0.20528846349734603,0.09219851959585189,0.19742931887912643,0.0713001885884674,4.456261758927577e-10,4.456261758927577e-10,0.33574574940592306,0.09803775914203286,NUC
0.18053242416568147,0.17010239000509908,0.16056681301224104,0.08879344778477251,4.228259398187932e-10,4.228259398187932e-10,0.3069832170035936,0.09302170718296045,NUC
0.1716420141486249,0.2171743934758441,0.10686173381054301,0.0723606598815003,4.0200366377498134e-10,4.0200366377498134e-10,0.31940017162048195,0.11256102625899846,NUC
0.21505212640063887,0.21999585343535222,0.16316406499702954,0.04296653740363004,3.9060488193659235e-10,3.9060488193659235e-10,0.27288834256548444,0.0859330744166552,NUC
0.21892794738785093,0.17306059800177315,0.17937479701918801,0.08856630625240755,4.428315290478801e-10,4.428315290478801e-10,0.2426474136197521,0.09742293683336514,NUC
0.17958706950818396,0.09696096270054695,0.16859967498737816,0.10655499475540733,4.439791429642842e-10,4.439791429642842e-10,0.3284229281161893,0.11987436904433588,NUC
0.21092914007785057,0.0616508819811182,0.21499769491099588,0.12068160105006619,4.469688911225825e-10,4.469688911225825e-10,0.27552876894719097,0.11621191213884036,NUC
0.09271525658939389,0.17546628695869707,0.17234475192606008,0.13202652520836178,4.12582889986809e-10,4.12582889986809e-10,0.29954648218382773,0.12790069630849368,NUC
0.08670181723363027,0.12670708897052632,0.18837655162526082,0.09921165078352727,5.511758346241746e-10,5.511758346241746e-10,0.31711486430755026,0.18188802597715348,NUC
0.22303197460562893,0.1711193599317376,0.14847410522486815,0.06766992897300836,4.511328568125034e-10,4.511328568125034e-10,0.29045540141260756,0.0992492289498836,ME3
0.18746344888546085,0.1419119856396615,0.16895439953477914,0.07007383740233877,3.336849384221611e-10,3.336849384221611e-10,0.2514064607887378,0.18018986708165194,CYT
0.17624234079390744,0.1802938888488893,0.15273192148167297,0.0884826933475722,4.0219405884262794e-10,4.0219405884262794e-10,0.25343735254960337,0.1488118021739664,CYT
0.22775772087111396,0.09137001221695579,0.14087174013941706,0.09539029273701363,3.974595514148087e-10,3.974595514148087e-10,0.2776772212489012,0.1669330119916792,CYT
0.17793535562378726,0.15775571379985093,0.11136601033220132,0.05982582091332554,3.519165915376997e-10,3.519165915376997e-10,0.23621798645256428,0.25689911217443734,CYT
0.1730989521167908,0.18571620119239218,0.16171578548485455,0.060120221663370915,3.757513830476221e-10,3.757513830476221e-10,0.27280579902676466,0.146543039764324,CYT
0.19530402939082273,0.16649481438847358,0.15716147038627992,0.07449453718078629,4.138585375940431e-10,4.138585375940431e-10,0.29480334226167004,0.11174180556425019,CYT
0.18804048551433575,0.16831784842812306,0.15888230902793907,0.0794941154927011,4.183900793384791e-10,4.183900793384791e-10,0.2922999188603412,0.11296532183977945,CYT
0.1826899880137757,0.16352853816416046,0.15436147727720215,0.10568615823730276,4.064852224262213e-10,4.064852224262213e-10,0.28398282703302336,0.10975101046156498,CYT
0.1964175785940377,0.1674441044183823,0.15805754524285406,0.07491927666404362,4.162182013768079e-10,4.162182013768079e-10,0.29078257946028946,0.11237891478795635,CYT
0.2316055150348546,0.1595649538388877,0.1597485728877003,0.04206712450365557,4.206712408298433e-10,4.206712408298433e-10,0.2766057478156367,0.13040808507792268,CYT
0.2316055150348546,0.1595649538388877,0.1597485728877003,0.04206712450365557,4.206712408298433e-10,4.206712408298433e-10,0.2766057478156367,0.13040808507792268,CYT
0.1653440122330399,0.133265776578069,0.23707553403251197,0.04905205727610438,4.4592778936524177e-10,4.4592778936524177e-10,0.2993213933075284,0.11594122568089066,NUC
0.17578907467820662,0.16634293764036662,0.13862859948081208,0.17600881102106547,3.9113069028874393e-10,3.9113069028874393e-10,0.2571818241426335,0.08604875225465435,MIT
0.15116912739893254,0.14554755742923858,0.15026864116212998,0.11871222660118126,3.9570742068491284e-10,3.9570742068491284e-10,0.26019118112003364,0.17411126549706907,CYT
0.13425543558621025,0.14751523164978206,0.1456479502420955,0.053105483677150775,4.4254569362170905e-10,4.4254569362170905e-10,0.2849266798976186,0.23454921806205148,NUC
0.04841189024558647,0.3281018450040115,0.26588238847056256,0.07540151875724131,5.385822729904217e-10,5.385822729904217e-10,0.14755678765924574,0.1346455687861877,NUC
0.20760246482698624,0.20529577078019626,0.01559208442583484,0.0985419702947556,6.158873104929269e-10,6.158873104929269e-10,0.3374724995161212,0.1354952089243312,ME3
0.1113825238467348,0.23602487116856885,7.080746113814827e-10,0.0991304463014822,7.080746113814827e-10,7.080746113814827e-10,0.3976857413469895,0.1557764152120008,ME3
0.22072030754711672,0.1722160202808827,0.13486621679850427,0.12985087937369155,3.329509718993348e-10,3.329509718993348e-10,0.2690973611830982,0.07324921415080463,EXC
0.2021553807330749,0.09795914118002946,0.13185217720508408,0.11363260369307912,4.734691800817082e-10,4.734691800817082e-10,0.3502374761503491,0.10416322009144496,ME3
0.18434237481742125,0.15086410453341081,0.13053973608347091,0.08437613867063094,4.68756323343748e-10,4.68756323343748e-10,0.34675125335317253,0.10312639160438086,ME3
0.26245923445654623,0.253576514527426,0.09856064099007625,0.12328293502370952,3.24428775524423e-10,3.24428775524423e-10,0.17776919239260572,0.08435148196077875,EXC
0.12850748634884182,0.18502014405883588,0.18767033265854116,0.08895573790296145,4.2359874990172715e-10,4.2359874990172715e-10,0.2785306852904878,0.13131561289313418,NUC
0.11488359940494794,0.12871742084007287,0.04314194269662337,0.18501730122064,4.868876335098746e-10,4.868876335098746e-10,0.3334846809731031,0.1947550538908375,ME3
0.14108458408225433,0.2587948688946659,0.09317371281244526,0.07360723321275835,4.3298372223396835e-10,4.3298372223396835e-10,0.3380831808074521,0.09525641932445675,ME3
0.14263420771946544,0.14007662883153174,0.2699578063595694,0.12694444492617982,5.077777776736081e-10,5.077777776736081e-10,0.2086757995517263,0.11171111159597155,CYT
0.18400358893600455,0.20804761502014887,0.10910272779237706,0.08188159731570248,4.3095577307761424e-10,4.3095577307761424e-10,0.28336817998883906,0.1335962900850162,ME3
0.09171394982365919,0.15801653271893562,0.1848943447776425,0.08162541539031351,4.296074471616109e-10,4.296074471616109e-10,0.3119067771359824,0.1718429792942518,CYT
0.2860157032016067,0.22419293297362744,0.046031460647986536,0.09917687392352668,3.3058957864312367e-10,3.3058957864312367e-10,0.235488467309253,0.1090945612828204,ME1
0.16825414392416477,0.1408271362111234,0.18380813263776796,0.08621750245632992,4.5377632632922943e-10,4.5377632632922943e-10,0.2983734753003929,0.12251960856266829,CYT
0.14637433268785643,0.1937802185390743,0.15035248840574292,0.08046283187653412,3.831563404446561e-10,3.831563404446561e-10,0.283430717972354,0.14559940975212565,NUC
0.16376178739810718,0.22975052717693364,0.08960997643931193,0.14574799083012188,4.1642282975342587e-10,4.1642282975342587e-10,0.27951669436050314,0.09161302296217652,ME3
0.175329407653853,0.11413816205517383,0.20650132183996095,0.21633258040632716,3.5464357385521903e-10,3.5464357385521903e-10,0.2380484266410234,0.04965010069437424,MIT
0.09204096616527847,0.027693191644214823,0.3110751629815111,0.1252839973003479,4.818615262249476e-10,4.818615262249476e-10,0.3234412989068262,0.12046538203809842,MIT
0.1996968925481913,0.1931446643184458,0.13089453405316412,0.05493479994796292,3.231458801459826e-10,3.231458801459826e-10,0.2080528272664497,0.21327628121949438,NUC
0.13576776898554668,0.2055555230938109,0.11012656511145777,0.11116664933294562,4.833332558678798e-10,4.833332558678798e-10,0.3310501757353057,0.10633331677426681,ME3
0.15124821217186096,0.1714522292819761,0.16118309300222197,0.10550584757369735,3.6381326624097965e-10,3.6381326624097965e-10,0.2541709123951826,0.1564397048474345,NUC
0.11936358218612698,0.13320826094167604,0.17114732246475087,0.10623358819876981,4.828799441631358e-10,4.828799441631358e-10,0.3638136570441466,0.10623358819876981,CYT
0.2622888073298271,0.17126708639653204,0.06915721619547774,0.054634200898729085,4.966745491095867e-10,4.966745491095867e-10,0.3333842868853012,0.10926840130078362,VAC
0.20004574803933084,0.2220610540914791,0.10069633821277539,0.11364301021999951,3.7881003280396494e-10,3.7881003280396494e-10,0.2802156410831128,0.0833382075956823,NUC
0.2319078146383665,0.25983322194453234,0.10367588677355116,0.07862779260821316,3.2761580116915575e-10,3.2761580116915575e-10,0.22439438469005119,0.10156089869005408,EXC
0.24118404169495344,0.2702264549943137,0.1078228840082246,0.08177287531415554,3.407203123893135e-10,3.407203123893135e-10,0.22403527424054284,0.07495846906636927,EXC
0.237890317418934,0.23955657502784855,0.15493924363998784,0.07277956921496224,3.308162222006638e-10,3.308162222006638e-10,0.22205472482167266,0.07277956921496224,EXC
0.224629581215226,0.11734135150561396,0.1992203638891439,0.0680579840519083,4.2536239766591195e-10,4.2536239766591195e-10,0.29717099057552004,0.09357972791186302,NUC
0.14519031025239518,0.13791887437616795,0.2570367333462871,0.07383964372658272,4.61497770406781e-10,4.61497770406781e-10,0.2844849274245819,0.10152950995098958,CYT
0.1761893103856285,0.20727558519484535,0.1687179915441274,0.08232445548653419,3.920212147357761e-10,3.920212147357761e-10,0.27924798897093017,0.08624466763389196,CYT
0.1178289180334217,0.08839426120205066,0.172567162071368,0.07690300729122676,3.495591224621257e-10,3.495591224621257e-10,0.26815494360817604,0.2761517070946384,CYT
0.17647019866682156,0.08462202440064195,0.12425512420651363,0.15705847686746005,4.908077386770385e-10,4.908077386770385e-10,0.34961647187719125,0.10797770299975619,ME3
0.14753891929189467,0.18111674220353924,0.18837669598740203,0.05690084347580033,4.376987926007811e-10,4.376987926007811e-10,0.32977306335609546,0.09629373480987062,CYT
0.08788180874189497,0.11986944003905958,0.2062626831417515,6.51790076668278e-10,6.51790076668278e-10,6.51790076668278e-10,0.38393114170296744,0.20205492441895626,CYT
0.08061279762944516,0.20616491267945128,0.15568619819950613,0.16398946207614823,5.124670673865036e-10,5.124670673865036e-10,0.28080387305301696,0.11274275533749785,CYT
0.13005335304878463,0.10347795532309569,0.18450138112648765,0.18862552963620302,4.2869438456251967e-10,4.2869438456251967e-10,0.2818812395930908,0.1114605404149495,CYT
0.19639778138736308,0.1647483918454136,0.14603045171868811,0.1328434594435391,3.4958805024723956e-10,3.4958805024723956e-10,0.25859937998453236,0.10138053492128753,MIT
0.21243477616510623,0.02349387442614081,0.10349200206126852,0.168627280536974,5.109917576544916e-10,5.109917576544916e-10,0.3079950325219182,0.18395703326660875,NUC
0.17502867994831672,0.1691049762354641,0.1588428351126611,0.08221486072740183,4.32709791024695e-10,4.32709791024695e-10,0.30230410101160626,0.11250454609913049,NUC
0.1868853307970685,0.10862587816861033,0.1483361990621838,0.06048288913181983,3.780180547112611e-10,3.780180547112611e-10,0.25373814669105627,0.24193155539322514,NUC
0.12928811149552163,0.11462555176788096,0.19420492677958937,0.06520430442102337,3.835547296321685e-10,3.835547296321685e-10,0.2627087193096975,0.2339683854591775,NUC
0.139877138189843,0.20509954304502379,0.16808864530224377,0.06639501514544244,4.1496884206546e-10,4.1496884206546e-10,0.31264775813552087,0.10789189935198845,NUC
0.2702563410021134,0.24758429595588177,0.027265612658907302,0.10051922437133237,3.589972286154826e-10,3.589972286154826e-10,0.27539513463936743,0.07897939065440339,ME1
0.11253806016861263,0.21873776934939285,0.10776587662573678,0.09014298629471679,5.007943655217913e-10,5.007943655217913e-10,0.31556905274740255,0.15524625381254967,ME3
0.21742404687567699,0.21814494888663039,0.13189404221410625,0.07442592398295929,3.721296180541484e-10,3.721296180541484e-10,0.265078632410701,0.09303240488566672,CYT
0.12739358799113673,0.17593493768209537,0.07175967955903399,0.09637324945333546,5.66901464037847e-10,5.66901464037847e-10,0.40382022152536773,0.1247183226552278,ME3
0.15131350149641068,0.243914623548721,0.14463875940774282,0.06529406875650356,4.0808792717759773e-10,4.0808792717759773e-10,0.2683317881413028,0.12650725783314323,NUC
0.16977976011899373,0.1455179740155833,0.12923707374266738,0.15110398655082724,4.083891517363191e-10,4.083891517363191e-10,0.2573411097216861,0.14702009503346403,CYT
0.18532723265100434,0.175003965073313,0.13383742064605958,0.09304377496204853,4.229262479051013e-10,4.229262479051013e-10,0.3070560434225203,0.10573156239920158,CYT
0.2461686189067539,0.1431961249032337,0.1413835157326812,0.06873414017693812,4.2958837342093595e-10,4.2958837342093595e-10,0.30600815683902216,0.09450944258219428,CYT
0.18963619398330536,0.15917591532576117,0.16981702672485818,0.07789671378352218,4.327595186153482e-10,4.327595186153482e-10,0.30826705478889793,0.09520709452813611,CYT
0.22669731898405668,0.18359442843338727,0.13833797382657217,0.08827026883608388,4.20334611503568e-10,4.20334611503568e-10,0.2706263941281112,0.09247361495111957,CYT
0.14008240247468207,0.17401040625028047,0.15781435209865927,0.08905238459253613,4.4526192073637106e-10,4.4526192073637106e-10,0.3232723538565998,0.1157680998367184,CYT
0.18041324375504997,0.16999009509306928,0.16580950686970744,0.10141123404313278,4.225468067524416e-10,4.225468067524416e-10,0.2894156214858629,0.09296029790808395,CYT
0.2036433820101673,0.15190352858292452,0.1338289315559605,0.15858728382395929,3.77588770110406e-10,3.77588770110406e-10,0.26896734346993273,0.0830695298018781,CYT
0.20568488718198186,0.100632436260805,0.14608494612981351,0.17112088338110093,3.979555418212683e-10,3.979555418212683e-10,0.28892662665175306,0.08755021959863457,CYT
0.20331494739645148,0.16223130637498703,0.1328495898039704,0.15923626687936085,3.6190060572150055e-10,3.6190060572150055e-10,0.26274975520079824,0.07961813362063072,CYT
0.1768135164752746,0.1808781950054162,0.16250116324314218,0.05383506306747394,4.141158665642929e-10,4.141158665642929e-10,0.28931382500012864,0.13665823638033253,NUC
0.17225801850774222,0.13993780213805276,0.19977056122791378,0.06763660459969602,4.5091069432523547e-10,4.5091069432523547e-10,0.3211966594223113,0.0992003532024625,NUC
0.2540855748087954,0.1499576670083435,0.14862892819060392,0.04783649607181297,4.348772330630522e-10,4.348772330630522e-10,0.3038183413419411,0.09567299170874871,CYT
0.2540855748087954,0.1499576670083435,0.14862892819060392,0.04783649607181297,4.348772330630522e-10,4.348772330630522e-10,0.3038183413419411,0.09567299170874871,CYT
0.16900001723497152,0.13493469283682832,0.1485989654920156,0.1247302567187865,3.668536951527435e-10,3.668536951527435e-10,0.26132044074962985,0.16141562623406083,CYT
0.17259844029455285,0.14371669118983252,0.1537482721412577,0.11788874875163209,3.5723863149816197e-10,3.5723863149816197e-10,0.2691523939517442,0.1428954529565034,CYT
0.1813959501558898,0.27834895780172136,0.11146770714172785,0.09172863406702135,3.6691453480042724e-10,3.6691453480042724e-10,0.25633755207680203,0.08072119802300852,NUC
0.1885060079861862,0.15591277066804868,0.18977523777092375,0.07139163728887858,3.5695818465960195e-10,3.5695818465960195e-10,0.2444919076580554,0.149922437913991,NUC
0.21643336470312638,0.19160380765434926,0.1688053799522125,0.03704340311199098,3.7043402741556955e-10,3.7043402741556955e-10,0.2638708144198808,0.12224322941757199,NUC
0.17207921843242477,0.22106728773240272,0.15779416117675638,0.05342459480542167,3.561639629950514e-10,3.561639629950514e-10,0.2781006289961356,0.11753410814453094,NUC
0.13146546178055218,0.20621440611141748,0.217223100307882,0.054601988687550986,3.900142021252627e-10,3.900142021252627e-10,0.2617903552412179,0.1287046870913509,NUC
0.17211265782220844,0.1222703269605182,0.15619647325985467,0.06382511087677985,4.255007363418608e-10,4.255007363418608e-10,0.285610083723462,0.1999853465061753,NUC
0.10917350918448541,0.02030604491001965,0.17330823440107251,0.05741534117595333,4.41656467186899e-10,4.41656467186899e-10,0.3085545186133256,0.3312423508318307,NUC
0.1486462757771992,0.18149506335927648,0.2052763186118096,0.07254897288005431,4.2675866148997434e-10,4.2675866148997434e-10,0.29814646256359006,0.09388690595455301,CYT
0.17618203055284176,0.17604074584539336,0.15694048412958095,0.1458623323344098,3.646558299243849e-10,3.646558299243849e-10,0.2647501234604421,0.08022428294802049,CYT
0.11570079505388421,0.10652452514216916,0.23462363703575853,0.07723028086966151,5.148685356986198e-10,5.148685356986198e-10,0.35264968250022455,0.11327107836856488,CYT
0.15044180706881616,0.165300257100709,0.18203952359233513,0.09422114676064146,4.959007698144248e-10,4.959007698144248e-10,0.2988990946306225,0.1090981698550742,CYT
0.10918471583397542,0.11677174151170393,0.22923764512893216,0.1148424692679387,4.417018031778342e-10,4.417018031778342e-10,0.3327890302332207,0.09717439714082532,CYT
0.15044180706881616,0.165300257100709,0.18203952359233513,0.09422114676064146,4.959007698144248e-10,4.959007698144248e-10,0.2988990946306225,0.1090981698550742,CYT
0.144470461839052,0.17652888161233196,0.16727891373967368,0.06786098656990591,3.571630853302254e-10,3.571630853302254e-10,0.21527638055620302,0.22858437496850734,CYT
0.11656216212472517,0.10788539475648301,0.1938487069070012,0.08892027808086785,4.940015421492573e-10,4.940015421492573e-10,0.32482293231817067,0.16796052482474902,CYT
0.10472389201848166,0.0882258076962629,0.20126013746906538,0.07675645276702256,5.482603729911585e-10,5.482603729911585e-10,0.375520803966862,0.15351290498578476,CYT
0.13050359009892687,0.14685403984442402,0.17642763812408,0.0967901627567206,3.871606494782398e-10,3.871606494782398e-10,0.3023035212126355,0.14712104718889177,CYT
0.15473174893271846,0.1966618430967694,0.15847095114080087,0.066769094322139,4.1730683690520105e-10,4.1730683690520105e-10,0.3315588571365076,0.09180750453645106,CYT
0.15226060584080414,0.1982410812528384,0.15594009112737878,0.06570275863262724,4.1064223888740634e-10,4.1064223888740634e-10,0.3375141693591953,0.09034129296587162,CYT
0.25010827585962664,0.22096817897274773,0.09819172262232086,0.09780749414381412,3.3726722002257556e-10,3.3726722002257556e-10,0.25872553898472245,0.07419878874223383,ME1
0.143771569146408,0.21807918927781988,0.1787260710096922,0.06618449844861365,4.412299867158912e-10,4.412299867158912e-10,0.2961680737162801,0.09707059751872604,CYT
0.24723123332123292,0.24547604201191894,0.08601548328572083,0.08413133461131207,3.235820549528078e-10,3.235820549528078e-10,0.2659578537094514,0.07118805241319975,ME1
0.253518373614822,0.26310502541164604,0.09106383721886611,0.07848047066653581,3.2700195974805774e-10,3.2700195974805774e-10,0.24189186096255147,0.07194043147157465,ME1
0.2152899409208129,0.19680943979092522,0.15481393554639838,0.05299797087016576,4.076766958653005e-10,4.076766958653005e-10,0.29039983855830165,0.0896888734980428,CYT
0.19338712113425024,0.25178720252897363,0.14854534342454848,0.0469403287897172,3.9116940332123166e-10,3.9116940332123166e-10,0.2732827342183312,0.08605726912184036,CYT
0.17917816707735845,0.16802243831180738,0.17943017575054326,0.053156189877837344,4.429682452905759e-10,4.429682452905759e-10,0.30947096633090476,0.11074206176561222,NUC
0.2159279758486548,0.07683194369952649,0.22210753265790398,0.09191021256857047,4.177736915945309e-10,4.177736915945309e-10,0.2804234372414998,0.11279889714829704,NUC
0.18963125624069382,0.17033320581570163,0.1980033678750114,0.08644410215420058,4.116385797264857e-10,4.116385797264857e-10,0.26502757913964986,0.09056048795146543,NUC
0.13575407122414204,0.13424569265945976,0.16313400618305832,0.06846530345366565,4.027370767701681e-10,4.027370767701681e-10,0.2648134207447654,0.23358750492943453,NUC
0.14528296539375649,0.10053895554681283,0.13960362387238157,0.07225691033258061,3.802995260646373e-10,3.802995260646373e-10,0.2761078754683239,0.2662096686255456,NUC
0.19887889846271536,0.18407455794075894,0.17604199064061518,0.0885011100498041,4.2143385537319165e-10,4.2143385537319165e-10,0.25978799345970266,0.09271544860353602,NUC
0.16466061874011362,0.16401313294501138,0.10251522213931266,0.16583057576526372,3.856525008828168e-10,3.856525008828168e-10,0.264145548935527,0.13883490070346655,VAC
0.15836517200576467,0.1767335461387125,0.15137936658514872,0.11531863900392927,4.271060688030489e-10,4.271060688030489e-10,0.30423993984845593,0.09396333556377681,CYT
0.0915496429992522,0.08696464448738622,0.23574446857869474,0.09893900699435945,5.819941553668547e-10,5.819941553668547e-10,0.35876352101361686,0.12803871476270218,CYT
0.20298378793567184,0.18032770276542479,0.19858873590871745,0.08557369192576213,4.754093969464042e-10,4.754093969464042e-10,0.22793601270998667,0.1045900678036183,CYT
0.1634874323210219,0.12948059165777445,0.19606475643029403,0.07979241478922315,4.693671430579765e-10,4.693671430579765e-10,0.32791403192083013,0.10326077194212196,CYT
0.14004234133163376,0.14788305081638203,0.2748238021609568,0.0844319794979857,4.0205704331394605e-10,4.0205704331394605e-10,0.26436627545780234,0.08845254993112517,CYT
0.12817041102435106,0.14984783679372066,0.27847513305887817,0.06925779728720192,4.073988051753125e-10,4.073988051753125e-10,0.28462108347508286,0.08962773754596755,CYT
0.2228480175615494,0.1797463343094231,0.15449638619665845,0.10298149755138755,3.8141295248138735e-10,3.8141295248138735e-10,0.2560169136908373,0.08391084992731816,CYT
0.1970026165800048,0.14060331106797985,0.13935745894820564,0.11009239265470991,4.0774960091466777e-10,4.0774960091466777e-10,0.24576688315083697,0.16717733678276336,CYT
0.1428143758492495,0.1561731521461127,0.16089214488861114,0.05697801159362941,4.382923935025925e-10,4.382923935025925e-10,0.3122082807415089,0.17093403390430348,CYT
0.16446440945402158,0.09941761859463512,0.07579746391506324,0.15635332382235473,3.3266664572274063e-10,3.3266664572274063e-10,0.2278538672660506,0.2761133162825413,ME3
0.18329930166251132,0.13672828664734724,0.08604239389321817,0.18012975124380723,3.3986745453573544e-10,3.3986745453573544e-10,0.2234744909935017,0.1903257748798793,ME3
0.19453713607660275,0.1309271410353821,0.16148785587450484,0.0683439678382589,4.5562644921754976e-10,4.5562644921754976e-10,0.33079728550398446,0.11390661276001389,NUC
0.1777067119809209,0.13850813246447105,0.14776757642129676,0.10920500576962426,3.7656898411398374e-10,3.7656898411398374e-10,0.28371635827066627,0.1430962143398828,MIT
0.2075674267567244,0.1956850453494215,0.15130939011666664,0.07968961229956449,3.6222550880608633e-10,3.6222550880608633e-10,0.267947637013303,0.09780088773986882,CYT
0.11734700337414695,0.18006695319970173,0.19229244251014335,0.05696663642771555,4.747219662749466e-10,4.747219662749466e-10,0.3251520321698908,0.12817493136895755,CYT
0.215293494383871,0.11012138526190193,0.15818206670514195,0.10413652738987174,4.165461078933025e-10,4.165461078933025e-10,0.3081299980362493,0.10413652738987174,CYT
0.13820730829393466,0.26197713882547047,0.13738403319083914,0.09044448864090993,3.617779531165279e-10,3.617779531165279e-10,0.2923958802778758,0.07959115004741409,CYT
0.18209572049771597,0.15607396491291856,0.16633444195679753,0.10512336747788521,4.380140293327966e-10,4.380140293327966e-10,0.29400941738742536,0.09636308689122929,CYT
0.20891118439524678,0.22707084909708206,0.1127745767755819,0.10071260034449342,3.8735615368129717e-10,3.8735615368129717e-10,0.26531243441564184,0.08521835419724152,CYT
0.26834989517061925,0.17359280756451387,0.14226740549747013,0.06673230507763436,3.512226564547985e-10,3.512226564547985e-10,0.22612965587691478,0.12292793011040212,CYT
0.1733675778957289,0.16825801180377206,0.13521658226279654,0.1345154592457076,3.9563370250021725e-10,3.9563370250021725e-10,0.281821267930035,0.10682110007069237,NUC
0.258437928060355,0.19050841866078191,0.05994297463864858,0.11838737458153759,3.3824964069510845e-10,3.3824964069510845e-10,0.2780134036492976,0.09470989973288002,ME2
0.18339222871769345,0.16930490868417228,0.19652807217868346,0.07961906537587206,3.9809532488888365e-10,3.9809532488888365e-10,0.2835747523737384,0.08758097187364973,CYT
0.21776327391059055,0.15315391187156963,0.18399618403136822,0.06864079890706531,4.037694029605642e-10,4.037694029605642e-10,0.287616561416774,0.08882926905509352,CYT
0.2084277567664726,0.14722278070283956,0.178903632151446,0.08391698519053593,4.416683407835137e-10,4.416683407835137e-10,0.2843618088913278,0.09716703541404134,CYT
0.21735224519007357,0.1528648334824167,0.1734461746450069,0.06851123922859713,4.0300728720935205e-10,4.0300728720935205e-10,0.28707368444254566,0.1007518222053453,CYT
0.18102227574726565,0.22222044877503475,0.11828316307463578,0.18688739747103714,3.222196502565819e-10,3.222196502565819e-10,0.22069839090891955,0.07088832337866767,MIT
0.20911385965900345,0.16455467304290036,0.21142151016604047,0.08112545405209462,4.772085504405064e-10,4.772085504405064e-10,0.22879862055142386,0.10498588157411994,NUC
0.1060863418952216,0.16929916884085391,0.1912239881257651,0.12463023439249012,3.7766737580249314e-10,3.7766737580249314e-10,0.2690233365657446,0.13973692942458982,NUC
0.2355069268248518,0.17959556455941608,0.15436679589589739,0.06478581487371249,3.810930264271733e-10,3.810930264271733e-10,0.281904430888865,0.08384046619507114,CYT
0.19123410706032049,0.18131588173669766,0.14187575165575442,0.04981415307294142,4.151179388151957e-10,4.151179388151957e-10,0.30707354419622157,0.1286865614478286,CYT
0.2043395306785421,0.1532937936138251,0.1534701961376567,0.10103454592870456,4.041381820982655e-10,4.041381820982655e-10,0.29895153236723865,0.08891040046575659,CYT
0.16601763646372222,0.1556812893914389,0.14546974339383548,0.11081677247600343,4.1043248913174416e-10,4.1043248913174416e-10,0.3317194094347188,0.0902951480194162,CYT
0.17641980996308806,0.15270998586654136,0.14269333549663948,0.10870174460102344,4.0259905258675693e-10,4.0259905258675693e-10,0.3309033312958239,0.08857179197168558,CYT
0.16769678580628986,0.18763487343111077,0.08855823164866301,0.12126573836530972,4.664066842265501e-10,4.664066842265501e-10,0.33223489881956564,0.1026094709962477,ME3
0.1731311495562318,0.14078067841913738,0.18004290916246996,0.11062636544882622,3.9509416090618587e-10,3.9509416090618587e-10,0.3084981808286913,0.08692071579445505,CYT
0.16780112217602605,0.16675408726199076,0.22144893108250313,0.12800828473261308,4.2669428101972933e-10,4.2669428101972933e-10,0.22211483164244375,0.09387274225103473,CYT
0.18722171359766754,0.2274367224065092,0.10985451300073287,0.06595664974435725,3.471402599853526e-10,3.471402599853526e-10,0.2567886858157572,0.15274171474069542,CYT
0.04646712356014221,0.1663736652060891,0.22248340926490473,0.06720307721816818,5.169467438555495e-10,5.169467438555495e-10,0.36823603723596826,0.12923668648083414,CYT
0.08678853057024401,0.1664693793143554,0.17721613668196462,0.06275895630227221,4.827611986116232e-10,4.827611986116232e-10,0.35711102411327694,0.1496559720523644,CYT
0.15095582152858752,0.16438904253817135,0.12617662998907356,0.07367618021307797,4.333892928216981e-10,4.333892928216981e-10,0.3027788214458085,0.18202350341850249,CYT
0.16374098325077124,0.10138469243713051,0.12621473534514713,0.10737961335856269,3.834986177680859e-10,3.834986177680859e-10,0.29419072086312614,0.207089253978265,NUC
0.1693543315769478,0.2123679455173092,0.07385480881814509,0.0777937319291816,4.862108215185674e-10,4.862108215185674e-10,0.35966279996569894,0.10696638122029563,ME3
0.12522691936680344,0.1615245770138265,0.16561380679937718,0.09206900910624781,4.845737295877584e-10,4.845737295877584e-10,0.3053478300878187,0.1502178566567788,NUC
0.18457352951288034,0.16954959927017813,0.17823194351943536,0.0737540758719414,3.352457978940709e-10,3.352457978940709e-10,0.22962040985173268,0.16427044130334054,NUC
0.16751114547271495,0.12648145886067688,0.14827614056317212,0.18458132883233333,3.5496409322571007e-10,3.5496409322571007e-10,0.23826356978044066,0.13488635578073394,NUC
0.17111506799533616,0.12300722824284155,0.18235492190436017,0.09466825536941345,4.116011085122276e-10,4.116011085122276e-10,0.33830228138055524,0.09055224428429118,CYT
0.21880137240669859,0.17906503128958892,0.14242092159947436,0.05625626429360037,4.327404912373837e-10,4.327404912373837e-10,0.30825350104019184,0.0952029085049649,NUC
0.17058639831216585,0.22298234811120854,0.18684129065685956,0.03795547395235002,4.2172748367358375e-10,4.2172748367358375e-10,0.2888544412940451,0.0927800468299159,CYT
0.14890528426131175,0.07879054896224714,0.2140310347510259,0.20107348024241373,4.569851813305194e-10,4.569851813305194e-10,0.25666291051933166,0.10053674034969945,CYT
0.2431096953926925,0.12724105439082137,0.2165587101692574,0.09560430144693977,5.031805312829434e-10,5.031805312829434e-10,0.20678652020849972,0.11069971738542807,CYT
0.18897544168197644,0.16853512722898023,0.13101315931198781,0.060375231148790905,4.3125164798242324e-10,4.3125164798242324e-10,0.3131005119801342,0.1380005277856271,ME3
0.19771515200869907,0.16548572290632818,0.1974307516180075,0.07198628969020972,3.999238293904772e-10,3.999238293904772e-10,0.27939884011107907,0.0879832428658288,NUC
0.2167185297514099,0.15619812540562938,0.16091787275049577,0.03945262361557861,4.3836247974684593e-10,4.3836247974684593e-10,0.3302731016174929,0.09643974598266858,VAC
0.2204923850921827,0.09842669498475588,0.1761401769774008,0.08919919236338472,3.567967680263518e-10,3.567967680263518e-10,0.3372462605460881,0.07849528932259416,MIT
0.14748579049629915,0.13578864162089468,0.11215454266171543,0.18048573604642118,3.281558831241187e-10,3.281558831241187e-10,0.23375487597821304,0.1903304125401447,CYT
0.12769546491724715,0.1985591088742219,0.17263133722182566,0.07728129554739242,4.5459585348703864e-10,4.5459585348703864e-10,0.32382170430837676,0.10001108822174434,VAC
0.2390482746879298,0.2359631588266393,0.06614571429643311,0.05972013065818114,3.7325081428081453e-10,3.7325081428081453e-10,0.31700754126928504,0.08211517951503,VAC
0.17437546693445652,0.11892273238837908,0.20240128989129874,0.06583994932312089,4.702853489488253e-10,4.702853489488253e-10,0.3349977832831471,0.1034627772390269,VAC
0.2772867615700684,0.2104582874277554,0.07053885389341559,0.05970610139234018,3.980406732953301e-10,3.980406732953301e-10,0.2944410463973259,0.08756894852301328,VAC
0.2311096517107583,0.1157987841771128,0.16472010579611654,0.0629655890878254,4.1977059112036546e-10,4.1977059112036546e-10,0.31626551427758015,0.10914035411106562,VAC
0.2205581459034648,0.2043427454836602,0.1640885180048557,0.05555568419804667,3.703712255178363e-10,3.703712255178363e-10,0.27397323568493503,0.08148166998429521,VAC
0.17231923971760163,0.2143953261084807,0.19413180165470342,0.049739715975501704,4.1449762967503404e-10,4.1449762967503404e-10,0.27822443677171216,0.09118947894300511,VAC
0.22829776291277362,0.1946216561784615,0.15241257133359773,0.07901639263195889,3.762685345509065e-10,3.762685345509065e-10,0.26287253821320317,0.08277907797746796,VAC
0.18491693952636504,0.18405525761079392,0.15765070594984967,0.11564805369743293,4.448002048178181e-10,4.448002048178181e-10,0.23763298658034684,0.12009605574561111,VAC
0.23077054932666388,0.21041522604962715,0.062169611716080646,0.06697362713236715,4.4649084457250873e-10,4.4649084457250873e-10,0.3180482732926614,0.11162271158961803,VAC
0.17536515838809622,0.14228001564669485,0.07493779605763898,0.08611034011690237,5.381896223669546e-10,5.381896223669546e-10,0.37599549013702094,0.1453111985772674,VAC
0.17655235332575805,0.19450418408272402,0.15810059816796518,0.06446424413678555,4.029015233367751e-10,4.029015233367751e-10,0.2814791468436622,0.12489947263730182,CYT
0.22365080312519003,0.21184463048073873,0.12131457082775803,0.08109412477553268,3.6860965639510467e-10,3.6860965639510467e-10,0.2625712624582732,0.09952460759528793,CYT
0.15063254494312317,0.1797779223264966,0.16969995563885057,0.08937531018131623,4.4687654867219836e-10,4.4687654867219836e-10,0.31220142486170005,0.09831284115476017,CYT
0.0848266036759013,0.16735494909209678,0.22525834901333322,0.08628077401538667,5.39254834225824e-10,5.39254834225824e-10,0.317643259055836,0.1186360640689361,CYT
0.22594798789185938,0.19113681475059432,0.15175036492583335,0.08121092128039327,3.8671867092226e-10,3.8671867092226e-10,0.2648758023882666,0.08507810798961588,CYT
0.1904501345307422,0.2381234759026432,0.10012694854374667,0.13560049589436882,3.7666804310472437e-10,3.7666804310472437e-10,0.2528319745154556,0.0828669698597074,CYT
0.21609779027115283,0.16339628030199305,0.14289570460546616,0.07107738216759477,4.181022455852501e-10,4.181022455852501e-10,0.29782625754732145,0.10870658427026728,VAC
0.17753395082160944,0.20237121284383952,0.17143423100780622,0.058687652045238334,4.51443473798422e-10,4.51443473798422e-10,0.2906553876915233,0.09931756468709631,CYT
0.18239712581086182,0.12917780540394286,0.1896788026766646,0.07076073137061482,4.162395938492661e-10,4.162395938492661e-10,0.3364128228423587,0.09157271106307813,CYT
0.27495615802253187,0.24349351311647352,0.06472612400797316,0.09131006764695278,3.6524026912685e-10,3.6524026912685e-10,0.24516127690244088,0.08035285957314726,ME1
0.20808126945590769,0.17270158717885567,0.13711397729348465,0.05940131358679998,3.4941948963164993e-10,3.4941948963164993e-10,0.25847469130981804,0.16422716047629496,NUC
0.3160846431123142,0.2434215068373189,0.03200857173848763,0.11379047172272728,3.1608464279622957e-10,3.1608464279622957e-10,0.22515618422572758,0.06953862173125515,ME1
0.14924244193622008,0.0992376468470116,0.14711715400198366,0.18263543824514988,3.3206443256924627e-10,3.3206443256924627e-10,0.20924608112912368,0.21252123717638202,MIT
0.2577994352776645,0.24099087125146498,0.07511179558711455,0.035602991316372005,3.955887880087025e-10,3.955887880087025e-10,0.303465372018703,0.08702953375750333,ME1
0.13845122567152468,0.156285806807138,0.12908416329124248,0.06373530584015763,4.24902036101704e-10,4.24902036101704e-10,0.3084905197864131,0.20395297775371993,NUC
0.19329024951163234,0.2081407405161597,0.08595685671308802,0.06790591689840783,4.5270610963801147e-10,4.5270610963801147e-10,0.32247558540033067,0.12223065005496922,ME3
0.13656484985305065,0.24947191337103272,0.10989395701896612,0.11720190513186102,4.340811285102959e-10,4.340811285102959e-10,0.291369525050581,0.09549784870634621,ME3
0.164799325348082,0.18842167618130679,0.12013294093283465,0.09490502342753054,4.313864681642913e-10,4.313864681642913e-10,0.3368360098199426,0.09490502342753054,NUC
0.26242182355276056,0.26438701658612035,0.02687634358137599,0.13093258577719616,3.538718524954711e-10,3.538718524954711e-10,0.23753042189192772,0.07785180790287549,ME1
0.28838779481034216,0.23754647740814033,0.08438768308346764,0.11999928520402518,3.3333134686303844e-10,3.3333134686303844e-10,0.19634586218416217,0.07333289664319981,ME2
0.19418150680359883,0.18819042584546872,0.10938072238544966,0.09095870606028654,4.547935280274651e-10,4.547935280274651e-10,0.2990423202536746,0.11824631774193446,ME3
0.17745304071920037,0.15785427913845743,0.1694935345053131,0.0961332561295638,3.433330563793955e-10,3.433330563793955e-10,0.244566013106738,0.154499875714061,NUC
0.19158054767160398,0.18198579119935124,0.1438875000400744,0.10961144209152127,4.0596830253908504e-10,4.0596830253908504e-10,0.2836216912209455,0.089313026964567,CYT
0.16794711143001176,0.14978130248390017,0.16980047130524364,0.1188118156083863,3.8326392008103994e-10,3.8326392008103994e-10,0.2940106788015959,0.09964861960433431,CYT
0.222812672751781,0.25072828343444653,0.08367226972077346,0.12559207668529776,3.305054640915587e-10,3.305054640915587e-10,0.244483494316042,0.07271120243064837,ME1
0.10969363586242918,0.18362508293143778,0.1404305751310665,0.09762733596637564,4.437606160118865e-10,4.437606160118865e-10,0.3221823654934864,0.14644100372768318,ME3
0.1865046540804272,0.14839386917736797,0.1459116932539943,0.08299457132169004,4.6108094922560614e-10,4.6108094922560614e-10,0.3347574019536443,0.10143780929071429,ME3
0.18342908370226385,0.1434938809994107,0.15194702585960068,0.1392442545378788,4.801526001990559e-10,4.801526001990559e-10,0.2762521814165957,0.1056335725239449,MIT
0.19749706711346618,0.1809916848589646,0.13442508720024135,0.17577238977126605,3.6619247792723664e-10,3.6619247792723664e-10,0.23075142481349226,0.08056234551018454,MIT
0.1071556116052094,0.0887391573624961,0.2069479077043105,0.17257156088886486,4.5413568535455045e-10,4.5413568535455045e-10,0.3110518397380743,0.1135339217927733,NUC
0.09958006474094895,0.11545182975491237,0.1196641451897891,0.08862625768443713,5.908417139573028e-10,5.908417139573028e-10,0.4289672723680616,0.14771042908016743,ME3
0.09348898455728918,0.15752166938536816,0.15488681326007467,0.08809961959337799,4.894423283551981e-10,4.894423283551981e-10,0.3151204036770356,0.19088250854796962,NUC
0.17068903296177254,0.19001994097141234,0.12442633166955458,0.07148858347660238,4.468036439362421e-10,4.468036439362421e-10,0.31827108927809933,0.12510502074895144,ME3
0.07989139397529761,0.07544121025647714,0.2492424781948842,0.15314565625729137,5.469487703940807e-10,5.469487703940807e-10,0.3821148949318544,0.060164365290297644,CYT
0.15382115577511501,0.21580426173771952,0.16834098273902678,0.11343211526143836,3.91145223690666e-10,3.91145223690666e-10,0.2625495341013182,0.08605194960309173,MIT
0.20875797057488962,0.15395970094638423,0.09297933773737048,0.09505769939478285,4.3208044983046547e-10,4.3208044983046547e-10,0.3196211551011919,0.12962413538122008,ME3
0.060498100633403266,0.22505040436863863,0.09294011981299598,0.1076866187456598,4.894846284371599e-10,4.894846284371599e-10,0.3620845201553289,0.1517402353050042,ME3
0.06566949435741798,0.13435827537506434,0.13739530690665555,0.05844585002402375,4.174703543325242e-10,4.174703543325242e-10,0.3202512311383109,0.28387984136358685,NUC
0.1701090616429105,0.15226716298573373,0.09582092733458243,0.08516084922124427,4.731158263784915e-10,4.731158263784915e-10,0.34997609121884915,0.14666590665044818,ME3
0.12723238020289612,0.13913362540136304,0.1285097022175996,0.0976179469706939,3.904717863208884e-10,3.904717863208884e-10,0.28884214369633443,0.2186642007301693,NUC
0.18188595268400704,0.24454551389266066,0.09952746726581016,0.05550119959752679,4.6250999279180673e-10,4.6250999279180673e-10,0.31678766675826797,0.10175219887670746,ME3
0.24614337808656012,0.25180184654102145,0.07635818263403646,0.09842167847181775,3.174892843688015e-10,3.174892843688015e-10,0.24790259222189587,0.07937232140968967,ME1
0.09648352908794489,0.14256889269008016,0.15096754700253184,0.1717406814044371,4.77057447020499e-10,4.77057447020499e-10,0.33328671003932386,0.10495263882156722,NUC
0.10926242124228355,0.104065635467874,0.0933809781335895,0.06371129473314018,3.353226020937767e-10,0.3353226024290993,0.22048609486273738,0.07377097279595347,POX
0.1434146029674929,0.12438582884745318,0.087808886074198,0.05549521610100433,2.7747607911764124e-10,0.2774760793951173,0.19765419362154926,0.11376519271570898,POX
0.16184892223166575,0.24318033084242405,0.10826207589814708,0.05401707809472575,4.5014231370486205e-10,4.5014231370486205e-10,0.30215032060820035,0.1305412714245523,ME3
0.19125193821380382,0.2521692221169789,0.12448860351509282,0.07943330522595224,3.782538326080877e-10,3.782538326080877e-10,0.26944108661963134,0.08321584355203313,MIT
0.2391876729147168,0.22203010679308863,0.02495042568057924,0.1300915178373109,3.942167195245278e-10,3.942167195245278e-10,0.29701259729625823,0.08672767868961284,ME3
0.2797850379451021,0.24718730368302105,0.07641233131256978,0.04527430645644159,3.772858839929643e-10,3.772858839929643e-10,0.2532466896328372,0.0980943302154566,ME1
0.17209666901895782,0.2347372188901539,0.05924143451583854,0.11487452671162021,4.2546120846725553e-10,4.2546120846725553e-10,0.2914117870468691,0.12763836296563788,ME3
0.27785082955469903,0.18001752994473472,0.14607684982633182,0.09479344162127994,4.1214539656145455e-10,4.1214539656145455e-10,0.16937482091685274,0.13188652731181086,ME2
0.2074964016939125,0.15477760816205438,0.13636103204677816,0.18851912665751044,3.847329107607705e-10,3.847329107607705e-10,0.18973129884209916,0.12311453182817947,CYT
0.17340891095324984,0.1887184283745219,0.12885407638924895,0.229859045688583,3.2837006480030423e-10,3.2837006480030423e-10,0.2069181233532193,0.07224141458443699,MIT
0.09759400203264273,0.2890034110512421,0.11573439273188472,0.07771564486963467,4.5715084948519896e-10,4.5715084948519896e-10,0.3193793610563994,0.10057318734389462,ME3
0.2611869800763927,0.2544678842656382,0.051376744016468585,0.07379568669900977,3.6897843165015665e-10,3.6897843165015665e-10,0.2779974488725211,0.08117525533201289,ME1
0.23039958787591905,0.1178480652906311,0.08848775915193725,0.13515030389896945,4.660355290790826e-10,4.660355290790826e-10,0.3255864659870384,0.10252781686343368,ME3
0.15306456581967487,0.12396177252222851,0.07184992834943604,0.09081830928383695,5.676144294763908e-10,5.676144294763908e-10,0.4354302478371745,0.12487517505242039,ME3
0.2450765737459633,0.21489472973654622,0.08874608323693328,0.09347920765546323,3.8949669694152727e-10,3.8949669694152727e-10,0.2721141311294678,0.0856892737166327,ME3
0.24846793433149003,0.19282608626098877,0.08687159143064839,0.07244125491744605,3.8126976071671735e-10,3.8126976071671735e-10,0.2506979252360976,0.14869520706078954,ME2
0.17623243157818783,0.14022069596797027,0.17648029716347965,0.1176351482233059,4.356857325467413e-10,4.356857325467413e-10,0.28050999262331366,0.10892143357237107,MIT
0.1538683028261971,0.24172988269110998,0.08048174814009532,0.08803465061195971,4.890813895715462e-10,4.890813895715462e-10,0.32828750855765343,0.10759790619482155,ME3
0.205904165479714,0.13164849677221988,0.12178319173197466,0.0962087215644687,4.5813676717300925e-10,4.5813676717300925e-10,0.28868892223838916,0.15576650129695993,ME3
0.1305019571332496,0.20343162197635498,0.12601816477335226,0.07743116145731385,5.530797207445295e-10,5.530797207445295e-10,0.34093955443669377,0.1216775391168762,ME3
0.2508021862586193,0.2405322691631729,0.061807659297282436,0.11509469097646274,3.4877178978088165e-10,3.4877178978088165e-10,0.2341070921195005,0.09765610148741866,ME1
0.1934452642139975,0.18868798961606856,0.177386516967769,0.07206960798862029,4.0038670882351996e-10,4.0038670882351996e-10,0.2522984744535636,0.11611214595920749,NUC
0.2577814559669016,0.2241513465314491,0.10164420723627428,0.10706523160181555,3.8237582578371324e-10,3.8237582578371324e-10,0.2252350758440151,0.08412268205479274,EXC
0.10110635927062289,0.2129454416916973,0.10050408758787498,0.08469144455732926,5.293215251750483e-10,5.293215251750483e-10,0.3843019297660004,0.11645073606783216,ME3
0.20385336741462956,0.1375474299854169,0.11727196159612241,0.12352646619399456,3.860202056499198e-10,3.860202056499198e-10,0.2749732975613055,0.14282747647649055,NUC
0.1976303900724796,0.2564153195403038,0.08145618140277278,0.11154066424241861,4.290025531285233e-10,4.290025531285233e-10,0.25857688176674254,0.09438056211727766,ME3
0.23519283973512287,0.14072805152041742,0.174976282827392,0.0592419703042173,3.949464660618056e-10,3.949464660618056e-10,0.30297263189441376,0.08688822292854369,CYT
0.14344862726990398,0.17847522582937386,0.11356145183465433,0.05865885778756587,3.4505210260302216e-10,3.4505210260302216e-10,0.25051728031710924,0.2553385562712885,CYT
0.1484518937947333,0.2841337318197362,0.1294786628333814,0.06393008998974613,4.2620059709030355e-10,4.2620059709030355e-10,0.2802414889239344,0.09376413178606738,ME3
0.16233173309376894,0.14761199744668596,0.10160003005493955,0.07491308896772668,5.350934888045227e-10,5.350934888045227e-10,0.3958225812946034,0.11772056807208849,ME3
0.1433312512109761,0.1365140692480226,0.12806594122051437,0.16275510691892137,4.3987866615957485e-10,4.3987866615957485e-10,0.3193639635420357,0.10996966697977238,NUC
0.1431777071924384,0.23326568102507902,0.10156018343871172,0.07551298357194382,4.719561443749231e-10,4.719561443749231e-10,0.34265309159347557,0.1038303522344392,ME3
0.258883345489836,0.25332013517414165,0.09299093590817983,0.08348049931535803,3.3392199592574416e-10,3.3392199592574416e-10,0.23786224400705477,0.0734628394375857,EXC
0.22152239426387707,0.2266148630888134,0.10078514014802577,0.06824593787978682,3.7914409722579293e-10,3.7914409722579293e-10,0.2804627572311005,0.1023689066301082,ME3
0.16384160817223203,0.12570606153676794,0.21534456082478415,0.07696004449791398,4.050528636466375e-10,4.050528636466375e-10,0.2885308073862192,0.12961691677197687,NUC
0.2689552199799515,0.3095303608750473,0.04629169513465536,0.06981629276595357,3.3245853539759547e-10,3.3245853539759547e-10,0.23226555245954575,0.07314087811992953,ME1
0.2172208045562275,0.2799901265886769,0.044049079915723696,0.06186448541414784,3.866530314218425e-10,3.866530314218425e-10,0.23834775948230938,0.15852774326960847,ME3
0.11379274990253527,0.13228258536571275,0.151505421754493,0.06444807582623935,4.603433954706853e-10,4.603433954706853e-10,0.3216097698987674,0.21636139633156548,NUC
0.14015166045323316,0.2867470749268412,0.07017438999346608,0.07853683807930135,4.6198139774894095e-10,4.6198139774894095e-10,0.32275412765644695,0.1016359079667484,ME3
0.17573575340016168,0.128411182848408,0.08484890835008951,0.12847538843955292,5.585886429607142e-10,5.585886429607142e-10,0.3596392638346648,0.12288950200994576,ME3
0.18387517159134809,0.24115664990803665,0.12747723690868334,0.05454963453389411,4.19612570109858e-10,4.19612570109858e-10,0.25866528336404554,0.13427602285476714,ME3
0.045611322443112765,0.2436681484623073,0.16557358984840972,0.13080313607496322,4.510452952548894e-10,4.510452952548894e-10,0.3151138368619954,0.09922996540712095,ME3
0.10911176919918873,0.08061450650326671,0.15023969325094308,0.09171450386289345,5.394970783729199e-10,5.394970783729199e-10,0.4064704020533408,0.16184912405137306,ME3
0.1926318393338722,0.162574629987447,0.10850780841954696,0.15429810339172417,4.2860584156421757e-10,4.2860584156421757e-10,0.2876943324374642,0.09429328557273371,ME3
0.2947503004268006,0.197294901073906,0.1270848695196747,0.07448813172024618,3.238614408538467e-10,3.238614408538467e-10,0.23513227929994193,0.07124951731170771,ME1
0.188109256677931,0.21775381883753905,0.08922970759646762,0.08811433625701894,4.405716790822363e-10,4.405716790822363e-10,0.31986710991123635,0.09692576983866366,ME3
0.29564076362359876,0.26211215598806603,0.05773103209877587,0.0526240562133804,3.508270390836891e-10,3.508270390836891e-10,0.2547100424252862,0.07718194894923863,ME2
0.1212796109129783,0.1424480401638995,0.18217528032678149,0.05596829473290432,3.9977353095093424e-10,3.9977353095093424e-10,0.29024653656962984,0.2078822364942593,NUC
0.25097221711243745,0.252532813146473,0.09270191898172588,0.10252832235497457,3.6617257853143564e-10,3.6617257853143564e-10,0.22070676002895565,0.08055796764308841,ME1
0.26963639134597805,0.2398564601062983,0.11446314633381328,0.06608045501126039,3.477918666498343e-10,3.477918666498343e-10,0.23344933549631075,0.07651421101075541,ME1
0.18421489690640316,0.20828653492127902,0.07645961435809649,0.09923365650624745,4.3145067858607296e-10,4.3145067858607296e-10,0.33688614672468564,0.09491914972038672,ME3
0.1944710487625877,0.22189645302832062,0.09690414739605889,0.1764076802257481,3.32844679043214e-10,3.32844679043214e-10,0.23709484019924365,0.07322582972235175,ME2
0.21674855627087022,0.24888205083206666,0.04485032156589603,0.10629526157182359,3.936861525116201e-10,3.936861525116201e-10,0.29661285502572865,0.08661095394624257,ME3
0.14457924457297983,0.15300300552700394,0.15726384870653876,0.07543048194977327,4.437087147415562e-10,4.437087147415562e-10,0.3099882806056178,0.15973513775066894,NUC
0.2862909355219432,0.20624812428240547,0.11810968550191815,0.0645969127717225,3.588717356269487e-10,3.588717356269487e-10,0.24580255900746673,0.07895178219680045,POX
0.25597968700560897,0.2182202313104889,0.06117197763304213,0.06558509885166615,3.4518472898148116e-10,3.4518472898148116e-10,0.25061357070160256,0.14842943380722162,ME1
0.19522425212956535,0.2296689907907284,0.1374601143653236,0.05646861523720806,4.343739600218008e-10,4.343739600218008e-10,0.2856157549692566,0.09556227163917012,MIT
0.21395143626606622,0.17616354600673623,0.07642538213238168,0.09288623356855565,4.6443116552062235e-10,4.6443116552062235e-10,0.32446560925281115,0.11610779184458676,ME3
0.1535665506144569,0.16146061657480298,0.18742246728014733,0.2391799023703614,3.7965063808049335e-10,3.7965063808049335e-10,0.19762635992840055,0.06074410247252957,CYT
0.1257958237878429,0.06154628285146546,0.1848513203623122,0.07301627183761228,4.867751423389143e-10,4.867751423389143e-10,0.3600802427648761,0.19471005742234088,NUC
0.11674969466376497,0.07962239726469252,0.13700847599390167,0.06061255002111323,4.3294678277261746e-10,4.3294678277261746e-10,0.3202620041277596,0.28574487706287427,NUC
0.20412856250375347,0.23992219885446045,0.13700198713474834,0.061846611547160486,3.865413197538698e-10,3.865413197538698e-10,0.24886906926916977,0.10823156991762488,MIT
0.25533159296335695,0.2541417905744647,0.03498470877743891,0.09519727924474287,3.0708799657308027e-10,3.0708799657308027e-10,0.23136766895803884,0.1289769588677817,ME1
0.12242491858709752,0.17533499815592005,0.22067478960975812,0.11331650467664343,4.3583270861850277e-10,4.3583270861850277e-10,0.29851555428412224,0.06973323381479316,NUC
0.11591663998136878,0.047432556333476664,0.16541353420631918,0.15130985395068017,3.4388603092453215e-10,3.4388603092453215e-10,0.28264605315856994,0.23728136168181316,NUC
0.09499176651770078,0.12274798128668636,0.10701604070412347,0.20023264419302522,4.4496143055125285e-10,4.4496143055125285e-10,0.292577379437566,0.18243418697097508,ME3
0.1654538509145731,0.16925738770984794,0.11345927265951845,0.27530082041793574,3.2011723267188203e-10,3.2011723267188203e-10,0.20610287614995904,0.07042579150793127,NUC
0.13295818607195703,0.13601469608652456,0.0998588909142036,0.08327121966292345,4.3826957486659934e-10,4.3826957486659934e-10,0.27616986953229106,0.27172713685556116,NUC
0.2675524225989849,0.2529679732502292,0.07307147125975257,0.10462921275424189,3.607903875636259e-10,3.607903875636259e-10,0.22240503379042276,0.07937388562478807,ME1
0.172050075431268,0.12222586788644961,0.19921269275815232,0.08081574399062771,4.253460187646405e-10,4.253460187646405e-10,0.33211949452924333,0.09357612455356693,CYT
0.18471631891219192,0.23256944120906486,0.12272453919153557,0.08430642270701275,4.2153211142740316e-10,4.2153211142740316e-10,0.2829462122015698,0.0927370649355608,MIT
0.12786138147536225,0.13952077178220426,0.1200386387500771,0.08724408274718683,3.793220972515858e-10,3.793220972515858e-10,0.25980965603109313,0.2655254684554321,CYT
0.14138039518885653,0.2024827267472866,0.11376903417336032,0.19413547965946404,3.595101468517665e-10,3.595101468517665e-10,0.25116462350252505,0.0970677400094871,MIT
0.22859172906247888,0.2301348587766484,0.09810567293447907,0.14208971615532306,3.229311723463452e-10,3.229311723463452e-10,0.23003316418608113,0.07104485823912711,POX
0.15439537918184346,0.15409238853089677,0.15696942995607047,0.2312541519199164,3.3515094432574714e-10,3.3515094432574714e-10,0.22955544165415578,0.07373320808681531,MIT
0.14460693237681257,0.16765539356083164,0.15748122041098486,0.06006007949799183,4.29000564778509e-10,4.29000564778509e-10,0.311466163898329,0.1587302093970489,NUC
0.07646566417725978,0.15085959806397622,0.19074933694532661,0.07291547264874179,4.861031477509243e-10,4.861031477509243e-10,0.3729010453361273,0.136108881856362,NUC
0.17979005187074532,0.1682701219365471,0.07326214630472269,0.1327768660556967,3.4045350183395685e-10,3.4045350183395685e-10,0.2518423167655722,0.19405849638580888,NUC
0.15387125264022047,0.11993030324164133,0.06603757233116067,0.052169682278562356,6.521210203305168e-10,6.521210203305168e-10,0.46452456307933837,0.14346662512483468,ME3
0.14222663399075122,0.18860620030739594,0.21364000694058102,0.14064633806272975,4.688211253130288e-10,4.688211253130288e-10,0.26331049550764546,0.051570324253254286,CYT
0.14181080339985813,0.2331495348559917,0.14834999955754727,0.0811360384237779,4.507557665167896e-10,4.507557665167896e-10,0.296387353776864,0.09916626908444948,MIT
0.14683762004609086,0.18915735969850536,0.15929782123724637,0.08712365475751549,4.840203015194177e-10,4.840203015194177e-10,0.2917382644135323,0.12584527887906893,MIT
0.20459515782913254,0.1770987264084411,0.12854432884413447,0.16808279126365658,3.5017248106975854e-10,3.5017248106975854e-10,0.2446410487687709,0.07703794618551936,MIT
0.17190473823732075,0.14068525710966148,0.1985064524180211,0.09562201081423874,3.8248804172700277e-10,3.8248804172700277e-10,0.3091341710933532,0.08414736956242864,MIT
0.17827354815734925,0.20516826442432337,0.1380773763767811,0.06280428561703208,3.30548869928859e-10,3.30548869928859e-10,0.217347202475552,0.19832932228786423,NUC
0.22198779550154393,0.22245645376002038,0.1684262866868059,0.044352255791217925,4.032023217092328e-10,4.032023217092328e-10,0.25407269627477364,0.08870451117923353,CYT
0.17111138177787646,0.22708537512323132,0.1875610219297498,0.06997068149461604,4.1159224166484587e-10,4.1159224166484587e-10,0.2537212452734835,0.09055029357785832,CYT
0.2700225635489963,0.1703418204097074,0.14703127370985464,0.07209602476117302,4.005334686702198e-10,4.005334686702198e-10,0.25239095326121985,0.08811736350798181,CYT
0.22146361846909662,0.15858831540645507,0.1646680121121688,0.09855131043753192,3.9420524017330666e-10,3.9420524017330666e-10,0.2700035895540043,0.08672515323233271,CYT
0.1386010953570241,0.09977626758167236,0.24867622651542093,0.18731681352748558,4.5687027578198856e-10,4.5687027578198856e-10,0.27537386531176744,0.05025573079288901,CYT
0.1358958596313967,0.13901990237124598,0.2551631115729843,0.15678355650588896,4.479530173083884e-10,4.479530173083884e-10,0.26386273667070226,0.04927483235187574,CYT
0.2866060567564359,0.2052362913209955,0.10147823877590145,0.061947852267420785,3.6439912884130386e-10,3.6439912884130386e-10,0.26456375144096217,0.08016780870948598,ME2
0.14533505105983976,0.12389673898332346,0.18192432542748604,0.14372021716316713,3.593005420096665e-10,3.593005420096665e-10,0.23625241154373874,0.16887125510384376,NUC
0.25148849597391937,0.2021405892068901,0.07588995103069973,0.07594054433112042,3.9968707332333343e-10,3.9968707332333343e-10,0.30660926212717576,0.08793115653082043,ME2
0.1473813306040419,0.12721168735549077,0.20235783154275697,0.06558469234629555,4.0990432460244514e-10,4.0990432460244514e-10,0.297601770326748,0.15986268700485792,NUC
0.23592511956256187,0.18324622428515983,0.1624266471336174,0.05054914166365375,3.8883954826780153e-10,3.8883954826780153e-10,0.28230816556957217,0.08554470100775588,CYT
