compactness,circularity,distance_circularity,radius_ratio,pr.axis_aspect_ratio,max.length_aspect_ratio,scatter_ratio,elongatedness,pr.axis_rectangularity,max.length_rectangularity,scaled_variance,scaled_variance.1,scaled_radius_of_gyration,scaled_radius_of_gyration.1,skewness_about,skewness_about.1,skewness_about.2,hollows_ratio,Adjusted_p,class
0.04435107376283847,0.04519774011299435,0.04117063492063492,0.029696363029696363,0.028985507246376812,0.010101010101010102,0.033962264150943396,0.03825136612021858,0.038314176245210725,0.04698581560283688,0.030555555555555555,0.020683256930801135,0.03814262023217247,0.02880658436213992,0.015151515151515152,0.02168021680216802,0.050431499460625674,0.05186940494997367,0.3856633952622879,0
0.042483660130718956,0.038606403013182675,0.041666666666666664,0.023523523523523524,0.022946859903381644,0.00909090909090909,0.031236897274633125,0.040983606557377046,0.03639846743295019,0.04225768321513002,0.029513888888888888,0.018009168303863784,0.03275290215588723,0.02962962962962963,0.022727272727272728,0.018970189701897018,0.050970873786407765,0.05239599789362823,0.41583540010405184,0
0.04855275443510738,0.047080979284369114,0.05257936507936508,0.0348682015348682,0.026570048309178744,0.010101010101010102,0.04339622641509434,0.029143897996357013,0.044061302681992334,0.0466903073286052,0.03871527777777778,0.034654005675616675,0.04560530679933665,0.030041152263374487,0.03535353535353535,0.012195121951219513,0.05070118662351672,0.051606108478146395,0.3180842119115289,1
0.04341736694677871,0.038606403013182675,0.040674603174603176,0.026526526526526525,0.025362318840579712,0.00909090909090909,0.03018867924528302,0.04189435336976321,0.03639846743295019,0.04225768321513002,0.027777777777777776,0.016863130320890634,0.026326699834162522,0.025925925925925925,0.015151515151515152,0.013550135501355014,0.053667745415318234,0.054502369668246446,0.431817389549102,0
0.03968253968253968,0.04143126177024482,0.034722222222222224,0.03420086753420087,0.04146537842190016,0.052525252525252523,0.031236897274633125,0.040983606557377046,0.03639846743295019,0.0425531914893617,0.041840277777777775,0.017736302117441607,0.03897180762852405,0.05226337448559671,0.022727272727272728,0.014905149051490514,0.04854368932038835,0.04818325434439179,0.3196291876364342,2
0.045284780578898225,0.04048964218455744,0.036210317460317464,0.028862195528862194,0.026167471819645734,0.006060606060606061,0.03207547169811321,0.03825136612021858,0.03639846743295019,0.04225768321513002,0.030555555555555555,0.019700938659681293,0.03565505804311774,0.027160493827160494,0.03282828282828283,0.0013550135501355014,0.05393743257820928,0.053712480252764615,0.4130367426057935,2
0.04201680672268908,0.04048964218455744,0.03273809523809524,0.02619285952619286,0.026167471819645734,0.00909090909090909,0.028721174004192874,0.04371584699453552,0.034482758620689655,0.04314420803782506,0.028125,0.015335079676926435,0.03399668325041459,0.02757201646090535,0.007575757575757576,0.0040650406504065045,0.052049622437971954,0.05318588730911006,0.451335140399175,0
0.040149393090569564,0.032015065913371,0.030753968253968252,0.02335669002335669,0.02455716586151369,0.007070707070707071,0.025576519916142557,0.04918032786885246,0.032567049808429116,0.037529550827423167,0.024479166666666666,0.012169831914429163,0.02321724709784411,0.02633744855967078,0.005050505050505051,0.018970189701897018,0.05393743257820928,0.05476566614007372,0.47831607365637074,0
0.040149393090569564,0.03389830508474576,0.034722222222222224,0.02385719052385719,0.02455716586151369,0.00909090909090909,0.027882599580712788,0.04553734061930783,0.034482758620689655,0.0384160756501182,0.0265625,0.0145164811176599,0.026326699834162522,0.027160493827160494,0.005050505050505051,0.013550135501355014,0.052319309600863,0.05318588730911006,0.46873402741453796,0
0.04201680672268908,0.032015065913371,0.03273809523809524,0.022689356022689355,0.02214170692431562,0.006060606060606061,0.02578616352201258,0.04918032786885246,0.032567049808429116,0.03486997635933806,0.025694444444444443,0.012224405151713599,0.024461028192371476,0.026748971193415638,0.012626262626262626,0.03523035230352303,0.05285868392664509,0.05318588730911006,0.4569048104121154,1
0.04108309990662932,0.04331450094161959,0.03670634920634921,0.028528528528528527,0.027375201288244767,0.006060606060606061,0.031865828092243184,0.039162112932604735,0.03639846743295019,0.04373522458628842,0.03125,0.019046059812268062,0.03980099502487562,0.029218106995884775,0.012626262626262626,0.014905149051490514,0.050970873786407765,0.05134281200631911,0.4166098217204275,2
0.041549953314659195,0.03954802259887006,0.042162698412698416,0.024024024024024024,0.023349436392914653,0.010101010101010102,0.031865828092243184,0.04007285974499089,0.03639846743295019,0.0425531914893617,0.030034722222222223,0.01882776686313032,0.03337479270315091,0.02962962962962963,0.020202020202020204,0.017615176151761516,0.050431499460625674,0.05186940494997367,0.4163894962137634,0
0.04388422035480859,0.046139359698681735,0.039186507936507936,0.0338672005338672,0.0285829307568438,0.005050505050505051,0.03647798742138365,0.033697632058287796,0.040229885057471264,0.04550827423167849,0.034027777777777775,0.025376555337262605,0.042703150912106136,0.029218106995884775,0.015151515151515152,0.0027100271002710027,0.053128371089536136,0.05239599789362823,0.39266399464198265,2
0.04481792717086835,0.051789077212806026,0.05109126984126984,0.033533533533533534,0.026167471819645734,0.00909090909090909,0.042767295597484274,0.029143897996357013,0.044061302681992334,0.04905437352245863,0.03940972222222222,0.034053700065487885,0.05099502487562189,0.030452674897119343,0.015151515151515152,0.0027100271002710027,0.05016181229773463,0.05107951553449184,0.34446894938821115,1
0.041549953314659195,0.03389830508474576,0.025297619047619048,0.01818485151818485,0.020933977455716585,0.006060606060606061,0.024737945492662474,0.05191256830601093,0.032567049808429116,0.038120567375886524,0.02378472222222222,0.011242086880593756,0.025912106135986733,0.03292181069958848,0.005050505050505051,0.018970189701897018,0.048813376483279394,0.04870984728804634,0.49133191207336047,0
0.046218487394957986,0.038606403013182675,0.03819444444444445,0.0328661995328662,0.027777777777777776,0.006060606060606061,0.03710691823899371,0.03278688524590164,0.040229885057471264,0.041075650118203307,0.035069444444444445,0.02646802008295132,0.03130182421227198,0.02962962962962963,0.010101010101010102,0.013550135501355014,0.05339805825242718,0.05239599789362823,0.4071626229978771,2
0.04855275443510738,0.05084745762711865,0.0496031746031746,0.031031031031031032,0.02455716586151369,0.010101010101010102,0.045283018867924525,0.028233151183970857,0.04597701149425287,0.051122931442080376,0.0390625,0.0374372407771229,0.04560530679933665,0.030452674897119343,0.012626262626262626,0.014905149051490514,0.04989212513484358,0.05134281200631911,0.3333672220603213,1
0.0392156862745098,0.044256120527306965,0.03720238095238095,0.025525525525525526,0.02576489533011272,0.006060606060606061,0.03228511530398323,0.039162112932604735,0.03639846743295019,0.04284869976359338,0.030381944444444444,0.019318925998690242,0.03814262023217247,0.030864197530864196,0.0,0.0040650406504065045,0.04989212513484358,0.05055292259083728,0.44806261331416763,2
0.0392156862745098,0.03483992467043315,0.02628968253968254,0.020186853520186853,0.023752012882447666,0.005050505050505051,0.02578616352201258,0.05009107468123861,0.032567049808429116,0.03693853427895981,0.024479166666666666,0.012060685439860292,0.027570480928689883,0.03374485596707819,0.017676767676767676,0.0013550135501355014,0.0482740021574973,0.04818325434439179,0.4919382860405075,0
0.04388422035480859,0.04048964218455744,0.031746031746031744,0.028862195528862194,0.027777777777777776,0.007070707070707071,0.031446540880503145,0.039162112932604735,0.03639846743295019,0.04196217494089834,0.029340277777777778,0.018773193625845886,0.03669154228855721,0.027983539094650206,0.022727272727272728,0.0013550135501355014,0.053667745415318234,0.05423907319641917,0.4264224714743222,2
0.04061624649859944,0.03672316384180791,0.034722222222222224,0.024691358024691357,0.02455716586151369,0.007070707070707071,0.029979035639413,0.04189435336976321,0.034482758620689655,0.04018912529550828,0.02847222222222222,0.016753983846321763,0.029228855721393034,0.028395061728395062,0.0025252525252525255,0.0027100271002710027,0.05177993527508091,0.05239599789362823,0.4728125272425193,2
0.046218487394957986,0.04990583804143126,0.052083333333333336,0.03653653653653654,0.026570048309178744,0.011111111111111112,0.042767295597484274,0.029143897996357013,0.044061302681992334,0.04875886524822695,0.03836805555555556,0.03399912682820345,0.04643449419568822,0.027983539094650206,0.0,0.008130081300813009,0.05151024811218986,0.05292259083728278,0.35349514782500735,1
0.03968253968253968,0.0423728813559322,0.03968253968253968,0.02569235902569236,0.02576489533011272,0.00909090909090909,0.030817610062893082,0.040983606557377046,0.03639846743295019,0.04373522458628842,0.029340277777777778,0.01768172888015717,0.036069651741293535,0.029218106995884775,0.0025252525252525255,0.005420054200542005,0.05070118662351672,0.05239599789362823,0.4424267105547127,0
0.038748832866479926,0.03389830508474576,0.026785714285714284,0.019853186519853187,0.022946859903381644,0.006060606060606061,0.026834381551362682,0.0482695810564663,0.034482758620689655,0.03693853427895981,0.024826388888888887,0.0129884304736957,0.028814262023217248,0.03374485596707819,0.015151515151515152,0.0040650406504065045,0.0482740021574973,0.04818325434439179,0.4891334901150499,1
0.049953314659197015,0.05084745762711865,0.04861111111111111,0.0338672005338672,0.026167471819645734,0.011111111111111112,0.04570230607966457,0.028233151183970857,0.04789272030651341,0.04934988179669031,0.03975694444444444,0.03798297314996726,0.04477611940298507,0.02962962962962963,0.0025252525252525255,0.037940379403794036,0.050431499460625674,0.05239599789362823,0.3128254778607832,1
0.047619047619047616,0.0423728813559322,0.042162698412698416,0.03219886553219887,0.02576489533011272,0.006060606060606061,0.04025157232704402,0.030054644808743168,0.0421455938697318,0.04314420803782506,0.03767361111111111,0.031106745252128355,0.0337893864013267,0.031275720164609055,0.015151515151515152,0.009485094850948509,0.052588996763754045,0.05081621906266456,0.38633769788800254,2
0.03734827264239029,0.035781544256120526,0.03125,0.021521521521521522,0.02214170692431562,0.007070707070707071,0.030607966457023062,0.04189435336976321,0.03639846743295019,0.0384160756501182,0.029166666666666667,0.017135996507312814,0.03275290215588723,0.034156378600823045,0.022727272727272728,0.02710027100271003,0.04854368932038835,0.04870984728804634,0.4372763604059833,1
0.041549953314659195,0.04048964218455744,0.042162698412698416,0.02669336002669336,0.02576489533011272,0.011111111111111112,0.03249475890985325,0.039162112932604735,0.03639846743295019,0.044621749408983453,0.030034722222222223,0.019428072473259114,0.036069651741293535,0.02962962962962963,0.012626262626262626,0.012195121951219513,0.04989212513484358,0.051606108478146395,0.41806955667889956,0
0.04108309990662932,0.03954802259887006,0.03819444444444445,0.02519185852519186,0.023349436392914653,0.00808080808080808,0.029350104821802937,0.042805100182149364,0.034482758620689655,0.04196217494089834,0.028645833333333332,0.015989958524339664,0.03275290215588723,0.02633744855967078,0.025252525252525252,0.014905149051490514,0.05339805825242718,0.05397577672459189,0.4246945396313355,1
0.04341736694677871,0.03295668549905838,0.03273809523809524,0.02569235902569236,0.023752012882447666,0.006060606060606061,0.029769392033542976,0.04189435336976321,0.034482758620689655,0.037825059101654845,0.028125,0.016590264134468458,0.024875621890547265,0.02633744855967078,0.012626262626262626,0.017615176151761516,0.053128371089536136,0.05318588730911006,0.4589272794603141,1
0.04715219421101774,0.04519774011299435,0.053075396825396824,0.037037037037037035,0.027375201288244767,0.010101010101010102,0.04360587002096436,0.029143897996357013,0.04597701149425287,0.04550827423167849,0.04027777777777778,0.03498144509932329,0.04228855721393035,0.02880658436213992,0.012626262626262626,0.051490514905149054,0.05124056094929881,0.05318588730911006,0.3009287764380544,1
0.04061624649859944,0.035781544256120526,0.042162698412698416,0.02952952952952953,0.02455716586151369,0.00808080808080808,0.034381551362683435,0.03642987249544627,0.038314176245210725,0.038120567375886524,0.03229166666666667,0.021938441388343156,0.0269485903814262,0.025925925925925925,0.0025252525252525255,0.03387533875338753,0.05339805825242718,0.05397577672459189,0.42114678926348226,1
0.03828197945845005,0.04143126177024482,0.03571428571428571,0.019686353019686353,0.020933977455716585,0.007070707070707071,0.031865828092243184,0.04007285974499089,0.03639846743295019,0.04343971631205674,0.030208333333333334,0.018554900676708144,0.03669154228855721,0.03374485596707819,0.005050505050505051,0.0027100271002710027,0.04854368932038835,0.04870984728804634,0.4608908629037809,2
0.04201680672268908,0.04519774011299435,0.04265873015873016,0.05105105105105105,0.050724637681159424,0.049494949494949494,0.03207547169811321,0.04007285974499089,0.03639846743295019,0.04609929078014184,0.04722222222222222,0.018882340100414757,0.04145936981757877,0.048559670781893,0.0,0.02032520325203252,0.04989212513484358,0.05107951553449184,0.2867895482787536,0
0.04948646125116713,0.04990583804143126,0.04861111111111111,0.029362696029362697,0.021739130434782608,0.010101010101010102,0.045283018867924525,0.028233151183970857,0.04597701149425287,0.05053191489361702,0.04079861111111111,0.03771010696354508,0.045190713101160865,0.030452674897119343,0.0025252525252525255,0.012195121951219513,0.050431499460625674,0.05186940494997367,0.34959527163136206,1
0.037815126050420166,0.0423728813559322,0.03373015873015873,0.02819486152819486,0.02938808373590982,0.006060606060606061,0.03165618448637317,0.04007285974499089,0.03639846743295019,0.04314420803782506,0.030034722222222223,0.0183366077275704,0.03855721393034826,0.030864197530864196,0.017676767676767676,0.0,0.049352750809061485,0.04976303317535545,0.4365812697644492,2
0.04435107376283847,0.04519774011299435,0.051587301587301584,0.03570236903570237,0.026972624798711754,0.00909090909090909,0.0429769392033543,0.029143897996357013,0.044061302681992334,0.044621749408983453,0.03940972222222222,0.03427199301462563,0.04187396351575456,0.030452674897119343,0.012626262626262626,0.012195121951219513,0.05016181229773463,0.05081621906266456,0.3544863227332521,1
0.04108309990662932,0.03483992467043315,0.025297619047619048,0.017517517517517518,0.020933977455716585,0.005050505050505051,0.024947589098532494,0.05191256830601093,0.032567049808429116,0.037825059101654845,0.0234375,0.011296660117878193,0.025912106135986733,0.03539094650205761,0.020202020202020204,0.02168021680216802,0.0482740021574973,0.04818325434439179,0.4736483837749522,0
0.04388422035480859,0.046139359698681735,0.043154761904761904,0.022856189522856188,0.021739130434782608,0.011111111111111112,0.03312368972746331,0.039162112932604735,0.038314176245210725,0.047872340425531915,0.03090277777777778,0.01997380484610347,0.03855721393034826,0.030864197530864196,0.012626262626262626,0.006775067750677507,0.049352750809061485,0.05107951553449184,0.41251131683660014,0
0.04341736694677871,0.03483992467043315,0.037698412698412696,0.03053053053053053,0.025362318840579712,0.00808080808080808,0.034381551362683435,0.03642987249544627,0.038314176245210725,0.03959810874704492,0.03315972222222222,0.022102161100196464,0.028814262023217248,0.02757201646090535,0.010101010101010102,0.009485094850948509,0.05177993527508091,0.05186940494997367,0.43646332239851715,1
0.05555555555555555,0.05084745762711865,0.05257936507936508,0.03670337003670337,0.026167471819645734,0.012121212121212121,0.04465408805031446,0.028233151183970857,0.04597701149425287,0.04934988179669031,0.03871527777777778,0.03683693516699411,0.04809286898839138,0.027160493827160494,0.050505050505050504,0.0013550135501355014,0.05177993527508091,0.05318588730911006,0.29017997283547037,1
0.04341736694677871,0.04331450094161959,0.040674603174603176,0.024190857524190857,0.023349436392914653,0.011111111111111112,0.03333333333333333,0.039162112932604735,0.038314176245210725,0.04728132387706856,0.03125,0.02024667103252565,0.03917910447761194,0.03168724279835391,0.005050505050505051,0.005420054200542005,0.049352750809061485,0.05107951553449184,0.42258533361747275,0
0.042483660130718956,0.04048964218455744,0.034722222222222224,0.022188855522188855,0.02214170692431562,0.00808080808080808,0.027253668763102725,0.04644808743169399,0.034482758620689655,0.04314420803782506,0.027604166666666666,0.013807029032962236,0.03233830845771144,0.02880658436213992,0.0025252525252525255,0.01084010840108401,0.05124056094929881,0.05107951553449184,0.4603228561522701,0
0.03968253968253968,0.03954802259887006,0.03273809523809524,0.020353687020353686,0.021739130434782608,0.006060606060606061,0.0310272536687631,0.04189435336976321,0.03639846743295019,0.041666666666666664,0.029861111111111113,0.017299716219166122,0.036069651741293535,0.03621399176954732,0.015151515151515152,0.018970189701897018,0.04854368932038835,0.047919957872564506,0.4388613549391265,2
0.041549953314659195,0.044256120527306965,0.04017857142857143,0.024524524524524523,0.02576489533011272,0.011111111111111112,0.03270440251572327,0.04007285974499089,0.038314176245210725,0.048167848699763594,0.029513888888888888,0.01920977952412137,0.03897180762852405,0.031275720164609055,0.015151515151515152,0.017615176151761516,0.04962243797195254,0.05081621906266456,0.40117899201398843,0
0.042483660130718956,0.0423728813559322,0.039186507936507936,0.029362696029362697,0.023752012882447666,0.00909090909090909,0.03417190775681342,0.03642987249544627,0.038314176245210725,0.04373522458628842,0.03194444444444444,0.022047587862912027,0.037106135986733,0.02551440329218107,0.0,0.013550135501355014,0.053667745415318234,0.05476566614007372,0.42250403284734506,1
0.036414565826330535,0.035781544256120526,0.03125,0.019185852519185854,0.020531400966183576,0.006060606060606061,0.029769392033542976,0.042805100182149364,0.03639846743295019,0.0384160756501182,0.028125,0.016317397948046278,0.030265339966832505,0.03168724279835391,0.005050505050505051,0.005420054200542005,0.048813376483279394,0.04870984728804634,0.48899823133720743,1
0.04295051353874883,0.035781544256120526,0.03521825396825397,0.02902902902902903,0.026570048309178744,0.007070707070707071,0.03228511530398323,0.039162112932604735,0.03639846743295019,0.03930260047281324,0.03142361111111111,0.01937349923597468,0.0269485903814262,0.02880658436213992,0.010101010101010102,0.032520325203252036,0.050970873786407765,0.05134281200631911,0.4247443014979695,1
0.0457516339869281,0.051789077212806026,0.05009920634920635,0.03803803803803804,0.02818035426731079,0.00909090909090909,0.0440251572327044,0.028233151183970857,0.04597701149425287,0.04964539007092199,0.04097222222222222,0.036072909845012005,0.050787728026533994,0.02962962962962963,0.0025252525252525255,0.008130081300813009,0.05070118662351672,0.05186940494997367,0.3384816559499976,1
0.04715219421101774,0.03954802259887006,0.030753968253968252,0.029195862529195864,0.026972624798711754,0.006060606060606061,0.031236897274633125,0.039162112932604735,0.03639846743295019,0.041075650118203307,0.029340277777777778,0.018609473913992577,0.034203980099502485,0.026748971193415638,0.017676767676767676,0.014905149051490514,0.05447680690399137,0.055028962611901,0.4214532045603997,2
0.04715219421101774,0.05273069679849341,0.051587301587301584,0.030864197530864196,0.0213365539452496,0.006060606060606061,0.05387840670859539,0.023679417122040074,0.05363984674329502,0.04964539007092199,0.04774305555555555,0.05217201484392054,0.04767827529021559,0.034156378600823045,0.012626262626262626,0.03523035230352303,0.04854368932038835,0.04844655081621906,0.28282880986470715,2
0.04388422035480859,0.03389830508474576,0.03273809523809524,0.02519185852519186,0.02455716586151369,0.00808080808080808,0.027882599580712788,0.04553734061930783,0.034482758620689655,0.0398936170212766,0.02673611111111111,0.014461907880375463,0.02466832504145937,0.02551440329218107,0.022727272727272728,0.0040650406504065045,0.054207119741100325,0.05476566614007372,0.4567073844288696,0
0.045284780578898225,0.04143126177024482,0.047619047619047616,0.032532532532532535,0.025362318840579712,0.00909090909090909,0.03878406708595388,0.03278688524590164,0.0421455938697318,0.0425531914893617,0.035069444444444445,0.027941497489631085,0.034203980099502485,0.027160493827160494,0.010101010101010102,0.01084010840108401,0.05151024811218986,0.05239599789362823,0.3931866315081882,1
0.041549953314659195,0.044256120527306965,0.041666666666666664,0.022188855522188855,0.02214170692431562,0.011111111111111112,0.03291404612159329,0.04007285974499089,0.038314176245210725,0.04728132387706856,0.029340277777777778,0.019318925998690242,0.03648424543946932,0.030452674897119343,0.012626262626262626,0.012195121951219513,0.04908306364617044,0.05055292259083728,0.4184496850173415,0
0.049953314659197015,0.04990583804143126,0.05109126984126984,0.036870203536870205,0.026570048309178744,0.011111111111111112,0.04381551362683438,0.029143897996357013,0.04597701149425287,0.048167848699763594,0.03854166666666667,0.03563632394673652,0.0439469320066335,0.027160493827160494,0.0,0.0013550135501355014,0.05151024811218986,0.05292259083728278,0.3563206737369288,1
0.03968253968253968,0.03672316384180791,0.03373015873015873,0.019853186519853187,0.020933977455716585,0.005050505050505051,0.026834381551362682,0.0482695810564663,0.034482758620689655,0.0398936170212766,0.025694444444444443,0.013152150185549006,0.02943615257048093,0.030864197530864196,0.020202020202020204,0.01084010840108401,0.04908306364617044,0.049236440231700894,0.46603755325730956,0
0.0480859010270775,0.047080979284369114,0.04861111111111111,0.0353687020353687,0.025362318840579712,0.00909090909090909,0.040461215932914046,0.030965391621129327,0.0421455938697318,0.047576832151300236,0.03715277777777778,0.03094302554027505,0.038349917081260364,0.02633744855967078,0.012626262626262626,0.006775067750677507,0.05339805825242718,0.053712480252764615,0.3659560071943935,1
0.03594771241830065,0.035781544256120526,0.03125,0.02252252252252252,0.023752012882447666,0.005050505050505051,0.027253668763102725,0.04735883424408015,0.034482758620689655,0.0384160756501182,0.025173611111111112,0.013479589609255622,0.028814262023217248,0.03251028806584362,0.03282828282828283,0.028455284552845527,0.049352750809061485,0.049236440231700894,0.4383338563607946,1
0.04481792717086835,0.03766478342749529,0.034722222222222224,0.02002002002002002,0.020128824476650563,0.00808080808080808,0.028721174004192874,0.04553734061930783,0.034482758620689655,0.041666666666666664,0.028125,0.014680200829513207,0.028814262023217248,0.03292181069958848,0.025252525252525252,0.017615176151761516,0.049352750809061485,0.04818325434439179,0.4392124945810195,0
0.038748832866479926,0.03954802259887006,0.03273809523809524,0.026026026026026026,0.026972624798711754,0.007070707070707071,0.031446540880503145,0.040983606557377046,0.03639846743295019,0.0425531914893617,0.030208333333333334,0.018172888015717092,0.03296019900497513,0.03209876543209877,0.010101010101010102,0.0027100271002710027,0.04908306364617044,0.049499736703528176,0.4526798617038138,2
0.04341736694677871,0.0423728813559322,0.04265873015873016,0.033533533533533534,0.027777777777777776,0.007070707070707071,0.03857442348008386,0.031876138433515486,0.0421455938697318,0.04284869976359338,0.035243055555555555,0.02854180309975988,0.03793532338308458,0.02962962962962963,0.0,0.005420054200542005,0.052319309600863,0.05186940494997367,0.4067655671902076,2
0.041549953314659195,0.038606403013182675,0.03720238095238095,0.02385719052385719,0.02254428341384863,0.007070707070707071,0.030607966457023062,0.04189435336976321,0.03639846743295019,0.040484633569739956,0.029513888888888888,0.017299716219166122,0.03233830845771144,0.031275720164609055,0.045454545454545456,0.006775067750677507,0.04962243797195254,0.049499736703528176,0.41800423927080865,1
0.0457516339869281,0.051789077212806026,0.05009920634920635,0.03653653653653654,0.027777777777777776,0.011111111111111112,0.04716981132075472,0.0273224043715847,0.04789272030651341,0.05260047281323877,0.04010416666666667,0.040820781488757917,0.04477611940298507,0.030452674897119343,0.015151515151515152,0.018970189701897018,0.050431499460625674,0.05134281200631911,0.30989948943765666,1
0.040149393090569564,0.04143126177024482,0.03869047619047619,0.027360694027360695,0.027375201288244767,0.00909090909090909,0.029769392033542976,0.04189435336976321,0.034482758620689655,0.04343971631205674,0.029166666666666667,0.01664483737175289,0.03544776119402985,0.02880658436213992,0.0025252525252525255,0.014905149051490514,0.05124056094929881,0.05292259083728278,0.4346564412482282,0
0.0457516339869281,0.046139359698681735,0.041666666666666664,0.03653653653653654,0.029790660225442835,0.007070707070707071,0.039832285115303984,0.030965391621129327,0.0421455938697318,0.04550827423167849,0.03611111111111111,0.030451866404715127,0.043325041459369815,0.030452674897119343,0.010101010101010102,0.009485094850948509,0.052588996763754045,0.05134281200631911,0.3707342833828463,2
0.045284780578898225,0.05555555555555555,0.05357142857142857,0.037871204537871204,0.02818035426731079,0.011111111111111112,0.0469601677148847,0.0273224043715847,0.04789272030651341,0.0549645390070922,0.0390625,0.03994760969220694,0.045190713101160865,0.02880658436213992,0.025252525252525252,0.03387533875338753,0.05016181229773463,0.052132701421800945,0.27685594909679345,1
0.04295051353874883,0.03672316384180791,0.04513888888888889,0.031865198531865195,0.0249597423510467,0.00808080808080808,0.03689727463312369,0.033697632058287796,0.040229885057471264,0.040484633569739956,0.034027777777777775,0.025431128574547043,0.03130182421227198,0.02757201646090535,0.007575757575757576,0.03116531165311653,0.05177993527508091,0.0526592943654555,0.39745921355329905,1
0.034080298786181136,0.03483992467043315,0.02628968253968254,0.018518518518518517,0.021739130434782608,0.006060606060606061,0.026415094339622643,0.05009107468123861,0.034482758620689655,0.037825059101654845,0.0234375,0.012388124863566908,0.030472636815920398,0.03374485596707819,0.0025252525252525255,0.02032520325203252,0.04746494066882417,0.04844655081621906,0.49085278733769644,1
0.041549953314659195,0.03954802259887006,0.0441468253968254,0.024524524524524523,0.02455716586151369,0.011111111111111112,0.03165618448637317,0.04007285974499089,0.03639846743295019,0.04284869976359338,0.029513888888888888,0.018445754202139272,0.0337893864013267,0.02962962962962963,0.027777777777777776,0.03116531165311653,0.050431499460625674,0.05239599789362823,0.39043693985745576,0
0.04715219421101774,0.04990583804143126,0.05109126984126984,0.0338672005338672,0.025362318840579712,0.00909090909090909,0.040880503144654086,0.030965391621129327,0.0421455938697318,0.047872340425531915,0.036458333333333336,0.031161318489412792,0.043532338308457715,0.027983539094650206,0.012626262626262626,0.006775067750677507,0.05151024811218986,0.052132701421800945,0.3594866312430931,1
0.042483660130718956,0.03672316384180791,0.04117063492063492,0.028361695028361694,0.024154589371980676,0.00808080808080808,0.03605870020964361,0.03460837887067395,0.040229885057471264,0.03959810874704492,0.03420138888888889,0.024285090591573893,0.03150912106135987,0.02962962962962963,0.0,0.013550135501355014,0.05070118662351672,0.05107951553449184,0.43357430791003815,1
0.041549953314659195,0.04143126177024482,0.03373015873015873,0.018852185518852184,0.020128824476650563,0.007070707070707071,0.031446540880503145,0.040983606557377046,0.03639846743295019,0.04343971631205674,0.0296875,0.017900021829294913,0.03917910447761194,0.03621399176954732,0.015151515151515152,0.006775067750677507,0.0482740021574973,0.047919957872564506,0.4438674169271317,2
0.04061624649859944,0.04331450094161959,0.03521825396825397,0.026526526526526525,0.026570048309178744,0.006060606060606061,0.03165618448637317,0.04007285974499089,0.03639846743295019,0.04314420803782506,0.030381944444444444,0.01871862038856145,0.03917910447761194,0.030041152263374487,0.005050505050505051,0.0,0.05016181229773463,0.050026329647182725,0.44686262942366173,2
0.046218487394957986,0.0480225988700565,0.04563492063492063,0.0338672005338672,0.026167471819645734,0.005050505050505051,0.04381551362683438,0.028233151183970857,0.04597701149425287,0.04698581560283688,0.04027777777777778,0.036618642217856365,0.044361525704809286,0.03209876543209877,0.012626262626262626,0.014905149051490514,0.05151024811218986,0.04976303317535545,0.3478659196903111,2
0.04388422035480859,0.03389830508474576,0.03373015873015873,0.021187854521187856,0.021739130434782608,0.007070707070707071,0.026624737945492662,0.04735883424408015,0.034482758620689655,0.03900709219858156,0.026909722222222224,0.013206723422833442,0.02404643449419569,0.027160493827160494,0.0025252525252525255,0.0027100271002710027,0.052588996763754045,0.051606108478146395,0.4902624419609295,0
0.03688141923436041,0.03766478342749529,0.03968253968253968,0.022188855522188855,0.02214170692431562,0.007070707070707071,0.030817610062893082,0.042805100182149364,0.03639846743295019,0.0398936170212766,0.029861111111111113,0.016972276795459505,0.029850746268656716,0.031275720164609055,0.020202020202020204,0.04065040650406504,0.048813376483279394,0.05081621906266456,0.4160133168472583,1
0.041549953314659195,0.03766478342749529,0.037698412698412696,0.0313646980313647,0.030595813204508857,0.007070707070707071,0.031446540880503145,0.04007285974499089,0.03639846743295019,0.04018912529550828,0.030208333333333334,0.018664047151277015,0.03067993366500829,0.02962962962962963,0.007575757575757576,0.01084010840108401,0.052049622437971954,0.05186940494997367,0.4344318017548642,2
0.051353874883286646,0.054613935969868174,0.05257936507936508,0.03003003003003003,0.020531400966183576,0.006060606060606061,0.05471698113207547,0.023679417122040074,0.05363984674329502,0.05053191489361702,0.04826388888888889,0.05446409080986684,0.05327529021558872,0.034156378600823045,0.022727272727272728,0.017615176151761516,0.048813376483279394,0.047919957872564506,0.275027195369587,2
0.041549953314659195,0.038606403013182675,0.041666666666666664,0.023523523523523524,0.023349436392914653,0.00909090909090909,0.031236897274633125,0.040983606557377046,0.03639846743295019,0.04284869976359338,0.029861111111111113,0.018009168303863784,0.033582089552238806,0.02962962962962963,0.010101010101010102,0.024390243902439025,0.05070118662351672,0.0526592943654555,0.4218117033803258,0
0.040149393090569564,0.03483992467043315,0.02976190476190476,0.019185852519185854,0.021739130434782608,0.005050505050505051,0.024947589098532494,0.051001821493624776,0.032567049808429116,0.03900709219858156,0.024479166666666666,0.011405806592447065,0.026741293532338308,0.02962962962962963,0.005050505050505051,0.01084010840108401,0.05016181229773463,0.050026329647182725,0.49341508505586307,0
0.042483660130718956,0.03954802259887006,0.041666666666666664,0.0348682015348682,0.030193236714975844,0.006060606060606061,0.035849056603773584,0.03460837887067395,0.038314176245210725,0.040780141843971635,0.0328125,0.024339663828858327,0.03337479270315091,0.028395061728395062,0.007575757575757576,0.016260162601626018,0.05285868392664509,0.05292259083728278,0.4070886395279485,2
0.03734827264239029,0.03483992467043315,0.028273809523809524,0.019352686019352687,0.02214170692431562,0.006060606060606061,0.02620545073375262,0.04918032786885246,0.034482758620689655,0.03693853427895981,0.024652777777777777,0.012497271338135779,0.02736318407960199,0.03333333333333333,0.020202020202020204,0.006775067750677507,0.04800431499460626,0.04844655081621906,0.4839014023644662,1
0.04855275443510738,0.051789077212806026,0.053075396825396824,0.037037037037037035,0.027375201288244767,0.011111111111111112,0.04570230607966457,0.028233151183970857,0.04597701149425287,0.051122931442080376,0.04027777777777778,0.038364985810958305,0.047470978441127694,0.029218106995884775,0.007575757575757576,0.013550135501355014,0.05070118662351672,0.05239599789362823,0.3204690952703221,1
0.04388422035480859,0.035781544256120526,0.041666666666666664,0.026359693026359692,0.02214170692431562,0.00909090909090909,0.035429769392033544,0.03551912568306011,0.038314176245210725,0.0384160756501182,0.034027777777777775,0.023466492032307357,0.03213101160862355,0.028395061728395062,0.022727272727272728,0.02032520325203252,0.05124056094929881,0.05134281200631911,0.4097399206283704,1
0.04855275443510738,0.04896421845574388,0.0496031746031746,0.031865198531865195,0.023752012882447666,0.00909090909090909,0.04129979035639413,0.030054644808743168,0.044061302681992334,0.0466903073286052,0.03784722222222222,0.03181619733682602,0.048507462686567165,0.02880658436213992,0.025252525252525252,0.013550135501355014,0.05151024811218986,0.052132701421800945,0.3366426099293911,1
0.04388422035480859,0.04519774011299435,0.043154761904761904,0.02702702702702703,0.02576489533011272,0.010101010101010102,0.03291404612159329,0.039162112932604735,0.038314176245210725,0.047576832151300236,0.03107638888888889,0.019810085134250165,0.03855721393034826,0.030864197530864196,0.010101010101010102,0.02032520325203252,0.04962243797195254,0.05134281200631911,0.3952038289029106,0
0.0392156862745098,0.0423728813559322,0.03273809523809524,0.02569235902569236,0.026167471819645734,0.006060606060606061,0.03039832285115304,0.04189435336976321,0.03639846743295019,0.0425531914893617,0.029166666666666667,0.017026850032743943,0.03669154228855721,0.030041152263374487,0.005050505050505051,0.0040650406504065045,0.04962243797195254,0.049499736703528176,0.4553446334545559,2
0.045284780578898225,0.047080979284369114,0.05357142857142857,0.035201868535201866,0.026167471819645734,0.010101010101010102,0.044863731656184486,0.028233151183970857,0.04597701149425287,0.04609929078014184,0.04027777777777778,0.03727352106526959,0.045190713101160865,0.02962962962962963,0.017676767676767676,0.03929539295392954,0.05070118662351672,0.05186940494997367,0.30550488221687067,1
0.041549953314659195,0.03954802259887006,0.03968253968253968,0.02519185852519186,0.0249597423510467,0.006060606060606061,0.03018867924528302,0.04189435336976321,0.03639846743295019,0.041075650118203307,0.028819444444444446,0.0168085570836062,0.035240464344941956,0.030452674897119343,0.04292929292929293,0.017615176151761516,0.04989212513484358,0.04976303317535545,0.4019293591395213,1
0.040149393090569564,0.04048964218455744,0.03373015873015873,0.025358692025358693,0.0249597423510467,0.007070707070707071,0.031446540880503145,0.04007285974499089,0.03639846743295019,0.04196217494089834,0.03107638888888889,0.018391180964854835,0.03399668325041459,0.030864197530864196,0.010101010101010102,0.012195121951219513,0.05070118662351672,0.05055292259083728,0.44048292964665303,2
0.04435107376283847,0.04331450094161959,0.052083333333333336,0.03653653653653654,0.027375201288244767,0.00909090909090909,0.04213836477987421,0.030054644808743168,0.044061302681992334,0.04373522458628842,0.03871527777777778,0.0328530888452303,0.041666666666666664,0.028395061728395062,0.012626262626262626,0.051490514905149054,0.05151024811218986,0.05318588730911006,0.31681590021883865,1
0.04061624649859944,0.04143126177024482,0.032242063492063495,0.020687354020687353,0.02254428341384863,0.006060606060606061,0.031236897274633125,0.04189435336976321,0.03639846743295019,0.0425531914893617,0.029513888888888888,0.017518009168303865,0.03544776119402985,0.03580246913580247,0.010101010101010102,0.016260162601626018,0.0482740021574973,0.047919957872564506,0.4434980140575189,2
0.03828197945845005,0.0423728813559322,0.03273809523809524,0.042042042042042045,0.050724637681159424,0.052525252525252523,0.0310272536687631,0.040983606557377046,0.03639846743295019,0.0425531914893617,0.04114583333333333,0.01779087535472604,0.038349917081260364,0.04897119341563786,0.0025252525252525255,0.0013550135501355014,0.048813376483279394,0.04870984728804634,0.3426912835189453,2
0.04435107376283847,0.03954802259887006,0.042162698412698416,0.02902902902902903,0.026570048309178744,0.00909090909090909,0.03207547169811321,0.04007285974499089,0.03639846743295019,0.0425531914893617,0.029166666666666667,0.01893691333769919,0.03109452736318408,0.026748971193415638,0.027777777777777776,0.006775067750677507,0.05285868392664509,0.053712480252764615,0.4110771401622296,0
0.04388422035480859,0.03954802259887006,0.03373015873015873,0.025025025025025027,0.02576489533011272,0.007070707070707071,0.026834381551362682,0.04735883424408015,0.034482758620689655,0.04225768321513002,0.02673611111111111,0.013425016371971186,0.03296019900497513,0.028395061728395062,0.03535353535353535,0.006775067750677507,0.05177993527508091,0.051606108478146395,0.42701227818516263,0
0.04295051353874883,0.035781544256120526,0.02976190476190476,0.021688355021688355,0.0249597423510467,0.005050505050505051,0.02389937106918239,0.052823315118397086,0.032567049808429116,0.03900709219858156,0.0234375,0.010587208033180528,0.02839966832504146,0.02962962962962963,0.03535353535353535,0.006775067750677507,0.05124056094929881,0.05107951553449184,0.4550079212495405,0
0.047619047619047616,0.0423728813559322,0.04117063492063492,0.03303303303303303,0.026167471819645734,0.005050505050505051,0.04067085953878407,0.030054644808743168,0.0421455938697318,0.04314420803782506,0.0390625,0.03143418467583497,0.03461857379767828,0.03251028806584362,0.0,0.036585365853658534,0.052049622437971954,0.05028962611901001,0.37202095899612,2
0.046218487394957986,0.04331450094161959,0.052083333333333336,0.0348682015348682,0.02576489533011272,0.011111111111111112,0.04129979035639413,0.030965391621129327,0.044061302681992334,0.04491725768321513,0.03680555555555556,0.03137961143855054,0.03296019900497513,0.026748971193415638,0.0,0.044715447154471545,0.052319309600863,0.05397577672459189,0.3464908573388429,1
0.03968253968253968,0.03672316384180791,0.03819444444444445,0.02519185852519186,0.023752012882447666,0.00808080808080808,0.031446540880503145,0.040983606557377046,0.03639846743295019,0.03959810874704492,0.030555555555555555,0.01806374154114822,0.027570480928689883,0.030041152263374487,0.0,0.02168021680216802,0.04962243797195254,0.05081621906266456,0.45159864479933176,1
0.03734827264239029,0.04143126177024482,0.03373015873015873,0.02252252252252252,0.023752012882447666,0.00808080808080808,0.031446540880503145,0.040983606557377046,0.03639846743295019,0.04284869976359338,0.029513888888888888,0.01795459506657935,0.03586235489220564,0.03292181069958848,0.017676767676767676,0.016260162601626018,0.04854368932038835,0.04870984728804634,0.4340145323029134,2
0.046218487394957986,0.04519774011299435,0.039186507936507936,0.03319986653319987,0.027375201288244767,0.006060606060606061,0.03878406708595388,0.031876138433515486,0.0421455938697318,0.04521276595744681,0.035069444444444445,0.028596376337044312,0.03544776119402985,0.030452674897119343,0.012626262626262626,0.01084010840108401,0.052588996763754045,0.05134281200631911,0.3877785886567833,2
0.041549953314659195,0.03766478342749529,0.03819444444444445,0.026526526526526525,0.026167471819645734,0.00909090909090909,0.03018867924528302,0.04189435336976321,0.03639846743295019,0.041666666666666664,0.029166666666666667,0.017135996507312814,0.029643449419568823,0.02880658436213992,0.0,0.006775067750677507,0.05124056094929881,0.0526592943654555,0.4552301246405366,0
0.04388422035480859,0.04519774011299435,0.04117063492063492,0.02702702702702703,0.02576489533011272,0.010101010101010102,0.03270440251572327,0.039162112932604735,0.03639846743295019,0.04521276595744681,0.030729166666666665,0.01948264571054355,0.03876451077943615,0.030452674897119343,0.010101010101010102,0.018970189701897018,0.04989212513484358,0.051606108478146395,0.4033782918450245,0
0.03594771241830065,0.035781544256120526,0.03720238095238095,0.024024024024024024,0.023752012882447666,0.006060606060606061,0.030817610062893082,0.04189435336976321,0.03639846743295019,0.03900709219858156,0.028993055555555557,0.01719056974459725,0.028192371475953566,0.03292181069958848,0.04040404040404041,0.02710027100271003,0.048813376483279394,0.049236440231700894,0.41626226074450645,1
0.04108309990662932,0.03295668549905838,0.0248015873015873,0.020186853520186853,0.023349436392914653,0.005050505050505051,0.02389937106918239,0.05373406193078324,0.032567049808429116,0.03605200945626478,0.022916666666666665,0.010478061558611657,0.028606965174129355,0.030452674897119343,0.05303030303030303,0.005420054200542005,0.04908306364617044,0.049236440231700894,0.4570951106592156,1
0.04341736694677871,0.04048964218455744,0.042162698412698416,0.022188855522188855,0.021739130434782608,0.010101010101010102,0.03249475890985325,0.04007285974499089,0.03639846743295019,0.04521276595744681,0.030208333333333334,0.019155206286836934,0.034203980099502485,0.030864197530864196,0.030303030303030304,0.017615176151761516,0.04962243797195254,0.051606108478146395,0.40214397419731507,0
0.04435107376283847,0.044256120527306965,0.04365079365079365,0.02702702702702703,0.02576489533011272,0.011111111111111112,0.03333333333333333,0.039162112932604735,0.038314176245210725,0.04639479905437352,0.030555555555555555,0.02024667103252565,0.038349917081260364,0.029218106995884775,0.030303030303030304,0.017615176151761516,0.050970873786407765,0.052132701421800945,0.377242524697061,0
0.04668534080298786,0.0423728813559322,0.0496031746031746,0.0348682015348682,0.026167471819645734,0.00808080808080808,0.04213836477987421,0.029143897996357013,0.044061302681992334,0.04343971631205674,0.04010416666666667,0.03334424798079022,0.03917910447761194,0.02962962962962963,0.012626262626262626,0.006775067750677507,0.050970873786407765,0.05134281200631911,0.3694666751079376,1
0.05088702147525677,0.04990583804143126,0.05406746031746032,0.036870203536870205,0.027777777777777776,0.012121212121212121,0.046331236897274634,0.028233151183970857,0.04789272030651341,0.04994089834515367,0.03923611111111111,0.03885614494651823,0.0439469320066335,0.02962962962962963,0.03282828282828283,0.037940379403794036,0.05070118662351672,0.05292259083728278,0.2699112226103101,1
0.04341736694677871,0.046139359698681735,0.039186507936507936,0.03003003003003003,0.026167471819645734,0.007070707070707071,0.03626834381551362,0.033697632058287796,0.040229885057471264,0.0466903073286052,0.0328125,0.025267408862693734,0.04021558872305141,0.02880658436213992,0.012626262626262626,0.013550135501355014,0.053128371089536136,0.05318588730911006,0.3915096497636219,2
0.041549953314659195,0.03483992467043315,0.026785714285714284,0.019853186519853187,0.0213365539452496,0.005050505050505051,0.028092243186582808,0.04553734061930783,0.034482758620689655,0.037529550827423167,0.02621527777777778,0.0145164811176599,0.030265339966832505,0.03251028806584362,0.04040404040404041,0.018970189701897018,0.04962243797195254,0.04870984728804634,0.44372836666553206,1
0.04201680672268908,0.04519774011299435,0.03869047619047619,0.023690357023690357,0.023752012882447666,0.011111111111111112,0.033542976939203356,0.039162112932604735,0.038314176245210725,0.04728132387706856,0.030034722222222223,0.020192097795241212,0.038349917081260364,0.031275720164609055,0.025252525252525252,0.014905149051490514,0.049352750809061485,0.05055292259083728,0.3973251009952564,0
0.04295051353874883,0.03766478342749529,0.040674603174603176,0.027193860527193862,0.025362318840579712,0.00909090909090909,0.030607966457023062,0.040983606557377046,0.03639846743295019,0.041371158392434985,0.028645833333333332,0.017408862693734994,0.02839966832504146,0.02633744855967078,0.022727272727272728,0.0,0.053667745415318234,0.05423907319641917,0.43627590830989404,0
0.04201680672268908,0.03389830508474576,0.028273809523809524,0.021688355021688355,0.022946859903381644,0.006060606060606061,0.025366876310272537,0.051001821493624776,0.032567049808429116,0.037529550827423167,0.02378472222222222,0.011787819253438114,0.02736318407960199,0.027983539094650206,0.05555555555555555,0.03116531165311653,0.05124056094929881,0.05134281200631911,0.4184264544291274,1
0.03968253968253968,0.0423728813559322,0.03521825396825397,0.025025025025025027,0.025362318840579712,0.00808080808080808,0.029979035639413,0.04189435336976321,0.03639846743295019,0.04343971631205674,0.0296875,0.016753983846321763,0.037106135986733,0.02962962962962963,0.005050505050505051,0.0040650406504065045,0.050431499460625674,0.051606108478146395,0.44821619719031014,0
0.04201680672268908,0.04331450094161959,0.03968253968253968,0.02385719052385719,0.0249597423510467,0.011111111111111112,0.03333333333333333,0.039162112932604735,0.038314176245210725,0.04609929078014184,0.029340277777777778,0.01997380484610347,0.03855721393034826,0.030452674897119343,0.04292929292929293,0.009485094850948509,0.04989212513484358,0.05081621906266456,0.3867024919467478,0
0.041549953314659195,0.03954802259887006,0.034722222222222224,0.024691358024691357,0.0249597423510467,0.007070707070707071,0.030817610062893082,0.040983606557377046,0.03639846743295019,0.04225768321513002,0.030555555555555555,0.017627155642872736,0.03171641791044776,0.031275720164609055,0.005050505050505051,0.008130081300813009,0.05016181229773463,0.04976303317535545,0.45272034605155986,2
0.03968253968253968,0.038606403013182675,0.03273809523809524,0.025859192525859193,0.026167471819645734,0.022222222222222223,0.031236897274633125,0.040983606557377046,0.03639846743295019,0.041075650118203307,0.030034722222222223,0.018009168303863784,0.03213101160862355,0.030864197530864196,0.015151515151515152,0.02168021680216802,0.04962243797195254,0.05028962611901001,0.4172465584050721,2
0.045284780578898225,0.0423728813559322,0.04365079365079365,0.028862195528862194,0.026972624798711754,0.010101010101010102,0.03291404612159329,0.039162112932604735,0.038314176245210725,0.04639479905437352,0.030034722222222223,0.019919231608819036,0.032545605306799334,0.02757201646090535,0.020202020202020204,0.016260162601626018,0.05177993527508091,0.0526592943654555,0.394997591589081,0
0.04668534080298786,0.04519774011299435,0.04712301587301587,0.0348682015348682,0.027375201288244767,0.007070707070707071,0.04171907756813417,0.029143897996357013,0.044061302681992334,0.044326241134751775,0.0375,0.0330168085570836,0.04145936981757877,0.030041152263374487,0.017676767676767676,0.014905149051490514,0.05177993527508091,0.05107951553449184,0.35497057576007884,2
0.04668534080298786,0.04331450094161959,0.051587301587301584,0.030697364030697363,0.024154589371980676,0.00909090909090909,0.04129979035639413,0.030965391621129327,0.044061302681992334,0.04343971631205674,0.03854166666666667,0.03154333115040384,0.041044776119402986,0.030041152263374487,0.03282828282828283,0.017615176151761516,0.050970873786407765,0.05186940494997367,0.3402491292866574,1
0.040149393090569564,0.03389830508474576,0.03819444444444445,0.027527527527527528,0.024154589371980676,0.007070707070707071,0.031446540880503145,0.040983606557377046,0.03639846743295019,0.037825059101654845,0.030208333333333334,0.01806374154114822,0.027155887230514097,0.027160493827160494,0.0,0.04336043360433604,0.05285868392664509,0.05344918378093733,0.43009460219346507,1
0.045284780578898225,0.03954802259887006,0.05009920634920635,0.031031031031031032,0.023752012882447666,0.00909090909090909,0.0389937106918239,0.03278688524590164,0.0421455938697318,0.040780141843971635,0.03611111111111111,0.027886924252346647,0.03482587064676617,0.02757201646090535,0.017676767676767676,0.05555555555555555,0.052319309600863,0.05423907319641917,0.34030107731647397,1
0.0457516339869281,0.03672316384180791,0.03373015873015873,0.020186853520186853,0.019726247987117553,0.007070707070707071,0.028092243186582808,0.04644808743169399,0.034482758620689655,0.04196217494089834,0.02847222222222222,0.01424361493123772,0.027777777777777776,0.030864197530864196,0.010101010101010102,0.0013550135501355014,0.05016181229773463,0.04897314375987362,0.4738771785123732,0
0.047619047619047616,0.05084745762711865,0.0496031746031746,0.027193860527193862,0.0213365539452496,0.010101010101010102,0.04465408805031446,0.028233151183970857,0.04597701149425287,0.051122931442080376,0.03802083333333333,0.03650949574328749,0.041666666666666664,0.031275720164609055,0.030303030303030304,0.036585365853658534,0.050431499460625674,0.05134281200631911,0.30717628987505696,1
0.041549953314659195,0.044256120527306965,0.04117063492063492,0.053720387053720384,0.0535426731078905,0.048484848484848485,0.03312368972746331,0.039162112932604735,0.038314176245210725,0.048167848699763594,0.03975694444444444,0.0198646583715346,0.03648424543946932,0.03991769547325103,0.0,0.018970189701897018,0.04962243797195254,0.05107951553449184,0.3028118680488564,0
0.040149393090569564,0.04519774011299435,0.03720238095238095,0.022689356022689355,0.023349436392914653,0.010101010101010102,0.03375262054507337,0.039162112932604735,0.038314176245210725,0.048167848699763594,0.029513888888888888,0.02024667103252565,0.038349917081260364,0.030864197530864196,0.007575757575757576,0.0013550135501355014,0.049352750809061485,0.05055292259083728,0.4341028058454577,0
0.04061624649859944,0.03954802259887006,0.031746031746031744,0.025025025025025027,0.02576489533011272,0.010101010101010102,0.027882599580712788,0.04553734061930783,0.034482758620689655,0.04196217494089834,0.027256944444444445,0.014407334643091027,0.03296019900497513,0.02757201646090535,0.017676767676767676,0.0013550135501355014,0.052049622437971954,0.05292259083728278,0.4511334058831684,0
0.04108309990662932,0.03483992467043315,0.03125,0.021688355021688355,0.023349436392914653,0.005050505050505051,0.02620545073375262,0.04918032786885246,0.034482758620689655,0.0384160756501182,0.024479166666666666,0.012551844575420214,0.03005804311774461,0.030452674897119343,0.03535353535353535,0.02710027100271003,0.04962243797195254,0.049499736703528176,0.4353363557957397,1
0.042483660130718956,0.03954802259887006,0.03968253968253968,0.02702702702702703,0.026570048309178744,0.00808080808080808,0.0310272536687631,0.04007285974499089,0.03639846743295019,0.04284869976359338,0.0296875,0.01806374154114822,0.030472636815920398,0.02880658436213992,0.007575757575757576,0.006775067750677507,0.050970873786407765,0.05239599789362823,0.44151245383488036,0
0.04201680672268908,0.03483992467043315,0.03968253968253968,0.028528528528528527,0.023349436392914653,0.00909090909090909,0.03291404612159329,0.03825136612021858,0.038314176245210725,0.03900709219858156,0.029861111111111113,0.02035581750709452,0.023839137645107793,0.024691358024691357,0.007575757575757576,0.024390243902439025,0.054207119741100325,0.055028962611901,0.43405566610717883,1
0.04948646125116713,0.046139359698681735,0.053075396825396824,0.0323656990323657,0.022946859903381644,0.011111111111111112,0.044863731656184486,0.028233151183970857,0.04597701149425287,0.047576832151300236,0.03888888888888889,0.03656406898057193,0.03565505804311774,0.02757201646090535,0.0,0.052845528455284556,0.05177993527508091,0.05423907319641917,0.3206798163919188,1
0.03734827264239029,0.04048964218455744,0.03373015873015873,0.02002002002002002,0.021739130434782608,0.00808080808080808,0.031446540880503145,0.040983606557377046,0.03639846743295019,0.04284869976359338,0.0296875,0.01795459506657935,0.03648424543946932,0.03497942386831276,0.010101010101010102,0.01084010840108401,0.0482740021574973,0.04818325434439179,0.4504105138945145,2
0.04435107376283847,0.0423728813559322,0.03968253968253968,0.031031031031031032,0.0249597423510467,0.007070707070707071,0.034381551362683435,0.03642987249544627,0.038314176245210725,0.04284869976359338,0.03263888888888889,0.022156734337480898,0.036898839137645106,0.026748971193415638,0.027777777777777776,0.024390243902439025,0.053667745415318234,0.053712480252764615,0.3805660439732408,1
0.0480859010270775,0.05084745762711865,0.053075396825396824,0.0363697030363697,0.02576489533011272,0.012121212121212121,0.04654088050314465,0.0273224043715847,0.04789272030651341,0.051418439716312055,0.03836805555555556,0.0397293167430692,0.04125207296849088,0.02757201646090535,0.0,0.024390243902439025,0.050970873786407765,0.0526592943654555,0.3256191153528344,1
0.04668534080298786,0.04331450094161959,0.042162698412698416,0.027360694027360695,0.02576489533011272,0.011111111111111112,0.03417190775681342,0.03825136612021858,0.038314176245210725,0.048167848699763594,0.030555555555555555,0.02111984282907662,0.035240464344941956,0.029218106995884775,0.045454545454545456,0.0,0.050970873786407765,0.051606108478146395,0.38052996310754483,0
0.042483660130718956,0.03766478342749529,0.037698412698412696,0.028528528528528527,0.026972624798711754,0.007070707070707071,0.031236897274633125,0.04007285974499089,0.03639846743295019,0.0398936170212766,0.029340277777777778,0.018118314778432655,0.029850746268656716,0.027983539094650206,0.010101010101010102,0.023035230352303523,0.05177993527508091,0.0526592943654555,0.42911109385820745,2
0.04201680672268908,0.04048964218455744,0.03571428571428571,0.02869536202869536,0.023752012882447666,0.00808080808080808,0.03228511530398323,0.03825136612021858,0.03639846743295019,0.0425531914893617,0.030208333333333334,0.019646365422396856,0.03275290215588723,0.025102880658436213,0.03787878787878788,0.012195121951219513,0.054746494066882416,0.055028962611901,0.4042030939611585,1
0.04341736694677871,0.03389830508474576,0.031746031746031744,0.027527527527527528,0.027777777777777776,0.00808080808080808,0.02851153039832285,0.044626593806921674,0.034482758620689655,0.04018912529550828,0.02795138888888889,0.015225933202357564,0.026326699834162522,0.02757201646090535,0.005050505050505051,0.03929539295392954,0.052049622437971954,0.053712480252764615,0.4325581356334025,0
0.04855275443510738,0.047080979284369114,0.047619047619047616,0.035201868535201866,0.026167471819645734,0.010101010101010102,0.03920335429769392,0.031876138433515486,0.0421455938697318,0.04609929078014184,0.0359375,0.02876009604889762,0.04042288557213931,0.026748971193415638,0.007575757575757576,0.009485094850948509,0.052588996763754045,0.05423907319641917,0.37019411562320326,1
0.04388422035480859,0.04143126177024482,0.041666666666666664,0.036036036036036036,0.029790660225442835,0.006060606060606061,0.03857442348008386,0.031876138433515486,0.0421455938697318,0.04284869976359338,0.03611111111111111,0.02865094957432875,0.031923714759535655,0.030041152263374487,0.010101010101010102,0.02981029810298103,0.05285868392664509,0.05186940494997367,0.37431936855031056,2
0.04341736694677871,0.03295668549905838,0.03571428571428571,0.02869536202869536,0.0249597423510467,0.007070707070707071,0.031236897274633125,0.04007285974499089,0.03639846743295019,0.03664302600472813,0.029340277777777778,0.018227461253001526,0.025912106135986733,0.02551440329218107,0.012626262626262626,0.04065040650406504,0.054746494066882416,0.05529225908372828,0.42052492919224027,1
0.04948646125116713,0.046139359698681735,0.05257936507936508,0.035201868535201866,0.02576489533011272,0.00909090909090909,0.04360587002096436,0.029143897996357013,0.04597701149425287,0.0466903073286052,0.03888888888888889,0.035199738048461035,0.03814262023217247,0.027983539094650206,0.0025252525252525255,0.032520325203252036,0.05124056094929881,0.05318588730911006,0.3366332419232969,1
0.041549953314659195,0.03766478342749529,0.039186507936507936,0.02569235902569236,0.02576489533011272,0.00909090909090909,0.03018867924528302,0.04189435336976321,0.03639846743295019,0.041075650118203307,0.029166666666666667,0.016972276795459505,0.030887230514096187,0.029218106995884775,0.020202020202020204,0.009485094850948509,0.05070118662351672,0.05186940494997367,0.4329914541098574,0
0.051353874883286646,0.05273069679849341,0.05109126984126984,0.03720387053720387,0.02576489533011272,0.005050505050505051,0.05241090146750524,0.023679417122040074,0.05172413793103448,0.04994089834515367,0.04861111111111111,0.05064396419995634,0.04954394693200664,0.03497942386831276,0.010101010101010102,0.008130081300813009,0.04962243797195254,0.04818325434439179,0.2992343028638408,2
0.03968253968253968,0.03389830508474576,0.03869047619047619,0.02485819152485819,0.02214170692431562,0.007070707070707071,0.030817610062893082,0.040983606557377046,0.03639846743295019,0.037825059101654845,0.029166666666666667,0.017518009168303865,0.027777777777777776,0.02633744855967078,0.025252525252525252,0.032520325203252036,0.053128371089536136,0.05344918378093733,0.42248302286881245,1
0.04341736694677871,0.03954802259887006,0.034722222222222224,0.02185518852185519,0.02254428341384863,0.007070707070707071,0.026624737945492662,0.0482695810564663,0.034482758620689655,0.04284869976359338,0.027083333333333334,0.01309757694826457,0.03150912106135987,0.030452674897119343,0.012626262626262626,0.005420054200542005,0.050970873786407765,0.050026329647182725,0.4574302053390039,0
0.04061624649859944,0.03672316384180791,0.03670634920634921,0.025358692025358693,0.023349436392914653,0.006060606060606061,0.03165618448637317,0.04007285974499089,0.03639846743295019,0.04018912529550828,0.030208333333333334,0.018391180964854835,0.02902155887230514,0.02880658436213992,0.0025252525252525255,0.044715447154471545,0.050431499460625674,0.051606108478146395,0.42716290386341216,1
0.03828197945845005,0.035781544256120526,0.02628968253968254,0.020854187520854186,0.023752012882447666,0.005050505050505051,0.027882599580712788,0.04644808743169399,0.034482758620689655,0.037825059101654845,0.02638888888888889,0.01413446845666885,0.030265339966832505,0.03580246913580247,0.0,0.0,0.04773462783171521,0.04818325434439179,0.5008425349328889,1
0.049953314659197015,0.04896421845574388,0.05009920634920635,0.0363697030363697,0.02576489533011272,0.011111111111111112,0.042348008385744235,0.030054644808743168,0.044061302681992334,0.04846335697399527,0.03802083333333333,0.03328967474350578,0.03980099502487562,0.026748971193415638,0.04292929292929293,0.0027100271002710027,0.053128371089536136,0.05423907319641917,0.32194299959713457,1
0.0457516339869281,0.03672316384180791,0.04017857142857143,0.031865198531865195,0.02576489533011272,0.00909090909090909,0.03480083857442348,0.03642987249544627,0.038314176245210725,0.040780141843971635,0.03194444444444444,0.02264789347304082,0.027155887230514097,0.02551440329218107,0.020202020202020204,0.025745257452574527,0.053128371089536136,0.05397577672459189,0.39998654472185025,1
0.03968253968253968,0.03766478342749529,0.03571428571428571,0.023189856523189858,0.023752012882447666,0.005050505050505051,0.027672955974842768,0.04553734061930783,0.034482758620689655,0.0398936170212766,0.027604166666666666,0.014189041693953285,0.03109452736318408,0.027983539094650206,0.007575757575757576,0.012195121951219513,0.05151024811218986,0.05134281200631911,0.4638641300194797,1
0.0457516339869281,0.05084745762711865,0.051587301587301584,0.031031031031031032,0.023752012882447666,0.010101010101010102,0.04465408805031446,0.029143897996357013,0.04597701149425287,0.0508274231678487,0.03871527777777778,0.03629120279414975,0.04498341625207297,0.030041152263374487,0.0025252525252525255,0.03523035230352303,0.05016181229773463,0.05134281200631911,0.32703585385518563,1
0.0480859010270775,0.05084745762711865,0.04513888888888889,0.029863196529863197,0.022946859903381644,0.011111111111111112,0.04612159329140461,0.028233151183970857,0.04789272030651341,0.050236406619385346,0.03819444444444445,0.03858327876009605,0.041044776119402986,0.02962962962962963,0.0025252525252525255,0.04336043360433604,0.05016181229773463,0.052132701421800945,0.32389038470858755,1
0.04295051353874883,0.03389830508474576,0.03869047619047619,0.027527527527527528,0.022946859903381644,0.00808080808080808,0.03207547169811321,0.039162112932604735,0.03639846743295019,0.037825059101654845,0.029340277777777778,0.019046059812268062,0.02570480928689884,0.024691358024691357,0.010101010101010102,0.025745257452574527,0.054746494066882416,0.05555555555555555,0.4355135764313305,1
0.051353874883286646,0.0480225988700565,0.051587301587301584,0.031865198531865195,0.022946859903381644,0.012121212121212121,0.04465408805031446,0.028233151183970857,0.04597701149425287,0.047872340425531915,0.03923611111111111,0.03678236192970967,0.039386401326699835,0.027983539094650206,0.045454545454545456,0.0027100271002710027,0.05151024811218986,0.05239599789362823,0.31990713092602086,1
0.03828197945845005,0.0423728813559322,0.03373015873015873,0.023189856523189858,0.02576489533011272,0.006060606060606061,0.030817610062893082,0.04189435336976321,0.03639846743295019,0.04225768321513002,0.029340277777777778,0.017463435931019428,0.03814262023217247,0.03292181069958848,0.0,0.0013550135501355014,0.048813376483279394,0.04844655081621906,0.4627484229706218,2
0.0457516339869281,0.035781544256120526,0.034722222222222224,0.020854187520854186,0.020933977455716585,0.00808080808080808,0.027253668763102725,0.0482695810564663,0.034482758620689655,0.041075650118203307,0.027256944444444445,0.013261296660117878,0.02736318407960199,0.030452674897119343,0.0,0.017615176151761516,0.05016181229773463,0.04870984728804634,0.46797303210006214,0
0.05042016806722689,0.0480225988700565,0.05109126984126984,0.0328661995328662,0.024154589371980676,0.011111111111111112,0.04423480083857442,0.028233151183970857,0.04597701149425287,0.04728132387706856,0.03854166666666667,0.036072909845012005,0.03876451077943615,0.02757201646090535,0.017676767676767676,0.0040650406504065045,0.05124056094929881,0.0526592943654555,0.3500150084176734,1
0.04948646125116713,0.05084745762711865,0.05109126984126984,0.026860193526860192,0.01892109500805153,0.00404040404040404,0.051781970649895176,0.02459016393442623,0.05172413793103448,0.04905437352245863,0.04618055555555556,0.04867932765771665,0.050165837479270316,0.03497942386831276,0.010101010101010102,0.014905149051490514,0.048813376483279394,0.04818325434439179,0.319594538126287,2
0.04388422035480859,0.0423728813559322,0.04017857142857143,0.02769436102769436,0.026972624798711754,0.00909090909090909,0.03039832285115304,0.04189435336976321,0.03639846743295019,0.04343971631205674,0.02847222222222222,0.017081423270028376,0.037106135986733,0.027160493827160494,0.027777777777777776,0.018970189701897018,0.052319309600863,0.05318588730911006,0.3956021322816574,0
0.04481792717086835,0.046139359698681735,0.04861111111111111,0.031197864531197866,0.023752012882447666,0.006060606060606061,0.04465408805031446,0.028233151183970857,0.04597701149425287,0.04491725768321513,0.03958333333333333,0.03710980135341629,0.043532338308457715,0.03168724279835391,0.020202020202020204,0.037940379403794036,0.05070118662351672,0.04976303317535545,0.3251202749350861,2
0.04341736694677871,0.04519774011299435,0.041666666666666664,0.025025025025025027,0.025362318840579712,0.011111111111111112,0.03270440251572327,0.04007285974499089,0.038314176245210725,0.04875886524822695,0.0296875,0.019318925998690242,0.03897180762852405,0.030041152263374487,0.020202020202020204,0.02032520325203252,0.04989212513484358,0.05134281200631911,0.38858792105688855,0
0.04108309990662932,0.03766478342749529,0.03869047619047619,0.031031031031031032,0.02938808373590982,0.006060606060606061,0.03312368972746331,0.037340619307832425,0.038314176245210725,0.03959810874704492,0.03211805555555555,0.020683256930801135,0.03067993366500829,0.030041152263374487,0.0025252525252525255,0.014905149051490514,0.052049622437971954,0.05186940494997367,0.4328334982408727,2
0.0392156862745098,0.03672316384180791,0.044642857142857144,0.03003003003003003,0.024154589371980676,0.007070707070707071,0.03710691823899371,0.033697632058287796,0.040229885057471264,0.03871158392434988,0.036284722222222225,0.025594848286400348,0.03005804311774461,0.029218106995884775,0.010101010101010102,0.051490514905149054,0.05124056094929881,0.052132701421800945,0.3822964389894937,1
0.04341736694677871,0.03483992467043315,0.036210317460317464,0.02902902902902903,0.027375201288244767,0.007070707070707071,0.03165618448637317,0.039162112932604735,0.03639846743295019,0.03871158392434988,0.030381944444444444,0.01893691333769919,0.027985074626865673,0.027983539094650206,0.0025252525252525255,0.02981029810298103,0.05285868392664509,0.05397577672459189,0.4316716219750818,2
0.041549953314659195,0.04143126177024482,0.034722222222222224,0.022856189522856188,0.023349436392914653,0.006060606060606061,0.02851153039832285,0.044626593806921674,0.034482758620689655,0.04314420803782506,0.029166666666666667,0.01489849377865095,0.034411276948590384,0.03209876543209877,0.025252525252525252,0.0040650406504065045,0.05016181229773463,0.049236440231700894,0.4399742185943636,0
0.047619047619047616,0.05084745762711865,0.05257936507936508,0.036870203536870205,0.027375201288244767,0.011111111111111112,0.04339622641509434,0.029143897996357013,0.04597701149425287,0.04846335697399527,0.03958333333333333,0.03481772538746999,0.04933665008291874,0.029218106995884775,0.0,0.03523035230352303,0.050970873786407765,0.0526592943654555,0.31480078460355,1
0.036414565826330535,0.03389830508474576,0.02976190476190476,0.019352686019352687,0.02254428341384863,0.006060606060606061,0.02578616352201258,0.05009107468123861,0.032567049808429116,0.03664302600472813,0.024479166666666666,0.012060685439860292,0.025082918739635158,0.03209876543209877,0.007575757575757576,0.02168021680216802,0.04800431499460626,0.04870984728804634,0.48718866187796406,1
0.042483660130718956,0.03954802259887006,0.03273809523809524,0.02819486152819486,0.026570048309178744,0.007070707070707071,0.03039832285115304,0.04007285974499089,0.03639846743295019,0.041371158392434985,0.029340277777777778,0.017736302117441607,0.03296019900497513,0.02757201646090535,0.010101010101010102,0.0,0.054207119741100325,0.054502369668246446,0.4487345018312493,2
0.0392156862745098,0.03295668549905838,0.02628968253968254,0.020353687020353686,0.022946859903381644,0.00404040404040404,0.02431865828092243,0.05373406193078324,0.032567049808429116,0.03634751773049645,0.0234375,0.0106963545077494,0.026533996683250415,0.031275720164609055,0.025252525252525252,0.036585365853658534,0.049352750809061485,0.050026329647182725,0.4540691640539418,1
0.0480859010270775,0.04331450094161959,0.05257936507936508,0.0348682015348682,0.026570048309178744,0.010101010101010102,0.04255765199161426,0.030054644808743168,0.044061302681992334,0.044030732860520096,0.03767361111111111,0.03339882121807466,0.043532338308457715,0.02880658436213992,0.022727272727272728,0.013550135501355014,0.05151024811218986,0.05239599789362823,0.34018163142978175,1
0.04668534080298786,0.038606403013182675,0.03720238095238095,0.03420086753420087,0.0285829307568438,0.005050505050505051,0.03689727463312369,0.03278688524590164,0.040229885057471264,0.040780141843971635,0.035416666666666666,0.026140580659244708,0.03130182421227198,0.02962962962962963,0.017676767676767676,0.025745257452574527,0.053128371089536136,0.05186940494997367,0.38806888277276563,2
0.042483660130718956,0.03954802259887006,0.04017857142857143,0.03219886553219887,0.027777777777777776,0.005050505050505051,0.035429769392033544,0.03460837887067395,0.038314176245210725,0.040484633569739956,0.03194444444444444,0.0236847849814451,0.03233830845771144,0.027983539094650206,0.007575757575757576,0.03116531165311653,0.05339805825242718,0.053712480252764615,0.4021229546913825,2
0.0457516339869281,0.0423728813559322,0.037698412698412696,0.02769436102769436,0.024154589371980676,0.007070707070707071,0.03291404612159329,0.03825136612021858,0.038314176245210725,0.04373522458628842,0.03194444444444444,0.02024667103252565,0.03855721393034826,0.028395061728395062,0.03282828282828283,0.013550135501355014,0.05124056094929881,0.051606108478146395,0.3936741225222373,1
0.04715219421101774,0.0480225988700565,0.052083333333333336,0.0353687020353687,0.027375201288244767,0.010101010101010102,0.04381551362683438,0.029143897996357013,0.04597701149425287,0.047872340425531915,0.03854166666666667,0.03563632394673652,0.04643449419568822,0.030041152263374487,0.012626262626262626,0.03116531165311653,0.05016181229773463,0.05134281200631911,0.3171383609620938,1
0.04201680672268908,0.03389830508474576,0.03869047619047619,0.029863196529863197,0.02576489533011272,0.00808080808080808,0.03291404612159329,0.03825136612021858,0.03639846743295019,0.03723404255319149,0.03159722222222222,0.020028378083387907,0.02943615257048093,0.027160493827160494,0.0025252525252525255,0.02710027100271003,0.05177993527508091,0.052132701421800945,0.4351271829052554,1
0.045284780578898225,0.04519774011299435,0.04662698412698413,0.03303303303303303,0.025362318840579712,0.00909090909090909,0.037945492662473795,0.03278688524590164,0.040229885057471264,0.04580378250591016,0.034722222222222224,0.026959179218511244,0.03917910447761194,0.02633744855967078,0.050505050505050504,0.014905149051490514,0.053667745415318234,0.05344918378093733,0.33891310551403175,1
0.04061624649859944,0.03766478342749529,0.04017857142857143,0.02702702702702703,0.027375201288244767,0.010101010101010102,0.030607966457023062,0.04189435336976321,0.03639846743295019,0.041075650118203307,0.028993055555555557,0.017299716219166122,0.032545605306799334,0.02880658436213992,0.0,0.017615176151761516,0.050970873786407765,0.05239599789362823,0.43843371357565375,0
0.049953314659197015,0.051789077212806026,0.04861111111111111,0.03319986653319987,0.023752012882447666,0.007070707070707071,0.050314465408805034,0.02459016393442623,0.04980842911877394,0.04964539007092199,0.04479166666666667,0.04726042348832133,0.050787728026533994,0.03292181069958848,0.007575757575757576,0.0013550135501355014,0.05016181229773463,0.04844655081621906,0.3279646988766469,2
0.04295051353874883,0.03483992467043315,0.04265873015873016,0.027861194527861195,0.024154589371980676,0.007070707070707071,0.03312368972746331,0.03825136612021858,0.038314176245210725,0.03871158392434988,0.03142361111111111,0.02035581750709452,0.029850746268656716,0.027983539094650206,0.022727272727272728,0.028455284552845527,0.05124056094929881,0.051606108478146395,0.4084205839552205,1
0.040149393090569564,0.04048964218455744,0.03273809523809524,0.021688355021688355,0.02254428341384863,0.007070707070707071,0.031865828092243184,0.04007285974499089,0.03639846743295019,0.04196217494089834,0.030729166666666665,0.018554900676708144,0.03586235489220564,0.03333333333333333,0.015151515151515152,0.018970189701897018,0.048813376483279394,0.04870984728804634,0.4348955095757996,2
0.049953314659197015,0.05273069679849341,0.051587301587301584,0.03853853853853854,0.0285829307568438,0.011111111111111112,0.04591194968553459,0.028233151183970857,0.04789272030651341,0.0508274231678487,0.03923611111111111,0.03847413228552718,0.04498341625207297,0.029218106995884775,0.047979797979797977,0.014905149051490514,0.050970873786407765,0.051606108478146395,0.27725716626420815,1
0.03828197945845005,0.04143126177024482,0.03571428571428571,0.025025025025025027,0.02576489533011272,0.007070707070707071,0.03228511530398323,0.04007285974499089,0.03639846743295019,0.0425531914893617,0.03142361111111111,0.0191006330495525,0.03669154228855721,0.03292181069958848,0.0,0.02168021680216802,0.049352750809061485,0.049236440231700894,0.43499520666814884,2
0.037815126050420166,0.04331450094161959,0.03521825396825397,0.021688355021688355,0.02254428341384863,0.007070707070707071,0.03207547169811321,0.04007285974499089,0.03639846743295019,0.044030732860520096,0.029861111111111113,0.018664047151277015,0.03959369817578773,0.03333333333333333,0.007575757575757576,0.018970189701897018,0.04854368932038835,0.04897314375987362,0.43425627166746206,2
0.03828197945845005,0.04143126177024482,0.03571428571428571,0.022689356022689355,0.02455716586151369,0.007070707070707071,0.030817610062893082,0.04189435336976321,0.03639846743295019,0.04225768321513002,0.030034722222222223,0.017299716219166122,0.03793532338308458,0.03333333333333333,0.015151515151515152,0.023035230352303523,0.048813376483279394,0.04870984728804634,0.42457406558842226,2
0.04341736694677871,0.044256120527306965,0.042162698412698416,0.027193860527193862,0.026570048309178744,0.011111111111111112,0.03270440251572327,0.04007285974499089,0.038314176245210725,0.0466903073286052,0.029861111111111113,0.01937349923597468,0.036898839137645106,0.030452674897119343,0.017676767676767676,0.02032520325203252,0.049352750809061485,0.05134281200631911,0.39222339020517105,0
0.04201680672268908,0.03389830508474576,0.03670634920634921,0.028528528528528527,0.024154589371980676,0.00808080808080808,0.03291404612159329,0.03825136612021858,0.03639846743295019,0.037825059101654845,0.030729166666666665,0.020028378083387907,0.025497512437810944,0.025102880658436213,0.015151515151515152,0.028455284552845527,0.053128371089536136,0.053712480252764615,0.42942008533551856,1
0.05182072829131653,0.05084745762711865,0.05109126984126984,0.028528528528528527,0.020128824476650563,0.011111111111111112,0.046331236897274634,0.0273224043715847,0.04789272030651341,0.0508274231678487,0.03940972222222222,0.03967474350578476,0.041666666666666664,0.028395061728395062,0.03787878787878788,0.008130081300813009,0.05124056094929881,0.052132701421800945,0.315569969707014,1
0.0480859010270775,0.051789077212806026,0.0496031746031746,0.0323656990323657,0.0249597423510467,0.011111111111111112,0.044444444444444446,0.028233151183970857,0.04597701149425287,0.051713947990543734,0.03767361111111111,0.036345776031434185,0.04539800995024876,0.030041152263374487,0.025252525252525252,0.018970189701897018,0.050431499460625674,0.05107951553449184,0.3165244602434981,1
0.041549953314659195,0.03766478342749529,0.028769841269841268,0.022856189522856188,0.023349436392914653,0.007070707070707071,0.025576519916142557,0.04918032786885246,0.032567049808429116,0.041371158392434985,0.025347222222222222,0.012278978388998035,0.03109452736318408,0.025925925925925925,0.017676767676767676,0.005420054200542005,0.053667745415318234,0.05423907319641917,0.46439373862628996,0
0.04061624649859944,0.044256120527306965,0.04017857142857143,0.02485819152485819,0.0249597423510467,0.00909090909090909,0.030817610062893082,0.040983606557377046,0.03639846743295019,0.04491725768321513,0.0296875,0.017736302117441607,0.03752072968490879,0.02962962962962963,0.0,0.008130081300813009,0.05070118662351672,0.052132701421800945,0.4373851460641621,0
0.04295051353874883,0.04331450094161959,0.039186507936507936,0.029362696029362697,0.02576489533011272,0.00808080808080808,0.033962264150943396,0.037340619307832425,0.038314176245210725,0.044030732860520096,0.03177083333333333,0.021611001964636542,0.036898839137645106,0.02757201646090535,0.005050505050505051,0.013550135501355014,0.05151024811218986,0.052132701421800945,0.41759600459596236,1
0.040149393090569564,0.04331450094161959,0.034722222222222224,0.02485819152485819,0.026167471819645734,0.00808080808080808,0.031236897274633125,0.040983606557377046,0.03639846743295019,0.04314420803782506,0.029513888888888888,0.01806374154114822,0.038349917081260364,0.03168724279835391,0.015151515151515152,0.008130081300813009,0.049352750809061485,0.049499736703528176,0.43119535874292203,2
0.04715219421101774,0.05273069679849341,0.0496031746031746,0.028028028028028028,0.02214170692431562,0.011111111111111112,0.044863731656184486,0.028233151183970857,0.04597701149425287,0.051713947990543734,0.03802083333333333,0.03716437459070072,0.04643449419568822,0.030452674897119343,0.005050505050505051,0.0040650406504065045,0.04989212513484358,0.05055292259083728,0.35681227555547357,1
0.04388422035480859,0.03672316384180791,0.0441468253968254,0.0323656990323657,0.0249597423510467,0.00909090909090909,0.03605870020964361,0.03460837887067395,0.040229885057471264,0.0398936170212766,0.03315972222222222,0.024230517354289455,0.025082918739635158,0.025925925925925925,0.010101010101010102,0.03116531165311653,0.054207119741100325,0.055028962611901,0.39913737042397046,1
0.040149393090569564,0.03483992467043315,0.03422619047619048,0.025025025025025027,0.025362318840579712,0.00808080808080808,0.028930817610062894,0.04371584699453552,0.034482758620689655,0.03959810874704492,0.02829861111111111,0.015498799388779742,0.02570480928689884,0.029218106995884775,0.0025252525252525255,0.008130081300813009,0.050970873786407765,0.05134281200631911,0.4738994614425942,0
0.04201680672268908,0.038606403013182675,0.03521825396825397,0.02819486152819486,0.027375201288244767,0.007070707070707071,0.031446540880503145,0.04007285974499089,0.03639846743295019,0.040780141843971635,0.030381944444444444,0.0183366077275704,0.032545605306799334,0.029218106995884775,0.007575757575757576,0.024390243902439025,0.05177993527508091,0.05186940494997367,0.4267221503283616,2
0.04855275443510738,0.046139359698681735,0.0441468253968254,0.028028028028028028,0.021739130434782608,0.00404040404040404,0.044444444444444446,0.028233151183970857,0.04597701149425287,0.04521276595744681,0.04131944444444444,0.037218947827985155,0.041044776119402986,0.03209876543209877,0.0025252525252525255,0.03116531165311653,0.05124056094929881,0.04976303317535545,0.35711003275910114,2
0.041549953314659195,0.03389830508474576,0.03571428571428571,0.023523523523523524,0.02254428341384863,0.007070707070707071,0.028930817610062894,0.04371584699453552,0.034482758620689655,0.03723404255319149,0.02829861111111111,0.015607945863348615,0.0269485903814262,0.02962962962962963,0.0025252525252525255,0.0013550135501355014,0.050431499460625674,0.05055292259083728,0.4859860109873839,1
0.0392156862745098,0.04143126177024482,0.03819444444444445,0.025025025025025027,0.023752012882447666,0.005050505050505051,0.031865828092243184,0.04007285974499089,0.03639846743295019,0.04225768321513002,0.030381944444444444,0.018773193625845886,0.03669154228855721,0.03168724279835391,0.020202020202020204,0.0027100271002710027,0.049352750809061485,0.049236440231700894,0.4377010645672539,1
0.04855275443510738,0.05367231638418079,0.05109126984126984,0.036036036036036036,0.027777777777777776,0.011111111111111112,0.04591194968553459,0.0273224043715847,0.04789272030651341,0.05200945626477541,0.03958333333333333,0.038637851997380485,0.04539800995024876,0.030041152263374487,0.010101010101010102,0.0040650406504065045,0.05016181229773463,0.051606108478146395,0.3290278847144744,1
0.038748832866479926,0.04143126177024482,0.03373015873015873,0.024024024024024024,0.02455716586151369,0.00808080808080808,0.030817610062893082,0.040983606557377046,0.03639846743295019,0.04225768321513002,0.029513888888888888,0.017736302117441607,0.03731343283582089,0.030452674897119343,0.0025252525252525255,0.0013550135501355014,0.04989212513484358,0.05028962611901001,0.459892065329908,2
0.03968253968253968,0.03672316384180791,0.028273809523809524,0.021021021021021023,0.02254428341384863,0.006060606060606061,0.02389937106918239,0.052823315118397086,0.032567049808429116,0.0398936170212766,0.02326388888888889,0.010641781270464964,0.03005804311774461,0.02633744855967078,0.04292929292929293,0.009485094850948509,0.053128371089536136,0.05318588730911006,0.44748141542342523,0
0.046218487394957986,0.051789077212806026,0.05009920634920635,0.034367701034367704,0.0249597423510467,0.013131313131313131,0.04654088050314465,0.0273224043715847,0.04789272030651341,0.05319148936170213,0.0390625,0.03940187731936259,0.04415422885572139,0.029218106995884775,0.005050505050505051,0.0040650406504065045,0.05016181229773463,0.051606108478146395,0.34176679833559587,1
0.04108309990662932,0.04143126177024482,0.042162698412698416,0.023189856523189858,0.02254428341384863,0.011111111111111112,0.03291404612159329,0.039162112932604735,0.038314176245210725,0.04580378250591016,0.030555555555555555,0.019810085134250165,0.03627694859038143,0.031275720164609055,0.012626262626262626,0.02168021680216802,0.04962243797195254,0.05134281200631911,0.4090935322054605,0
0.037815126050420166,0.04143126177024482,0.03571428571428571,0.023189856523189858,0.024154589371980676,0.006060606060606061,0.03207547169811321,0.04007285974499089,0.03639846743295019,0.04314420803782506,0.03125,0.01893691333769919,0.036898839137645106,0.03333333333333333,0.0025252525252525255,0.02032520325203252,0.04908306364617044,0.04897314375987362,0.4386175186033866,2
0.040149393090569564,0.038606403013182675,0.03273809523809524,0.022188855522188855,0.02254428341384863,0.006060606060606061,0.02851153039832285,0.044626593806921674,0.034482758620689655,0.04018912529550828,0.026909722222222224,0.014953067015935385,0.033582089552238806,0.030452674897119343,0.012626262626262626,0.018970189701897018,0.049352750809061485,0.04976303317535545,0.4532925655399742,1
0.04341736694677871,0.038606403013182675,0.039186507936507936,0.026526526526526525,0.025362318840579712,0.00808080808080808,0.03018867924528302,0.04189435336976321,0.03639846743295019,0.044326241134751775,0.028645833333333332,0.016863130320890634,0.027777777777777776,0.02757201646090535,0.010101010101010102,0.012195121951219513,0.052588996763754045,0.05344918378093733,0.43681925698304,0
0.049953314659197015,0.05084745762711865,0.04861111111111111,0.035035035035035036,0.026570048309178744,0.011111111111111112,0.04570230607966457,0.028233151183970857,0.04597701149425287,0.04994089834515367,0.03836805555555556,0.03841955904824274,0.04477611940298507,0.029218106995884775,0.03535353535353535,0.0,0.05070118662351672,0.05186940494997367,0.3193125871145125,1
0.04388422035480859,0.03295668549905838,0.03273809523809524,0.024524524524524523,0.0249597423510467,0.00909090909090909,0.027463312368972745,0.04553734061930783,0.034482758620689655,0.037529550827423167,0.027604166666666666,0.014079895219384414,0.023839137645107793,0.027160493827160494,0.020202020202020204,0.009485094850948509,0.05285868392664509,0.05292259083728278,0.45868077732994816,0
0.049019607843137254,0.05084745762711865,0.05257936507936508,0.035869202535869206,0.027375201288244767,0.010101010101010102,0.04360587002096436,0.029143897996357013,0.04597701149425287,0.04905437352245863,0.03767361111111111,0.034926871862038855,0.045190713101160865,0.028395061728395062,0.03535353535353535,0.03116531165311653,0.050970873786407765,0.05239599789362823,0.2903550260018283,1
0.040149393090569564,0.038606403013182675,0.031746031746031744,0.024691358024691357,0.02455716586151369,0.005050505050505051,0.031446540880503145,0.040983606557377046,0.03639846743295019,0.040780141843971635,0.028645833333333332,0.018172888015717092,0.03586235489220564,0.03292181069958848,0.012626262626262626,0.01084010840108401,0.04908306364617044,0.04870984728804634,0.4487282175962959,1
0.03968253968253968,0.03295668549905838,0.023313492063492064,0.018351685018351684,0.02214170692431562,0.0030303030303030303,0.024528301886792454,0.05191256830601093,0.032567049808429116,0.03605200945626478,0.02361111111111111,0.011078367168740449,0.028814262023217248,0.03662551440329218,0.012626262626262626,0.012195121951219513,0.04854368932038835,0.04844655081621906,0.49352277890399165,0
0.03968253968253968,0.031073446327683617,0.01984126984126984,0.019185852519185854,0.022946859903381644,0.0030303030303030303,0.02348008385744235,0.05555555555555555,0.032567049808429116,0.03516548463356974,0.022569444444444444,0.01004147566033617,0.026326699834162522,0.03539094650205761,0.030303030303030304,0.028455284552845527,0.048813376483279394,0.04818325434439179,0.4673880427160918,1
0.037815126050420166,0.04143126177024482,0.03373015873015873,0.02002002002002002,0.0213365539452496,0.006060606060606061,0.03165618448637317,0.040983606557377046,0.03639846743295019,0.04343971631205674,0.029513888888888888,0.018172888015717092,0.036898839137645106,0.03539094650205761,0.010101010101010102,0.006775067750677507,0.0482740021574973,0.04818325434439179,0.4538184017366581,2
0.04668534080298786,0.04896421845574388,0.051587301587301584,0.03153153153153153,0.023752012882447666,0.010101010101010102,0.04360587002096436,0.029143897996357013,0.04597701149425287,0.048167848699763594,0.03819444444444445,0.03503601833660773,0.04083747927031509,0.02880658436213992,0.0025252525252525255,0.02981029810298103,0.050431499460625674,0.052132701421800945,0.3427096785034721,1
0.04341736694677871,0.03954802259887006,0.031746031746031744,0.026359693026359692,0.027375201288244767,0.00909090909090909,0.028092243186582808,0.044626593806921674,0.034482758620689655,0.04196217494089834,0.02829861111111111,0.014625627592228772,0.035240464344941956,0.029218106995884775,0.017676767676767676,0.017615176151761516,0.05177993527508091,0.05292259083728278,0.4259217247626539,0
0.04201680672268908,0.04519774011299435,0.03869047619047619,0.022355689022355688,0.02254428341384863,0.011111111111111112,0.033542976939203356,0.039162112932604735,0.038314176245210725,0.04934988179669031,0.029340277777777778,0.01997380484610347,0.038349917081260364,0.031275720164609055,0.0025252525252525255,0.018970189701897018,0.04908306364617044,0.05055292259083728,0.41764359717890787,0
0.04481792717086835,0.03483992467043315,0.03670634920634921,0.03319986653319987,0.029790660225442835,0.005050505050505051,0.03459119496855346,0.03551912568306011,0.038314176245210725,0.037825059101654845,0.03263888888888889,0.022866186422178563,0.028192371475953566,0.02962962962962963,0.0025252525252525255,0.0040650406504065045,0.05285868392664509,0.0526592943654555,0.4439098632603121,2
0.04668534080298786,0.051789077212806026,0.05009920634920635,0.03153153153153153,0.022946859903381644,0.010101010101010102,0.04654088050314465,0.0273224043715847,0.04789272030651341,0.05230496453900709,0.0390625,0.03989303645492251,0.04373963515754561,0.029218106995884775,0.017676767676767676,0.023035230352303523,0.05070118662351672,0.05186940494997367,0.3175901361679122,1
0.03688141923436041,0.044256120527306965,0.03670634920634921,0.023523523523523524,0.02455716586151369,0.007070707070707071,0.03207547169811321,0.039162112932604735,0.03639846743295019,0.044030732860520096,0.030381944444444444,0.019046059812268062,0.04125207296849088,0.03168724279835391,0.015151515151515152,0.013550135501355014,0.049352750809061485,0.04976303317535545,0.42515317499120653,2
0.041549953314659195,0.03389830508474576,0.03819444444444445,0.02869536202869536,0.0249597423510467,0.00808080808080808,0.03291404612159329,0.03825136612021858,0.03639846743295019,0.03693853427895981,0.030208333333333334,0.020028378083387907,0.026119402985074626,0.025925925925925925,0.012626262626262626,0.02981029810298103,0.05339805825242718,0.05397577672459189,0.4280265347078941,1
0.04341736694677871,0.0423728813559322,0.036210317460317464,0.027360694027360695,0.023752012882447666,0.007070707070707071,0.03333333333333333,0.03825136612021858,0.038314176245210725,0.04314420803782506,0.03159722222222222,0.020683256930801135,0.03897180762852405,0.026748971193415638,0.027777777777777776,0.02032520325203252,0.052588996763754045,0.05292259083728278,0.3951571099140584,1
0.03968253968253968,0.03954802259887006,0.029265873015873016,0.022022022022022022,0.023349436392914653,0.007070707070707071,0.031236897274633125,0.04189435336976321,0.03639846743295019,0.0425531914893617,0.028819444444444446,0.017463435931019428,0.03565505804311774,0.034156378600823045,0.020202020202020204,0.005420054200542005,0.0482740021574973,0.047919957872564506,0.4490681381983366,2
0.04715219421101774,0.051789077212806026,0.05357142857142857,0.03803803803803804,0.027777777777777776,0.012121212121212121,0.04507337526205451,0.028233151183970857,0.04597701149425287,0.04964539007092199,0.03975694444444444,0.03732809430255403,0.044361525704809286,0.029218106995884775,0.005050505050505051,0.02168021680216802,0.05070118662351672,0.05239599789362823,0.3201287662390089,1
0.03968253968253968,0.044256120527306965,0.03720238095238095,0.020186853520186853,0.0213365539452496,0.00909090909090909,0.03291404612159329,0.04007285974499089,0.038314176245210725,0.04875886524822695,0.029166666666666667,0.019537218947827985,0.03648424543946932,0.03168724279835391,0.0025252525252525255,0.009485094850948509,0.04908306364617044,0.05028962611901001,0.4399262839277056,0
0.04341736694677871,0.038606403013182675,0.03720238095238095,0.020687354020687353,0.020531400966183576,0.007070707070707071,0.029350104821802937,0.044626593806921674,0.034482758620689655,0.041666666666666664,0.02847222222222222,0.015498799388779742,0.030887230514096187,0.03168724279835391,0.012626262626262626,0.02032520325203252,0.04962243797195254,0.04870984728804634,0.4445290170522527,0
0.04435107376283847,0.03389830508474576,0.036210317460317464,0.031865198531865195,0.02938808373590982,0.006060606060606061,0.03270440251572327,0.037340619307832425,0.03639846743295019,0.03723404255319149,0.03194444444444444,0.020410390744378958,0.02570480928689884,0.029218106995884775,0.005050505050505051,0.025745257452574527,0.053667745415318234,0.053712480252764615,0.42909514391125025,2
0.042483660130718956,0.03672316384180791,0.04117063492063492,0.029362696029362697,0.023752012882447666,0.007070707070707071,0.035429769392033544,0.03551912568306011,0.038314176245210725,0.03900709219858156,0.03298611111111111,0.023248199083169614,0.02943615257048093,0.02757201646090535,0.0,0.032520325203252036,0.05177993527508091,0.05239599789362823,0.4212282240078067,1
0.0480859010270775,0.051789077212806026,0.05109126984126984,0.035201868535201866,0.026167471819645734,0.011111111111111112,0.044444444444444446,0.028233151183970857,0.04597701149425287,0.04875886524822695,0.03975694444444444,0.03672778869242523,0.05161691542288557,0.02962962962962963,0.012626262626262626,0.02168021680216802,0.05070118662351672,0.051606108478146395,0.3147947753625141,1
0.04435107376283847,0.035781544256120526,0.03273809523809524,0.021021021021021023,0.020933977455716585,0.00808080808080808,0.027882599580712788,0.04735883424408015,0.034482758620689655,0.041371158392434985,0.027430555555555555,0.013807029032962236,0.02902155887230514,0.03209876543209877,0.027777777777777776,0.01084010840108401,0.04962243797195254,0.04818325434439179,0.44721664195935473,0
0.04855275443510738,0.054613935969868174,0.05109126984126984,0.03837170503837171,0.027777777777777776,0.011111111111111112,0.04591194968553459,0.0273224043715847,0.04789272030651341,0.05200945626477541,0.04010416666666667,0.03907443789565597,0.05099502487562189,0.029218106995884775,0.017676767676767676,0.005420054200542005,0.050431499460625674,0.051606108478146395,0.31081874894817496,1
0.0392156862745098,0.04143126177024482,0.03968253968253968,0.02335669002335669,0.023349436392914653,0.011111111111111112,0.03270440251572327,0.04007285974499089,0.038314176245210725,0.04639479905437352,0.028819444444444446,0.019046059812268062,0.03648424543946932,0.030452674897119343,0.012626262626262626,0.023035230352303523,0.049352750809061485,0.05081621906266456,0.4137341497414314,0
0.04388422035480859,0.04048964218455744,0.03373015873015873,0.028361695028361694,0.026972624798711754,0.006060606060606061,0.029769392033542976,0.04189435336976321,0.034482758620689655,0.04196217494089834,0.02847222222222222,0.01691770355817507,0.03669154228855721,0.026748971193415638,0.025252525252525252,0.01084010840108401,0.05339805825242718,0.05344918378093733,0.42062205892855764,2
0.04341736694677871,0.044256120527306965,0.042162698412698416,0.026860193526860192,0.026167471819645734,0.012121212121212121,0.03249475890985325,0.039162112932604735,0.03639846743295019,0.04639479905437352,0.03107638888888889,0.019318925998690242,0.036898839137645106,0.031275720164609055,0.005050505050505051,0.012195121951219513,0.04962243797195254,0.051606108478146395,0.41352075067405947,0
0.05228758169934641,0.047080979284369114,0.054563492063492064,0.031031031031031032,0.02254428341384863,0.011111111111111112,0.044863731656184486,0.028233151183970857,0.04597701149425287,0.04698581560283688,0.04027777777777778,0.036891508404278545,0.04208126036484246,0.029218106995884775,0.045454545454545456,0.036585365853658534,0.05151024811218986,0.05318588730911006,0.2801171111872691,1
0.042483660130718956,0.03389830508474576,0.03819444444444445,0.02619285952619286,0.02254428341384863,0.007070707070707071,0.03249475890985325,0.03825136612021858,0.03639846743295019,0.03723404255319149,0.030729166666666665,0.019700938659681293,0.025497512437810944,0.026748971193415638,0.020202020202020204,0.02032520325203252,0.052588996763754045,0.05292259083728278,0.43652170530046464,1
0.04295051353874883,0.04048964218455744,0.03422619047619048,0.026359693026359692,0.02254428341384863,0.007070707070707071,0.031236897274633125,0.04007285974499089,0.03639846743295019,0.04225768321513002,0.029513888888888888,0.018172888015717092,0.03482587064676617,0.025925925925925925,0.03535353535353535,0.024390243902439025,0.05339805825242718,0.05344918378093733,0.4013634678552467,1
0.046218487394957986,0.04519774011299435,0.051587301587301584,0.032699366032699365,0.025362318840579712,0.010101010101010102,0.04213836477987421,0.030054644808743168,0.044061302681992334,0.04491725768321513,0.03836805555555556,0.03296223531979917,0.04125207296849088,0.030041152263374487,0.020202020202020204,0.005420054200542005,0.05070118662351672,0.05186940494997367,0.3568460238933593,1
0.0457516339869281,0.054613935969868174,0.05009920634920635,0.03470136803470137,0.026167471819645734,0.012121212121212121,0.04737945492662474,0.0273224043715847,0.04789272030651341,0.053782505910165486,0.0390625,0.040820781488757917,0.04477611940298507,0.029218106995884775,0.015151515151515152,0.0013550135501355014,0.04989212513484358,0.051606108478146395,0.3282858160012816,1
0.038748832866479926,0.03483992467043315,0.026785714285714284,0.019686353019686353,0.02214170692431562,0.00404040404040404,0.027044025157232705,0.04735883424408015,0.034482758620689655,0.037529550827423167,0.025347222222222222,0.013370443134686749,0.02902155887230514,0.03333333333333333,0.010101010101010102,0.017615176151761516,0.04854368932038835,0.04844655081621906,0.48156291139161456,1
0.042483660130718956,0.03672316384180791,0.04365079365079365,0.03153153153153153,0.025362318840579712,0.00909090909090909,0.03668763102725367,0.03460837887067395,0.040229885057471264,0.03900709219858156,0.03420138888888889,0.02493996943898712,0.03233830845771144,0.028395061728395062,0.0,0.03116531165311653,0.05151024811218986,0.052132701421800945,0.40594164605858873,1
0.041549953314659195,0.03766478342749529,0.02976190476190476,0.02185518852185519,0.02254428341384863,0.006060606060606061,0.024737945492662474,0.051001821493624776,0.032567049808429116,0.040484633569739956,0.024826388888888887,0.011405806592447065,0.03171641791044776,0.026748971193415638,0.025252525252525252,0.01084010840108401,0.052049622437971954,0.05239599789362823,0.45653599156476576,0
0.041549953314659195,0.03295668549905838,0.034722222222222224,0.023023023023023025,0.023349436392914653,0.007070707070707071,0.026415094339622643,0.0482695810564663,0.032567049808429116,0.037825059101654845,0.025520833333333333,0.012933857236411264,0.02321724709784411,0.02633744855967078,0.010101010101010102,0.025745257452574527,0.053667745415318234,0.054502369668246446,0.4602254193068338,0
0.0480859010270775,0.046139359698681735,0.0496031746031746,0.0323656990323657,0.024154589371980676,0.010101010101010102,0.03878406708595388,0.031876138433515486,0.0421455938697318,0.04728132387706856,0.035069444444444445,0.0282689369133377,0.036898839137645106,0.02551440329218107,0.03282828282828283,0.01084010840108401,0.05339805825242718,0.05476566614007372,0.35187940348996394,1
0.03734827264239029,0.0423728813559322,0.03521825396825397,0.02135468802135469,0.02254428341384863,0.007070707070707071,0.03165618448637317,0.040983606557377046,0.03639846743295019,0.04343971631205674,0.0296875,0.018391180964854835,0.03648424543946932,0.03251028806584362,0.007575757575757576,0.02168021680216802,0.048813376483279394,0.049236440231700894,0.4372339331756824,2
0.04668534080298786,0.04331450094161959,0.04017857142857143,0.031197864531197866,0.02455716586151369,0.00909090909090909,0.03480083857442348,0.03642987249544627,0.038314176245210725,0.04550827423167849,0.0328125,0.02264789347304082,0.03627694859038143,0.025925925925925925,0.03282828282828283,0.012195121951219513,0.05339805825242718,0.054502369668246446,0.37933538510691744,1
0.040149393090569564,0.03672316384180791,0.02976190476190476,0.02335669002335669,0.024154589371980676,0.007070707070707071,0.024947589098532494,0.05009107468123861,0.032567049808429116,0.03959810874704492,0.024305555555555556,0.011569526304300371,0.029228855721393034,0.025102880658436213,0.017676767676767676,0.01084010840108401,0.05393743257820928,0.054502369668246446,0.46441623294043555,0
0.038748832866479926,0.03483992467043315,0.030753968253968252,0.018852185518852184,0.0213365539452496,0.006060606060606061,0.025576519916142557,0.05009107468123861,0.032567049808429116,0.038120567375886524,0.024826388888888887,0.011896965728006985,0.027985074626865673,0.03251028806584362,0.0,0.009485094850948509,0.048813376483279394,0.04870984728804634,0.4988256809708347,0
0.03828197945845005,0.0423728813559322,0.03373015873015873,0.025025025025025027,0.027777777777777776,0.005050505050505051,0.0310272536687631,0.040983606557377046,0.03639846743295019,0.0425531914893617,0.029340277777777778,0.0175725824055883,0.03814262023217247,0.03292181069958848,0.012626262626262626,0.0,0.048813376483279394,0.04844655081621906,0.44893567241281107,2
0.04341736694677871,0.044256120527306965,0.04365079365079365,0.0333667000333667,0.026570048309178744,0.007070707070707071,0.03626834381551362,0.03460837887067395,0.040229885057471264,0.044621749408983453,0.03420138888888889,0.02466710325256494,0.04249585406301824,0.027160493827160494,0.0,0.0040650406504065045,0.052588996763754045,0.05318588730911006,0.40757514155432273,1
0.042483660130718956,0.04048964218455744,0.04365079365079365,0.02619285952619286,0.02455716586151369,0.00909090909090909,0.031236897274633125,0.040983606557377046,0.03639846743295019,0.04639479905437352,0.028645833333333332,0.01779087535472604,0.02902155887230514,0.02633744855967078,0.0025252525252525255,0.03523035230352303,0.053128371089536136,0.054502369668246446,0.411339137529387,0
0.049953314659197015,0.05367231638418079,0.05257936507936508,0.029863196529863197,0.020531400966183576,0.00808080808080808,0.05387840670859539,0.023679417122040074,0.05363984674329502,0.0508274231678487,0.04774305555555555,0.05206286836935167,0.04809286898839138,0.034156378600823045,0.005050505050505051,0.02710027100271003,0.048813376483279394,0.04844655081621906,0.2918286296917878,2
0.04061624649859944,0.04143126177024482,0.034722222222222224,0.029863196529863197,0.030193236714975844,0.006060606060606061,0.030607966457023062,0.040983606557377046,0.03639846743295019,0.041666666666666664,0.028993055555555557,0.01779087535472604,0.036898839137645106,0.028395061728395062,0.015151515151515152,0.0013550135501355014,0.052319309600863,0.05292259083728278,0.4336302621733532,2
0.038748832866479926,0.04331450094161959,0.036210317460317464,0.022856189522856188,0.023752012882447666,0.006060606060606061,0.0310272536687631,0.040983606557377046,0.03639846743295019,0.04314420803782506,0.028993055555555557,0.01784544859201048,0.03793532338308458,0.030864197530864196,0.020202020202020204,0.0,0.04989212513484358,0.05028962611901001,0.4414822080513692,2
0.040149393090569564,0.038606403013182675,0.03273809523809524,0.021521521521521522,0.02214170692431562,0.007070707070707071,0.02830188679245283,0.04553734061930783,0.034482758620689655,0.04018912529550828,0.02673611111111111,0.0145164811176599,0.034203980099502485,0.030452674897119343,0.007575757575757576,0.005420054200542005,0.04854368932038835,0.049236440231700894,0.47257587325986816,1
0.05088702147525677,0.05084745762711865,0.05406746031746032,0.03753753753753754,0.027375201288244767,0.011111111111111112,0.044863731656184486,0.028233151183970857,0.04597701149425287,0.04994089834515367,0.03923611111111111,0.03683693516699411,0.0439469320066335,0.027983539094650206,0.027777777777777776,0.04336043360433604,0.050970873786407765,0.05318588730911006,0.2758609281066884,1
0.04388422035480859,0.03483992467043315,0.036210317460317464,0.031031031031031032,0.0285829307568438,0.007070707070707071,0.03228511530398323,0.03825136612021858,0.03639846743295019,0.037529550827423167,0.0296875,0.019755511896965727,0.02736318407960199,0.02757201646090535,0.005050505050505051,0.01084010840108401,0.053128371089536136,0.05423907319641917,0.4462800987962664,2
0.04668534080298786,0.04143126177024482,0.046130952380952384,0.03219886553219887,0.0249597423510467,0.00808080808080808,0.0389937106918239,0.031876138433515486,0.0421455938697318,0.04343971631205674,0.035069444444444445,0.028432656625191007,0.03130182421227198,0.027160493827160494,0.0,0.0027100271002710027,0.052049622437971954,0.052132701421800945,0.41520109970552155,1
0.03828197945845005,0.04048964218455744,0.036210317460317464,0.02569235902569236,0.026167471819645734,0.007070707070707071,0.03165618448637317,0.04007285974499089,0.03639846743295019,0.04225768321513002,0.03090277777777778,0.018609473913992577,0.03316749585406302,0.031275720164609055,0.012626262626262626,0.014905149051490514,0.04989212513484358,0.04976303317535545,0.43456029040279087,2
0.040149393090569564,0.04331450094161959,0.036210317460317464,0.020854187520854186,0.022946859903381644,0.006060606060606061,0.03165618448637317,0.040983606557377046,0.03639846743295019,0.04343971631205674,0.029513888888888888,0.018227461253001526,0.03897180762852405,0.03374485596707819,0.022727272727272728,0.014905149051490514,0.04854368932038835,0.04844655081621906,0.42290548458103105,2
0.05415499533146592,0.04990583804143126,0.054563492063492064,0.03853853853853854,0.026972624798711754,0.012121212121212121,0.04549266247379455,0.028233151183970857,0.04597701149425287,0.04875886524822695,0.04010416666666667,0.037764680200829515,0.046019900497512436,0.02757201646090535,0.04040404040404041,0.037940379403794036,0.05177993527508091,0.05423907319641917,0.2594574165996545,1
0.041549953314659195,0.04331450094161959,0.03819444444444445,0.020854187520854186,0.020933977455716585,0.010101010101010102,0.03270440251572327,0.04007285974499089,0.038314176245210725,0.04728132387706856,0.0296875,0.019155206286836934,0.03669154228855721,0.03209876543209877,0.017676767676767676,0.023035230352303523,0.049352750809061485,0.05028962611901001,0.4086917748740668,0
0.038748832866479926,0.038606403013182675,0.034722222222222224,0.025859192525859193,0.026167471819645734,0.007070707070707071,0.03018867924528302,0.04189435336976321,0.03639846743295019,0.041666666666666664,0.029166666666666667,0.016863130320890634,0.030472636815920398,0.029218106995884775,0.010101010101010102,0.016260162601626018,0.05070118662351672,0.05134281200631911,0.44455129163540574,2
0.04481792717086835,0.044256120527306965,0.05109126984126984,0.035869202535869206,0.027777777777777776,0.010101010101010102,0.041928721174004195,0.030054644808743168,0.044061302681992334,0.04343971631205674,0.03819444444444445,0.032634795896092555,0.04145936981757877,0.030041152263374487,0.015151515151515152,0.008130081300813009,0.050431499460625674,0.05107951553449184,0.35947993320016547,1
0.04108309990662932,0.03483992467043315,0.028273809523809524,0.022022022022022022,0.0249597423510467,0.006060606060606061,0.02830188679245283,0.04553734061930783,0.034482758620689655,0.03693853427895981,0.02621527777777778,0.014461907880375463,0.029850746268656716,0.034156378600823045,0.04040404040404041,0.02168021680216802,0.04854368932038835,0.04844655081621906,0.4337414672835943,1
0.0457516339869281,0.035781544256120526,0.03273809523809524,0.021688355021688355,0.02214170692431562,0.007070707070707071,0.027253668763102725,0.04644808743169399,0.034482758620689655,0.040780141843971635,0.027777777777777776,0.013697882558393364,0.025497512437810944,0.028395061728395062,0.007575757575757576,0.016260162601626018,0.05151024811218986,0.05107951553449184,0.46406938251624463,0
0.041549953314659195,0.0423728813559322,0.04017857142857143,0.04104104104104104,0.04106280193236715,0.043434343434343436,0.03249475890985325,0.04007285974499089,0.038314176245210725,0.04728132387706856,0.034722222222222224,0.01893691333769919,0.03669154228855721,0.037037037037037035,0.022727272727272728,0.023035230352303523,0.049352750809061485,0.05055292259083728,0.31914139735097147,0
0.04061624649859944,0.03954802259887006,0.037698412698412696,0.026526526526526525,0.026167471819645734,0.005050505050505051,0.03249475890985325,0.03825136612021858,0.03639846743295019,0.040780141843971635,0.03194444444444444,0.019755511896965727,0.032545605306799334,0.031275720164609055,0.015151515151515152,0.016260162601626018,0.050970873786407765,0.05081621906266456,0.4277480280854149,2
0.04341736694677871,0.03389830508474576,0.03125,0.023189856523189858,0.022946859903381644,0.00808080808080808,0.027672955974842768,0.04553734061930783,0.034482758620689655,0.04018912529550828,0.027430555555555555,0.014189041693953285,0.025082918739635158,0.02757201646090535,0.007575757575757576,0.036585365853658534,0.052049622437971954,0.05292259083728278,0.4459267537960272,0
0.05088702147525677,0.051789077212806026,0.050595238095238096,0.02819486152819486,0.020531400966183576,0.006060606060606061,0.05052410901467505,0.02459016393442623,0.04980842911877394,0.04875886524822695,0.04600694444444445,0.04747871643745907,0.05120232172470979,0.0345679012345679,0.025252525252525252,0.014905149051490514,0.04962243797195254,0.04818325434439179,0.30104097688407117,2
0.04201680672268908,0.035781544256120526,0.03720238095238095,0.027360694027360695,0.02576489533011272,0.007070707070707071,0.03165618448637317,0.039162112932604735,0.03639846743295019,0.03871158392434988,0.029166666666666667,0.01882776686313032,0.028814262023217248,0.027160493827160494,0.0,0.0,0.052588996763754045,0.053712480252764615,0.4686039564676576,2
0.0457516339869281,0.04896421845574388,0.04265873015873016,0.03453453453453453,0.027777777777777776,0.005050505050505051,0.04025157232704402,0.030054644808743168,0.0421455938697318,0.047576832151300236,0.03680555555555556,0.031106745252128355,0.045812603648424544,0.030864197530864196,0.010101010101010102,0.008130081300813009,0.052319309600863,0.05134281200631911,0.3687516418829835,2
0.03828197945845005,0.03483992467043315,0.03273809523809524,0.021021021021021023,0.021739130434782608,0.007070707070707071,0.027672955974842768,0.04735883424408015,0.034482758620689655,0.037529550827423167,0.025694444444444443,0.0137524557956778,0.02943615257048093,0.02962962962962963,0.04292929292929293,0.009485094850948509,0.049352750809061485,0.049236440231700894,0.44774878117823846,1
0.042483660130718956,0.03766478342749529,0.04861111111111111,0.03203203203203203,0.02576489533011272,0.00909090909090909,0.03710691823899371,0.03460837887067395,0.040229885057471264,0.0398936170212766,0.033680555555555554,0.025376555337262605,0.034203980099502485,0.027160493827160494,0.022727272727272728,0.04742547425474255,0.052588996763754045,0.05397577672459189,0.3553747043993629,1
0.0457516339869281,0.03766478342749529,0.03819444444444445,0.028528528528528527,0.02455716586151369,0.006060606060606061,0.03605870020964361,0.033697632058287796,0.040229885057471264,0.041075650118203307,0.03420138888888889,0.02493996943898712,0.029228855721393034,0.02962962962962963,0.010101010101010102,0.023035230352303523,0.053667745415318234,0.05292259083728278,0.41045454986206453,2
0.04948646125116713,0.04990583804143126,0.04861111111111111,0.03219886553219887,0.024154589371980676,0.010101010101010102,0.04507337526205451,0.028233151183970857,0.04597701149425287,0.04994089834515367,0.03888888888888889,0.03716437459070072,0.045190713101160865,0.030041152263374487,0.020202020202020204,0.028455284552845527,0.05070118662351672,0.05186940494997367,0.3138046631331878,1
0.04341736694677871,0.04048964218455744,0.03869047619047619,0.02769436102769436,0.023752012882447666,0.007070707070707071,0.03165618448637317,0.04007285974499089,0.03639846743295019,0.041666666666666664,0.03159722222222222,0.018664047151277015,0.036069651741293535,0.027983539094650206,0.03787878787878788,0.0027100271002710027,0.052049622437971954,0.05186940494997367,0.41026895278991016,1
0.04388422035480859,0.03483992467043315,0.03571428571428571,0.03219886553219887,0.028985507246376812,0.006060606060606061,0.03312368972746331,0.037340619307832425,0.03639846743295019,0.03930260047281324,0.03194444444444444,0.02101069635450775,0.026326699834162522,0.02880658436213992,0.0,0.018970189701897018,0.05393743257820928,0.053712480252764615,0.437442685952106,2
0.041549953314659195,0.03389830508474576,0.03373015873015873,0.02485819152485819,0.024154589371980676,0.00808080808080808,0.027882599580712788,0.04553734061930783,0.034482758620689655,0.03959810874704492,0.0265625,0.014461907880375463,0.02466832504145937,0.02551440329218107,0.015151515151515152,0.024390243902439025,0.054207119741100325,0.055028962611901,0.44624220870406284,0
0.03968253968253968,0.0423728813559322,0.034722222222222224,0.021688355021688355,0.023349436392914653,0.00808080808080808,0.03165618448637317,0.040983606557377046,0.03639846743295019,0.04314420803782506,0.0296875,0.018227461253001526,0.03876451077943615,0.03251028806584362,0.005050505050505051,0.006775067750677507,0.048813376483279394,0.04897314375987362,0.44911943758675255,2
0.040149393090569564,0.0423728813559322,0.036210317460317464,0.025358692025358693,0.025362318840579712,0.006060606060606061,0.031236897274633125,0.04007285974499089,0.03639846743295019,0.04284869976359338,0.029513888888888888,0.018282034490285964,0.03648424543946932,0.029218106995884775,0.015151515151515152,0.0013550135501355014,0.050970873786407765,0.051606108478146395,0.4413470801697349,2
0.04948646125116713,0.04519774011299435,0.053075396825396824,0.033700367033700364,0.02455716586151369,0.010101010101010102,0.04339622641509434,0.029143897996357013,0.04597701149425287,0.04521276595744681,0.03940972222222222,0.034654005675616675,0.04145936981757877,0.02880658436213992,0.012626262626262626,0.037940379403794036,0.05124056094929881,0.05344918378093733,0.32056588811321607,1
0.049953314659197015,0.04896421845574388,0.05109126984126984,0.031031031031031032,0.022946859903381644,0.011111111111111112,0.044863731656184486,0.028233151183970857,0.04597701149425287,0.047872340425531915,0.03767361111111111,0.036891508404278545,0.03917910447761194,0.027160493827160494,0.015151515151515152,0.006775067750677507,0.050970873786407765,0.052132701421800945,0.352021084307762,1
0.05088702147525677,0.04519774011299435,0.053075396825396824,0.035869202535869206,0.0249597423510467,0.010101010101010102,0.0429769392033543,0.029143897996357013,0.044061302681992334,0.0466903073286052,0.03854166666666667,0.034053700065487885,0.03482587064676617,0.026748971193415638,0.022727272727272728,0.04336043360433604,0.052588996763754045,0.05423907319641917,0.30995145452399886,1
0.04201680672268908,0.047080979284369114,0.044642857142857144,0.0313646980313647,0.02455716586151369,0.010101010101010102,0.037945492662473795,0.03278688524590164,0.040229885057471264,0.0466903073286052,0.036631944444444446,0.026850032743942372,0.04560530679933665,0.028395061728395062,0.015151515151515152,0.025745257452574527,0.05151024811218986,0.05239599789362823,0.36029854823571794,1
0.04341736694677871,0.0423728813559322,0.04117063492063492,0.023690357023690357,0.02254428341384863,0.010101010101010102,0.03291404612159329,0.039162112932604735,0.038314176245210725,0.04580378250591016,0.03125,0.0198646583715346,0.03897180762852405,0.030864197530864196,0.0025252525252525255,0.028455284552845527,0.04962243797195254,0.05186940494997367,0.40708630490183895,0
0.03828197945845005,0.038606403013182675,0.034722222222222224,0.025859192525859193,0.02576489533011272,0.007070707070707071,0.0310272536687631,0.040983606557377046,0.03639846743295019,0.040780141843971635,0.029861111111111113,0.017900021829294913,0.03150912106135987,0.02962962962962963,0.012626262626262626,0.023035230352303523,0.050431499460625674,0.05134281200631911,0.43416944279949765,2
0.04481792717086835,0.04896421845574388,0.051587301587301584,0.037037037037037035,0.026972624798711754,0.00909090909090909,0.04150943396226415,0.030054644808743168,0.044061302681992334,0.048167848699763594,0.03767361111111111,0.03214363676053263,0.046849087893864015,0.02757201646090535,0.030303030303030304,0.02710027100271003,0.05177993527508091,0.05292259083728278,0.3113925720621479,1
0.04201680672268908,0.03954802259887006,0.03125,0.021021021021021023,0.02214170692431562,0.007070707070707071,0.031865828092243184,0.040983606557377046,0.03639846743295019,0.04196217494089834,0.030034722222222223,0.0183366077275704,0.03586235489220564,0.03333333333333333,0.0,0.02032520325203252,0.04854368932038835,0.04844655081621906,0.4508591970749569,2
0.04341736694677871,0.03766478342749529,0.030753968253968252,0.01951951951951952,0.019726247987117553,0.007070707070707071,0.027463312368972745,0.04735883424408015,0.034482758620689655,0.04284869976359338,0.027777777777777776,0.013588736083824493,0.03233830845771144,0.03209876543209877,0.020202020202020204,0.008130081300813009,0.04962243797195254,0.04844655081621906,0.45748912375466033,0
0.042483660130718956,0.038606403013182675,0.03273809523809524,0.02185518852185519,0.02254428341384863,0.00909090909090909,0.026415094339622643,0.0482695810564663,0.034482758620689655,0.0425531914893617,0.027604166666666666,0.012933857236411264,0.03213101160862355,0.02962962962962963,0.007575757575757576,0.013550135501355014,0.05151024811218986,0.05107951553449184,0.4549465132201246,0
0.04435107376283847,0.0423728813559322,0.052083333333333336,0.03470136803470137,0.02576489533011272,0.010101010101010102,0.03920335429769392,0.03278688524590164,0.0421455938697318,0.044326241134751775,0.035069444444444445,0.02837808338790657,0.03275290215588723,0.02633744855967078,0.017676767676767676,0.04336043360433604,0.05339805825242718,0.05555555555555555,0.3396346698969972,1
0.041549953314659195,0.03483992467043315,0.025297619047619048,0.018518518518518517,0.021739130434782608,0.005050505050505051,0.025157232704402517,0.051001821493624776,0.032567049808429116,0.037529550827423167,0.023958333333333335,0.011624099541584807,0.030472636815920398,0.03374485596707819,0.017676767676767676,0.005420054200542005,0.048813376483279394,0.04818325434439179,0.48685531576670527,0
0.049019607843137254,0.05084745762711865,0.0496031746031746,0.03670337003670337,0.027777777777777776,0.010101010101010102,0.046331236897274634,0.0273224043715847,0.04789272030651341,0.050236406619385346,0.04027777777777778,0.039183584370224844,0.04187396351575456,0.030041152263374487,0.0,0.017615176151761516,0.050431499460625674,0.05239599789362823,0.3323456823831731,1
0.052754435107376284,0.05367231638418079,0.05406746031746032,0.0323656990323657,0.02254428341384863,0.006060606060606061,0.05450733752620545,0.023679417122040074,0.05363984674329502,0.051713947990543734,0.05,0.05359091901331587,0.054104477611940295,0.03497942386831276,0.027777777777777776,0.028455284552845527,0.04908306364617044,0.04818325434439179,0.24882044948732351,2
0.04061624649859944,0.04048964218455744,0.032242063492063495,0.021187854521187856,0.02254428341384863,0.00808080808080808,0.031236897274633125,0.04189435336976321,0.03639846743295019,0.04225768321513002,0.029340277777777778,0.0175725824055883,0.03544776119402985,0.03497942386831276,0.015151515151515152,0.0040650406504065045,0.04854368932038835,0.047919957872564506,0.45003145227587527,2
0.0457516339869281,0.0480225988700565,0.047619047619047616,0.0338672005338672,0.026570048309178744,0.010101010101010102,0.039412997903563944,0.031876138433515486,0.0421455938697318,0.04639479905437352,0.0359375,0.029087535472604235,0.04788557213930348,0.027983539094650206,0.025252525252525252,0.0013550135501355014,0.05151024811218986,0.05239599789362823,0.35683099980369004,1
0.04388422035480859,0.035781544256120526,0.04365079365079365,0.029863196529863197,0.024154589371980676,0.007070707070707071,0.03563941299790356,0.03551912568306011,0.040229885057471264,0.03871158392434988,0.03263888888888889,0.023739358218729537,0.029850746268656716,0.027160493827160494,0.005050505050505051,0.037940379403794036,0.052588996763754045,0.053712480252764615,0.4028130924286881,1
0.03828197945845005,0.04143126177024482,0.03125,0.02052052052052052,0.021739130434782608,0.007070707070707071,0.03165618448637317,0.040983606557377046,0.03639846743295019,0.04343971631205674,0.028819444444444446,0.01795459506657935,0.038349917081260364,0.03333333333333333,0.007575757575757576,0.005420054200542005,0.0482740021574973,0.047919957872564506,0.459581364224559,2
0.04948646125116713,0.046139359698681735,0.047619047619047616,0.033533533533533534,0.02455716586151369,0.010101010101010102,0.037945492662473795,0.03278688524590164,0.040229885057471264,0.0466903073286052,0.03420138888888889,0.026959179218511244,0.03731343283582089,0.02551440329218107,0.047979797979797977,0.02032520325203252,0.05447680690399137,0.055028962611901,0.3291116766574692,1
0.041549953314659195,0.04143126177024482,0.040674603174603176,0.022689356022689355,0.021739130434782608,0.006060606060606061,0.031236897274633125,0.040983606557377046,0.03639846743295019,0.0425531914893617,0.029513888888888888,0.018118314778432655,0.03482587064676617,0.027983539094650206,0.025252525252525252,0.018970189701897018,0.05070118662351672,0.05081621906266456,0.4185011924187513,1
0.04341736694677871,0.04048964218455744,0.04365079365079365,0.028361695028361694,0.026570048309178744,0.00909090909090909,0.031446540880503145,0.040983606557377046,0.03639846743295019,0.04343971631205674,0.02847222222222222,0.018227461253001526,0.029643449419568823,0.026748971193415638,0.005050505050505051,0.023035230352303523,0.05285868392664509,0.05423907319641917,0.41787561699245257,0
0.0457516339869281,0.04143126177024482,0.03869047619047619,0.02669336002669336,0.025362318840579712,0.00808080808080808,0.029769392033542976,0.042805100182149364,0.034482758620689655,0.04373522458628842,0.027777777777777776,0.016371971185330715,0.03544776119402985,0.025925925925925925,0.047979797979797977,0.0027100271002710027,0.054207119741100325,0.054502369668246446,0.3982749151091193,0
0.04855275443510738,0.04896421845574388,0.047619047619047616,0.0313646980313647,0.023752012882447666,0.00909090909090909,0.039412997903563944,0.031876138433515486,0.0421455938697318,0.047576832151300236,0.03576388888888889,0.028923815760750926,0.04249585406301824,0.02757201646090535,0.027777777777777776,0.01084010840108401,0.052049622437971954,0.0526592943654555,0.3515624189714156,1
0.046218487394957986,0.05367231638418079,0.05406746031746032,0.03670337003670337,0.026570048309178744,0.011111111111111112,0.046331236897274634,0.0273224043715847,0.04789272030651341,0.05200945626477541,0.040625,0.03956559703121589,0.04892205638474295,0.02880658436213992,0.025252525252525252,0.03387533875338753,0.05070118662351672,0.0526592943654555,0.27769380583327563,1
0.040149393090569564,0.03954802259887006,0.032242063492063495,0.020854187520854186,0.021739130434782608,0.007070707070707071,0.031446540880503145,0.040983606557377046,0.03639846743295019,0.041371158392434985,0.0296875,0.01784544859201048,0.03565505804311774,0.03497942386831276,0.005050505050505051,0.01084010840108401,0.04854368932038835,0.047919957872564506,0.4576750313809048,2
0.049953314659197015,0.05367231638418079,0.050595238095238096,0.030697364030697363,0.02214170692431562,0.007070707070707071,0.04905660377358491,0.025500910746812388,0.04980842911877394,0.05053191489361702,0.0421875,0.044859201047806156,0.047470978441127694,0.03168724279835391,0.017676767676767676,0.014905149051490514,0.050431499460625674,0.049236440231700894,0.3125167155950034,2
0.05088702147525677,0.05084745762711865,0.05109126984126984,0.03420086753420087,0.025362318840579712,0.011111111111111112,0.04654088050314465,0.0273224043715847,0.04789272030651341,0.051713947990543734,0.03975694444444444,0.03929273084479371,0.04415422885572139,0.029218106995884775,0.015151515151515152,0.018970189701897018,0.050431499460625674,0.0526592943654555,0.31339549057833893,1
0.041549953314659195,0.04143126177024482,0.037698412698412696,0.020854187520854186,0.021739130434782608,0.010101010101010102,0.03270440251572327,0.04007285974499089,0.038314176245210725,0.044621749408983453,0.02829861111111111,0.01920977952412137,0.03648424543946932,0.031275720164609055,0.030303030303030304,0.016260162601626018,0.04962243797195254,0.05081621906266456,0.40864265006654377,0
0.046218487394957986,0.0480225988700565,0.04365079365079365,0.0313646980313647,0.0249597423510467,0.005050505050505051,0.04255765199161426,0.029143897996357013,0.044061302681992334,0.0466903073286052,0.03854166666666667,0.03410827330277232,0.04539800995024876,0.03168724279835391,0.020202020202020204,0.03523035230352303,0.05151024811218986,0.050026329647182725,0.3315758716697492,2
0.045284780578898225,0.0423728813559322,0.04513888888888889,0.026860193526860192,0.025362318840579712,0.010101010101010102,0.03165618448637317,0.040983606557377046,0.03639846743295019,0.04373522458628842,0.028819444444444446,0.018227461253001526,0.03544776119402985,0.026748971193415638,0.045454545454545456,0.02710027100271003,0.053128371089536136,0.05397577672459189,0.36320384128856686,0
0.04061624649859944,0.038606403013182675,0.036210317460317464,0.026359693026359692,0.02576489533011272,0.007070707070707071,0.03165618448637317,0.04007285974499089,0.03639846743295019,0.040780141843971635,0.030381944444444444,0.018609473913992577,0.03150912106135987,0.030041152263374487,0.007575757575757576,0.01084010840108401,0.05124056094929881,0.05107951553449184,0.44518644994863144,2
0.041549953314659195,0.03766478342749529,0.03571428571428571,0.025859192525859193,0.025362318840579712,0.007070707070707071,0.030607966457023062,0.040983606557377046,0.03639846743295019,0.0398936170212766,0.030381944444444444,0.017518009168303865,0.03005804311774461,0.02962962962962963,0.010101010101010102,0.013550135501355014,0.05177993527508091,0.051606108478146395,0.44427028592207196,2
0.040149393090569564,0.03766478342749529,0.03720238095238095,0.02435769102435769,0.0249597423510467,0.006060606060606061,0.029350104821802937,0.04371584699453552,0.034482758620689655,0.0398936170212766,0.027430555555555555,0.015826238812486355,0.033582089552238806,0.02962962962962963,0.007575757575757576,0.028455284552845527,0.049352750809061485,0.050026329647182725,0.44028443950048146,1
0.038748832866479926,0.03483992467043315,0.026785714285714284,0.02185518852185519,0.02455716586151369,0.00404040404040404,0.02830188679245283,0.04553734061930783,0.034482758620689655,0.037529550827423167,0.02638888888888889,0.014789347304082079,0.029228855721393034,0.03497942386831276,0.007575757575757576,0.008130081300813009,0.04854368932038835,0.04818325434439179,0.4855019345696988,1
0.047619047619047616,0.05084745762711865,0.05009920634920635,0.031698365031698365,0.023349436392914653,0.010101010101010102,0.04654088050314465,0.0273224043715847,0.04789272030651341,0.05053191489361702,0.03888888888888889,0.0397293167430692,0.04208126036484246,0.029218106995884775,0.03282828282828283,0.008130081300813009,0.050970873786407765,0.052132701421800945,0.3200180444741546,1
0.046218487394957986,0.051789077212806026,0.05009920634920635,0.03653653653653654,0.027375201288244767,0.010101010101010102,0.0469601677148847,0.0273224043715847,0.04789272030651341,0.05260047281323877,0.03958333333333333,0.04022047587862912,0.04415422885572139,0.030452674897119343,0.027777777777777776,0.02710027100271003,0.050431499460625674,0.051606108478146395,0.29177834622695364,1
0.0546218487394958,0.04896421845574388,0.054563492063492064,0.03803803803803804,0.026167471819645734,0.012121212121212121,0.044444444444444446,0.028233151183970857,0.04597701149425287,0.048167848699763594,0.03958333333333333,0.03645492250600305,0.04560530679933665,0.027160493827160494,0.05303030303030303,0.03387533875338753,0.052319309600863,0.05397577672459189,0.2566964783649617,1
0.04108309990662932,0.04143126177024482,0.03819444444444445,0.027861194527861195,0.023752012882447666,0.006060606060606061,0.03165618448637317,0.04007285974499089,0.03639846743295019,0.04284869976359338,0.030381944444444444,0.01871862038856145,0.03669154228855721,0.02633744855967078,0.022727272727272728,0.016260162601626018,0.05447680690399137,0.05476566614007372,0.4102817049256612,1
0.04435107376283847,0.04143126177024482,0.041666666666666664,0.026359693026359692,0.0249597423510467,0.010101010101010102,0.03039832285115304,0.04189435336976321,0.03639846743295019,0.04373522458628842,0.02829861111111111,0.017026850032743943,0.034411276948590384,0.02633744855967078,0.025252525252525252,0.008130081300813009,0.053667745415318234,0.05423907319641917,0.41134057226448684,0
0.041549953314659195,0.03766478342749529,0.03422619047619048,0.024524524524524523,0.023349436392914653,0.006060606060606061,0.027672955974842768,0.04553734061930783,0.034482758620689655,0.040484633569739956,0.026909722222222224,0.014189041693953285,0.03130182421227198,0.025102880658436213,0.04040404040404041,0.008130081300813009,0.054746494066882416,0.055028962611901,0.4286337698485091,1
0.045284780578898225,0.04331450094161959,0.05009920634920635,0.035035035035035036,0.026570048309178744,0.00808080808080808,0.04025157232704402,0.031876138433515486,0.0421455938697318,0.044621749408983453,0.03611111111111111,0.0297969875573019,0.03503316749585406,0.027160493827160494,0.0025252525252525255,0.04336043360433604,0.05151024811218986,0.0526592943654555,0.35456357806731775,1
0.04108309990662932,0.035781544256120526,0.028769841269841268,0.022856189522856188,0.024154589371980676,0.005050505050505051,0.0310272536687631,0.04189435336976321,0.03639846743295019,0.03871158392434988,0.02829861111111111,0.017408862693734994,0.032545605306799334,0.03539094650205761,0.030303030303030304,0.0,0.04854368932038835,0.04818325434439179,0.45359857264472714,1
0.042483660130718956,0.04331450094161959,0.03869047619047619,0.024691358024691357,0.02455716586151369,0.00909090909090909,0.030817610062893082,0.040983606557377046,0.03639846743295019,0.04491725768321513,0.029166666666666667,0.017627155642872736,0.04125207296849088,0.02880658436213992,0.03282828282828283,0.014905149051490514,0.050970873786407765,0.0526592943654555,0.3958389083518289,0
0.037815126050420166,0.044256120527306965,0.03422619047619048,0.02435769102435769,0.02576489533011272,0.006060606060606061,0.03165618448637317,0.04007285974499089,0.03639846743295019,0.04343971631205674,0.0296875,0.018554900676708144,0.04042288557213931,0.030864197530864196,0.012626262626262626,0.0,0.049352750809061485,0.049499736703528176,0.44494390863607114,2
0.0457516339869281,0.047080979284369114,0.044642857142857144,0.03203203203203203,0.025362318840579712,0.00909090909090909,0.03710691823899371,0.033697632058287796,0.040229885057471264,0.04580378250591016,0.033854166666666664,0.025758567998253656,0.04083747927031509,0.026748971193415638,0.025252525252525252,0.0013550135501355014,0.052049622437971954,0.05292259083728278,0.38042211455509534,1
0.04341736694677871,0.03954802259887006,0.04365079365079365,0.0313646980313647,0.0249597423510467,0.010101010101010102,0.038364779874213835,0.03278688524590164,0.040229885057471264,0.041666666666666664,0.03611111111111111,0.0275049115913556,0.03482587064676617,0.02880658436213992,0.007575757575757576,0.016260162601626018,0.050970873786407765,0.05186940494997367,0.3999854728507448,1
0.042483660130718956,0.0423728813559322,0.037698412698412696,0.028528528528528527,0.027777777777777776,0.007070707070707071,0.031446540880503145,0.04007285974499089,0.03639846743295019,0.0425531914893617,0.029513888888888888,0.018554900676708144,0.037106135986733,0.028395061728395062,0.030303030303030304,0.0013550135501355014,0.052588996763754045,0.05292259083728278,0.4128573541551892,2
0.05088702147525677,0.046139359698681735,0.05406746031746032,0.03219886553219887,0.023752012882447666,0.010101010101010102,0.04339622641509434,0.029143897996357013,0.04597701149425287,0.04609929078014184,0.0390625,0.034654005675616675,0.04415422885572139,0.02880658436213992,0.03282828282828283,0.04200542005420054,0.05151024811218986,0.05318588730911006,0.2920306861098372,1
0.04061624649859944,0.0423728813559322,0.040674603174603176,0.027360694027360695,0.024154589371980676,0.00808080808080808,0.03270440251572327,0.03825136612021858,0.03639846743295019,0.0425531914893617,0.03142361111111111,0.01997380484610347,0.036069651741293535,0.02880658436213992,0.005050505050505051,0.0027100271002710027,0.05124056094929881,0.051606108478146395,0.4399518962935929,1
0.04668534080298786,0.046139359698681735,0.047619047619047616,0.034367701034367704,0.025362318840579712,0.00909090909090909,0.0389937106918239,0.031876138433515486,0.0421455938697318,0.04609929078014184,0.035069444444444445,0.028323510150622136,0.03648424543946932,0.02551440329218107,0.007575757575757576,0.006775067750677507,0.053128371089536136,0.05397577672459189,0.38477401267093314,1
0.05042016806722689,0.04896421845574388,0.05406746031746032,0.030363697030363696,0.02214170692431562,0.012121212121212121,0.045283018867924525,0.028233151183970857,0.04597701149425287,0.05053191489361702,0.03975694444444444,0.037491814014407335,0.044361525704809286,0.02962962962962963,0.025252525252525252,0.037940379403794036,0.050970873786407765,0.05292259083728278,0.29357015757061156,1
0.04715219421101774,0.04331450094161959,0.052083333333333336,0.032532532532532535,0.02455716586151369,0.010101010101010102,0.04150943396226415,0.030965391621129327,0.044061302681992334,0.044326241134751775,0.03697916666666667,0.03154333115040384,0.04042288557213931,0.027160493827160494,0.017676767676767676,0.051490514905149054,0.05177993527508091,0.05397577672459189,0.31836802182087554,1
0.04435107376283847,0.044256120527306965,0.04017857142857143,0.029362696029362697,0.023752012882447666,0.007070707070707071,0.03522012578616352,0.03551912568306011,0.038314176245210725,0.04491725768321513,0.034027777777777775,0.023193625845885177,0.038349917081260364,0.02757201646090535,0.010101010101010102,0.005420054200542005,0.05151024811218986,0.052132701421800945,0.4147507818997447,1
0.041549953314659195,0.044256120527306965,0.042162698412698416,0.024524524524524523,0.023349436392914653,0.010101010101010102,0.03207547169811321,0.04007285974499089,0.03639846743295019,0.044621749408983453,0.030381944444444444,0.019046059812268062,0.03855721393034826,0.030452674897119343,0.03282828282828283,0.009485094850948509,0.05016181229773463,0.05186940494997367,0.3981052204307287,0
0.04061624649859944,0.0423728813559322,0.03819444444444445,0.025525525525525526,0.023752012882447666,0.007070707070707071,0.03228511530398323,0.04007285974499089,0.03639846743295019,0.04284869976359338,0.03142361111111111,0.0191006330495525,0.03565505804311774,0.030864197530864196,0.03787878787878788,0.018970189701897018,0.04962243797195254,0.04976303317535545,0.3975850915141874,1
0.05042016806722689,0.05084745762711865,0.052083333333333336,0.0338672005338672,0.0249597423510467,0.011111111111111112,0.042348008385744235,0.030054644808743168,0.044061302681992334,0.04846335697399527,0.0375,0.033180528268936915,0.04871475953565506,0.027983539094650206,0.030303030303030304,0.0040650406504065045,0.05124056094929881,0.0526592943654555,0.32613692095838787,1
0.04201680672268908,0.044256120527306965,0.042162698412698416,0.02485819152485819,0.024154589371980676,0.010101010101010102,0.03249475890985325,0.039162112932604735,0.03639846743295019,0.04580378250591016,0.03107638888888889,0.01937349923597468,0.03855721393034826,0.030864197530864196,0.0025252525252525255,0.006775067750677507,0.04989212513484358,0.051606108478146395,0.42792160808314217,0
0.03828197945845005,0.03483992467043315,0.029265873015873016,0.022355689022355688,0.025362318840579712,0.007070707070707071,0.02830188679245283,0.04644808743169399,0.034482758620689655,0.037825059101654845,0.02621527777777778,0.014407334643091027,0.029643449419568823,0.03374485596707819,0.027777777777777776,0.032520325203252036,0.0482740021574973,0.04870984728804634,0.43447284574102074,1
0.0392156862745098,0.0423728813559322,0.03373015873015873,0.024691358024691357,0.02576489533011272,0.006060606060606061,0.030607966457023062,0.04189435336976321,0.03639846743295019,0.04196217494089834,0.029166666666666667,0.017299716219166122,0.03731343283582089,0.030864197530864196,0.012626262626262626,0.0013550135501355014,0.049352750809061485,0.049236440231700894,0.45008697155367583,2
0.041549953314659195,0.044256120527306965,0.04017857142857143,0.026026026026026026,0.022946859903381644,0.00808080808080808,0.03375262054507337,0.037340619307832425,0.038314176245210725,0.044030732860520096,0.03246527777777778,0.021174416066361057,0.04083747927031509,0.02962962962962963,0.022727272727272728,0.02032520325203252,0.050431499460625674,0.05081621906266456,0.39511651451393104,1
0.04481792717086835,0.038606403013182675,0.03819444444444445,0.02952952952952953,0.02576489533011272,0.005050505050505051,0.03710691823899371,0.03278688524590164,0.040229885057471264,0.03959810874704492,0.035590277777777776,0.02646802008295132,0.03067993366500829,0.030452674897119343,0.0,0.005420054200542005,0.05285868392664509,0.052132701421800945,0.43471215220010084,2
0.045284780578898225,0.0423728813559322,0.03571428571428571,0.031197864531197866,0.0285829307568438,0.005050505050505051,0.03375262054507337,0.03642987249544627,0.038314176245210725,0.0425531914893617,0.03090277777777778,0.02177472167648985,0.03855721393034826,0.02880658436213992,0.017676767676767676,0.009485094850948509,0.05285868392664509,0.05344918378093733,0.4072358632551907,2
0.04481792717086835,0.044256120527306965,0.03819444444444445,0.03403403403403404,0.028985507246376812,0.006060606060606061,0.0350104821802935,0.03460837887067395,0.038314176245210725,0.044326241134751775,0.03263888888888889,0.02341191879502292,0.037728026533996685,0.028395061728395062,0.015151515151515152,0.02168021680216802,0.053667745415318234,0.05344918378093733,0.3852695249891911,2
0.04061624649859944,0.03389830508474576,0.02628968253968254,0.01951951951951952,0.023349436392914653,0.00404040404040404,0.024737945492662474,0.05191256830601093,0.032567049808429116,0.03693853427895981,0.023958333333333335,0.01118751364330932,0.028606965174129355,0.03497942386831276,0.022727272727272728,0.02032520325203252,0.04854368932038835,0.04818325434439179,0.4676186523749015,0
0.05088702147525677,0.04896421845574388,0.04712301587301587,0.03153153153153153,0.023349436392914653,0.00404040404040404,0.04758909853249476,0.026411657559198543,0.04789272030651341,0.0466903073286052,0.04548611111111111,0.042348832132722114,0.04498341625207297,0.03374485596707819,0.0,0.025745257452574527,0.050431499460625674,0.04897314375987362,0.33380747236826314,2
0.04855275443510738,0.0480225988700565,0.05357142857142857,0.03219886553219887,0.023752012882447666,0.011111111111111112,0.04549266247379455,0.028233151183970857,0.04597701149425287,0.048167848699763594,0.04027777777777778,0.03787382667539838,0.04208126036484246,0.02962962962962963,0.03787878787878788,0.02981029810298103,0.05124056094929881,0.05292259083728278,0.29320582252986915,1
0.04061624649859944,0.03483992467043315,0.02976190476190476,0.022022022022022022,0.022946859903381644,0.006060606060606061,0.026834381551362682,0.04735883424408015,0.034482758620689655,0.038120567375886524,0.02673611111111111,0.013261296660117878,0.02736318407960199,0.029218106995884775,0.0025252525252525255,0.018970189701897018,0.05016181229773463,0.05055292259083728,0.47816701832859665,1
0.03828197945845005,0.03389830508474576,0.026785714285714284,0.01951951951951952,0.0213365539452496,0.007070707070707071,0.02620545073375262,0.04918032786885246,0.034482758620689655,0.03723404255319149,0.025347222222222222,0.012497271338135779,0.026533996683250415,0.03209876543209877,0.0025252525252525255,0.006775067750677507,0.04854368932038835,0.04844655081621906,0.5032368247708829,1
0.049019607843137254,0.05273069679849341,0.04861111111111111,0.0348682015348682,0.02576489533011272,0.011111111111111112,0.04549266247379455,0.028233151183970857,0.04597701149425287,0.051122931442080376,0.0390625,0.03798297314996726,0.04477611940298507,0.02962962962962963,0.005050505050505051,0.025745257452574527,0.05070118662351672,0.05239599789362823,0.321724450474261,1
0.03734827264239029,0.03672316384180791,0.02976190476190476,0.020353687020353686,0.02254428341384863,0.006060606060606061,0.029140461215932913,0.044626593806921674,0.034482758620689655,0.03871158392434988,0.02621527777777778,0.015335079676926435,0.02943615257048093,0.03292181069958848,0.0,0.006775067750677507,0.0482740021574973,0.04897314375987362,0.4923161502983725,1
0.04948646125116713,0.05084745762711865,0.0496031746031746,0.037871204537871204,0.026972624798711754,0.00404040404040404,0.05241090146750524,0.02459016393442623,0.05172413793103448,0.047872340425531915,0.04861111111111111,0.05037109801353416,0.054311774461028195,0.03621399176954732,0.012626262626262626,0.014905149051490514,0.04908306364617044,0.047919957872564506,0.2905387208313458,2
0.037815126050420166,0.04331450094161959,0.03521825396825397,0.023523523523523524,0.02455716586151369,0.007070707070707071,0.03207547169811321,0.04007285974499089,0.03639846743295019,0.04373522458628842,0.030729166666666665,0.01893691333769919,0.039386401326699835,0.03292181069958848,0.0025252525252525255,0.018970189701897018,0.04908306364617044,0.049236440231700894,0.43442946098594415,2
0.04668534080298786,0.0480225988700565,0.05406746031746032,0.0373707040373707,0.026972624798711754,0.00909090909090909,0.04549266247379455,0.0273224043715847,0.04597701149425287,0.047872340425531915,0.04131944444444444,0.03841955904824274,0.042703150912106136,0.02962962962962963,0.015151515151515152,0.024390243902439025,0.050970873786407765,0.05239599789362823,0.3161455285489265,1
0.04108309990662932,0.04143126177024482,0.03521825396825397,0.024190857524190857,0.02254428341384863,0.00808080808080808,0.029769392033542976,0.04371584699453552,0.03639846743295019,0.04225768321513002,0.027604166666666666,0.016153678236192973,0.036069651741293535,0.027983539094650206,0.017676767676767676,0.024390243902439025,0.05070118662351672,0.05186940494997367,0.42286140676836514,1
0.04388422035480859,0.046139359698681735,0.043154761904761904,0.026526526526526525,0.02576489533011272,0.010101010101010102,0.03291404612159329,0.039162112932604735,0.038314176245210725,0.0466903073286052,0.03107638888888889,0.019810085134250165,0.04208126036484246,0.030864197530864196,0.010101010101010102,0.0,0.049352750809061485,0.05107951553449184,0.41298337509267535,0
0.046218487394957986,0.04048964218455744,0.0441468253968254,0.032532532532532535,0.025362318840579712,0.00808080808080808,0.0389937106918239,0.031876138433515486,0.0421455938697318,0.0425531914893617,0.036458333333333336,0.028432656625191007,0.034411276948590384,0.027983539094650206,0.015151515151515152,0.017615176151761516,0.05151024811218986,0.05239599789362823,0.38364200777444624,1
0.04201680672268908,0.044256120527306965,0.042162698412698416,0.024190857524190857,0.023349436392914653,0.00909090909090909,0.031865828092243184,0.04007285974499089,0.03639846743295019,0.04580378250591016,0.030381944444444444,0.01882776686313032,0.03814262023217247,0.030041152263374487,0.010101010101010102,0.0027100271002710027,0.05016181229773463,0.05186940494997367,0.4285564953010854,0
0.04388422035480859,0.044256120527306965,0.042162698412698416,0.05555555555555555,0.05555555555555555,0.049494949494949494,0.03249475890985325,0.039162112932604735,0.03639846743295019,0.04580378250591016,0.05555555555555555,0.019318925998690242,0.03876451077943615,0.05555555555555555,0.030303030303030304,0.012195121951219513,0.05070118662351672,0.051606108478146395,0.2412317830726567,0
0.04668534080298786,0.05367231638418079,0.053075396825396824,0.03453453453453453,0.025362318840579712,0.011111111111111112,0.04758909853249476,0.0273224043715847,0.04789272030651341,0.05319148936170213,0.040625,0.0412573673870334,0.04249585406301824,0.02962962962962963,0.015151515151515152,0.025745257452574527,0.05016181229773463,0.052132701421800945,0.3023641315256076,1
0.040149393090569564,0.03954802259887006,0.032242063492063495,0.018852185518852184,0.020128824476650563,0.00808080808080808,0.031865828092243184,0.040983606557377046,0.03639846743295019,0.041666666666666664,0.029340277777777778,0.018118314778432655,0.03544776119402985,0.03497942386831276,0.010101010101010102,0.02168021680216802,0.0482740021574973,0.04818325434439179,0.4439598729693287,2
0.042483660130718956,0.035781544256120526,0.034722222222222224,0.02669336002669336,0.026570048309178744,0.025252525252525252,0.029350104821802937,0.042805100182149364,0.034482758620689655,0.041075650118203307,0.028125,0.016153678236192973,0.0269485903814262,0.02757201646090535,0.010101010101010102,0.014905149051490514,0.05177993527508091,0.05318588730911006,0.43201175924447943,0
0.04341736694677871,0.04143126177024482,0.044642857142857144,0.02769436102769436,0.026167471819645734,0.010101010101010102,0.03207547169811321,0.04007285974499089,0.03639846743295019,0.04609929078014184,0.029513888888888888,0.01899148657498363,0.029643449419568823,0.027160493827160494,0.022727272727272728,0.023035230352303523,0.052319309600863,0.05344918378093733,0.3950592663635947,0
0.040149393090569564,0.044256120527306965,0.03720238095238095,0.027527527527527528,0.027375201288244767,0.006060606060606061,0.03228511530398323,0.039162112932604735,0.03639846743295019,0.04314420803782506,0.030555555555555555,0.019428072473259114,0.039386401326699835,0.030452674897119343,0.017676767676767676,0.0040650406504065045,0.05070118662351672,0.05107951553449184,0.4230936521081843,2
0.04201680672268908,0.046139359698681735,0.04117063492063492,0.031197864531197866,0.025362318840579712,0.007070707070707071,0.03689727463312369,0.033697632058287796,0.040229885057471264,0.04550827423167849,0.035590277777777776,0.025485701811831477,0.046019900497512436,0.02880658436213992,0.0025252525252525255,0.0027100271002710027,0.050970873786407765,0.05134281200631911,0.4072578123674364,1
0.045284780578898225,0.03483992467043315,0.037698412698412696,0.02819486152819486,0.024154589371980676,0.00808080808080808,0.03375262054507337,0.037340619307832425,0.038314176245210725,0.03871158392434988,0.0328125,0.021338135778214362,0.028192371475953566,0.02962962962962963,0.0,0.0,0.05070118662351672,0.05055292259083728,0.46040087695065435,1
0.041549953314659195,0.038606403013182675,0.03720238095238095,0.02702702702702703,0.026570048309178744,0.005050505050505051,0.03207547169811321,0.039162112932604735,0.03639846743295019,0.04018912529550828,0.030381944444444444,0.01920977952412137,0.031923714759535655,0.02962962962962963,0.005050505050505051,0.0,0.05070118662351672,0.05134281200631911,0.45792893293581804,2
0.0457516339869281,0.035781544256120526,0.034722222222222224,0.031031031031031032,0.027375201288244767,0.006060606060606061,0.034381551362683435,0.03551912568306011,0.038314176245210725,0.04018912529550828,0.0328125,0.02253874699847195,0.026741293532338308,0.029218106995884775,0.007575757575757576,0.023035230352303523,0.05393743257820928,0.05344918378093733,0.421565530754482,2
0.04061624649859944,0.03954802259887006,0.031746031746031744,0.025025025025025027,0.02576489533011272,0.010101010101010102,0.027882599580712788,0.04553734061930783,0.034482758620689655,0.041666666666666664,0.027256944444444445,0.014461907880375463,0.03296019900497513,0.02757201646090535,0.017676767676767676,0.0,0.052049622437971954,0.05292259083728278,0.4527293544702512,0
0.049953314659197015,0.04990583804143126,0.05357142857142857,0.03553553553553553,0.02576489533011272,0.012121212121212121,0.04318658280922432,0.029143897996357013,0.044061302681992334,0.048167848699763594,0.0375,0.03421741977734119,0.04187396351575456,0.026748971193415638,0.05303030303030303,0.02981029810298103,0.052319309600863,0.05397577672459189,0.2791121016084952,1
0.03968253968253968,0.03483992467043315,0.03968253968253968,0.026359693026359692,0.023752012882447666,0.00808080808080808,0.03207547169811321,0.04007285974499089,0.03639846743295019,0.03723404255319149,0.03107638888888889,0.01899148657498363,0.028192371475953566,0.028395061728395062,0.015151515151515152,0.028455284552845527,0.05151024811218986,0.05186940494997367,0.42817987911088096,1
0.04715219421101774,0.04896421845574388,0.052083333333333336,0.02702702702702703,0.0213365539452496,0.010101010101010102,0.044444444444444446,0.028233151183970857,0.04597701149425287,0.048167848699763594,0.03923611111111111,0.03650949574328749,0.04228855721393035,0.030452674897119343,0.030303030303030304,0.014905149051490514,0.05016181229773463,0.05107951553449184,0.3315768609519909,1
0.04481792717086835,0.03672316384180791,0.03819444444444445,0.02669336002669336,0.0249597423510467,0.00808080808080808,0.029350104821802937,0.042805100182149364,0.034482758620689655,0.044326241134751775,0.02795138888888889,0.016044531761624098,0.02570480928689884,0.02551440329218107,0.03787878787878788,0.0040650406504065045,0.054207119741100325,0.05476566614007372,0.42343460168497604,0
0.0480859010270775,0.04519774011299435,0.05009920634920635,0.03403403403403404,0.0249597423510467,0.012121212121212121,0.041928721174004195,0.030054644808743168,0.044061302681992334,0.0466903073286052,0.03732638888888889,0.03247107618423925,0.03399668325041459,0.027160493827160494,0.020202020202020204,0.02981029810298103,0.05177993527508091,0.05318588730911006,0.33683440497118866,1
0.04108309990662932,0.03766478342749529,0.036210317460317464,0.028862195528862194,0.027375201288244767,0.007070707070707071,0.031446540880503145,0.04007285974499089,0.03639846743295019,0.040484633569739956,0.030208333333333334,0.018609473913992577,0.03130182421227198,0.028395061728395062,0.005050505050505051,0.02710027100271003,0.05285868392664509,0.0526592943654555,0.4271477461562512,2
0.03734827264239029,0.035781544256120526,0.031746031746031744,0.021688355021688355,0.023752012882447666,0.00808080808080808,0.028092243186582808,0.04644808743169399,0.034482758620689655,0.03723404255319149,0.02638888888888889,0.01413446845666885,0.027985074626865673,0.031275720164609055,0.0025252525252525255,0.03116531165311653,0.0482740021574973,0.049499736703528176,0.4640973884019284,1
0.042483660130718956,0.035781544256120526,0.03720238095238095,0.022689356022689355,0.0213365539452496,0.006060606060606061,0.03018867924528302,0.042805100182149364,0.03639846743295019,0.03871158392434988,0.028645833333333332,0.01664483737175289,0.030887230514096187,0.028395061728395062,0.0025252525252525255,0.009485094850948509,0.05016181229773463,0.05028962611901001,0.469307319106979,1
0.040149393090569564,0.0423728813559322,0.03521825396825397,0.025859192525859193,0.026570048309178744,0.007070707070707071,0.030607966457023062,0.040983606557377046,0.03639846743295019,0.0425531914893617,0.028993055555555557,0.0175725824055883,0.03648424543946932,0.02962962962962963,0.012626262626262626,0.008130081300813009,0.050970873786407765,0.051606108478146395,0.43620345252091464,2
0.040149393090569564,0.035781544256120526,0.04265873015873016,0.029195862529195864,0.024154589371980676,0.00909090909090909,0.03563941299790356,0.03551912568306011,0.040229885057471264,0.03959810874704492,0.03315972222222222,0.023630211744160665,0.028606965174129355,0.027983539094650206,0.0025252525252525255,0.037940379403794036,0.05151024811218986,0.05239599789362823,0.410230122846987,1
0.041549953314659195,0.0423728813559322,0.03819444444444445,0.0313646980313647,0.02576489533011272,0.00909090909090909,0.03375262054507337,0.037340619307832425,0.038314176245210725,0.044621749408983453,0.03298611111111111,0.021283562540929928,0.036069651741293535,0.027160493827160494,0.010101010101010102,0.0027100271002710027,0.052319309600863,0.05292259083728278,0.42208029606555564,1
0.036414565826330535,0.03389830508474576,0.025297619047619048,0.019352686019352687,0.02254428341384863,0.00404040404040404,0.025157232704402517,0.05191256830601093,0.032567049808429116,0.03664302600472813,0.0234375,0.011405806592447065,0.027985074626865673,0.0345679012345679,0.0025252525252525255,0.016260162601626018,0.04773462783171521,0.04844655081621906,0.49980938351543525,1
0.03734827264239029,0.04048964218455744,0.03521825396825397,0.022188855522188855,0.024154589371980676,0.007070707070707071,0.031446540880503145,0.040983606557377046,0.03639846743295019,0.04314420803782506,0.029513888888888888,0.018009168303863784,0.03648424543946932,0.03333333333333333,0.015151515151515152,0.02032520325203252,0.04854368932038835,0.04844655081621906,0.43174926182555584,2
0.04108309990662932,0.03389830508474576,0.03869047619047619,0.02669336002669336,0.0249597423510467,0.006060606060606061,0.029350104821802937,0.04371584699453552,0.034482758620689655,0.03634751773049645,0.02795138888888889,0.01566251910063305,0.026741293532338308,0.027160493827160494,0.010101010101010102,0.04742547425474255,0.052319309600863,0.05318588730911006,0.42417080559753173,1
0.03968253968253968,0.0423728813559322,0.040674603174603176,0.022188855522188855,0.02254428341384863,0.011111111111111112,0.03333333333333333,0.039162112932604735,0.038314176245210725,0.04609929078014184,0.029513888888888888,0.019755511896965727,0.03586235489220564,0.031275720164609055,0.025252525252525252,0.028455284552845527,0.049352750809061485,0.05081621906266456,0.3942325569287196,0
0.04715219421101774,0.04990583804143126,0.05357142857142857,0.030697364030697363,0.021739130434782608,0.012121212121212121,0.045283018867924525,0.028233151183970857,0.04597701149425287,0.0508274231678487,0.03819444444444445,0.03738266753983846,0.03876451077943615,0.027983539094650206,0.010101010101010102,0.032520325203252036,0.05124056094929881,0.05292259083728278,0.32538257892622047,1
0.041549953314659195,0.04143126177024482,0.034722222222222224,0.026359693026359692,0.02576489533011272,0.006060606060606061,0.029559748427672956,0.042805100182149364,0.034482758620689655,0.04225768321513002,0.02847222222222222,0.016317397948046278,0.03586235489220564,0.027160493827160494,0.022727272727272728,0.014905149051490514,0.052049622437971954,0.05239599789362823,0.42511556683015517,2
0.04481792717086835,0.03389830508474576,0.03670634920634921,0.03053053053053053,0.02818035426731079,0.006060606060606061,0.031236897274633125,0.039162112932604735,0.03639846743295019,0.037529550827423167,0.03090277777777778,0.018609473913992577,0.026326699834162522,0.028395061728395062,0.0,0.023035230352303523,0.054207119741100325,0.05397577672459189,0.4400267591396544,2
0.04061624649859944,0.04048964218455744,0.034722222222222224,0.02819486152819486,0.028985507246376812,0.007070707070707071,0.031865828092243184,0.04007285974499089,0.03639846743295019,0.04284869976359338,0.030729166666666665,0.018609473913992577,0.03544776119402985,0.031275720164609055,0.015151515151515152,0.016260162601626018,0.04962243797195254,0.049236440231700894,0.4224022803194718,2
0.04481792717086835,0.03672316384180791,0.028769841269841268,0.01951951951951952,0.020531400966183576,0.006060606060606061,0.027882599580712788,0.04735883424408015,0.034482758620689655,0.041075650118203307,0.02673611111111111,0.013916175507531107,0.03109452736318408,0.03539094650205761,0.015151515151515152,0.0,0.048813376483279394,0.047919957872564506,0.4737550886162445,0
0.0457516339869281,0.04519774011299435,0.05009920634920635,0.032532532532532535,0.02455716586151369,0.011111111111111112,0.04339622641509434,0.028233151183970857,0.044061302681992334,0.04491725768321513,0.03940972222222222,0.035472604234883215,0.040008291873963514,0.029218106995884775,0.012626262626262626,0.009485094850948509,0.050970873786407765,0.051606108478146395,0.3613456070127222,1
0.04201680672268908,0.032015065913371,0.03273809523809524,0.026359693026359692,0.023752012882447666,0.007070707070707071,0.029350104821802937,0.042805100182149364,0.034482758620689655,0.03664302600472813,0.028645833333333332,0.016262824710761844,0.024253731343283583,0.025102880658436213,0.0025252525252525255,0.0040650406504065045,0.054207119741100325,0.054502369668246446,0.4832015768861394,1
0.03968253968253968,0.0423728813559322,0.034722222222222224,0.02002002002002002,0.021739130434782608,0.007070707070707071,0.031236897274633125,0.040983606557377046,0.03639846743295019,0.04284869976359338,0.029340277777777778,0.01779087535472604,0.03855721393034826,0.03333333333333333,0.020202020202020204,0.005420054200542005,0.048813376483279394,0.04844655081621906,0.4410211260869964,2
0.042483660130718956,0.038606403013182675,0.046130952380952384,0.0328661995328662,0.026167471819645734,0.00909090909090909,0.038364779874213835,0.03278688524590164,0.040229885057471264,0.040484633569739956,0.035069444444444445,0.0275049115913556,0.03171641791044776,0.027160493827160494,0.027777777777777776,0.032520325203252036,0.052049622437971954,0.0526592943654555,0.3663299327265327,1
0.041549953314659195,0.03389830508474576,0.03422619047619048,0.023690357023690357,0.022946859903381644,0.007070707070707071,0.02830188679245283,0.04553734061930783,0.034482758620689655,0.03723404255319149,0.02673611111111111,0.0145164811176599,0.026533996683250415,0.027160493827160494,0.007575757575757576,0.04878048780487805,0.052049622437971954,0.05344918378093733,0.4342594642022569,1
0.04948646125116713,0.04990583804143126,0.04861111111111111,0.0338672005338672,0.025362318840579712,0.011111111111111112,0.04612159329140461,0.0273224043715847,0.04789272030651341,0.04934988179669031,0.03958333333333333,0.03874699847194936,0.044361525704809286,0.029218106995884775,0.025252525252525252,0.032520325203252036,0.05070118662351672,0.05186940494997367,0.29871595280929497,1
0.040149393090569564,0.035781544256120526,0.0441468253968254,0.029362696029362697,0.023752012882447666,0.00909090909090909,0.035429769392033544,0.03551912568306011,0.038314176245210725,0.03900709219858156,0.03298611111111111,0.023357345557738485,0.03067993366500829,0.02757201646090535,0.017676767676767676,0.044715447154471545,0.052049622437971954,0.05318588730911006,0.38722332436179463,1
0.05228758169934641,0.047080979284369114,0.051587301587301584,0.0328661995328662,0.023349436392914653,0.011111111111111112,0.04360587002096436,0.029143897996357013,0.04597701149425287,0.04698581560283688,0.03871527777777778,0.03487229862475442,0.03855721393034826,0.02757201646090535,0.03787878787878788,0.02981029810298103,0.05151024811218986,0.05318588730911006,0.3039027670808252,1
0.0392156862745098,0.03483992467043315,0.034722222222222224,0.024190857524190857,0.0249597423510467,0.00909090909090909,0.02851153039832285,0.04371584699453552,0.034482758620689655,0.03959810874704492,0.027604166666666666,0.015280506439642,0.02902155887230514,0.027983539094650206,0.027777777777777776,0.012195121951219513,0.052319309600863,0.05318588730911006,0.4413045453938609,0
0.04855275443510738,0.04990583804143126,0.05357142857142857,0.034367701034367704,0.02455716586151369,0.011111111111111112,0.04549266247379455,0.028233151183970857,0.04597701149425287,0.04964539007092199,0.03923611111111111,0.03787382667539838,0.043325041459369815,0.02757201646090535,0.0,0.012195121951219513,0.05070118662351672,0.05292259083728278,0.34475989060329637,1
0.046218487394957986,0.044256120527306965,0.04513888888888889,0.03770437103770437,0.029790660225442835,0.005050505050505051,0.042348008385744235,0.029143897996357013,0.044061302681992334,0.04373522458628842,0.040625,0.034326566251910065,0.03855721393034826,0.03251028806584362,0.010101010101010102,0.014905149051490514,0.05177993527508091,0.05028962611901001,0.35945774443011835,2
0.0392156862745098,0.035781544256120526,0.04117063492063492,0.023523523523523524,0.021739130434782608,0.007070707070707071,0.031236897274633125,0.040983606557377046,0.03639846743295019,0.03900709219858156,0.030729166666666665,0.01784544859201048,0.030887230514096187,0.030452674897119343,0.015151515151515152,0.03929539295392954,0.04989212513484358,0.05028962611901001,0.4193295300269888,1
0.03968253968253968,0.03954802259887006,0.034722222222222224,0.021688355021688355,0.02254428341384863,0.007070707070707071,0.031446540880503145,0.040983606557377046,0.03639846743295019,0.04284869976359338,0.030729166666666665,0.017900021829294913,0.03565505804311774,0.03374485596707819,0.025252525252525252,0.018970189701897018,0.048813376483279394,0.04870984728804634,0.42329151412379473,2
0.04855275443510738,0.0480225988700565,0.052083333333333336,0.028028028028028028,0.021739130434782608,0.010101010101010102,0.04360587002096436,0.029143897996357013,0.04597701149425287,0.047872340425531915,0.03819444444444445,0.03498144509932329,0.045812603648424544,0.02962962962962963,0.022727272727272728,0.02710027100271003,0.050431499460625674,0.05186940494997367,0.3241274538981719,1
0.03968253968253968,0.03483992467043315,0.03373015873015873,0.024190857524190857,0.024154589371980676,0.006060606060606061,0.027253668763102725,0.04644808743169399,0.034482758620689655,0.0384160756501182,0.026041666666666668,0.013807029032962236,0.025082918739635158,0.026748971193415638,0.007575757575757576,0.018970189701897018,0.052588996763754045,0.05344918378093733,0.46647602003946065,0
0.04341736694677871,0.03954802259887006,0.031746031746031744,0.02052052052052052,0.020531400966183576,0.007070707070707071,0.02830188679245283,0.04644808743169399,0.034482758620689655,0.0425531914893617,0.02847222222222222,0.014298188168522156,0.03213101160862355,0.03209876543209877,0.04040404040404041,0.016260162601626018,0.04989212513484358,0.04870984728804634,0.4231136629566872,0
0.0392156862745098,0.03766478342749529,0.03521825396825397,0.02185518852185519,0.02214170692431562,0.007070707070707071,0.031446540880503145,0.040983606557377046,0.03639846743295019,0.03959810874704492,0.028993055555555557,0.018009168303863784,0.034203980099502485,0.03292181069958848,0.030303030303030304,0.0013550135501355014,0.04854368932038835,0.04897314375987362,0.4451040586030497,1
0.042483660130718956,0.046139359698681735,0.04265873015873016,0.032532532532532535,0.025362318840579712,0.00808080808080808,0.03710691823899371,0.033697632058287796,0.040229885057471264,0.04609929078014184,0.035243055555555555,0.025813141235538094,0.041666666666666664,0.02757201646090535,0.017676767676767676,0.006775067750677507,0.05177993527508091,0.052132701421800945,0.3869495123800615,1
0.0457516339869281,0.044256120527306965,0.05406746031746032,0.033700367033700364,0.023752012882447666,0.011111111111111112,0.04171907756813417,0.030965391621129327,0.044061302681992334,0.04550827423167849,0.0359375,0.03197991704867933,0.034203980099502485,0.025102880658436213,0.0025252525252525255,0.044715447154471545,0.052319309600863,0.05476566614007372,0.3435572948108325,1
0.04715219421101774,0.0480225988700565,0.04861111111111111,0.0323656990323657,0.024154589371980676,0.010101010101010102,0.040880503144654086,0.030965391621129327,0.0421455938697318,0.047576832151300236,0.03802083333333333,0.03121589172669723,0.04539800995024876,0.02757201646090535,0.0,0.013550135501355014,0.05177993527508091,0.05292259083728278,0.36756506343073936,1
0.04201680672268908,0.044256120527306965,0.036210317460317464,0.022689356022689355,0.023349436392914653,0.011111111111111112,0.03375262054507337,0.03825136612021858,0.038314176245210725,0.04521276595744681,0.029861111111111113,0.02051953721894783,0.038349917081260364,0.03168724279835391,0.027777777777777776,0.01084010840108401,0.049352750809061485,0.05028962611901001,0.40615785157841544,0
0.042483660130718956,0.03389830508474576,0.02976190476190476,0.021021021021021023,0.02254428341384863,0.006060606060606061,0.024947589098532494,0.051001821493624776,0.032567049808429116,0.0384160756501182,0.024131944444444445,0.011514953067015936,0.024461028192371476,0.02757201646090535,0.015151515151515152,0.018970189701897018,0.05177993527508091,0.052132701421800945,0.47158339976141905,0
0.046218487394957986,0.047080979284369114,0.04365079365079365,0.03403403403403404,0.02576489533011272,0.010101010101010102,0.03878406708595388,0.031876138433515486,0.0421455938697318,0.04698581560283688,0.036284722222222225,0.028214363676053265,0.040008291873963514,0.027160493827160494,0.030303030303030304,0.014905149051490514,0.052319309600863,0.05292259083728278,0.3512402338206181,1
0.047619047619047616,0.04990583804143126,0.05009920634920635,0.03970637303970637,0.028985507246376812,0.00404040404040404,0.04989517819706499,0.025500910746812388,0.04980842911877394,0.048167848699763594,0.04635416666666667,0.04605981226806374,0.050165837479270316,0.03497942386831276,0.017676767676767676,0.02981029810298103,0.04962243797195254,0.04844655081621906,0.2831559620511789,2
0.041549953314659195,0.04331450094161959,0.03670634920634921,0.02252252252252252,0.023752012882447666,0.00909090909090909,0.03291404612159329,0.04007285974499089,0.038314176245210725,0.0466903073286052,0.029513888888888888,0.019428072473259114,0.03669154228855721,0.03251028806584362,0.030303030303030304,0.0040650406504065045,0.04962243797195254,0.05028962611901001,0.41264843584014455,0
0.04715219421101774,0.04896421845574388,0.05009920634920635,0.0328661995328662,0.0249597423510467,0.00909090909090909,0.039412997903563944,0.031876138433515486,0.0421455938697318,0.047872340425531915,0.03611111111111111,0.02876009604889762,0.04208126036484246,0.02757201646090535,0.03535353535353535,0.02032520325203252,0.052049622437971954,0.05318588730911006,0.33012172703846043,1
0.04435107376283847,0.05367231638418079,0.051587301587301584,0.03803803803803804,0.029790660225442835,0.010101010101010102,0.044444444444444446,0.028233151183970857,0.04597701149425287,0.051713947990543734,0.03888888888888889,0.03656406898057193,0.04622719734660033,0.030452674897119343,0.0,0.005420054200542005,0.05016181229773463,0.05081621906266456,0.3435601291138546,1
0.04715219421101774,0.04990583804143126,0.04513888888888889,0.0323656990323657,0.026167471819645734,0.006060606060606061,0.042767295597484274,0.029143897996357013,0.044061302681992334,0.047576832151300236,0.04010416666666667,0.03470857891290111,0.044361525704809286,0.03209876543209877,0.012626262626262626,0.018970189701897018,0.05177993527508091,0.05055292259083728,0.344457626608357,2
0.042483660130718956,0.03672316384180791,0.040674603174603176,0.027360694027360695,0.027375201288244767,0.010101010101010102,0.029979035639413,0.04189435336976321,0.03639846743295019,0.040484633569739956,0.02847222222222222,0.0168085570836062,0.03275290215588723,0.027983539094650206,0.03282828282828283,0.012195121951219513,0.05151024811218986,0.05292259083728278,0.4110517131390471,0
0.042483660130718956,0.04331450094161959,0.03720238095238095,0.030864197530864196,0.030193236714975844,0.007070707070707071,0.03228511530398323,0.03825136612021858,0.03639846743295019,0.04343971631205674,0.03090277777777778,0.019755511896965727,0.03980099502487562,0.02962962962962963,0.020202020202020204,0.01084010840108401,0.05177993527508091,0.05239599789362823,0.4031896753884625,2
0.04388422035480859,0.03483992467043315,0.03670634920634921,0.02819486152819486,0.023752012882447666,0.007070707070707071,0.033962264150943396,0.037340619307832425,0.038314176245210725,0.03930260047281324,0.03090277777777778,0.02150185549006767,0.0269485903814262,0.025925925925925925,0.015151515151515152,0.008130081300813009,0.05339805825242718,0.053712480252764615,0.4409609795775421,1
0.04295051353874883,0.035781544256120526,0.03670634920634921,0.029696363029696363,0.0249597423510467,0.00909090909090909,0.03375262054507337,0.037340619307832425,0.038314176245210725,0.0398936170212766,0.03142361111111111,0.021174416066361057,0.02736318407960199,0.025925925925925925,0.017676767676767676,0.03929539295392954,0.053128371089536136,0.05423907319641917,0.40128680330808364,1
0.04435107376283847,0.04048964218455744,0.03521825396825397,0.026526526526526525,0.02576489533011272,0.006060606060606061,0.03039832285115304,0.040983606557377046,0.03639846743295019,0.041666666666666664,0.029340277777777778,0.0175725824055883,0.03544776119402985,0.02757201646090535,0.020202020202020204,0.005420054200542005,0.052588996763754045,0.0526592943654555,0.4313389352888849,2
0.04948646125116713,0.04896421845574388,0.05009920634920635,0.03553553553553553,0.02576489533011272,0.011111111111111112,0.04213836477987421,0.030054644808743168,0.044061302681992334,0.0466903073286052,0.03715277777777778,0.03312595503165248,0.04228855721393035,0.026748971193415638,0.005050505050505051,0.005420054200542005,0.05177993527508091,0.053712480252764615,0.3608147163722394,1
0.037815126050420166,0.04048964218455744,0.03373015873015873,0.023189856523189858,0.0249597423510467,0.007070707070707071,0.031236897274633125,0.04189435336976321,0.03639846743295019,0.04284869976359338,0.029861111111111113,0.017627155642872736,0.03544776119402985,0.034156378600823045,0.0025252525252525255,0.018970189701897018,0.04854368932038835,0.04844655081621906,0.4447882603363863,2
0.04295051353874883,0.04048964218455744,0.034722222222222224,0.020687354020687353,0.020933977455716585,0.006060606060606061,0.029140461215932913,0.044626593806921674,0.034482758620689655,0.0425531914893617,0.02847222222222222,0.01538965291421087,0.03565505804311774,0.03251028806584362,0.010101010101010102,0.02168021680216802,0.049352750809061485,0.04870984728804634,0.4414816331388751,0
0.038748832866479926,0.0423728813559322,0.036210317460317464,0.026860193526860192,0.027375201288244767,0.00808080808080808,0.029769392033542976,0.04189435336976321,0.034482758620689655,0.0425531914893617,0.029340277777777778,0.01664483737175289,0.037106135986733,0.029218106995884775,0.025252525252525252,0.0040650406504065045,0.05151024811218986,0.05239599789362823,0.4261188998671015,0
0.0480859010270775,0.05367231638418079,0.052083333333333336,0.036870203536870205,0.027777777777777776,0.011111111111111112,0.04570230607966457,0.0273224043715847,0.04597701149425287,0.051122931442080376,0.03923611111111111,0.03852870552281161,0.051824212271973466,0.030041152263374487,0.025252525252525252,0.0027100271002710027,0.050431499460625674,0.05134281200631911,0.31090765845305524,1
0.0457516339869281,0.03954802259887006,0.044642857142857144,0.03203203203203203,0.02455716586151369,0.00909090909090909,0.03731656184486373,0.033697632058287796,0.040229885057471264,0.0425531914893617,0.0328125,0.02619515389652914,0.028606965174129355,0.025102880658436213,0.007575757575757576,0.01084010840108401,0.053667745415318234,0.05476566614007372,0.41101333157557707,1
0.04201680672268908,0.038606403013182675,0.030753968253968252,0.024524524524524523,0.024154589371980676,0.006060606060606061,0.026834381551362682,0.04735883424408015,0.034482758620689655,0.041666666666666664,0.025868055555555554,0.013425016371971186,0.032545605306799334,0.025102880658436213,0.03282828282828283,0.005420054200542005,0.054207119741100325,0.05476566614007372,0.4393777801674884,0
0.04948646125116713,0.04896421845574388,0.053075396825396824,0.035201868535201866,0.0249597423510467,0.00808080808080808,0.041928721174004195,0.030054644808743168,0.044061302681992334,0.047576832151300236,0.03784722222222222,0.0328530888452303,0.04145936981757877,0.02757201646090535,0.022727272727272728,0.023035230352303523,0.052319309600863,0.05292259083728278,0.3258739028209371,1
0.045284780578898225,0.044256120527306965,0.04017857142857143,0.03053053053053053,0.02576489533011272,0.00808080808080808,0.03522012578616352,0.03551912568306011,0.038314176245210725,0.044326241134751775,0.03350694444444444,0.023248199083169614,0.037728026533996685,0.02880658436213992,0.027777777777777776,0.0027100271002710027,0.05177993527508091,0.052132701421800945,0.39483442867590457,1
0.03968253968253968,0.03766478342749529,0.03273809523809524,0.020186853520186853,0.020933977455716585,0.00404040404040404,0.031865828092243184,0.04007285974499089,0.03639846743295019,0.03930260047281324,0.029513888888888888,0.018554900676708144,0.0337893864013267,0.03580246913580247,0.03282828282828283,0.0040650406504065045,0.04854368932038835,0.04818325434439179,0.4458326786463691,1
0.04668534080298786,0.046139359698681735,0.03968253968253968,0.034367701034367704,0.02818035426731079,0.006060606060606061,0.038364779874213835,0.031876138433515486,0.040229885057471264,0.04609929078014184,0.03576388888888889,0.028214363676053265,0.041044776119402986,0.030041152263374487,0.007575757575757576,0.017615176151761516,0.05339805825242718,0.05239599789362823,0.37626483348686945,2
0.03828197945845005,0.04048964218455744,0.03521825396825397,0.02569235902569236,0.027375201288244767,0.007070707070707071,0.031446540880503145,0.040983606557377046,0.03639846743295019,0.04225768321513002,0.0296875,0.018009168303863784,0.03586235489220564,0.03209876543209877,0.017676767676767676,0.014905149051490514,0.048813376483279394,0.04897314375987362,0.42875933331855454,2
0.036414565826330535,0.04048964218455744,0.034722222222222224,0.024524524524524523,0.026167471819645734,0.00808080808080808,0.030817610062893082,0.04189435336976321,0.03639846743295019,0.04284869976359338,0.029340277777777778,0.017408862693734994,0.03482587064676617,0.03168724279835391,0.0025252525252525255,0.016260162601626018,0.048813376483279394,0.04897314375987362,0.4478074454260472,2
0.049019607843137254,0.0480225988700565,0.05357142857142857,0.033533533533533534,0.0249597423510467,0.011111111111111112,0.04612159329140461,0.0273224043715847,0.04789272030651341,0.048167848699763594,0.04027777777777778,0.03880157170923379,0.04187396351575456,0.02962962962962963,0.030303030303030304,0.02168021680216802,0.050970873786407765,0.0526592943654555,0.3040810531609627,1
0.04295051353874883,0.03766478342749529,0.030753968253968252,0.024024024024024024,0.023752012882447666,0.00808080808080808,0.026624737945492662,0.04735883424408015,0.032567049808429116,0.041075650118203307,0.025868055555555554,0.013152150185549006,0.03109452736318408,0.02551440329218107,0.03282828282828283,0.0013550135501355014,0.05501618122977346,0.05529225908372828,0.4450267445879129,0
0.042483660130718956,0.04143126177024482,0.03273809523809524,0.02519185852519186,0.025362318840579712,0.007070707070707071,0.028721174004192874,0.04371584699453552,0.034482758620689655,0.04314420803782506,0.028819444444444446,0.015280506439642,0.03461857379767828,0.02962962962962963,0.0025252525252525255,0.012195121951219513,0.05070118662351672,0.05107951553449184,0.4508088798213442,0
0.04855275443510738,0.051789077212806026,0.05406746031746032,0.03837170503837171,0.026972624798711754,0.012121212121212121,0.04570230607966457,0.0273224043715847,0.04597701149425287,0.051418439716312055,0.03993055555555555,0.03852870552281161,0.046849087893864015,0.02757201646090535,0.020202020202020204,0.02981029810298103,0.05151024811218986,0.05318588730911006,0.2901161852550789,1
0.049019607843137254,0.047080979284369114,0.046130952380952384,0.028862195528862194,0.021739130434782608,0.00404040404040404,0.04654088050314465,0.0273224043715847,0.04789272030651341,0.04698581560283688,0.044097222222222225,0.04011132940406025,0.042703150912106136,0.034156378600823045,0.010101010101010102,0.016260162601626018,0.05016181229773463,0.04844655081621906,0.34834729274761134,2
0.049953314659197015,0.05273069679849341,0.052083333333333336,0.033700367033700364,0.02455716586151369,0.011111111111111112,0.046331236897274634,0.0273224043715847,0.04789272030651341,0.05289598108747045,0.040625,0.03956559703121589,0.0439469320066335,0.02962962962962963,0.03787878787878788,0.0013550135501355014,0.050970873786407765,0.051606108478146395,0.30584372617885136,1
0.03828197945845005,0.03766478342749529,0.036210317460317464,0.023523523523523524,0.022946859903381644,0.00808080808080808,0.03207547169811321,0.04007285974499089,0.03639846743295019,0.03930260047281324,0.030034722222222223,0.018664047151277015,0.03171641791044776,0.030864197530864196,0.027777777777777776,0.012195121951219513,0.048813376483279394,0.049236440231700894,0.43614022753836756,1
0.045284780578898225,0.051789077212806026,0.051587301587301584,0.03653653653653654,0.0285829307568438,0.00909090909090909,0.04423480083857442,0.029143897996357013,0.04597701149425287,0.05053191489361702,0.03854166666666667,0.0359091901331587,0.04622719734660033,0.030452674897119343,0.0025252525252525255,0.032520325203252036,0.05016181229773463,0.051606108478146395,0.3192966114659729,1
0.04715219421101774,0.051789077212806026,0.05009920634920635,0.03053053053053053,0.022946859903381644,0.013131313131313131,0.04716981132075472,0.0273224043715847,0.04789272030651341,0.05230496453900709,0.0390625,0.04043876882776686,0.04228855721393035,0.029218106995884775,0.012626262626262626,0.013550135501355014,0.05016181229773463,0.052132701421800945,0.3301820732391495,1
0.041549953314659195,0.04331450094161959,0.03869047619047619,0.025025025025025027,0.025362318840579712,0.011111111111111112,0.033542976939203356,0.039162112932604735,0.038314176245210725,0.04728132387706856,0.029513888888888888,0.020028378083387907,0.03648424543946932,0.030041152263374487,0.012626262626262626,0.012195121951219513,0.04989212513484358,0.05107951553449184,0.4147853346605036,0
0.04388422035480859,0.0423728813559322,0.0441468253968254,0.03553553553553553,0.0285829307568438,0.005050505050505051,0.0389937106918239,0.031876138433515486,0.0421455938697318,0.04284869976359338,0.035416666666666666,0.029087535472604235,0.037728026533996685,0.029218106995884775,0.010101010101010102,0.017615176151761516,0.052588996763754045,0.052132701421800945,0.38067473868340584,2
0.040149393090569564,0.03954802259887006,0.031746031746031744,0.020353687020353686,0.021739130434782608,0.006060606060606061,0.0310272536687631,0.04189435336976321,0.03639846743295019,0.04225768321513002,0.029513888888888888,0.017408862693734994,0.03544776119402985,0.03580246913580247,0.0025252525252525255,0.0040650406504065045,0.0482740021574973,0.047919957872564506,0.4678681362440026,2
0.04855275443510738,0.051789077212806026,0.0496031746031746,0.033533533533533534,0.026570048309178744,0.010101010101010102,0.044863731656184486,0.028233151183970857,0.04597701149425287,0.051122931442080376,0.03888888888888889,0.03710980135341629,0.045812603648424544,0.030452674897119343,0.0025252525252525255,0.0013550135501355014,0.04989212513484358,0.05107951553449184,0.35253770049612865,1
0.04855275443510738,0.05084745762711865,0.04513888888888889,0.0348682015348682,0.026972624798711754,0.011111111111111112,0.04570230607966457,0.028233151183970857,0.04597701149425287,0.050236406619385346,0.03871527777777778,0.038037546387251694,0.0406301824212272,0.030452674897119343,0.010101010101010102,0.028455284552845527,0.050431499460625674,0.051606108478146395,0.3239305021509168,1
0.04388422035480859,0.04331450094161959,0.039186507936507936,0.030196863530196863,0.0249597423510467,0.00808080808080808,0.0350104821802935,0.03642987249544627,0.038314176245210725,0.04373522458628842,0.03298611111111111,0.02281161318489413,0.040008291873963514,0.02757201646090535,0.030303030303030304,0.02032520325203252,0.05151024811218986,0.052132701421800945,0.3792383855778456,1
0.040149393090569564,0.035781544256120526,0.037698412698412696,0.02385719052385719,0.023752012882447666,0.00808080808080808,0.029769392033542976,0.042805100182149364,0.034482758620689655,0.03871158392434988,0.028993055555555557,0.01642654442261515,0.028606965174129355,0.029218106995884775,0.012626262626262626,0.013550135501355014,0.050970873786407765,0.051606108478146395,0.45291375116669574,0
0.04201680672268908,0.04519774011299435,0.03869047619047619,0.02385719052385719,0.024154589371980676,0.011111111111111112,0.03375262054507337,0.039162112932604735,0.038314176245210725,0.04698581560283688,0.029861111111111113,0.020410390744378958,0.03855721393034826,0.030864197530864196,0.005050505050505051,0.0027100271002710027,0.04962243797195254,0.05081621906266456,0.42886525813907006,0
0.038748832866479926,0.04331450094161959,0.03521825396825397,0.026026026026026026,0.02818035426731079,0.006060606060606061,0.03165618448637317,0.04007285974499089,0.03639846743295019,0.04343971631205674,0.030208333333333334,0.018445754202139272,0.041044776119402986,0.03292181069958848,0.007575757575757576,0.014905149051490514,0.048813376483279394,0.04897314375987362,0.4279960966684674,2
0.04855275443510738,0.05367231638418079,0.05109126984126984,0.037037037037037035,0.028985507246376812,0.012121212121212121,0.046331236897274634,0.0273224043715847,0.04789272030651341,0.05230496453900709,0.03871527777777778,0.039183584370224844,0.045190713101160865,0.02962962962962963,0.027777777777777776,0.016260162601626018,0.05016181229773463,0.05134281200631911,0.2964268072581856,1
0.04341736694677871,0.0423728813559322,0.04017857142857143,0.02952952952952953,0.02576489533011272,0.007070707070707071,0.033542976939203356,0.037340619307832425,0.038314176245210725,0.04343971631205674,0.03125,0.020901549879938877,0.03897180762852405,0.02880658436213992,0.027777777777777776,0.014905149051490514,0.05177993527508091,0.05239599789362823,0.3922397576654848,1
0.03828197945845005,0.03672316384180791,0.04265873015873016,0.02335669002335669,0.021739130434782608,0.007070707070707071,0.03207547169811321,0.040983606557377046,0.03639846743295019,0.03959810874704492,0.030208333333333334,0.018445754202139272,0.028814262023217248,0.029218106995884775,0.027777777777777776,0.024390243902439025,0.049352750809061485,0.04976303317535545,0.4231436823574718,1
0.047619047619047616,0.0480225988700565,0.05357142857142857,0.03219886553219887,0.022946859903381644,0.010101010101010102,0.044444444444444446,0.028233151183970857,0.04597701149425287,0.047872340425531915,0.03802083333333333,0.03618205631958088,0.03814262023217247,0.027160493827160494,0.017676767676767676,0.028455284552845527,0.05151024811218986,0.05292259083728278,0.3289423469633437,1
0.05042016806722689,0.05084745762711865,0.05406746031746032,0.03153153153153153,0.022946859903381644,0.011111111111111112,0.04612159329140461,0.028233151183970857,0.04789272030651341,0.051418439716312055,0.03975694444444444,0.03869242523466492,0.044361525704809286,0.02880658436213992,0.030303030303030304,0.03116531165311653,0.050970873786407765,0.05292259083728278,0.288430220618073,1
0.045284780578898225,0.0423728813559322,0.037698412698412696,0.029195862529195864,0.024154589371980676,0.00909090909090909,0.03291404612159329,0.03825136612021858,0.038314176245210725,0.044030732860520096,0.03125,0.020192097795241212,0.03503316749585406,0.025925925925925925,0.04040404040404041,0.016260162601626018,0.05339805825242718,0.05423907319641917,0.3819897173555946,1
0.03968253968253968,0.04048964218455744,0.03273809523809524,0.021688355021688355,0.022946859903381644,0.006060606060606061,0.03165618448637317,0.040983606557377046,0.03639846743295019,0.04225768321513002,0.030034722222222223,0.018172888015717092,0.03482587064676617,0.03539094650205761,0.010101010101010102,0.012195121951219513,0.04854368932038835,0.04818325434439179,0.44765045711352836,2
0.047619047619047616,0.05084745762711865,0.04861111111111111,0.02952952952952953,0.02254428341384863,0.010101010101010102,0.04591194968553459,0.028233151183970857,0.04789272030651341,0.05053191489361702,0.03802083333333333,0.03852870552281161,0.04622719734660033,0.02962962962962963,0.012626262626262626,0.023035230352303523,0.05016181229773463,0.051606108478146395,0.32834204494187635,1
0.04948646125116713,0.05084745762711865,0.052083333333333336,0.027360694027360695,0.01932367149758454,0.005050505050505051,0.051781970649895176,0.02459016393442623,0.05172413793103448,0.04875886524822695,0.04670138888888889,0.04862475442043222,0.05037313432835821,0.0345679012345679,0.030303030303030304,0.0013550135501355014,0.048813376483279394,0.047919957872564506,0.31033418236809085,2
0.04388422035480859,0.0423728813559322,0.03571428571428571,0.029863196529863197,0.027777777777777776,0.006060606060606061,0.03270440251572327,0.037340619307832425,0.03639846743295019,0.0425531914893617,0.03142361111111111,0.02035581750709452,0.03959369817578773,0.028395061728395062,0.012626262626262626,0.006775067750677507,0.052049622437971954,0.052132701421800945,0.42197850870175746,2
0.04388422035480859,0.04048964218455744,0.040674603174603176,0.022689356022689355,0.021739130434782608,0.010101010101010102,0.03249475890985325,0.039162112932604735,0.03639846743295019,0.044030732860520096,0.030555555555555555,0.019591792185112422,0.03337479270315091,0.030452674897119343,0.0025252525252525255,0.008130081300813009,0.05016181229773463,0.05186940494997367,0.4416745991769083,0
0.04108309990662932,0.03389830508474576,0.02628968253968254,0.018852185518852184,0.022946859903381644,0.0030303030303030303,0.024737945492662474,0.05191256830601093,0.032567049808429116,0.037825059101654845,0.02378472222222222,0.011132940406024885,0.028192371475953566,0.03621399176954732,0.017676767676767676,0.018970189701897018,0.04854368932038835,0.04818325434439179,0.4741590143904554,0
0.047619047619047616,0.05084745762711865,0.04861111111111111,0.027861194527861195,0.0213365539452496,0.010101010101010102,0.04549266247379455,0.028233151183970857,0.04597701149425287,0.051418439716312055,0.03958333333333333,0.037764680200829515,0.04622719734660033,0.02962962962962963,0.0,0.04200542005420054,0.050431499460625674,0.052132701421800945,0.3247278987532515,1
0.04715219421101774,0.05273069679849341,0.0496031746031746,0.03403403403403404,0.0249597423510467,0.012121212121212121,0.04758909853249476,0.0273224043715847,0.04789272030651341,0.05260047281323877,0.04010416666666667,0.04131194062431783,0.04228855721393035,0.030041152263374487,0.0,0.014905149051490514,0.05016181229773463,0.05186940494997367,0.3333120667897016,1
0.049019607843137254,0.05084745762711865,0.047619047619047616,0.030864197530864196,0.022946859903381644,0.010101010101010102,0.04591194968553459,0.0273224043715847,0.04789272030651341,0.050236406619385346,0.04010416666666667,0.03852870552281161,0.04498341625207297,0.030864197530864196,0.012626262626262626,0.016260162601626018,0.050431499460625674,0.05134281200631911,0.33209711572517364,1
0.040149393090569564,0.03389830508474576,0.03273809523809524,0.02135468802135469,0.022946859903381644,0.00808080808080808,0.027463312368972745,0.04735883424408015,0.034482758620689655,0.037529550827423167,0.025694444444444443,0.0137524557956778,0.028814262023217248,0.031275720164609055,0.012626262626262626,0.036585365853658534,0.049352750809061485,0.049236440231700894,0.44665969257124716,1
0.042483660130718956,0.03672316384180791,0.03571428571428571,0.022188855522188855,0.02214170692431562,0.007070707070707071,0.030607966457023062,0.04189435336976321,0.03639846743295019,0.03900709219858156,0.029513888888888888,0.017135996507312814,0.030887230514096187,0.03168724279835391,0.022727272727272728,0.024390243902439025,0.04962243797195254,0.04976303317535545,0.43004239485198636,1
0.045284780578898225,0.04331450094161959,0.04662698412698413,0.0348682015348682,0.026972624798711754,0.010101010101010102,0.040880503144654086,0.030965391621129327,0.0421455938697318,0.04343971631205674,0.03888888888888889,0.03127046496398166,0.04021558872305141,0.02880658436213992,0.0,0.018970189701897018,0.05070118662351672,0.05186940494997367,0.37467838475688664,1
0.05368814192343604,0.04990583804143126,0.0496031746031746,0.03420086753420087,0.02576489533011272,0.011111111111111112,0.04612159329140461,0.0273224043715847,0.04789272030651341,0.04905437352245863,0.03975694444444444,0.03874699847194936,0.044361525704809286,0.029218106995884775,0.05303030303030303,0.014905149051490514,0.050970873786407765,0.05239599789362823,0.28194898058565465,1
0.04715219421101774,0.0480225988700565,0.05555555555555555,0.033533533533533534,0.023752012882447666,0.011111111111111112,0.044863731656184486,0.029143897996357013,0.04597701149425287,0.047872340425531915,0.03871527777777778,0.03640034926871862,0.04021558872305141,0.026748971193415638,0.0,0.04878048780487805,0.05124056094929881,0.05423907319641917,0.3166757033503921,1
0.04341736694677871,0.03295668549905838,0.03869047619047619,0.02702702702702703,0.024154589371980676,0.00808080808080808,0.031446540880503145,0.040983606557377046,0.03639846743295019,0.03693853427895981,0.029861111111111113,0.01806374154114822,0.02839966832504146,0.02757201646090535,0.005050505050505051,0.044715447154471545,0.05151024811218986,0.052132701421800945,0.4226004585569072,1
0.04435107376283847,0.04331450094161959,0.04563492063492063,0.026526526526526525,0.025362318840579712,0.011111111111111112,0.033542976939203356,0.03825136612021858,0.038314176245210725,0.04639479905437352,0.030555555555555555,0.020301244269810084,0.03544776119402985,0.02880658436213992,0.017676767676767676,0.028455284552845527,0.050970873786407765,0.0526592943654555,0.38232286406038607,0
0.04715219421101774,0.051789077212806026,0.052083333333333336,0.030363697030363696,0.023752012882447666,0.010101010101010102,0.04507337526205451,0.028233151183970857,0.04597701149425287,0.05230496453900709,0.03836805555555556,0.03700065487884741,0.04622719734660033,0.030452674897119343,0.030303030303030304,0.03523035230352303,0.05016181229773463,0.05134281200631911,0.29408358316100647,1
0.040149393090569564,0.04048964218455744,0.034722222222222224,0.021021021021021023,0.02254428341384863,0.006060606060606061,0.0310272536687631,0.04189435336976321,0.03639846743295019,0.04284869976359338,0.028819444444444446,0.017299716219166122,0.03544776119402985,0.03539094650205761,0.015151515151515152,0.012195121951219513,0.0482740021574973,0.047919957872564506,0.44234559227961057,2
0.04108309990662932,0.035781544256120526,0.03819444444444445,0.026026026026026026,0.02254428341384863,0.007070707070707071,0.03417190775681342,0.037340619307832425,0.038314176245210725,0.038120567375886524,0.03194444444444444,0.021556428727352108,0.02902155887230514,0.02757201646090535,0.0025252525252525255,0.012195121951219513,0.05177993527508091,0.052132701421800945,0.45262516451811996,1
0.0480859010270775,0.05084745762711865,0.053075396825396824,0.03153153153153153,0.02254428341384863,0.011111111111111112,0.046750524109014674,0.0273224043715847,0.04789272030651341,0.051418439716312055,0.0390625,0.039783889980353634,0.04145936981757877,0.02880658436213992,0.0,0.03929539295392954,0.050431499460625674,0.05292259083728278,0.3176584025485806,1
0.04435107376283847,0.03483992467043315,0.03521825396825397,0.028528528528528527,0.02455716586151369,0.00909090909090909,0.03291404612159329,0.039162112932604735,0.038314176245210725,0.03959810874704492,0.03090277777777778,0.019919231608819036,0.025912106135986733,0.025925925925925925,0.012626262626262626,0.05420054200542006,0.05285868392664509,0.05476566614007372,0.39631450392415846,1
0.041549953314659195,0.035781544256120526,0.03670634920634921,0.023023023023023025,0.023752012882447666,0.007070707070707071,0.02851153039832285,0.044626593806921674,0.034482758620689655,0.03930260047281324,0.028993055555555557,0.015171359965073128,0.026533996683250415,0.02962962962962963,0.017676767676767676,0.009485094850948509,0.050970873786407765,0.05081621906266456,0.4559159297376487,0
0.035480859010270774,0.035781544256120526,0.028769841269841268,0.020854187520854186,0.023349436392914653,0.005050505050505051,0.027882599580712788,0.04644808743169399,0.034482758620689655,0.037529550827423167,0.02638888888888889,0.01413446845666885,0.03005804311774461,0.03580246913580247,0.0,0.028455284552845527,0.04773462783171521,0.04844655081621906,0.4733502972390893,1
0.04295051353874883,0.03954802259887006,0.03720238095238095,0.02869536202869536,0.024154589371980676,0.00808080808080808,0.030817610062893082,0.040983606557377046,0.03639846743295019,0.04196217494089834,0.030208333333333334,0.0175725824055883,0.03316749585406302,0.02551440329218107,0.05555555555555555,0.013550135501355014,0.05555555555555555,0.05555555555555555,0.38252684738121,1
0.049953314659197015,0.05084745762711865,0.05357142857142857,0.03803803803803804,0.027375201288244767,0.012121212121212121,0.04570230607966457,0.028233151183970857,0.04789272030651341,0.050236406619385346,0.03871527777777778,0.038201266099105,0.04643449419568822,0.02757201646090535,0.03282828282828283,0.03387533875338753,0.05124056094929881,0.053712480252764615,0.27344904618801635,1
0.03968253968253968,0.03766478342749529,0.03720238095238095,0.022856189522856188,0.02254428341384863,0.007070707070707071,0.031865828092243184,0.04007285974499089,0.03639846743295019,0.03959810874704492,0.030034722222222223,0.018500327439423706,0.03316749585406302,0.031275720164609055,0.017676767676767676,0.02168021680216802,0.04908306364617044,0.049236440231700894,0.4343890978758179,1
0.04108309990662932,0.03672316384180791,0.037698412698412696,0.025859192525859193,0.0249597423510467,0.00808080808080808,0.028721174004192874,0.04371584699453552,0.034482758620689655,0.040484633569739956,0.027083333333333334,0.015335079676926435,0.02570480928689884,0.025925925925925925,0.007575757575757576,0.008130081300813009,0.054207119741100325,0.055028962611901,0.4592000979536217,0
0.041549953314659195,0.03766478342749529,0.0441468253968254,0.02902902902902903,0.023349436392914653,0.00808080808080808,0.03710691823899371,0.033697632058287796,0.040229885057471264,0.03930260047281324,0.035069444444444445,0.02570399476096922,0.03213101160862355,0.02880658436213992,0.017676767676767676,0.024390243902439025,0.050970873786407765,0.051606108478146395,0.39948709951076433,1
0.04341736694677871,0.03766478342749529,0.036210317460317464,0.023189856523189858,0.023349436392914653,0.006060606060606061,0.02851153039832285,0.044626593806921674,0.034482758620689655,0.040780141843971635,0.028819444444444446,0.015007640253219821,0.02839966832504146,0.030041152263374487,0.0,0.0,0.050431499460625674,0.049499736703528176,0.47950746706855807,0
0.04201680672268908,0.04048964218455744,0.04017857142857143,0.03853853853853854,0.03904991948470209,0.046464646464646465,0.031446540880503145,0.040983606557377046,0.03639846743295019,0.044030732860520096,0.034722222222222224,0.018118314778432655,0.03399668325041459,0.037448559670781895,0.012626262626262626,0.012195121951219513,0.05016181229773463,0.051606108478146395,0.34952744216972986,0
0.049019607843137254,0.04896421845574388,0.053075396825396824,0.03453453453453453,0.024154589371980676,0.011111111111111112,0.04570230607966457,0.028233151183970857,0.04597701149425287,0.04934988179669031,0.03836805555555556,0.03825583933638944,0.04083747927031509,0.027160493827160494,0.0,0.02710027100271003,0.05151024811218986,0.05344918378093733,0.33319662041825937,1
0.04295051353874883,0.0423728813559322,0.037698412698412696,0.02702702702702703,0.022946859903381644,0.007070707070707071,0.03333333333333333,0.037340619307832425,0.038314176245210725,0.04343971631205674,0.03194444444444444,0.020792403405370006,0.03669154228855721,0.028395061728395062,0.020202020202020204,0.013550135501355014,0.05124056094929881,0.05134281200631911,0.4133467726815975,1
0.045284780578898225,0.04143126177024482,0.04712301587301587,0.033700367033700364,0.026570048309178744,0.00909090909090909,0.039412997903563944,0.031876138433515486,0.0421455938697318,0.0425531914893617,0.0375,0.028705522811613184,0.03627694859038143,0.02962962962962963,0.03787878787878788,0.014905149051490514,0.05124056094929881,0.05186940494997367,0.35280569178670473,1
0.05088702147525677,0.046139359698681735,0.05109126984126984,0.031031031031031032,0.022946859903381644,0.011111111111111112,0.04318658280922432,0.029143897996357013,0.044061302681992334,0.04609929078014184,0.03680555555555556,0.0343811394891945,0.03855721393034826,0.026748971193415638,0.030303030303030304,0.028455284552845527,0.05177993527508091,0.05292259083728278,0.3243485515347988,1
0.04435107376283847,0.044256120527306965,0.036210317460317464,0.032532532532532535,0.02818035426731079,0.007070707070707071,0.0350104821802935,0.03460837887067395,0.038314176245210725,0.04491725768321513,0.03194444444444444,0.023466492032307357,0.038349917081260364,0.028395061728395062,0.022727272727272728,0.025745257452574527,0.05393743257820928,0.05423907319641917,0.3757436481587104,2
0.040149393090569564,0.04048964218455744,0.030257936507936508,0.019853186519853187,0.0213365539452496,0.00808080808080808,0.031446540880503145,0.04189435336976321,0.03639846743295019,0.0425531914893617,0.029340277777777778,0.01779087535472604,0.03565505804311774,0.03497942386831276,0.020202020202020204,0.01084010840108401,0.0482740021574973,0.047919957872564506,0.4425382028213469,2
0.04108309990662932,0.04519774011299435,0.044642857142857144,0.029696363029696363,0.024154589371980676,0.00808080808080808,0.03668763102725367,0.03460837887067395,0.040229885057471264,0.04491725768321513,0.034722222222222224,0.02510368915084043,0.041044776119402986,0.027983539094650206,0.03282828282828283,0.02168021680216802,0.05177993527508091,0.05239599789362823,0.3631627303301441,1
0.049953314659197015,0.051789077212806026,0.05109126984126984,0.027861194527861195,0.019726247987117553,0.007070707070707071,0.052830188679245285,0.02459016393442623,0.05363984674329502,0.0508274231678487,0.04670138888888889,0.04933420650512988,0.04954394693200664,0.034156378600823045,0.012626262626262626,0.04065040650406504,0.0482740021574973,0.04897314375987362,0.2803608302016791,2
0.04855275443510738,0.046139359698681735,0.052083333333333336,0.0348682015348682,0.02455716586151369,0.011111111111111112,0.04339622641509434,0.029143897996357013,0.04597701149425287,0.04639479905437352,0.03767361111111111,0.03476315215018555,0.03482587064676617,0.02633744855967078,0.0,0.025745257452574527,0.052049622437971954,0.054502369668246446,0.3518788070387804,1
0.041549953314659195,0.038606403013182675,0.03125,0.022355689022355688,0.023752012882447666,0.006060606060606061,0.02578616352201258,0.05009107468123861,0.032567049808429116,0.040484633569739956,0.025694444444444443,0.012169831914429163,0.03109452736318408,0.031275720164609055,0.030303030303030304,0.0040650406504065045,0.05016181229773463,0.049499736703528176,0.45323227028396207,0
0.04201680672268908,0.03672316384180791,0.028273809523809524,0.01901901901901902,0.01932367149758454,0.007070707070707071,0.02830188679245283,0.04644808743169399,0.034482758620689655,0.041075650118203307,0.026909722222222224,0.01424361493123772,0.03130182421227198,0.03497942386831276,0.030303030303030304,0.01084010840108401,0.049352750809061485,0.047919957872564506,0.45141400674155807,0
0.0457516339869281,0.04143126177024482,0.04365079365079365,0.029362696029362697,0.026972624798711754,0.010101010101010102,0.03312368972746331,0.039162112932604735,0.038314176245210725,0.044030732860520096,0.030034722222222223,0.020028378083387907,0.031923714759535655,0.027160493827160494,0.03535353535353535,0.012195121951219513,0.052319309600863,0.05318588730911006,0.38589810479011577,0
0.047619047619047616,0.051789077212806026,0.05009920634920635,0.03553553553553553,0.026972624798711754,0.012121212121212121,0.04654088050314465,0.0273224043715847,0.04789272030651341,0.05230496453900709,0.03923611111111111,0.039238157607509275,0.04415422885572139,0.029218106995884775,0.005050505050505051,0.028455284552845527,0.050431499460625674,0.05239599789362823,0.31362243511539967,1
0.040149393090569564,0.03766478342749529,0.03273809523809524,0.023189856523189858,0.023752012882447666,0.007070707070707071,0.025576519916142557,0.04918032786885246,0.032567049808429116,0.041075650118203307,0.025173611111111112,0.012278978388998035,0.029643449419568823,0.025925925925925925,0.017676767676767676,0.014905149051490514,0.05447680690399137,0.05476566614007372,0.4521892494379407,0
0.04715219421101774,0.046139359698681735,0.05109126984126984,0.0353687020353687,0.026972624798711754,0.010101010101010102,0.04213836477987421,0.030054644808743168,0.044061302681992334,0.04609929078014184,0.03732638888888889,0.03279851560794586,0.036069651741293535,0.028395061728395062,0.010101010101010102,0.014905149051490514,0.050970873786407765,0.051606108478146395,0.35864847687961054,1
0.05088702147525677,0.051789077212806026,0.047619047619047616,0.031865198531865195,0.022946859903381644,0.006060606060606061,0.05052410901467505,0.025500910746812388,0.04980842911877394,0.050236406619385346,0.04635416666666667,0.04676926435276141,0.050165837479270316,0.03497942386831276,0.020202020202020204,0.012195121951219513,0.04962243797195254,0.04844655081621906,0.30402751038896747,2
0.04295051353874883,0.0423728813559322,0.03670634920634921,0.031197864531197866,0.029790660225442835,0.007070707070707071,0.03291404612159329,0.037340619307832425,0.03639846743295019,0.04225768321513002,0.03107638888888889,0.020464963981663392,0.03793532338308458,0.02880658436213992,0.020202020202020204,0.008130081300813009,0.052588996763754045,0.05292259083728278,0.4088732582744693,2
0.04108309990662932,0.032015065913371,0.028769841269841268,0.02335669002335669,0.023752012882447666,0.006060606060606061,0.026624737945492662,0.04735883424408015,0.034482758620689655,0.0384160756501182,0.025694444444444443,0.013261296660117878,0.023424543946932008,0.025925925925925925,0.010101010101010102,0.013550135501355014,0.053667745415318234,0.05423907319641917,0.4782161022918445,0
0.04341736694677871,0.03672316384180791,0.04265873015873016,0.03003003003003003,0.023752012882447666,0.00909090909090909,0.0350104821802935,0.03551912568306011,0.038314176245210725,0.03959810874704492,0.03229166666666667,0.02281161318489413,0.026741293532338308,0.025925925925925925,0.015151515151515152,0.023035230352303523,0.053128371089536136,0.053712480252764615,0.41308779803774276,1
0.04481792717086835,0.03483992467043315,0.03670634920634921,0.031197864531197866,0.027375201288244767,0.00808080808080808,0.03333333333333333,0.03825136612021858,0.038314176245210725,0.03959810874704492,0.03177083333333333,0.0206286836935167,0.027777777777777776,0.028395061728395062,0.007575757575757576,0.02168021680216802,0.05124056094929881,0.05186940494997367,0.42654664379607,1
0.04108309990662932,0.04048964218455744,0.034722222222222224,0.02952952952952953,0.029790660225442835,0.01919191919191919,0.031865828092243184,0.04007285974499089,0.03639846743295019,0.04225768321513002,0.03125,0.018664047151277015,0.03482587064676617,0.031275720164609055,0.0025252525252525255,0.012195121951219513,0.05016181229773463,0.04976303317535545,0.4239372303421709,2
0.04108309990662932,0.04143126177024482,0.041666666666666664,0.02252252252252252,0.02214170692431562,0.012121212121212121,0.03249475890985325,0.04007285974499089,0.038314176245210725,0.0466903073286052,0.030555555555555555,0.019155206286836934,0.03399668325041459,0.030864197530864196,0.017676767676767676,0.014905149051490514,0.049352750809061485,0.05134281200631911,0.4136123056924388,0
0.04295051353874883,0.03766478342749529,0.03273809523809524,0.018518518518518517,0.01932367149758454,0.007070707070707071,0.029140461215932913,0.04553734061930783,0.03639846743295019,0.041371158392434985,0.027604166666666666,0.015116786727788692,0.03067993366500829,0.03497942386831276,0.030303030303030304,0.025745257452574527,0.04908306364617044,0.04818325434439179,0.4275913663742812,0
0.04108309990662932,0.04143126177024482,0.034722222222222224,0.02519185852519186,0.02455716586151369,0.00808080808080808,0.029979035639413,0.04189435336976321,0.034482758620689655,0.04225768321513002,0.02829861111111111,0.016972276795459505,0.03586235489220564,0.027983539094650206,0.017676767676767676,0.01084010840108401,0.05285868392664509,0.05344918378093733,0.43237822710953366,2
0.04388422035480859,0.03672316384180791,0.03720238095238095,0.030697364030697363,0.028985507246376812,0.00808080808080808,0.03249475890985325,0.03825136612021858,0.03639846743295019,0.03930260047281324,0.030381944444444444,0.019919231608819036,0.03005804311774461,0.02880658436213992,0.010101010101010102,0.006775067750677507,0.05177993527508091,0.0526592943654555,0.437498251531913,2
0.049953314659197015,0.0480225988700565,0.05109126984126984,0.030363697030363696,0.02254428341384863,0.011111111111111112,0.04465408805031446,0.028233151183970857,0.04597701149425287,0.047872340425531915,0.03923611111111111,0.03672778869242523,0.04498341625207297,0.02962962962962963,0.005050505050505051,0.005420054200542005,0.05070118662351672,0.052132701421800945,0.3562957409384794,1
0.040149393090569564,0.035781544256120526,0.028769841269841268,0.019853186519853187,0.02254428341384863,0.00404040404040404,0.024737945492662474,0.05191256830601093,0.032567049808429116,0.038120567375886524,0.024305555555555556,0.011351233355162629,0.03150912106135987,0.03209876543209877,0.022727272727272728,0.0027100271002710027,0.04962243797195254,0.04897314375987362,0.4782256594628269,0
0.03688141923436041,0.03672316384180791,0.03571428571428571,0.021187854521187856,0.0213365539452496,0.00909090909090909,0.029769392033542976,0.04371584699453552,0.03639846743295019,0.0398936170212766,0.028645833333333332,0.016099104998908535,0.029850746268656716,0.03168724279835391,0.017676767676767676,0.028455284552845527,0.048813376483279394,0.04976303317535545,0.4382971008823936,1
0.04201680672268908,0.03672316384180791,0.0441468253968254,0.030196863530196863,0.0249597423510467,0.00808080808080808,0.03668763102725367,0.03460837887067395,0.040229885057471264,0.03900709219858156,0.034722222222222224,0.024994542676271558,0.031923714759535655,0.02880658436213992,0.027777777777777776,0.02032520325203252,0.050970873786407765,0.05134281200631911,0.39247907207993904,1
0.040149393090569564,0.0423728813559322,0.03273809523809524,0.021021021021021023,0.022946859903381644,0.00808080808080808,0.0310272536687631,0.04189435336976321,0.03639846743295019,0.04284869976359338,0.029513888888888888,0.017518009168303865,0.03855721393034826,0.03539094650205761,0.0,0.009485094850948509,0.0482740021574973,0.047919957872564506,0.4538630537045134,2
0.052754435107376284,0.04519774011299435,0.04861111111111111,0.03470136803470137,0.0249597423510467,0.00909090909090909,0.04255765199161426,0.030054644808743168,0.044061302681992334,0.044621749408983453,0.0375,0.033453394455359095,0.03793532338308458,0.02633744855967078,0.04292929292929293,0.03929539295392954,0.052049622437971954,0.053712480252764615,0.30017639032845433,1
0.04061624649859944,0.046139359698681735,0.04265873015873016,0.031698365031698365,0.02576489533011272,0.00909090909090909,0.03710691823899371,0.033697632058287796,0.040229885057471264,0.04521276595744681,0.03420138888888889,0.02570399476096922,0.043325041459369815,0.02757201646090535,0.027777777777777776,0.009485094850948509,0.05177993527508091,0.05239599789362823,0.3755430455115001,1
0.05042016806722689,0.05273069679849341,0.050595238095238096,0.04104104104104104,0.030193236714975844,0.006060606060606061,0.05010482180293501,0.025500910746812388,0.04980842911877394,0.04934988179669031,0.04583333333333333,0.046660117878192534,0.0472636815920398,0.03374485596707819,0.022727272727272728,0.017615176151761516,0.05016181229773463,0.04870984728804634,0.28147887252174786,2
0.040149393090569564,0.03766478342749529,0.03273809523809524,0.023023023023023025,0.023752012882447666,0.00404040404040404,0.028721174004192874,0.044626593806921674,0.034482758620689655,0.03930260047281324,0.028125,0.015225933202357564,0.03130182421227198,0.030452674897119343,0.015151515151515152,0.018970189701897018,0.05016181229773463,0.050026329647182725,0.45208388228326934,1
0.03968253968253968,0.04048964218455744,0.03273809523809524,0.020186853520186853,0.021739130434782608,0.007070707070707071,0.031446540880503145,0.04189435336976321,0.03639846743295019,0.04343971631205674,0.029340277777777778,0.01768172888015717,0.03627694859038143,0.03580246913580247,0.0,0.006775067750677507,0.0482740021574973,0.047919957872564506,0.4628435017089997,2
0.04715219421101774,0.05273069679849341,0.05009920634920635,0.03853853853853854,0.028985507246376812,0.010101010101010102,0.04549266247379455,0.028233151183970857,0.04597701149425287,0.05053191489361702,0.04027777777777778,0.038092119624536125,0.04477611940298507,0.02962962962962963,0.005050505050505051,0.008130081300813009,0.050431499460625674,0.05186940494997367,0.3339009695128756,1
0.049019607843137254,0.051789077212806026,0.047619047619047616,0.030196863530196863,0.02254428341384863,0.00909090909090909,0.04591194968553459,0.0273224043715847,0.04789272030651341,0.051713947990543734,0.04010416666666667,0.038910718183802664,0.04477611940298507,0.030452674897119343,0.010101010101010102,0.006775067750677507,0.050431499460625674,0.05107951553449184,0.3442684169384993,1
0.04108309990662932,0.03672316384180791,0.04365079365079365,0.0323656990323657,0.027777777777777776,0.00808080808080808,0.03522012578616352,0.03642987249544627,0.038314176245210725,0.03930260047281324,0.03454861111111111,0.022702466710325258,0.03130182421227198,0.030452674897119343,0.007575757575757576,0.02981029810298103,0.05016181229773463,0.05055292259083728,0.4039455152120456,1
0.052754435107376284,0.04990583804143126,0.046130952380952384,0.0328661995328662,0.0249597423510467,0.011111111111111112,0.045283018867924525,0.028233151183970857,0.04597701149425287,0.04875886524822695,0.03836805555555556,0.03754638725169177,0.0406301824212272,0.02962962962962963,0.015151515151515152,0.03387533875338753,0.05070118662351672,0.05239599789362823,0.31572138140068895,1
0.041549953314659195,0.03954802259887006,0.03720238095238095,0.02335669002335669,0.02214170692431562,0.006060606060606061,0.03039832285115304,0.04189435336976321,0.03639846743295019,0.041075650118203307,0.029513888888888888,0.017026850032743943,0.034411276948590384,0.029218106995884775,0.03787878787878788,0.03523035230352303,0.05151024811218986,0.052132701421800945,0.39345163377133197,1
0.0457516339869281,0.03295668549905838,0.034722222222222224,0.030363697030363696,0.027375201288244767,0.005050505050505051,0.03249475890985325,0.037340619307832425,0.03639846743295019,0.03664302600472813,0.03194444444444444,0.02024667103252565,0.024253731343283583,0.029218106995884775,0.007575757575757576,0.02981029810298103,0.05447680690399137,0.05397577672459189,0.4294015901438535,2
0.04715219421101774,0.04519774011299435,0.042162698412698416,0.031865198531865195,0.024154589371980676,0.011111111111111112,0.03668763102725367,0.03460837887067395,0.040229885057471264,0.04521276595744681,0.03333333333333333,0.024994542676271558,0.03876451077943615,0.02551440329218107,0.012626262626262626,0.02981029810298103,0.053128371089536136,0.05529225908372828,0.36815382635175653,1
0.05042016806722689,0.05084745762711865,0.05109126984126984,0.0353687020353687,0.026167471819645734,0.011111111111111112,0.04360587002096436,0.029143897996357013,0.04597701149425287,0.047872340425531915,0.03958333333333333,0.03536345776031434,0.04975124378109453,0.029218106995884775,0.022727272727272728,0.0,0.050970873786407765,0.05186940494997367,0.32891100622687175,1
0.042483660130718956,0.03766478342749529,0.04117063492063492,0.02769436102769436,0.024154589371980676,0.00808080808080808,0.033542976939203356,0.037340619307832425,0.038314176245210725,0.03930260047281324,0.0328125,0.020901549879938877,0.03213101160862355,0.02962962962962963,0.012626262626262626,0.009485094850948509,0.05016181229773463,0.05028962611901001,0.4322133030634602,1
0.040149393090569564,0.04048964218455744,0.03422619047619048,0.02052052052052052,0.021739130434782608,0.006060606060606061,0.031446540880503145,0.04189435336976321,0.03639846743295019,0.0425531914893617,0.030208333333333334,0.017736302117441607,0.03669154228855721,0.03580246913580247,0.007575757575757576,0.009485094850948509,0.04854368932038835,0.047919957872564506,0.4505588175654015,2
0.045284780578898225,0.03295668549905838,0.03273809523809524,0.02519185852519186,0.02576489533011272,0.00808080808080808,0.026834381551362682,0.04735883424408015,0.034482758620689655,0.038120567375886524,0.025694444444444443,0.013425016371971186,0.02321724709784411,0.027160493827160494,0.015151515151515152,0.0027100271002710027,0.052588996763754045,0.0526592943654555,0.4705792998334004,0
0.049019607843137254,0.04990583804143126,0.05357142857142857,0.034367701034367704,0.025362318840579712,0.012121212121212121,0.04654088050314465,0.028233151183970857,0.04789272030651341,0.04964539007092199,0.03923611111111111,0.03885614494651823,0.041666666666666664,0.029218106995884775,0.03787878787878788,0.04742547425474255,0.050970873786407765,0.05344918378093733,0.2646384020622362,1
0.04388422035480859,0.04048964218455744,0.03422619047619048,0.026860193526860192,0.023752012882447666,0.007070707070707071,0.031865828092243184,0.039162112932604735,0.03639846743295019,0.04225768321513002,0.030381944444444444,0.019046059812268062,0.03876451077943615,0.02757201646090535,0.030303030303030304,0.014905149051490514,0.052049622437971954,0.052132701421800945,0.4088779071201527,1
0.04481792717086835,0.0423728813559322,0.043154761904761904,0.02819486152819486,0.026972624798711754,0.010101010101010102,0.03228511530398323,0.04007285974499089,0.03639846743295019,0.044030732860520096,0.028993055555555557,0.019155206286836934,0.036069651741293535,0.02757201646090535,0.022727272727272728,0.01084010840108401,0.05177993527508091,0.05292259083728278,0.40153892051276463,0
0.041549953314659195,0.044256120527306965,0.03968253968253968,0.02185518852185519,0.021739130434782608,0.011111111111111112,0.033542976939203356,0.039162112932604735,0.038314176245210725,0.048167848699763594,0.030381944444444444,0.02013752455795678,0.036069651741293535,0.03168724279835391,0.0025252525252525255,0.009485094850948509,0.04908306364617044,0.05081621906266456,0.43043284796387815,0
0.04855275443510738,0.051789077212806026,0.052083333333333336,0.036036036036036036,0.027375201288244767,0.011111111111111112,0.0429769392033543,0.029143897996357013,0.044061302681992334,0.04994089834515367,0.03836805555555556,0.03399912682820345,0.04477611940298507,0.029218106995884775,0.022727272727272728,0.024390243902439025,0.050970873786407765,0.051606108478146395,0.31087354067960926,1
0.05088702147525677,0.05084745762711865,0.05109126984126984,0.03670337003670337,0.026570048309178744,0.011111111111111112,0.044863731656184486,0.028233151183970857,0.04597701149425287,0.04934988179669031,0.03975694444444444,0.036946081641562975,0.0439469320066335,0.02880658436213992,0.0025252525252525255,0.03116531165311653,0.05070118662351672,0.05292259083728278,0.3175950613743136,1
0.05088702147525677,0.04990583804143126,0.05109126984126984,0.035035035035035036,0.025362318840579712,0.011111111111111112,0.04591194968553459,0.0273224043715847,0.04789272030651341,0.0508274231678487,0.03975694444444444,0.03858327876009605,0.0439469320066335,0.029218106995884775,0.015151515151515152,0.0040650406504065045,0.05070118662351672,0.05239599789362823,0.33083390559770953,1
0.046218487394957986,0.05084745762711865,0.0496031746031746,0.03319986653319987,0.0249597423510467,0.00909090909090909,0.041928721174004195,0.030054644808743168,0.044061302681992334,0.04905437352245863,0.03854166666666667,0.03274394237066143,0.04995854063018242,0.02880658436213992,0.005050505050505051,0.009485094850948509,0.050970873786407765,0.052132701421800945,0.35329141107308215,1
0.04295051353874883,0.04331450094161959,0.040674603174603176,0.028361695028361694,0.023349436392914653,0.00808080808080808,0.03459119496855346,0.03642987249544627,0.038314176245210725,0.044030732860520096,0.03142361111111111,0.022320454049334207,0.03399668325041459,0.025102880658436213,0.020202020202020204,0.014905149051490514,0.05393743257820928,0.05476566614007372,0.4032485692321236,1
0.0392156862745098,0.035781544256120526,0.03273809523809524,0.023023023023023025,0.0249597423510467,0.006060606060606061,0.026415094339622643,0.04918032786885246,0.034482758620689655,0.03900709219858156,0.025,0.012660991049989086,0.028814262023217248,0.02880658436213992,0.010101010101010102,0.009485094850948509,0.04989212513484358,0.050026329647182725,0.4743496325995211,1
0.03968253968253968,0.03954802259887006,0.03273809523809524,0.02002002002002002,0.0213365539452496,0.007070707070707071,0.031236897274633125,0.040983606557377046,0.03639846743295019,0.04284869976359338,0.030034722222222223,0.017736302117441607,0.0337893864013267,0.03497942386831276,0.012626262626262626,0.005420054200542005,0.04854368932038835,0.047919957872564506,0.4570865917869039,2
0.041549953314659195,0.03389830508474576,0.03373015873015873,0.023523523523523524,0.023752012882447666,0.00808080808080808,0.029140461215932913,0.042805100182149364,0.034482758620689655,0.0384160756501182,0.028819444444444446,0.015880812049770793,0.026326699834162522,0.030041152263374487,0.017676767676767676,0.0013550135501355014,0.050970873786407765,0.051606108478146395,0.46794397063155724,0
0.05042016806722689,0.04990583804143126,0.051587301587301584,0.030196863530196863,0.02254428341384863,0.011111111111111112,0.04612159329140461,0.028233151183970857,0.04789272030651341,0.04934988179669031,0.03923611111111111,0.03885614494651823,0.044361525704809286,0.02962962962962963,0.03787878787878788,0.024390243902439025,0.050970873786407765,0.05239599789362823,0.2949177728169733,1
0.04855275443510738,0.05084745762711865,0.05009920634920635,0.0328661995328662,0.02576489533011272,0.011111111111111112,0.04465408805031446,0.028233151183970857,0.04597701149425287,0.0508274231678487,0.03784722222222222,0.03650949574328749,0.046019900497512436,0.030452674897119343,0.03535353535353535,0.005420054200542005,0.050431499460625674,0.051606108478146395,0.3174262108650998,1
0.04668534080298786,0.0480225988700565,0.0441468253968254,0.03319986653319987,0.026167471819645734,0.006060606060606061,0.04213836477987421,0.029143897996357013,0.044061302681992334,0.04698581560283688,0.03802083333333333,0.03394455359091901,0.04249585406301824,0.030452674897119343,0.015151515151515152,0.009485094850948509,0.052049622437971954,0.05081621906266456,0.360971542068128,2
0.03968253968253968,0.03295668549905838,0.031746031746031744,0.021521521521521522,0.022946859903381644,0.006060606060606061,0.02431865828092243,0.05191256830601093,0.032567049808429116,0.03693853427895981,0.023958333333333335,0.010914647456887142,0.025497512437810944,0.026748971193415638,0.0025252525252525255,0.03116531165311653,0.05285868392664509,0.05344918378093733,0.4722310486051401,0
0.0457516339869281,0.051789077212806026,0.05357142857142857,0.028028028028028028,0.0213365539452496,0.011111111111111112,0.0469601677148847,0.0273224043715847,0.04789272030651341,0.05260047281323877,0.04010416666666667,0.04022047587862912,0.04498341625207297,0.030041152263374487,0.020202020202020204,0.04065040650406504,0.050431499460625674,0.052132701421800945,0.294870563288972,1
0.0392156862745098,0.035781544256120526,0.03670634920634921,0.023023023023023025,0.022946859903381644,0.00808080808080808,0.029140461215932913,0.044626593806921674,0.034482758620689655,0.037529550827423167,0.027777777777777776,0.01538965291421087,0.026326699834162522,0.02962962962962963,0.022727272727272728,0.02710027100271003,0.049352750809061485,0.05028962611901001,0.4398726839710053,1
0.041549953314659195,0.035781544256120526,0.03869047619047619,0.025525525525525526,0.02455716586151369,0.007070707070707071,0.030607966457023062,0.04189435336976321,0.03639846743295019,0.037529550827423167,0.028819444444444446,0.017135996507312814,0.02943615257048093,0.028395061728395062,0.0,0.012195121951219513,0.050431499460625674,0.05107951553449184,0.46290149749686793,1
0.04855275443510738,0.051789077212806026,0.052083333333333336,0.03720387053720387,0.02818035426731079,0.010101010101010102,0.046750524109014674,0.0273224043715847,0.04789272030651341,0.05230496453900709,0.04114583333333333,0.04022047587862912,0.045190713101160865,0.030864197530864196,0.03535353535353535,0.014905149051490514,0.05070118662351672,0.051606108478146395,0.287831787436432,1
0.0392156862745098,0.04143126177024482,0.032242063492063495,0.02135468802135469,0.02214170692431562,0.00808080808080808,0.031446540880503145,0.04189435336976321,0.03639846743295019,0.04373522458628842,0.029340277777777778,0.017736302117441607,0.03648424543946932,0.03374485596707819,0.0025252525252525255,0.014905149051490514,0.0482740021574973,0.04818325434439179,0.4508658597867995,2
0.03734827264239029,0.03389830508474576,0.03422619047619048,0.021187854521187856,0.02254428341384863,0.007070707070707071,0.026834381551362682,0.0482695810564663,0.034482758620689655,0.03664302600472813,0.025520833333333333,0.01309757694826457,0.027570480928689883,0.02880658436213992,0.005050505050505051,0.028455284552845527,0.049352750809061485,0.05028962611901001,0.46935099745383346,1
0.03688141923436041,0.04048964218455744,0.03571428571428571,0.023523523523523524,0.0249597423510467,0.00808080808080808,0.03207547169811321,0.04007285974499089,0.03639846743295019,0.0425531914893617,0.030381944444444444,0.018773193625845886,0.036069651741293535,0.03209876543209877,0.0,0.01084010840108401,0.04908306364617044,0.049499736703528176,0.4525041245515369,2
0.041549953314659195,0.04048964218455744,0.03819444444444445,0.024524524524524523,0.021739130434782608,0.00808080808080808,0.03018867924528302,0.04189435336976321,0.03639846743295019,0.04314420803782506,0.02829861111111111,0.0168085570836062,0.036069651741293535,0.02633744855967078,0.03282828282828283,0.006775067750677507,0.052319309600863,0.05292259083728278,0.4214362694176146,1
0.038748832866479926,0.03766478342749529,0.029265873015873016,0.019352686019352687,0.0213365539452496,0.007070707070707071,0.027672955974842768,0.04735883424408015,0.034482758620689655,0.040484633569739956,0.025173611111111112,0.013643309321108929,0.032545605306799334,0.0345679012345679,0.030303030303030304,0.008130081300813009,0.04773462783171521,0.04818325434439179,0.4562799604919523,0
0.041549953314659195,0.047080979284369114,0.04117063492063492,0.032532532532532535,0.026167471819645734,0.006060606060606061,0.03731656184486373,0.033697632058287796,0.040229885057471264,0.04609929078014184,0.0359375,0.02624972713381358,0.043532338308457715,0.029218106995884775,0.0025252525252525255,0.008130081300813009,0.050970873786407765,0.05107951553449184,0.4004510567416665,1
0.04201680672268908,0.03766478342749529,0.04117063492063492,0.029696363029696363,0.02455716586151369,0.00808080808080808,0.03731656184486373,0.033697632058287796,0.040229885057471264,0.03900709219858156,0.03454861111111111,0.025758567998253656,0.032545605306799334,0.029218106995884775,0.0025252525252525255,0.018970189701897018,0.050431499460625674,0.05081621906266456,0.42174821463546963,1
0.04108309990662932,0.03954802259887006,0.03273809523809524,0.022188855522188855,0.022946859903381644,0.006060606060606061,0.02578616352201258,0.04918032786885246,0.032567049808429116,0.0425531914893617,0.025520833333333333,0.012388124863566908,0.03316749585406302,0.027160493827160494,0.020202020202020204,0.005420054200542005,0.052049622437971954,0.052132701421800945,0.45730638194111406,0
0.04481792717086835,0.04048964218455744,0.040674603174603176,0.026860193526860192,0.02214170692431562,0.005050505050505051,0.0389937106918239,0.030965391621129327,0.0421455938697318,0.041666666666666664,0.03732638888888889,0.029142108709888672,0.033582089552238806,0.030864197530864196,0.0,0.008130081300813009,0.052588996763754045,0.051606108478146395,0.4229540878943445,2
0.04341736694677871,0.03672316384180791,0.03125,0.02435769102435769,0.023349436392914653,0.007070707070707071,0.026834381551362682,0.04735883424408015,0.034482758620689655,0.03959810874704492,0.025868055555555554,0.013425016371971186,0.03275290215588723,0.025925925925925925,0.022727272727272728,0.009485094850948509,0.05339805825242718,0.053712480252764615,0.44826274546750366,1
0.0457516339869281,0.04331450094161959,0.03819444444444445,0.03319986653319987,0.0285829307568438,0.007070707070707071,0.03480083857442348,0.03551912568306011,0.038314176245210725,0.044326241134751775,0.03194444444444444,0.02302990613403187,0.03731343283582089,0.028395061728395062,0.03282828282828283,0.012195121951219513,0.05393743257820928,0.05344918378093733,0.37783266834746987,2
0.04341736694677871,0.03672316384180791,0.03869047619047619,0.027360694027360695,0.026570048309178744,0.00808080808080808,0.029140461215932913,0.04371584699453552,0.034482758620689655,0.041371158392434985,0.027256944444444445,0.015826238812486355,0.026119402985074626,0.02633744855967078,0.010101010101010102,0.009485094850948509,0.054207119741100325,0.05476566614007372,0.44634829174518775,0
0.04668534080298786,0.0480225988700565,0.05406746031746032,0.03853853853853854,0.02818035426731079,0.011111111111111112,0.04612159329140461,0.0273224043715847,0.04789272030651341,0.048167848699763594,0.04131944444444444,0.03940187731936259,0.042703150912106136,0.030041152263374487,0.027777777777777776,0.025745257452574527,0.050970873786407765,0.052132701421800945,0.29379779404542006,1
0.04201680672268908,0.03389830508474576,0.042162698412698416,0.030697364030697363,0.02576489533011272,0.006060606060606061,0.033542976939203356,0.037340619307832425,0.038314176245210725,0.03693853427895981,0.03246527777777778,0.02101069635450775,0.028814262023217248,0.027160493827160494,0.022727272727272728,0.04200542005420054,0.052588996763754045,0.05344918378093733,0.3930414142784163,1
0.04108309990662932,0.03766478342749529,0.039186507936507936,0.03053053053053053,0.0249597423510467,0.007070707070707071,0.03689727463312369,0.03460837887067395,0.040229885057471264,0.040780141843971635,0.034722222222222224,0.0252128356254093,0.03109452736318408,0.027160493827160494,0.0,0.03929539295392954,0.050970873786407765,0.05239599789362823,0.406136604699901,1
0.045284780578898225,0.04990583804143126,0.052083333333333336,0.03753753753753754,0.0285829307568438,0.012121212121212121,0.046331236897274634,0.0273224043715847,0.04789272030651341,0.04934988179669031,0.03923611111111111,0.038910718183802664,0.04187396351575456,0.02880658436213992,0.007575757575757576,0.02710027100271003,0.05016181229773463,0.0526592943654555,0.3172636118442147,1
0.0392156862745098,0.03483992467043315,0.034722222222222224,0.025025025025025027,0.02455716586151369,0.007070707070707071,0.028721174004192874,0.044626593806921674,0.034482758620689655,0.041371158392434985,0.027083333333333334,0.015171359965073128,0.025082918739635158,0.02633744855967078,0.0,0.03116531165311653,0.05285868392664509,0.05397577672459189,0.45369275114928387,0
0.040149393090569564,0.03672316384180791,0.030753968253968252,0.021521521521521522,0.023752012882447666,0.006060606060606061,0.02431865828092243,0.05191256830601093,0.032567049808429116,0.0398936170212766,0.02378472222222222,0.011078367168740449,0.03005804311774461,0.02633744855967078,0.017676767676767676,0.012195121951219513,0.053667745415318234,0.053712480252764615,0.46383674456799184,0
0.03968253968253968,0.035781544256120526,0.03571428571428571,0.021688355021688355,0.0213365539452496,0.00909090909090909,0.028092243186582808,0.04644808743169399,0.034482758620689655,0.03900709219858156,0.025173611111111112,0.01424361493123772,0.025497512437810944,0.026748971193415638,0.0025252525252525255,0.032520325203252036,0.05070118662351672,0.052132701421800945,0.4591324554042614,1
0.04061624649859944,0.03954802259887006,0.02976190476190476,0.019352686019352687,0.020531400966183576,0.006060606060606061,0.031446540880503145,0.04189435336976321,0.03639846743295019,0.041666666666666664,0.029340277777777778,0.01768172888015717,0.03544776119402985,0.03497942386831276,0.005050505050505051,0.018970189701897018,0.04800431499460626,0.047919957872564506,0.4553289454047498,2
0.0480859010270775,0.05273069679849341,0.052083333333333336,0.03053053053053053,0.023752012882447666,0.010101010101010102,0.0440251572327044,0.029143897996357013,0.04597701149425287,0.051122931442080376,0.03767361111111111,0.03536345776031434,0.045190713101160865,0.02962962962962963,0.03282828282828283,0.02981029810298103,0.05070118662351672,0.051606108478146395,0.29964422952656966,1
0.04201680672268908,0.046139359698681735,0.042162698412698416,0.023523523523523524,0.022946859903381644,0.011111111111111112,0.03333333333333333,0.039162112932604735,0.038314176245210725,0.04934988179669031,0.030034722222222223,0.019919231608819036,0.03855721393034826,0.030864197530864196,0.0025252525252525255,0.014905149051490514,0.04908306364617044,0.05055292259083728,0.41549838321407084,0
0.03734827264239029,0.032015065913371,0.020833333333333332,0.018351685018351684,0.022946859903381644,0.0030303030303030303,0.02389937106918239,0.05373406193078324,0.032567049808429116,0.03516548463356974,0.022743055555555555,0.010423488321327222,0.025082918739635158,0.03580246913580247,0.010101010101010102,0.009485094850948509,0.0482740021574973,0.04818325434439179,0.5100132195107365,1
0.04295051353874883,0.03483992467043315,0.03720238095238095,0.031865198531865195,0.0285829307568438,0.006060606060606061,0.03375262054507337,0.03642987249544627,0.038314176245210725,0.037825059101654845,0.03125,0.021447282252783233,0.027985074626865673,0.028395061728395062,0.0025252525252525255,0.018970189701897018,0.052588996763754045,0.05318588730911006,0.4358289721936792,2
0.03968253968253968,0.031073446327683617,0.0248015873015873,0.017350684017350685,0.0213365539452496,0.00404040404040404,0.02410901467505241,0.05373406193078324,0.032567049808429116,0.03486997635933806,0.02361111111111111,0.010532634795896093,0.026326699834162522,0.034156378600823045,0.0025252525252525255,0.04065040650406504,0.0482740021574973,0.04870984728804634,0.4816483490947281,1
0.04108309990662932,0.032015065913371,0.03422619047619048,0.025358692025358693,0.022946859903381644,0.005050505050505051,0.028930817610062894,0.04371584699453552,0.034482758620689655,0.03605200945626478,0.027430555555555555,0.015498799388779742,0.024875621890547265,0.02551440329218107,0.022727272727272728,0.03929539295392954,0.05501618122977346,0.05529225908372828,0.4304876679212434,1
0.04295051353874883,0.03954802259887006,0.03422619047619048,0.025525525525525526,0.023349436392914653,0.00808080808080808,0.029350104821802937,0.04371584699453552,0.034482758620689655,0.040780141843971635,0.028645833333333332,0.015826238812486355,0.03130182421227198,0.02633744855967078,0.025252525252525252,0.028455284552845527,0.053667745415318234,0.05423907319641917,0.414264677771072,1
0.038748832866479926,0.03483992467043315,0.024305555555555556,0.01868535201868535,0.02214170692431562,0.005050505050505051,0.025576519916142557,0.05009107468123861,0.032567049808429116,0.037825059101654845,0.025,0.01195153896529142,0.030265339966832505,0.03497942386831276,0.020202020202020204,0.02168021680216802,0.04854368932038835,0.04844655081621906,0.46909963946532784,0
0.0457516339869281,0.03672316384180791,0.03373015873015873,0.022689356022689355,0.02254428341384863,0.00808080808080808,0.027463312368972745,0.04735883424408015,0.034482758620689655,0.0425531914893617,0.027604166666666666,0.013697882558393364,0.027777777777777776,0.02962962962962963,0.010101010101010102,0.013550135501355014,0.05016181229773463,0.049236440231700894,0.45686364443638683,0
0.045284780578898225,0.051789077212806026,0.047619047619047616,0.028361695028361694,0.021739130434782608,0.010101010101010102,0.045283018867924525,0.028233151183970857,0.04597701149425287,0.051122931442080376,0.03802083333333333,0.03738266753983846,0.045190713101160865,0.030864197530864196,0.0,0.005420054200542005,0.04962243797195254,0.05081621906266456,0.3671720232965091,1
0.05042016806722689,0.05273069679849341,0.05109126984126984,0.03903903903903904,0.02938808373590982,0.010101010101010102,0.046331236897274634,0.0273224043715847,0.04789272030651341,0.051418439716312055,0.04027777777777778,0.039183584370224844,0.044361525704809286,0.030041152263374487,0.020202020202020204,0.0040650406504065045,0.050431499460625674,0.05186940494997367,0.3138329257461536,1
0.04201680672268908,0.04519774011299435,0.04017857142857143,0.024024024024024024,0.024154589371980676,0.00909090909090909,0.031446540880503145,0.04007285974499089,0.03639846743295019,0.04609929078014184,0.030034722222222223,0.018172888015717092,0.04145936981757877,0.030864197530864196,0.005050505050505051,0.0,0.04989212513484358,0.05134281200631911,0.4345035806321954,0
0.04481792717086835,0.03766478342749529,0.0496031746031746,0.029696363029696363,0.023349436392914653,0.00808080808080808,0.037945492662473795,0.033697632058287796,0.040229885057471264,0.03959810874704492,0.035590277777777776,0.026522593320235755,0.03316749585406302,0.027983539094650206,0.012626262626262626,0.04607046070460705,0.05177993527508091,0.05318588730911006,0.36838993680797727,1
0.04948646125116713,0.04896421845574388,0.05357142857142857,0.03453453453453453,0.02576489533011272,0.012121212121212121,0.046331236897274634,0.028233151183970857,0.04789272030651341,0.04964539007092199,0.03975694444444444,0.03869242523466492,0.04145936981757877,0.030041152263374487,0.05555555555555555,0.051490514905149054,0.05124056094929881,0.05397577672459189,0.24124245138246214,1
0.0392156862745098,0.03389830508474576,0.03720238095238095,0.022689356022689355,0.02214170692431562,0.006060606060606061,0.029350104821802937,0.04371584699453552,0.034482758620689655,0.03693853427895981,0.028819444444444446,0.015826238812486355,0.028606965174129355,0.029218106995884775,0.010101010101010102,0.04878048780487805,0.050970873786407765,0.05134281200631911,0.43063877483920454,1
0.04855275443510738,0.04990583804143126,0.05009920634920635,0.031698365031698365,0.025362318840579712,0.010101010101010102,0.04465408805031446,0.029143897996357013,0.04597701149425287,0.04905437352245863,0.03784722222222222,0.03623662955686531,0.04187396351575456,0.030452674897119343,0.03282828282828283,0.028455284552845527,0.05070118662351672,0.052132701421800945,0.3049231905191764,1
0.038748832866479926,0.04143126177024482,0.034722222222222224,0.02769436102769436,0.027777777777777776,0.005050505050505051,0.029979035639413,0.04189435336976321,0.034482758620689655,0.04225768321513002,0.028819444444444446,0.01669941060903733,0.035240464344941956,0.028395061728395062,0.017676767676767676,0.008130081300813009,0.05070118662351672,0.05081621906266456,0.4394825726494992,2
0.04108309990662932,0.04143126177024482,0.03521825396825397,0.027527527527527528,0.02818035426731079,0.007070707070707071,0.03018867924528302,0.04189435336976321,0.03639846743295019,0.041666666666666664,0.028993055555555557,0.017026850032743943,0.03565505804311774,0.029218106995884775,0.010101010101010102,0.005420054200542005,0.05070118662351672,0.05081621906266456,0.4414090881596281,2
0.0457516339869281,0.0480225988700565,0.041666666666666664,0.03453453453453453,0.028985507246376812,0.007070707070707071,0.03857442348008386,0.031876138433515486,0.040229885057471264,0.047576832151300236,0.03454861111111111,0.02837808338790657,0.041044776119402986,0.02962962962962963,0.022727272727272728,0.014905149051490514,0.05285868392664509,0.05239599789362823,0.35922286865527253,2
0.04201680672268908,0.03954802259887006,0.03125,0.024024024024024024,0.023752012882447666,0.007070707070707071,0.027463312368972745,0.04553734061930783,0.034482758620689655,0.04196217494089834,0.02673611111111111,0.01413446845666885,0.033582089552238806,0.026748971193415638,0.03787878787878788,0.0040650406504065045,0.053128371089536136,0.053712480252764615,0.432906519966464,0
0.040149393090569564,0.03766478342749529,0.03125,0.02252252252252252,0.02254428341384863,0.005050505050505051,0.027882599580712788,0.04553734061930783,0.034482758620689655,0.0398936170212766,0.02638888888888889,0.014298188168522156,0.034411276948590384,0.02880658436213992,0.022727272727272728,0.0027100271002710027,0.050431499460625674,0.05028962611901001,0.4629588328777513,1
0.0480859010270775,0.046139359698681735,0.053075396825396824,0.029863196529863197,0.021739130434782608,0.012121212121212121,0.04360587002096436,0.029143897996357013,0.04597701149425287,0.04698581560283688,0.03715277777777778,0.0351451648111766,0.03793532338308458,0.027160493827160494,0.0025252525252525255,0.016260162601626018,0.05151024811218986,0.0526592943654555,0.3629144908448517,1
0.040149393090569564,0.04143126177024482,0.034722222222222224,0.02335669002335669,0.02576489533011272,0.006060606060606061,0.0310272536687631,0.040983606557377046,0.03639846743295019,0.04284869976359338,0.029513888888888888,0.0175725824055883,0.038349917081260364,0.03374485596707819,0.025252525252525252,0.0013550135501355014,0.048813376483279394,0.04818325434439179,0.43447149010705644,2
0.047619047619047616,0.04896421845574388,0.05009920634920635,0.03553553553553553,0.02576489533011272,0.010101010101010102,0.04255765199161426,0.030054644808743168,0.044061302681992334,0.04639479905437352,0.03715277777777778,0.0336171141672124,0.03855721393034826,0.026748971193415638,0.0,0.025745257452574527,0.052049622437971954,0.05344918378093733,0.3515275473323827,1
0.037815126050420166,0.035781544256120526,0.02628968253968254,0.02052052052052052,0.023349436392914653,0.006060606060606061,0.028092243186582808,0.04644808743169399,0.034482758620689655,0.037825059101654845,0.025520833333333333,0.01413446845666885,0.03067993366500829,0.034156378600823045,0.025252525252525252,0.008130081300813009,0.04773462783171521,0.04844655081621906,0.46927953658200827,1
0.045284780578898225,0.038606403013182675,0.030753968253968252,0.022188855522188855,0.02254428341384863,0.007070707070707071,0.027253668763102725,0.04735883424408015,0.034482758620689655,0.04225768321513002,0.027430555555555555,0.013479589609255622,0.032545605306799334,0.03209876543209877,0.012626262626262626,0.009485094850948509,0.04962243797195254,0.04897314375987362,0.45593660219145715,0
0.04481792717086835,0.038606403013182675,0.03422619047619048,0.025525525525525526,0.02254428341384863,0.007070707070707071,0.029559748427672956,0.042805100182149364,0.034482758620689655,0.041666666666666664,0.028125,0.016208251473477406,0.03503316749585406,0.025102880658436213,0.027777777777777776,0.01084010840108401,0.05447680690399137,0.055028962611901,0.42610173410997676,1
0.040149393090569564,0.04143126177024482,0.032242063492063495,0.021521521521521522,0.02254428341384863,0.006060606060606061,0.031865828092243184,0.040983606557377046,0.03639846743295019,0.044326241134751775,0.029166666666666667,0.01806374154114822,0.03669154228855721,0.034156378600823045,0.010101010101010102,0.017615176151761516,0.04800431499460626,0.04818325434439179,0.44049464274485906,2
0.045284780578898225,0.046139359698681735,0.037698412698412696,0.0338672005338672,0.02938808373590982,0.007070707070707071,0.03731656184486373,0.03278688524590164,0.040229885057471264,0.04639479905437352,0.033680555555555554,0.026577166557520192,0.03855721393034826,0.02962962962962963,0.0,0.009485094850948509,0.053128371089536136,0.0526592943654555,0.4001059985019194,2
0.05042016806722689,0.051789077212806026,0.052083333333333336,0.03837170503837171,0.027375201288244767,0.011111111111111112,0.04570230607966457,0.0273224043715847,0.04597701149425287,0.05053191489361702,0.03958333333333333,0.03869242523466492,0.043532338308457715,0.028395061728395062,0.03535353535353535,0.005420054200542005,0.05124056094929881,0.05186940494997367,0.305229053051586,1
0.042483660130718956,0.04896421845574388,0.04861111111111111,0.032699366032699365,0.0249597423510467,0.00909090909090909,0.040461215932914046,0.030965391621129327,0.0421455938697318,0.047576832151300236,0.0375,0.03067015935385287,0.0505804311774461,0.028395061728395062,0.007575757575757576,0.0013550135501355014,0.05124056094929881,0.05239599789362823,0.37232897702418133,1
0.0392156862745098,0.04048964218455744,0.037698412698412696,0.03003003003003003,0.030193236714975844,0.007070707070707071,0.03249475890985325,0.039162112932604735,0.03639846743295019,0.04225768321513002,0.03125,0.019591792185112422,0.03586235489220564,0.03168724279835391,0.012626262626262626,0.016260162601626018,0.04989212513484358,0.050026329647182725,0.41779299265068204,2
0.04435107376283847,0.04331450094161959,0.051587301587301584,0.03470136803470137,0.026570048309178744,0.00909090909090909,0.04004192872117401,0.031876138433515486,0.0421455938697318,0.04373522458628842,0.036458333333333336,0.02963326784544859,0.03503316749585406,0.027983539094650206,0.0,0.037940379403794036,0.05124056094929881,0.0526592943654555,0.3616373701749068,1
0.04435107376283847,0.04048964218455744,0.04117063492063492,0.03303303303303303,0.027777777777777776,0.006060606060606061,0.03710691823899371,0.03278688524590164,0.040229885057471264,0.041075650118203307,0.0328125,0.026413446845666884,0.0337893864013267,0.027983539094650206,0.015151515151515152,0.005420054200542005,0.05285868392664509,0.052132701421800945,0.4093560665578354,2
0.04481792717086835,0.04331450094161959,0.04365079365079365,0.02669336002669336,0.02576489533011272,0.00909090909090909,0.03165618448637317,0.04007285974499089,0.03639846743295019,0.04373522458628842,0.030034722222222223,0.018500327439423706,0.037728026533996685,0.02880658436213992,0.03787878787878788,0.014905149051490514,0.05177993527508091,0.05239599789362823,0.3827753468816304,0
0.040149393090569564,0.04143126177024482,0.03819444444444445,0.025859192525859193,0.024154589371980676,0.007070707070707071,0.031865828092243184,0.04007285974499089,0.03639846743295019,0.041666666666666664,0.030208333333333334,0.01882776686313032,0.03337479270315091,0.02962962962962963,0.022727272727272728,0.0,0.050431499460625674,0.05055292259083728,0.4373843724813634,1
0.04201680672268908,0.035781544256120526,0.039186507936507936,0.030864197530864196,0.027777777777777776,0.006060606060606061,0.033542976939203356,0.03642987249544627,0.038314176245210725,0.0384160756501182,0.03090277777777778,0.021447282252783233,0.027570480928689883,0.027160493827160494,0.005050505050505051,0.018970189701897018,0.05339805825242718,0.05397577672459189,0.4331338938696233,2
0.03968253968253968,0.035781544256120526,0.03720238095238095,0.022022022022022022,0.021739130434782608,0.007070707070707071,0.030817610062893082,0.04189435336976321,0.03639846743295019,0.03871158392434988,0.0296875,0.017354289456450556,0.03005804311774461,0.030864197530864196,0.017676767676767676,0.03387533875338753,0.049352750809061485,0.049499736703528176,0.43031103674368665,1
0.049019607843137254,0.04990583804143126,0.052083333333333336,0.030697364030697363,0.022946859903381644,0.011111111111111112,0.04423480083857442,0.028233151183970857,0.04597701149425287,0.04964539007092199,0.03888888888888889,0.036072909845012005,0.045190713101160865,0.029218106995884775,0.0,0.02032520325203252,0.05016181229773463,0.05186940494997367,0.34441849281850045,1
0.041549953314659195,0.035781544256120526,0.03819444444444445,0.026860193526860192,0.0249597423510467,0.007070707070707071,0.031236897274633125,0.040983606557377046,0.03639846743295019,0.038120567375886524,0.030208333333333334,0.01784544859201048,0.03171641791044776,0.029218106995884775,0.015151515151515152,0.028455284552845527,0.05070118662351672,0.05081621906266456,0.42473136417309665,1
0.0457516339869281,0.051789077212806026,0.051587301587301584,0.03553553553553553,0.026972624798711754,0.00909090909090909,0.04318658280922432,0.029143897996357013,0.044061302681992334,0.04934988179669031,0.03871527777777778,0.034326566251910065,0.04560530679933665,0.02962962962962963,0.012626262626262626,0.025745257452574527,0.050431499460625674,0.051606108478146395,0.3248453440272806,1
0.03968253968253968,0.03766478342749529,0.03273809523809524,0.022689356022689355,0.023349436392914653,0.006060606060606061,0.029769392033542976,0.04371584699453552,0.03639846743295019,0.040484633569739956,0.02847222222222222,0.016099104998908535,0.03399668325041459,0.03168724279835391,0.005050505050505051,0.02981029810298103,0.04908306364617044,0.04897314375987362,0.44427457931546166,1
0.045284780578898225,0.03483992467043315,0.03869047619047619,0.030196863530196863,0.0249597423510467,0.00808080808080808,0.03375262054507337,0.037340619307832425,0.038314176245210725,0.03871158392434988,0.03159722222222222,0.02122898930364549,0.024253731343283583,0.02551440329218107,0.005050505050505051,0.037940379403794036,0.054746494066882416,0.05555555555555555,0.413941124337605,1
0.045284780578898225,0.038606403013182675,0.04563492063492063,0.0328661995328662,0.025362318840579712,0.010101010101010102,0.037526205450733756,0.033697632058287796,0.040229885057471264,0.041371158392434985,0.03420138888888889,0.02624972713381358,0.028192371475953566,0.025925925925925925,0.010101010101010102,0.0040650406504065045,0.053128371089536136,0.053712480252764615,0.4137431708213153,1
0.04668534080298786,0.044256120527306965,0.04365079365079365,0.031698365031698365,0.024154589371980676,0.010101010101010102,0.035849056603773584,0.03460837887067395,0.040229885057471264,0.04580378250591016,0.03229166666666667,0.024012224405151713,0.03503316749585406,0.0242798353909465,0.03787878787878788,0.024390243902439025,0.054207119741100325,0.05529225908372828,0.35557737291171887,1
0.040149393090569564,0.03295668549905838,0.021825396825396824,0.018351685018351684,0.021739130434782608,0.00202020202020202,0.024947589098532494,0.05191256830601093,0.032567049808429116,0.0357565011820331,0.024131944444444445,0.011351233355162629,0.02839966832504146,0.037037037037037035,0.015151515151515152,0.0013550135501355014,0.04854368932038835,0.04818325434439179,0.5036204431885168,0
0.0392156862745098,0.03954802259887006,0.037698412698412696,0.026026026026026026,0.02576489533011272,0.007070707070707071,0.03165618448637317,0.04007285974499089,0.03639846743295019,0.04225768321513002,0.03107638888888889,0.018500327439423706,0.032545605306799334,0.030864197530864196,0.0,0.02710027100271003,0.050431499460625674,0.05081621906266456,0.43295654642994097,2
0.041549953314659195,0.0423728813559322,0.042162698412698416,0.02485819152485819,0.023752012882447666,0.011111111111111112,0.03312368972746331,0.039162112932604735,0.038314176245210725,0.0466903073286052,0.030729166666666665,0.019755511896965727,0.03586235489220564,0.030864197530864196,0.030303030303030304,0.02168021680216802,0.049352750809061485,0.05081621906266456,0.3875394172007828,0
0.042483660130718956,0.03672316384180791,0.03819444444444445,0.025525525525525526,0.023752012882447666,0.00808080808080808,0.029140461215932913,0.04371584699453552,0.034482758620689655,0.041075650118203307,0.027604166666666666,0.01577166557520192,0.025497512437810944,0.02551440329218107,0.020202020202020204,0.023035230352303523,0.054207119741100325,0.055028962611901,0.4299645872657003,0
0.04481792717086835,0.047080979284369114,0.04662698412698413,0.035869202535869206,0.026972624798711754,0.00909090909090909,0.03920335429769392,0.031876138433515486,0.0421455938697318,0.0466903073286052,0.03715277777777778,0.02865094957432875,0.044361525704809286,0.02757201646090535,0.020202020202020204,0.008130081300813009,0.052049622437971954,0.05292259083728278,0.3585843947668328,1
0.04108309990662932,0.03295668549905838,0.02976190476190476,0.02385719052385719,0.023752012882447666,0.007070707070707071,0.026834381551362682,0.04735883424408015,0.034482758620689655,0.038120567375886524,0.025520833333333333,0.013425016371971186,0.022595356550580432,0.02551440329218107,0.0025252525252525255,0.008130081300813009,0.05447680690399137,0.055028962611901,0.4875051446733526,0
0.051353874883286646,0.04331450094161959,0.0496031746031746,0.0328661995328662,0.02455716586151369,0.00909090909090909,0.040461215932914046,0.030965391621129327,0.0421455938697318,0.044030732860520096,0.036284722222222225,0.030615586116568436,0.03316749585406302,0.026748971193415638,0.027777777777777776,0.009485094850948509,0.052319309600863,0.05344918378093733,0.36176309940553897,1
0.04061624649859944,0.038606403013182675,0.03273809523809524,0.02335669002335669,0.023349436392914653,0.006060606060606061,0.0310272536687631,0.04189435336976321,0.03639846743295019,0.04018912529550828,0.02847222222222222,0.017354289456450556,0.036898839137645106,0.03251028806584362,0.047979797979797977,0.0027100271002710027,0.048813376483279394,0.04870984728804634,0.4223146352727043,1
0.041549953314659195,0.044256120527306965,0.04117063492063492,0.02819486152819486,0.02455716586151369,0.00808080808080808,0.034381551362683435,0.03642987249544627,0.038314176245210725,0.044326241134751775,0.0328125,0.021938441388343156,0.039386401326699835,0.02962962962962963,0.017676767676767676,0.013550135501355014,0.050431499460625674,0.05081621906266456,0.4024970204827045,1
0.04201680672268908,0.04048964218455744,0.03571428571428571,0.02619285952619286,0.02576489533011272,0.00808080808080808,0.02851153039832285,0.044626593806921674,0.034482758620689655,0.04284869976359338,0.027430555555555555,0.015225933202357564,0.03461857379767828,0.02633744855967078,0.010101010101010102,0.008130081300813009,0.054207119741100325,0.055028962611901,0.44019143498173985,0
0.04201680672268908,0.044256120527306965,0.042162698412698416,0.026860193526860192,0.02576489533011272,0.010101010101010102,0.03417190775681342,0.03825136612021858,0.038314176245210725,0.04728132387706856,0.030729166666666665,0.02122898930364549,0.038349917081260364,0.030041152263374487,0.022727272727272728,0.0,0.04989212513484358,0.05134281200631911,0.40650806619662894,0
0.047619047619047616,0.04048964218455744,0.047619047619047616,0.0328661995328662,0.025362318840579712,0.010101010101010102,0.03878406708595388,0.03278688524590164,0.0421455938697318,0.04196217494089834,0.035069444444444445,0.027996070726915522,0.028814262023217248,0.026748971193415638,0.020202020202020204,0.016260162601626018,0.052588996763754045,0.053712480252764615,0.3788716047522479,1
0.051353874883286646,0.04990583804143126,0.051587301587301584,0.03720387053720387,0.026570048309178744,0.010101010101010102,0.04423480083857442,0.029143897996357013,0.04597701149425287,0.04846335697399527,0.03871527777777778,0.03596376337044314,0.043532338308457715,0.02757201646090535,0.012626262626262626,0.02168021680216802,0.05124056094929881,0.05344918378093733,0.32067936916115725,1
0.04388422035480859,0.04331450094161959,0.04513888888888889,0.029195862529195864,0.02818035426731079,0.012121212121212121,0.03291404612159329,0.039162112932604735,0.038314176245210725,0.04580378250591016,0.029861111111111113,0.019537218947827985,0.03980099502487562,0.028395061728395062,0.03787878787878788,0.028455284552845527,0.05124056094929881,0.0526592943654555,0.35414252853304773,0
0.03968253968253968,0.04143126177024482,0.03273809523809524,0.020854187520854186,0.023349436392914653,0.006060606060606061,0.0310272536687631,0.040983606557377046,0.03639846743295019,0.04284869976359338,0.029513888888888888,0.017627155642872736,0.038349917081260364,0.0345679012345679,0.020202020202020204,0.0013550135501355014,0.04854368932038835,0.04818325434439179,0.44628300564753587,2
0.04435107376283847,0.0480225988700565,0.047619047619047616,0.032699366032699365,0.025362318840579712,0.00909090909090909,0.039832285115303984,0.031876138433515486,0.0421455938697318,0.047576832151300236,0.03611111111111111,0.02963326784544859,0.04871475953565506,0.027983539094650206,0.03282828282828283,0.0,0.05151024811218986,0.052132701421800945,0.3525099262648791,1
0.0480859010270775,0.038606403013182675,0.04117063492063492,0.0323656990323657,0.025362318840579712,0.00909090909090909,0.03668763102725367,0.03460837887067395,0.040229885057471264,0.04196217494089834,0.03454861111111111,0.02483082296441825,0.028606965174129355,0.026748971193415638,0.017676767676767676,0.04065040650406504,0.053128371089536136,0.05423907319641917,0.3714000752690907,1
0.045284780578898225,0.044256120527306965,0.04365079365079365,0.03053053053053053,0.024154589371980676,0.007070707070707071,0.04129979035639413,0.030054644808743168,0.044061302681992334,0.04373522458628842,0.03715277777777778,0.03252564942152369,0.041666666666666664,0.030452674897119343,0.020202020202020204,0.0,0.05177993527508091,0.05028962611901001,0.38183216547716625,2
0.042483660130718956,0.03295668549905838,0.03273809523809524,0.026526526526526525,0.023752012882447666,0.007070707070707071,0.030817610062893082,0.040983606557377046,0.03639846743295019,0.03871158392434988,0.029340277777777778,0.0175725824055883,0.025497512437810944,0.02633744855967078,0.0025252525252525255,0.0013550135501355014,0.053128371089536136,0.05344918378093733,0.4783554025481668,1
0.04295051353874883,0.03483992467043315,0.03968253968253968,0.03003003003003003,0.026972624798711754,0.00808080808080808,0.03228511530398323,0.039162112932604735,0.03639846743295019,0.038120567375886524,0.03125,0.019264352761405805,0.029850746268656716,0.028395061728395062,0.015151515151515152,0.012195121951219513,0.05124056094929881,0.05134281200631911,0.43278712533649366,1
0.04668534080298786,0.054613935969868174,0.05406746031746032,0.03837170503837171,0.02818035426731079,0.011111111111111112,0.04737945492662474,0.0273224043715847,0.04789272030651341,0.053782505910165486,0.040625,0.04103907443789566,0.04291044776119403,0.02962962962962963,0.0,0.017615176151761516,0.050431499460625674,0.052132701421800945,0.31620947811509426,1
0.03828197945845005,0.04048964218455744,0.036210317460317464,0.026359693026359692,0.027375201288244767,0.007070707070707071,0.03165618448637317,0.04007285974499089,0.03639846743295019,0.04284869976359338,0.03142361111111111,0.018391180964854835,0.03586235489220564,0.03292181069958848,0.005050505050505051,0.023035230352303523,0.049352750809061485,0.049499736703528176,0.4276990675002976,2
0.049019607843137254,0.0480225988700565,0.03968253968253968,0.03453453453453453,0.0285829307568438,0.006060606060606061,0.040880503144654086,0.030054644808743168,0.0421455938697318,0.04698581560283688,0.03715277777777778,0.03159790438768828,0.03897180762852405,0.030864197530864196,0.015151515151515152,0.02710027100271003,0.052319309600863,0.05107951553449184,0.34979332621188197,2
0.040149393090569564,0.0423728813559322,0.034722222222222224,0.020353687020353686,0.02254428341384863,0.007070707070707071,0.0310272536687631,0.040983606557377046,0.03639846743295019,0.0425531914893617,0.029513888888888888,0.01768172888015717,0.03855721393034826,0.0345679012345679,0.022727272727272728,0.006775067750677507,0.04854368932038835,0.04818325434439179,0.43527428960122205,2
0.041549953314659195,0.038606403013182675,0.037698412698412696,0.03053053053053053,0.02938808373590982,0.007070707070707071,0.03291404612159329,0.03825136612021858,0.03639846743295019,0.04018912529550828,0.03142361111111111,0.02035581750709452,0.03171641791044776,0.030452674897119343,0.020202020202020204,0.016260162601626018,0.05151024811218986,0.05134281200631911,0.4141391403183997,2
0.04435107376283847,0.04331450094161959,0.037698412698412696,0.02702702702702703,0.026570048309178744,0.011111111111111112,0.033962264150943396,0.03825136612021858,0.038314176245210725,0.04580378250591016,0.030381944444444444,0.020792403405370006,0.03565505804311774,0.030452674897119343,0.020202020202020204,0.005420054200542005,0.04962243797195254,0.05081621906266456,0.4102534249002987,0
0.04481792717086835,0.04331450094161959,0.034722222222222224,0.0323656990323657,0.02818035426731079,0.006060606060606061,0.0350104821802935,0.03551912568306011,0.038314176245210725,0.04373522458628842,0.03177083333333333,0.023302772320454048,0.03544776119402985,0.028395061728395062,0.04292929292929293,0.013550135501355014,0.05393743257820928,0.05344918378093733,0.3751772082441478,2
0.04201680672268908,0.04331450094161959,0.036210317460317464,0.022856189522856188,0.023349436392914653,0.011111111111111112,0.03375262054507337,0.039162112932604735,0.038314176245210725,0.0466903073286052,0.029513888888888888,0.02035581750709452,0.03855721393034826,0.031275720164609055,0.0,0.012195121951219513,0.04908306364617044,0.05081621906266456,0.4314253756460027,0
0.051353874883286646,0.05273069679849341,0.05406746031746032,0.03319986653319987,0.022946859903381644,0.005050505050505051,0.05262054507337526,0.02459016393442623,0.05172413793103448,0.04994089834515367,0.04722222222222222,0.05064396419995634,0.05555555555555555,0.03374485596707819,0.027777777777777776,0.013550135501355014,0.049352750809061485,0.04818325434439179,0.2757444748522849,2
0.046218487394957986,0.035781544256120526,0.03670634920634921,0.030697364030697363,0.026570048309178744,0.006060606060606061,0.034381551362683435,0.03551912568306011,0.038314176245210725,0.03871158392434988,0.03350694444444444,0.022593320235756387,0.02839966832504146,0.029218106995884775,0.005050505050505051,0.02981029810298103,0.05393743257820928,0.05318588730911006,0.41533700048485356,2
0.03968253968253968,0.03954802259887006,0.03273809523809524,0.02002002002002002,0.0213365539452496,0.007070707070707071,0.031236897274633125,0.04189435336976321,0.03639846743295019,0.04225768321513002,0.029340277777777778,0.017518009168303865,0.03316749585406302,0.03497942386831276,0.025252525252525252,0.009485094850948509,0.04854368932038835,0.047919957872564506,0.44161018618715775,2
0.04108309990662932,0.03766478342749529,0.03422619047619048,0.02435769102435769,0.023752012882447666,0.007070707070707071,0.027253668763102725,0.04644808743169399,0.034482758620689655,0.03959810874704492,0.025520833333333333,0.0137524557956778,0.029850746268656716,0.02633744855967078,0.0025252525252525255,0.0013550135501355014,0.052049622437971954,0.0526592943654555,0.48001222481348704,1
0.04948646125116713,0.05367231638418079,0.053075396825396824,0.03920587253920587,0.026972624798711754,0.006060606060606061,0.05492662473794549,0.023679417122040074,0.05363984674329502,0.05053191489361702,0.049479166666666664,0.05386378519973805,0.0538971807628524,0.03539094650205761,0.022727272727272728,0.04200542005420054,0.04854368932038835,0.04844655081621906,0.2343949065944385,2
0.041549953314659195,0.03295668549905838,0.025793650793650792,0.020186853520186853,0.022946859903381644,0.00404040404040404,0.025576519916142557,0.05009107468123861,0.032567049808429116,0.03693853427895981,0.024131944444444445,0.012006112202575856,0.026533996683250415,0.03374485596707819,0.012626262626262626,0.017615176151761516,0.048813376483279394,0.04844655081621906,0.48343413886901754,1
0.049019607843137254,0.0480225988700565,0.052083333333333336,0.0328661995328662,0.024154589371980676,0.011111111111111112,0.04004192872117401,0.031876138433515486,0.0421455938697318,0.047872340425531915,0.0359375,0.029742414320017462,0.04021558872305141,0.02633744855967078,0.045454545454545456,0.005420054200542005,0.05285868392664509,0.05397577672459189,0.33086454657849773,1
0.04388422035480859,0.03766478342749529,0.042162698412698416,0.031031031031031032,0.0249597423510467,0.00909090909090909,0.035429769392033544,0.03551912568306011,0.038314176245210725,0.041075650118203307,0.03194444444444444,0.023466492032307357,0.027570480928689883,0.025102880658436213,0.005050505050505051,0.012195121951219513,0.05393743257820928,0.05529225908372828,0.4263082771659633,1
0.040149393090569564,0.0423728813559322,0.03521825396825397,0.028361695028361694,0.02818035426731079,0.006060606060606061,0.030607966457023062,0.040983606557377046,0.03639846743295019,0.04314420803782506,0.029861111111111113,0.017518009168303865,0.03917910447761194,0.029218106995884775,0.025252525252525252,0.01084010840108401,0.050431499460625674,0.05028962611901001,0.4159324767576338,2
0.05042016806722689,0.0480225988700565,0.0496031746031746,0.034367701034367704,0.025362318840579712,0.010101010101010102,0.04109014675052411,0.030965391621129327,0.044061302681992334,0.04698581560283688,0.03715277777777778,0.03143418467583497,0.041666666666666664,0.026748971193415638,0.017676767676767676,0.02168021680216802,0.052319309600863,0.05397577672459189,0.3363657007090163,1
0.04201680672268908,0.04331450094161959,0.03720238095238095,0.022188855522188855,0.02214170692431562,0.011111111111111112,0.033542976939203356,0.039162112932604735,0.038314176245210725,0.047576832151300236,0.030034722222222223,0.02013752455795678,0.03544776119402985,0.03168724279835391,0.0,0.02168021680216802,0.04908306364617044,0.05055292259083728,0.42480508574563725,0
0.04668534080298786,0.04048964218455744,0.04563492063492063,0.0328661995328662,0.0249597423510467,0.010101010101010102,0.03773584905660377,0.03278688524590164,0.040229885057471264,0.04225768321513002,0.034722222222222224,0.026686313032089064,0.03171641791044776,0.02633744855967078,0.015151515151515152,0.012195121951219513,0.052588996763754045,0.05397577672459189,0.39287902950199394,1
0.04295051353874883,0.038606403013182675,0.03273809523809524,0.020854187520854186,0.020933977455716585,0.007070707070707071,0.029140461215932913,0.04553734061930783,0.034482758620689655,0.04225768321513002,0.027777777777777776,0.015007640253219821,0.03337479270315091,0.03333333333333333,0.017676767676767676,0.025745257452574527,0.04908306364617044,0.04844655081621906,0.4349826888324214,0
0.041549953314659195,0.035781544256120526,0.040674603174603176,0.026026026026026026,0.023752012882447666,0.00808080808080808,0.03207547169811321,0.039162112932604735,0.03639846743295019,0.038120567375886524,0.03107638888888889,0.019155206286836934,0.02839966832504146,0.02880658436213992,0.0025252525252525255,0.0013550135501355014,0.050431499460625674,0.05055292259083728,0.46607589683602246,1
0.04295051353874883,0.03483992467043315,0.03720238095238095,0.030697364030697363,0.02818035426731079,0.006060606060606061,0.03228511530398323,0.03825136612021858,0.03639846743295019,0.03871158392434988,0.03194444444444444,0.019810085134250165,0.026326699834162522,0.029218106995884775,0.0,0.005420054200542005,0.05339805825242718,0.05318588730911006,0.4551189875274999,2
0.038748832866479926,0.03954802259887006,0.03521825396825397,0.025358692025358693,0.02576489533011272,0.007070707070707071,0.031236897274633125,0.040983606557377046,0.03639846743295019,0.04196217494089834,0.029861111111111113,0.01806374154114822,0.03275290215588723,0.030452674897119343,0.005050505050505051,0.0027100271002710027,0.04962243797195254,0.050026329647182725,0.4591697204591817,2
0.04341736694677871,0.044256120527306965,0.04117063492063492,0.027527527527527528,0.024154589371980676,0.007070707070707071,0.0350104821802935,0.03642987249544627,0.038314176245210725,0.04343971631205674,0.03420138888888889,0.022757039947609692,0.041666666666666664,0.030041152263374487,0.030303030303030304,0.005420054200542005,0.050431499460625674,0.05055292259083728,0.39383505208048186,1
0.04948646125116713,0.04990583804143126,0.04861111111111111,0.03203203203203203,0.023349436392914653,0.011111111111111112,0.04549266247379455,0.028233151183970857,0.04597701149425287,0.04905437352245863,0.03958333333333333,0.03781925343811395,0.03959369817578773,0.029218106995884775,0.027777777777777776,0.032520325203252036,0.05070118662351672,0.052132701421800945,0.3074004284162887,1
0.05042016806722689,0.046139359698681735,0.05109126984126984,0.0333667000333667,0.0249597423510467,0.010101010101010102,0.04318658280922432,0.029143897996357013,0.044061302681992334,0.04580378250591016,0.03940972222222222,0.034654005675616675,0.04456882255389718,0.02962962962962963,0.015151515151515152,0.02168021680216802,0.050970873786407765,0.052132701421800945,0.33352869667065665,1
0.04481792717086835,0.04519774011299435,0.04117063492063492,0.02952952952952953,0.023752012882447666,0.00808080808080808,0.035849056603773584,0.03551912568306011,0.040229885057471264,0.04491725768321513,0.033854166666666664,0.02390307793058284,0.0406301824212272,0.02757201646090535,0.03787878787878788,0.0,0.052588996763754045,0.05292259083728278,0.38158620331599025,1
0.04341736694677871,0.04048964218455744,0.03869047619047619,0.02702702702702703,0.02576489533011272,0.00808080808080808,0.028721174004192874,0.04371584699453552,0.034482758620689655,0.04284869976359338,0.027083333333333334,0.015335079676926435,0.03296019900497513,0.025925925925925925,0.04292929292929293,0.016260162601626018,0.054746494066882416,0.05529225908372828,0.39622855823453795,0
0.046218487394957986,0.04896421845574388,0.051587301587301584,0.02952952952952953,0.02214170692431562,0.010101010101010102,0.0440251572327044,0.029143897996357013,0.04597701149425287,0.04905437352245863,0.03802083333333333,0.03585461689587426,0.04456882255389718,0.030041152263374487,0.007575757575757576,0.0027100271002710027,0.050431499460625674,0.05107951553449184,0.3629750810437431,1
0.051353874883286646,0.05084745762711865,0.050595238095238096,0.033533533533533534,0.02576489533011272,0.011111111111111112,0.04465408805031446,0.028233151183970857,0.04597701149425287,0.05053191489361702,0.03854166666666667,0.03650949574328749,0.045812603648424544,0.030041152263374487,0.04292929292929293,0.02168021680216802,0.05070118662351672,0.052132701421800945,0.2890494076989122,1
0.03828197945845005,0.04048964218455744,0.034722222222222224,0.04170837504170837,0.042270531400966184,0.05555555555555555,0.029140461215932913,0.04371584699453552,0.034482758620689655,0.04284869976359338,0.04010416666666667,0.01577166557520192,0.03565505804311774,0.040740740740740744,0.010101010101010102,0.012195121951219513,0.05124056094929881,0.05239599789362823,0.33857960562090494,0
0.04295051353874883,0.03295668549905838,0.028769841269841268,0.022689356022689355,0.023349436392914653,0.006060606060606061,0.025576519916142557,0.05009107468123861,0.032567049808429116,0.03900709219858156,0.024652777777777777,0.012115258677144728,0.02404643449419569,0.02633744855967078,0.015151515151515152,0.023035230352303523,0.053128371089536136,0.05344918378093733,0.4640656047286684,0
0.04388422035480859,0.046139359698681735,0.040674603174603176,0.022856189522856188,0.02254428341384863,0.010101010101010102,0.03333333333333333,0.039162112932604735,0.038314176245210725,0.04728132387706856,0.030555555555555555,0.020028378083387907,0.03855721393034826,0.031275720164609055,0.025252525252525252,0.009485094850948509,0.049352750809061485,0.05055292259083728,0.4006492261087008,0
0.04435107376283847,0.03954802259887006,0.047619047619047616,0.0328661995328662,0.026167471819645734,0.00909090909090909,0.03731656184486373,0.033697632058287796,0.040229885057471264,0.041666666666666664,0.03454861111111111,0.025867714472822528,0.030887230514096187,0.02757201646090535,0.0025252525252525255,0.03929539295392954,0.052049622437971954,0.0526592943654555,0.38204139510698853,1
0.047619047619047616,0.05084745762711865,0.04861111111111111,0.033533533533533534,0.02455716586151369,0.006060606060606061,0.04716981132075472,0.026411657559198543,0.04789272030651341,0.04875886524822695,0.042708333333333334,0.041803099759877754,0.04788557213930348,0.03251028806584362,0.022727272727272728,0.018970189701897018,0.05070118662351672,0.049236440231700894,0.3119956411696301,2
0.04668534080298786,0.05084745762711865,0.050595238095238096,0.034367701034367704,0.026167471819645734,0.010101010101010102,0.04150943396226415,0.030054644808743168,0.044061302681992334,0.04846335697399527,0.03888888888888889,0.032034490285963765,0.04975124378109453,0.02962962962962963,0.010101010101010102,0.014905149051490514,0.050431499460625674,0.051606108478146395,0.3397990224157874,1
0.049019607843137254,0.0423728813559322,0.0496031746031746,0.032532532532532535,0.02455716586151369,0.010101010101010102,0.04150943396226415,0.030054644808743168,0.044061302681992334,0.044030732860520096,0.03715277777777778,0.03197991704867933,0.03855721393034826,0.02757201646090535,0.020202020202020204,0.006775067750677507,0.05177993527508091,0.0526592943654555,0.36547927057823504,1
0.049953314659197015,0.04990583804143126,0.05357142857142857,0.035201868535201866,0.025362318840579712,0.011111111111111112,0.04591194968553459,0.028233151183970857,0.04789272030651341,0.04964539007092199,0.03958333333333333,0.03841955904824274,0.041044776119402986,0.028395061728395062,0.025252525252525252,0.028455284552845527,0.05124056094929881,0.05344918378093733,0.2973706242291285,1
0.04388422035480859,0.04143126177024482,0.034722222222222224,0.031031031031031032,0.028985507246376812,0.00808080808080808,0.03207547169811321,0.03825136612021858,0.03639846743295019,0.0425531914893617,0.0296875,0.019700938659681293,0.036898839137645106,0.02757201646090535,0.017676767676767676,0.0027100271002710027,0.053667745415318234,0.05423907319641917,0.4204335449068569,2
0.04668534080298786,0.04896421845574388,0.05406746031746032,0.03753753753753754,0.027375201288244767,0.010101010101010102,0.04654088050314465,0.0273224043715847,0.04789272030651341,0.04875886524822695,0.041840277777777775,0.03989303645492251,0.04291044776119403,0.030041152263374487,0.017676767676767676,0.037940379403794036,0.05070118662351672,0.05239599789362823,0.2913551152125705,1
0.045284780578898225,0.038606403013182675,0.04365079365079365,0.030697364030697363,0.023752012882447666,0.00909090909090909,0.03668763102725367,0.03460837887067395,0.040229885057471264,0.041371158392434985,0.03333333333333333,0.02504911591355599,0.030472636815920398,0.025925925925925925,0.0025252525252525255,0.006775067750677507,0.05285868392664509,0.05397577672459189,0.42510489048933486,1
0.04481792717086835,0.04331450094161959,0.03670634920634921,0.033700367033700364,0.029790660225442835,0.005050505050505051,0.03417190775681342,0.03551912568306011,0.038314176245210725,0.044030732860520096,0.03211805555555555,0.02226588081204977,0.03959369817578773,0.02880658436213992,0.017676767676767676,0.01084010840108401,0.05285868392664509,0.0526592943654555,0.3977646745504251,2
0.04855275443510738,0.04896421845574388,0.054563492063492064,0.02869536202869536,0.0213365539452496,0.010101010101010102,0.04591194968553459,0.0273224043715847,0.04789272030651341,0.04905437352245863,0.04079861111111111,0.03880157170923379,0.045190713101160865,0.030452674897119343,0.025252525252525252,0.037940379403794036,0.05070118662351672,0.052132701421800945,0.2963347975643482,1
0.04855275443510738,0.04990583804143126,0.05009920634920635,0.03319986653319987,0.026167471819645734,0.011111111111111112,0.04465408805031446,0.028233151183970857,0.04597701149425287,0.04964539007092199,0.0375,0.03640034926871862,0.045812603648424544,0.02962962962962963,0.030303030303030304,0.016260162601626018,0.050431499460625674,0.052132701421800945,0.3139841345769825,1
0.042483660130718956,0.035781544256120526,0.037698412698412696,0.02869536202869536,0.02455716586151369,0.00808080808080808,0.0350104821802935,0.03642987249544627,0.038314176245210725,0.03959810874704492,0.034027777777777775,0.02264789347304082,0.03005804311774461,0.029218106995884775,0.0,0.037940379403794036,0.050970873786407765,0.052132701421800945,0.4163546312992845,1
0.049019607843137254,0.05084745762711865,0.05357142857142857,0.03903903903903904,0.02818035426731079,0.012121212121212121,0.04507337526205451,0.028233151183970857,0.04597701149425287,0.04964539007092199,0.03923611111111111,0.037491814014407335,0.0472636815920398,0.027983539094650206,0.010101010101010102,0.02981029810298103,0.050970873786407765,0.05292259083728278,0.3025120538796632,1
0.04388422035480859,0.0423728813559322,0.042162698412698416,0.027193860527193862,0.027375201288244767,0.010101010101010102,0.03291404612159329,0.04007285974499089,0.038314176245210725,0.04609929078014184,0.029513888888888888,0.01948264571054355,0.03648424543946932,0.030041152263374487,0.04292929292929293,0.014905149051490514,0.050431499460625674,0.05134281200631911,0.3743790693181709,0
0.049019607843137254,0.04331450094161959,0.0496031746031746,0.032532532532532535,0.02455716586151369,0.00909090909090909,0.040461215932914046,0.030965391621129327,0.0421455938697318,0.044326241134751775,0.0359375,0.030397293167430693,0.03337479270315091,0.026748971193415638,0.012626262626262626,0.012195121951219513,0.052319309600863,0.05318588730911006,0.37719852801713394,1
0.04388422035480859,0.0423728813559322,0.042162698412698416,0.02669336002669336,0.025362318840579712,0.010101010101010102,0.03312368972746331,0.039162112932604735,0.038314176245210725,0.04639479905437352,0.030208333333333334,0.020028378083387907,0.033582089552238806,0.027983539094650206,0.0025252525252525255,0.008130081300813009,0.050970873786407765,0.05239599789362823,0.4266041873789136,0
0.042483660130718956,0.03483992467043315,0.037698412698412696,0.023023023023023025,0.02214170692431562,0.00808080808080808,0.027672955974842768,0.04644808743169399,0.034482758620689655,0.0398936170212766,0.027256944444444445,0.013970748744815542,0.02570480928689884,0.028395061728395062,0.0,0.016260162601626018,0.05151024811218986,0.05055292259083728,0.4695841479145785,0
0.047619047619047616,0.04519774011299435,0.052083333333333336,0.03570236903570237,0.02576489533011272,0.010101010101010102,0.04213836477987421,0.030054644808743168,0.044061302681992334,0.04491725768321513,0.03715277777777778,0.03274394237066143,0.036898839137645106,0.02633744855967078,0.0,0.03387533875338753,0.05177993527508091,0.053712480252764615,0.34985927238698644,1
0.04481792717086835,0.04143126177024482,0.03373015873015873,0.031698365031698365,0.02818035426731079,0.007070707070707071,0.03249475890985325,0.037340619307832425,0.03639846743295019,0.04284869976359338,0.03107638888888889,0.020301244269810084,0.034411276948590384,0.02757201646090535,0.012626262626262626,0.009485094850948509,0.05447680690399137,0.05423907319641917,0.4198005163989662,2
0.03968253968253968,0.03389830508474576,0.03571428571428571,0.021187854521187856,0.02254428341384863,0.007070707070707071,0.026624737945492662,0.04918032786885246,0.034482758620689655,0.03693853427895981,0.025,0.012715564287273521,0.025497512437810944,0.02880658436213992,0.007575757575757576,0.04065040650406504,0.04962243797195254,0.05107951553449184,0.4517278871251994,1
0.0480859010270775,0.04519774011299435,0.047619047619047616,0.038705372038705374,0.0285829307568438,0.010101010101010102,0.0429769392033543,0.029143897996357013,0.044061302681992334,0.04521276595744681,0.03923611111111111,0.03454485920104781,0.04083747927031509,0.029218106995884775,0.005050505050505051,0.02032520325203252,0.05070118662351672,0.051606108478146395,0.34879353252261136,1
0.04715219421101774,0.051789077212806026,0.053075396825396824,0.0333667000333667,0.02455716586151369,0.011111111111111112,0.04716981132075472,0.0273224043715847,0.04789272030651341,0.05260047281323877,0.03958333333333333,0.03983846321763807,0.04228855721393035,0.030452674897119343,0.020202020202020204,0.04742547425474255,0.050431499460625674,0.05292259083728278,0.2808183325160041,1
0.0480859010270775,0.04896421845574388,0.05109126984126984,0.028361695028361694,0.020933977455716585,0.007070707070707071,0.04947589098532495,0.025500910746812388,0.04980842911877394,0.04728132387706856,0.044097222222222225,0.04453176162409954,0.051824212271973466,0.03374485596707819,0.007575757575757576,0.03116531165311653,0.049352750809061485,0.04844655081621906,0.3126872534536156,2
0.03968253968253968,0.0423728813559322,0.036210317460317464,0.027861194527861195,0.027777777777777776,0.00808080808080808,0.029979035639413,0.04189435336976321,0.034482758620689655,0.04373522458628842,0.030034722222222223,0.016753983846321763,0.03648424543946932,0.029218106995884775,0.005050505050505051,0.0,0.05124056094929881,0.05239599789362823,0.44674498650127914,0
0.05322128851540616,0.05367231638418079,0.050595238095238096,0.030196863530196863,0.020933977455716585,0.006060606060606061,0.05387840670859539,0.023679417122040074,0.05363984674329502,0.04994089834515367,0.04982638888888889,0.05282689369133377,0.054104477611940295,0.03497942386831276,0.005050505050505051,0.028455284552845527,0.04908306364617044,0.04844655081621906,0.2814085529133554,2
0.04108309990662932,0.03766478342749529,0.027281746031746032,0.01901901901901902,0.0213365539452496,0.007070707070707071,0.027672955974842768,0.0482695810564663,0.034482758620689655,0.041075650118203307,0.024652777777777777,0.013588736083824493,0.03275290215588723,0.03580246913580247,0.0,0.009485094850948509,0.04746494066882417,0.04818325434439179,0.4831129698114952,0
0.040149393090569564,0.03483992467043315,0.03819444444444445,0.024024024024024024,0.021739130434782608,0.007070707070707071,0.03228511530398323,0.039162112932604735,0.03639846743295019,0.037529550827423167,0.03107638888888889,0.01920977952412137,0.03005804311774461,0.029218106995884775,0.03535353535353535,0.017615176151761516,0.05016181229773463,0.05028962611901001,0.4256246613193967,1
0.047619047619047616,0.0480225988700565,0.051587301587301584,0.03620286953620287,0.026972624798711754,0.010101010101010102,0.042767295597484274,0.029143897996357013,0.044061302681992334,0.047872340425531915,0.03819444444444445,0.03388998035363458,0.04042288557213931,0.027983539094650206,0.007575757575757576,0.025745257452574527,0.05070118662351672,0.05186940494997367,0.33926725471961305,1
0.049019607843137254,0.0480225988700565,0.046130952380952384,0.02669336002669336,0.020531400966183576,0.007070707070707071,0.04549266247379455,0.0273224043715847,0.04597701149425287,0.04875886524822695,0.041666666666666664,0.038364985810958305,0.04311774461028192,0.03333333333333333,0.022727272727272728,0.03387533875338753,0.05070118662351672,0.049499736703528176,0.32169416402546536,2
0.04668534080298786,0.047080979284369114,0.04861111111111111,0.03403403403403404,0.025362318840579712,0.006060606060606061,0.04570230607966457,0.0273224043715847,0.04597701149425287,0.04609929078014184,0.04027777777777778,0.039238157607509275,0.04415422885572139,0.03168724279835391,0.020202020202020204,0.009485094850948509,0.050970873786407765,0.04976303317535545,0.34128616808657386,2
0.04481792717086835,0.04143126177024482,0.042162698412698416,0.02769436102769436,0.026570048309178744,0.010101010101010102,0.03249475890985325,0.039162112932604735,0.03639846743295019,0.044326241134751775,0.028993055555555557,0.01937349923597468,0.03296019900497513,0.02757201646090535,0.007575757575757576,0.013550135501355014,0.05177993527508091,0.05318588730911006,0.41985062687943087,0
0.05088702147525677,0.04896421845574388,0.051587301587301584,0.03319986653319987,0.024154589371980676,0.012121212121212121,0.04507337526205451,0.028233151183970857,0.04597701149425287,0.047872340425531915,0.03819444444444445,0.03771010696354508,0.0439469320066335,0.02757201646090535,0.027777777777777776,0.009485094850948509,0.050970873786407765,0.05239599789362823,0.3238766679052043,1
0.04061624649859944,0.03672316384180791,0.03670634920634921,0.027527527527527528,0.026570048309178744,0.006060606060606061,0.03039832285115304,0.040983606557377046,0.03639846743295019,0.03959810874704492,0.030034722222222223,0.017354289456450556,0.028814262023217248,0.02880658436213992,0.007575757575757576,0.028455284552845527,0.052588996763754045,0.0526592943654555,0.43212836164556345,2
0.04201680672268908,0.038606403013182675,0.03869047619047619,0.024190857524190857,0.02214170692431562,0.007070707070707071,0.028930817610062894,0.04371584699453552,0.034482758620689655,0.040780141843971635,0.02795138888888889,0.015498799388779742,0.03275290215588723,0.02757201646090535,0.0,0.0013550135501355014,0.05177993527508091,0.05186940494997367,0.4705940168155276,1
0.0457516339869281,0.04519774011299435,0.05009920634920635,0.0338672005338672,0.026167471819645734,0.00909090909090909,0.04129979035639413,0.030054644808743168,0.044061302681992334,0.04491725768321513,0.0375,0.03187077057411045,0.036069651741293535,0.027983539094650206,0.005050505050505051,0.006775067750677507,0.050970873786407765,0.05186940494997367,0.38140302962848616,1
0.04481792717086835,0.04331450094161959,0.04365079365079365,0.02902902902902903,0.027375201288244767,0.010101010101010102,0.03249475890985325,0.039162112932604735,0.03639846743295019,0.04373522458628842,0.030034722222222223,0.019318925998690242,0.037728026533996685,0.028395061728395062,0.03535353535353535,0.02032520325203252,0.052319309600863,0.05318588730911006,0.37326030195789284,0
0.03968253968253968,0.04048964218455744,0.03422619047619048,0.023523523523523524,0.0249597423510467,0.007070707070707071,0.031865828092243184,0.04007285974499089,0.03639846743295019,0.04284869976359338,0.03090277777777778,0.018609473913992577,0.037106135986733,0.0345679012345679,0.0025252525252525255,0.005420054200542005,0.048813376483279394,0.04844655081621906,0.4524702767392932,2
0.042483660130718956,0.03954802259887006,0.03273809523809524,0.023690357023690357,0.023349436392914653,0.00909090909090909,0.028092243186582808,0.04553734061930783,0.034482758620689655,0.04196217494089834,0.02829861111111111,0.014625627592228772,0.03399668325041459,0.028395061728395062,0.015151515151515152,0.006775067750677507,0.05151024811218986,0.05186940494997367,0.44840278251081733,0
0.03734827264239029,0.04048964218455744,0.03373015873015873,0.02052052052052052,0.0213365539452496,0.007070707070707071,0.031446540880503145,0.04189435336976321,0.03639846743295019,0.04343971631205674,0.029340277777777778,0.01784544859201048,0.03648424543946932,0.03333333333333333,0.017676767676767676,0.018970189701897018,0.0482740021574973,0.04844655081621906,0.43595425141617117,2
0.04341736694677871,0.04331450094161959,0.042162698412698416,0.02819486152819486,0.026570048309178744,0.00909090909090909,0.03165618448637317,0.04007285974499089,0.03639846743295019,0.04343971631205674,0.029340277777777778,0.018500327439423706,0.037106135986733,0.02757201646090535,0.0,0.005420054200542005,0.052588996763754045,0.053712480252764615,0.4314420979123492,0
0.04341736694677871,0.0480225988700565,0.044642857142857144,0.0348682015348682,0.027777777777777776,0.00808080808080808,0.038364779874213835,0.03278688524590164,0.0421455938697318,0.04609929078014184,0.036631944444444446,0.02761405806592447,0.04767827529021559,0.02880658436213992,0.015151515151515152,0.0013550135501355014,0.050970873786407765,0.051606108478146395,0.37397946674793536,1
0.04481792717086835,0.03766478342749529,0.03869047619047619,0.028361695028361694,0.023349436392914653,0.007070707070707071,0.03647798742138365,0.03460837887067395,0.040229885057471264,0.041075650118203307,0.03420138888888889,0.02483082296441825,0.03316749585406302,0.027983539094650206,0.007575757575757576,0.03929539295392954,0.05151024811218986,0.0526592943654555,0.39642913344209174,1
0.03968253968253968,0.03389830508474576,0.025297619047619048,0.019185852519185854,0.02254428341384863,0.005050505050505051,0.024947589098532494,0.05191256830601093,0.032567049808429116,0.03664302600472813,0.024131944444444445,0.011296660117878193,0.026326699834162522,0.03333333333333333,0.03282828282828283,0.006775067750677507,0.048813376483279394,0.04844655081621906,0.47631874637557814,0
0.04668534080298786,0.03389830508474576,0.036210317460317464,0.03319986653319987,0.02938808373590982,0.006060606060606061,0.033962264150943396,0.03642987249544627,0.038314176245210725,0.037529550827423167,0.0328125,0.021883868151058722,0.025912106135986733,0.02962962962962963,0.015151515151515152,0.025745257452574527,0.05393743257820928,0.053712480252764615,0.409536827251471,2
0.042483660130718956,0.03389830508474576,0.03571428571428571,0.02702702702702703,0.024154589371980676,0.00808080808080808,0.031446540880503145,0.04007285974499089,0.03639846743295019,0.03930260047281324,0.028819444444444446,0.018227461253001526,0.025082918739635158,0.025925925925925925,0.005050505050505051,0.02981029810298103,0.05285868392664509,0.05397577672459189,0.4416698418914463,1
0.042483660130718956,0.038606403013182675,0.031746031746031744,0.024691358024691357,0.02455716586151369,0.00808080808080808,0.027044025157232705,0.04644808743169399,0.034482758620689655,0.04196217494089834,0.02795138888888889,0.013588736083824493,0.03171641791044776,0.027983539094650206,0.015151515151515152,0.016260162601626018,0.052319309600863,0.05292259083728278,0.4420038668234406,0
0.040149393090569564,0.03672316384180791,0.028769841269841268,0.020854187520854186,0.02214170692431562,0.005050505050505051,0.024528301886792454,0.05191256830601093,0.032567049808429116,0.03959810874704492,0.024305555555555556,0.011132940406024885,0.03067993366500829,0.028395061728395062,0.017676767676767676,0.008130081300813009,0.05124056094929881,0.05107951553449184,0.47506475673747384,0
0.04435107376283847,0.04990583804143126,0.04712301587301587,0.033700367033700364,0.026167471819645734,0.010101010101010102,0.040461215932914046,0.030965391621129327,0.0421455938697318,0.04728132387706856,0.03819444444444445,0.030506439641999564,0.049129353233830844,0.029218106995884775,0.007575757575757576,0.0027100271002710027,0.05070118662351672,0.051606108478146395,0.36815627397366313,1
0.042483660130718956,0.04048964218455744,0.03571428571428571,0.023690357023690357,0.02254428341384863,0.007070707070707071,0.031236897274633125,0.040983606557377046,0.03639846743295019,0.041371158392434985,0.029166666666666667,0.01784544859201048,0.034203980099502485,0.02962962962962963,0.03282828282828283,0.03116531165311653,0.05016181229773463,0.05028962611901001,0.40272617691884327,1
0.037815126050420166,0.0423728813559322,0.03373015873015873,0.022856189522856188,0.024154589371980676,0.007070707070707071,0.031865828092243184,0.040983606557377046,0.03639846743295019,0.044621749408983453,0.028993055555555557,0.018172888015717092,0.037106135986733,0.03333333333333333,0.007575757575757576,0.017615176151761516,0.0482740021574973,0.04818325434439179,0.43887709328564406,2
0.04388422035480859,0.047080979284369114,0.041666666666666664,0.023023023023023025,0.022946859903381644,0.010101010101010102,0.03270440251572327,0.04007285974499089,0.038314176245210725,0.050236406619385346,0.0296875,0.019155206286836934,0.03876451077943615,0.03168724279835391,0.012626262626262626,0.008130081300813009,0.04908306364617044,0.05028962611901001,0.41054590198454755,0
0.049953314659197015,0.0423728813559322,0.04563492063492063,0.0328661995328662,0.0249597423510467,0.010101010101010102,0.039412997903563944,0.031876138433515486,0.0421455938697318,0.04373522458628842,0.035069444444444445,0.028705522811613184,0.03296019900497513,0.02633744855967078,0.030303030303030304,0.02710027100271003,0.052588996763754045,0.05344918378093733,0.35042787990079216,1
0.05368814192343604,0.0480225988700565,0.0496031746031746,0.033533533533533534,0.024154589371980676,0.012121212121212121,0.04109014675052411,0.030965391621129327,0.044061302681992334,0.047872340425531915,0.0359375,0.03127046496398166,0.03814262023217247,0.02551440329218107,0.05555555555555555,0.0013550135501355014,0.05339805825242718,0.05476566614007372,0.31894828611090176,1
0.04201680672268908,0.04143126177024482,0.03422619047619048,0.025358692025358693,0.02576489533011272,0.007070707070707071,0.02830188679245283,0.044626593806921674,0.034482758620689655,0.04284869976359338,0.028645833333333332,0.014843920541366514,0.033582089552238806,0.030864197530864196,0.007575757575757576,0.0027100271002710027,0.050431499460625674,0.05028962611901001,0.45492855640757246,0
0.047619047619047616,0.04896421845574388,0.04861111111111111,0.03753753753753754,0.0285829307568438,0.010101010101010102,0.044863731656184486,0.028233151183970857,0.04597701149425287,0.04846335697399527,0.03958333333333333,0.037218947827985155,0.04125207296849088,0.029218106995884775,0.0,0.02168021680216802,0.050431499460625674,0.051606108478146395,0.34005660724366826,1
0.0480859010270775,0.04990583804143126,0.05257936507936508,0.02869536202869536,0.02214170692431562,0.010101010101010102,0.044444444444444446,0.029143897996357013,0.04597701149425287,0.04964539007092199,0.03819444444444445,0.03601833660772757,0.04622719734660033,0.030041152263374487,0.04040404040404041,0.032520325203252036,0.050431499460625674,0.05186940494997367,0.2935736721120902,1
0.0392156862745098,0.04048964218455744,0.034722222222222224,0.02052052052052052,0.021739130434782608,0.00808080808080808,0.03165618448637317,0.040983606557377046,0.03639846743295019,0.04314420803782506,0.030034722222222223,0.018118314778432655,0.03648424543946932,0.03333333333333333,0.0025252525252525255,0.016260162601626018,0.048813376483279394,0.04844655081621906,0.44903356556823937,2
0.0457516339869281,0.035781544256120526,0.03869047619047619,0.031865198531865195,0.026167471819645734,0.00808080808080808,0.035429769392033544,0.03551912568306011,0.038314176245210725,0.04018912529550828,0.03420138888888889,0.023466492032307357,0.029228855721393034,0.02757201646090535,0.022727272727272728,0.02710027100271003,0.05177993527508091,0.05239599789362823,0.3957384405161569,1
0.04108309990662932,0.03672316384180791,0.034722222222222224,0.02769436102769436,0.026570048309178744,0.007070707070707071,0.0310272536687631,0.04007285974499089,0.03639846743295019,0.03959810874704492,0.028993055555555557,0.018118314778432655,0.029643449419568823,0.028395061728395062,0.012626262626262626,0.017615176151761516,0.052049622437971954,0.05292259083728278,0.4386761744927803,2
0.042483660130718956,0.04331450094161959,0.05009920634920635,0.03319986653319987,0.026167471819645734,0.00909090909090909,0.04109014675052411,0.030965391621129327,0.044061302681992334,0.04314420803782506,0.03802083333333333,0.0313250382012661,0.04125207296849088,0.030041152263374487,0.012626262626262626,0.01084010840108401,0.05016181229773463,0.05107951553449184,0.3710365404171917,1
0.042483660130718956,0.03389830508474576,0.04117063492063492,0.02702702702702703,0.02455716586151369,0.00808080808080808,0.029769392033542976,0.042805100182149364,0.03639846743295019,0.037825059101654845,0.02829861111111111,0.016262824710761844,0.02839966832504146,0.025925925925925925,0.0,0.04200542005420054,0.052049622437971954,0.0526592943654555,0.4303830132137859,1
0.03734827264239029,0.04143126177024482,0.03373015873015873,0.02002002002002002,0.0213365539452496,0.00808080808080808,0.03165618448637317,0.040983606557377046,0.03639846743295019,0.04314420803782506,0.029513888888888888,0.018172888015717092,0.039386401326699835,0.03292181069958848,0.010101010101010102,0.02168021680216802,0.04854368932038835,0.04870984728804634,0.43684070585409596,2
0.045284780578898225,0.04519774011299435,0.052083333333333336,0.0353687020353687,0.02576489533011272,0.011111111111111112,0.04213836477987421,0.030054644808743168,0.044061302681992334,0.04580378250591016,0.03680555555555556,0.0328530888452303,0.033582089552238806,0.02633744855967078,0.005050505050505051,0.009485094850948509,0.052049622437971954,0.05318588730911006,0.3737820505604308,1
0.04295051353874883,0.04896421845574388,0.046130952380952384,0.03403403403403404,0.026972624798711754,0.00909090909090909,0.03962264150943396,0.031876138433515486,0.0421455938697318,0.047576832151300236,0.03715277777777778,0.029251255184457543,0.04975124378109453,0.02962962962962963,0.005050505050505051,0.006775067750677507,0.05070118662351672,0.05134281200631911,0.3709810639329406,1
0.04061624649859944,0.03954802259887006,0.034722222222222224,0.023189856523189858,0.023752012882447666,0.007070707070707071,0.031236897274633125,0.040983606557377046,0.03639846743295019,0.04196217494089834,0.030729166666666665,0.01784544859201048,0.03233830845771144,0.03209876543209877,0.015151515151515152,0.012195121951219513,0.04989212513484358,0.049499736703528176,0.4407695979085112,2
0.04388422035480859,0.03483992467043315,0.03571428571428571,0.02435769102435769,0.024154589371980676,0.00909090909090909,0.027882599580712788,0.04553734061930783,0.034482758620689655,0.0398936170212766,0.02795138888888889,0.014298188168522156,0.026533996683250415,0.028395061728395062,0.005050505050505051,0.009485094850948509,0.05177993527508091,0.05134281200631911,0.46532508127932826,0
0.045284780578898225,0.035781544256120526,0.03720238095238095,0.0313646980313647,0.027375201288244767,0.006060606060606061,0.035849056603773584,0.033697632058287796,0.038314176245210725,0.038120567375886524,0.03454861111111111,0.02455795677799607,0.02839966832504146,0.030452674897119343,0.005050505050505051,0.008130081300813009,0.053128371089536136,0.05239599789362823,0.4342854901034757,2
0.04481792717086835,0.0423728813559322,0.05009920634920635,0.033533533533533534,0.026570048309178744,0.00909090909090909,0.04025157232704402,0.030965391621129327,0.0421455938697318,0.04225768321513002,0.03784722222222222,0.030124426981008513,0.04042288557213931,0.030041152263374487,0.007575757575757576,0.025745257452574527,0.050970873786407765,0.05186940494997367,0.36329827235387846,1
0.04948646125116713,0.04990583804143126,0.04861111111111111,0.02569235902569236,0.01892109500805153,0.00404040404040404,0.04968553459119497,0.025500910746812388,0.04980842911877394,0.04846335697399527,0.04565972222222222,0.045732372844357126,0.046019900497512436,0.03374485596707819,0.010101010101010102,0.023035230352303523,0.04989212513484358,0.04844655081621906,0.32725273215581985,2
0.05182072829131653,0.047080979284369114,0.05109126984126984,0.03319986653319987,0.024154589371980676,0.011111111111111112,0.04423480083857442,0.028233151183970857,0.04597701149425287,0.04609929078014184,0.03871527777777778,0.03618205631958088,0.03897180762852405,0.027983539094650206,0.022727272727272728,0.012195121951219513,0.05124056094929881,0.0526592943654555,0.33632227045603347,1
0.04481792717086835,0.03672316384180791,0.031746031746031744,0.018518518518518517,0.01932367149758454,0.00808080808080808,0.028092243186582808,0.04735883424408015,0.034482758620689655,0.041666666666666664,0.027777777777777776,0.014079895219384414,0.028814262023217248,0.03292181069958848,0.017676767676767676,0.02710027100271003,0.049352750809061485,0.04844655081621906,0.44301929040163535,0
0.05088702147525677,0.044256120527306965,0.047619047619047616,0.034367701034367704,0.02576489533011272,0.00909090909090909,0.04150943396226415,0.030054644808743168,0.044061302681992334,0.044326241134751775,0.03802083333333333,0.03197991704867933,0.03959369817578773,0.02880658436213992,0.010101010101010102,0.017615176151761516,0.05124056094929881,0.052132701421800945,0.35857220079143604,1
0.04108309990662932,0.03954802259887006,0.031746031746031744,0.02519185852519186,0.0249597423510467,0.00808080808080808,0.027253668763102725,0.04644808743169399,0.034482758620689655,0.04196217494089834,0.026041666666666668,0.013807029032962236,0.03337479270315091,0.025925925925925925,0.007575757575757576,0.0027100271002710027,0.054746494066882416,0.05529225908372828,0.4597697948796925,0
0.04061624649859944,0.04143126177024482,0.04861111111111111,0.035201868535201866,0.02818035426731079,0.010101010101010102,0.03962264150943396,0.031876138433515486,0.0421455938697318,0.041666666666666664,0.03715277777777778,0.029196681947173106,0.036898839137645106,0.029218106995884775,0.005050505050505051,0.028455284552845527,0.050431499460625674,0.05107951553449184,0.373063896780225,1
0.049953314659197015,0.05084745762711865,0.047619047619047616,0.033533533533533534,0.0249597423510467,0.012121212121212121,0.04570230607966457,0.028233151183970857,0.04597701149425287,0.050236406619385346,0.03836805555555556,0.03787382667539838,0.04498341625207297,0.029218106995884775,0.005050505050505051,0.028455284552845527,0.050431499460625674,0.052132701421800945,0.3243034207468818,1
0.04061624649859944,0.03483992467043315,0.025793650793650792,0.019352686019352687,0.021739130434782608,0.006060606060606061,0.02410901467505241,0.052823315118397086,0.032567049808429116,0.03723404255319149,0.0234375,0.0106963545077494,0.029850746268656716,0.030452674897119343,0.027777777777777776,0.02981029810298103,0.05016181229773463,0.050026329647182725,0.45265083986830346,0
0.03968253968253968,0.04048964218455744,0.03273809523809524,0.02052052052052052,0.02254428341384863,0.006060606060606061,0.0310272536687631,0.04189435336976321,0.03639846743295019,0.04284869976359338,0.028819444444444446,0.017408862693734994,0.03544776119402985,0.03497942386831276,0.015151515151515152,0.014905149051490514,0.0482740021574973,0.047919957872564506,0.4428894222311729,2
0.049953314659197015,0.051789077212806026,0.05109126984126984,0.03553553553553553,0.027375201288244767,0.011111111111111112,0.04591194968553459,0.0273224043715847,0.04789272030651341,0.0508274231678487,0.03836805555555556,0.03869242523466492,0.04477611940298507,0.02880658436213992,0.025252525252525252,0.009485094850948509,0.050431499460625674,0.05186940494997367,0.31350828375093565,1
0.04341736694677871,0.03483992467043315,0.034722222222222224,0.021021021021021023,0.020933977455716585,0.00909090909090909,0.026624737945492662,0.0482695810564663,0.034482758620689655,0.040484633569739956,0.027083333333333334,0.0129884304736957,0.02466832504145937,0.029218106995884775,0.005050505050505051,0.017615176151761516,0.05151024811218986,0.050026329647182725,0.46795241259451836,0
0.05368814192343604,0.04896421845574388,0.0496031746031746,0.0338672005338672,0.0249597423510467,0.010101010101010102,0.04549266247379455,0.028233151183970857,0.04597701149425287,0.04875886524822695,0.03975694444444444,0.038037546387251694,0.044361525704809286,0.02962962962962963,0.03535353535353535,0.005420054200542005,0.05070118662351672,0.05186940494997367,0.3152249943377733,1
0.04201680672268908,0.03672316384180791,0.042162698412698416,0.02669336002669336,0.023752012882447666,0.007070707070707071,0.03417190775681342,0.037340619307832425,0.038314176245210725,0.03871158392434988,0.0328125,0.021611001964636542,0.03275290215588723,0.029218106995884775,0.017676767676767676,0.017615176151761516,0.05016181229773463,0.05055292259083728,0.4206417739752404,1
0.03968253968253968,0.04048964218455744,0.03273809523809524,0.02002002002002002,0.021739130434782608,0.005050505050505051,0.0310272536687631,0.04189435336976321,0.03639846743295019,0.04284869976359338,0.029166666666666667,0.017463435931019428,0.036069651741293535,0.03580246913580247,0.020202020202020204,0.0027100271002710027,0.0482740021574973,0.04765666140073723,0.4507663588191223,2
0.040149393090569564,0.04048964218455744,0.03373015873015873,0.025025025025025027,0.02576489533011272,0.00909090909090909,0.028930817610062894,0.04371584699453552,0.034482758620689655,0.04225768321513002,0.02795138888888889,0.015553372626064177,0.036069651741293535,0.028395061728395062,0.015151515151515152,0.0,0.05177993527508091,0.05292259083728278,0.4485393538597289,0
0.04668534080298786,0.0480225988700565,0.051587301587301584,0.027193860527193862,0.020933977455716585,0.010101010101010102,0.04318658280922432,0.029143897996357013,0.044061302681992334,0.04846335697399527,0.03767361111111111,0.03443571272647893,0.040008291873963514,0.028395061728395062,0.012626262626262626,0.028455284552845527,0.05070118662351672,0.051606108478146395,0.34671925047344465,1
0.0457516339869281,0.04331450094161959,0.04365079365079365,0.031865198531865195,0.025362318840579712,0.006060606060606061,0.04025157232704402,0.030965391621129327,0.0421455938697318,0.04343971631205674,0.03732638888888889,0.030724732591137307,0.036069651741293535,0.030041152263374487,0.005050505050505051,0.03523035230352303,0.052319309600863,0.05186940494997367,0.36856117646808684,2
0.04061624649859944,0.038606403013182675,0.037698412698412696,0.027527527527527528,0.026972624798711754,0.007070707070707071,0.0310272536687631,0.040983606557377046,0.03639846743295019,0.041371158392434985,0.0296875,0.01784544859201048,0.03150912106135987,0.02962962962962963,0.017676767676767676,0.017615176151761516,0.05070118662351672,0.05134281200631911,0.4257199505999686,2
0.038748832866479926,0.03766478342749529,0.02628968253968254,0.01901901901901902,0.0213365539452496,0.006060606060606061,0.027672955974842768,0.0482695810564663,0.034482758620689655,0.041371158392434985,0.024652777777777777,0.013479589609255622,0.032545605306799334,0.03539094650205761,0.020202020202020204,0.009485094850948509,0.04746494066882417,0.04818325434439179,0.4676798388349588,0
0.03968253968253968,0.035781544256120526,0.03125,0.021688355021688355,0.02214170692431562,0.007070707070707071,0.025576519916142557,0.05009107468123861,0.032567049808429116,0.0384160756501182,0.02378472222222222,0.01195153896529142,0.029850746268656716,0.02633744855967078,0.050505050505050504,0.01084010840108401,0.052588996763754045,0.05292259083728278,0.43695322446568774,1
0.05182072829131653,0.04990583804143126,0.05357142857142857,0.035201868535201866,0.02455716586151369,0.011111111111111112,0.04339622641509434,0.029143897996357013,0.044061302681992334,0.04934988179669031,0.03767361111111111,0.03470857891290111,0.04477611940298507,0.02633744855967078,0.05303030303030303,0.0027100271002710027,0.05285868392664509,0.05397577672459189,0.3018100019293839,1
0.0480859010270775,0.05273069679849341,0.0496031746031746,0.030864197530864196,0.023752012882447666,0.011111111111111112,0.045283018867924525,0.028233151183970857,0.04597701149425287,0.051122931442080376,0.03802083333333333,0.03732809430255403,0.04539800995024876,0.030864197530864196,0.03787878787878788,0.014905149051490514,0.05016181229773463,0.05107951553449184,0.3076003931790977,1
0.04295051353874883,0.03672316384180791,0.037698412698412696,0.03003003003003003,0.0285829307568438,0.006060606060606061,0.031865828092243184,0.039162112932604735,0.03639846743295019,0.03871158392434988,0.03107638888888889,0.0191006330495525,0.029643449419568823,0.02962962962962963,0.015151515151515152,0.018970189701897018,0.052588996763754045,0.0526592943654555,0.42299625372114125,2
0.04108309990662932,0.038606403013182675,0.03968253968253968,0.024524524524524523,0.0249597423510467,0.00808080808080808,0.030607966457023062,0.040983606557377046,0.03639846743295019,0.0425531914893617,0.029340277777777778,0.017354289456450556,0.03337479270315091,0.029218106995884775,0.010101010101010102,0.02168021680216802,0.05070118662351672,0.05186940494997367,0.42888036509462446,0
0.0392156862745098,0.035781544256120526,0.02976190476190476,0.02135468802135469,0.02254428341384863,0.005050505050505051,0.027672955974842768,0.04553734061930783,0.034482758620689655,0.0384160756501182,0.025694444444444443,0.01424361493123772,0.029228855721393034,0.030864197530864196,0.020202020202020204,0.005420054200542005,0.04989212513484358,0.049499736703528176,0.47513720848792473,1
0.041549953314659195,0.04143126177024482,0.03968253968253968,0.031865198531865195,0.026570048309178744,0.006060606060606061,0.033962264150943396,0.03642987249544627,0.038314176245210725,0.04225768321513002,0.0328125,0.021611001964636542,0.03731343283582089,0.027160493827160494,0.03282828282828283,0.014905149051490514,0.052319309600863,0.05239599789362823,0.39053022822229333,1
0.04341736694677871,0.044256120527306965,0.041666666666666664,0.03420086753420087,0.0285829307568438,0.007070707070707071,0.03689727463312369,0.03278688524590164,0.040229885057471264,0.04491725768321513,0.03298611111111111,0.0259768609473914,0.041666666666666664,0.02880658436213992,0.017676767676767676,0.025745257452574527,0.05339805825242718,0.05292259083728278,0.36679514057142304,2
0.04855275443510738,0.04896421845574388,0.05009920634920635,0.034367701034367704,0.0249597423510467,0.010101010101010102,0.04150943396226415,0.030054644808743168,0.044061302681992334,0.047576832151300236,0.0359375,0.032034490285963765,0.04228855721393035,0.02633744855967078,0.005050505050505051,0.006775067750677507,0.052588996763754045,0.053712480252764615,0.36502810779195183,1
0.037815126050420166,0.04048964218455744,0.03373015873015873,0.024691358024691357,0.02576489533011272,0.007070707070707071,0.031446540880503145,0.040983606557377046,0.03639846743295019,0.0425531914893617,0.030381944444444444,0.018009168303863784,0.03544776119402985,0.03292181069958848,0.0025252525252525255,0.0027100271002710027,0.04908306364617044,0.04870984728804634,0.45926743104749357,2
0.04108309990662932,0.0423728813559322,0.040674603174603176,0.025859192525859193,0.02254428341384863,0.00808080808080808,0.03228511530398323,0.039162112932604735,0.03639846743295019,0.044030732860520096,0.03125,0.01948264571054355,0.035240464344941956,0.028395061728395062,0.007575757575757576,0.0,0.05070118662351672,0.05081621906266456,0.44404736796644173,1
0.0480859010270775,0.0480225988700565,0.052083333333333336,0.02902902902902903,0.02254428341384863,0.011111111111111112,0.0440251572327044,0.029143897996357013,0.04597701149425287,0.048167848699763594,0.03854166666666667,0.035472604234883215,0.046019900497512436,0.030041152263374487,0.020202020202020204,0.012195121951219513,0.050431499460625674,0.051606108478146395,0.3372997540380175,1
0.038748832866479926,0.04331450094161959,0.03373015873015873,0.023189856523189858,0.023752012882447666,0.006060606060606061,0.031446540880503145,0.04007285974499089,0.03639846743295019,0.04314420803782506,0.029861111111111113,0.0183366077275704,0.03793532338308458,0.030452674897119343,0.012626262626262626,0.0040650406504065045,0.04989212513484358,0.05028962611901001,0.4466831842498207,2
0.03688141923436041,0.035781544256120526,0.027281746031746032,0.02002002002002002,0.02214170692431562,0.005050505050505051,0.029769392033542976,0.04371584699453552,0.03639846743295019,0.037825059101654845,0.0265625,0.016099104998908535,0.03005804311774461,0.03333333333333333,0.010101010101010102,0.0027100271002710027,0.04854368932038835,0.04818325434439179,0.4895433306042011,1
0.045284780578898225,0.051789077212806026,0.05109126984126984,0.0328661995328662,0.025362318840579712,0.011111111111111112,0.04507337526205451,0.028233151183970857,0.04597701149425287,0.0508274231678487,0.03802083333333333,0.036946081641562975,0.04539800995024876,0.030864197530864196,0.012626262626262626,0.032520325203252036,0.04989212513484358,0.05107951553449184,0.3150369308194826,1
0.038748832866479926,0.03672316384180791,0.03422619047619048,0.021187854521187856,0.021739130434782608,0.005050505050505051,0.02830188679245283,0.044626593806921674,0.034482758620689655,0.03871158392434988,0.026909722222222224,0.014953067015935385,0.033582089552238806,0.028395061728395062,0.04040404040404041,0.008130081300813009,0.050431499460625674,0.050026329647182725,0.44336960833317896,1
0.0457516339869281,0.035781544256120526,0.03571428571428571,0.03203203203203203,0.027777777777777776,0.005050505050505051,0.03480083857442348,0.03460837887067395,0.038314176245210725,0.03871158392434988,0.0328125,0.023302772320454048,0.028606965174129355,0.02880658436213992,0.0025252525252525255,0.0040650406504065045,0.05393743257820928,0.05318588730911006,0.4442148086479911,2
0.04201680672268908,0.04519774011299435,0.03819444444444445,0.022022022022022022,0.02254428341384863,0.010101010101010102,0.03291404612159329,0.04007285974499089,0.038314176245210725,0.04846335697399527,0.029340277777777778,0.019318925998690242,0.03876451077943615,0.03209876543209877,0.0025252525252525255,0.0040650406504065045,0.04908306364617044,0.05028962611901001,0.4346737911683587,0
0.03968253968253968,0.04048964218455744,0.03273809523809524,0.02052052052052052,0.02214170692431562,0.007070707070707071,0.031446540880503145,0.040983606557377046,0.03639846743295019,0.04314420803782506,0.029861111111111113,0.01779087535472604,0.03586235489220564,0.034156378600823045,0.010101010101010102,0.02032520325203252,0.04854368932038835,0.04818325434439179,0.44056008849392037,2
0.037815126050420166,0.0423728813559322,0.03373015873015873,0.02569235902569236,0.027777777777777776,0.022222222222222223,0.03165618448637317,0.040983606557377046,0.03639846743295019,0.04343971631205674,0.03229166666666667,0.018282034490285964,0.03855721393034826,0.03621399176954732,0.0025252525252525255,0.013550135501355014,0.04854368932038835,0.04870984728804634,0.41923766855714883,2
0.04201680672268908,0.04519774011299435,0.042162698412698416,0.02619285952619286,0.02576489533011272,0.011111111111111112,0.03375262054507337,0.039162112932604735,0.038314176245210725,0.04934988179669031,0.030381944444444444,0.020464963981663392,0.03855721393034826,0.030452674897119343,0.007575757575757576,0.02168021680216802,0.04989212513484358,0.05134281200631911,0.39662738849195867,0
0.04855275443510738,0.04990583804143126,0.05357142857142857,0.03403403403403404,0.02576489533011272,0.011111111111111112,0.04612159329140461,0.028233151183970857,0.04789272030651341,0.0508274231678487,0.03923611111111111,0.03858327876009605,0.04208126036484246,0.029218106995884775,0.03535353535353535,0.04065040650406504,0.050970873786407765,0.05344918378093733,0.2744422938701574,1
0.04435107376283847,0.04048964218455744,0.047619047619047616,0.033700367033700364,0.026167471819645734,0.010101010101010102,0.03962264150943396,0.031876138433515486,0.0421455938697318,0.04225768321513002,0.03767361111111111,0.029142108709888672,0.034411276948590384,0.029218106995884775,0.015151515151515152,0.036585365853658534,0.05124056094929881,0.05186940494997367,0.3563773797814678,1
0.04341736694677871,0.03954802259887006,0.04861111111111111,0.03203203203203203,0.025362318840579712,0.00909090909090909,0.03878406708595388,0.03278688524590164,0.0421455938697318,0.040780141843971635,0.03576388888888889,0.027723204540493342,0.03586235489220564,0.02880658436213992,0.025252525252525252,0.028455284552845527,0.050970873786407765,0.05186940494997367,0.3627374301086803,1
0.04061624649859944,0.035781544256120526,0.03521825396825397,0.02052052052052052,0.0213365539452496,0.00808080808080808,0.028721174004192874,0.044626593806921674,0.034482758620689655,0.037529550827423167,0.027430555555555555,0.015116786727788692,0.03005804311774461,0.030864197530864196,0.0,0.012195121951219513,0.048813376483279394,0.04897314375987362,0.47963477034489477,1
0.04855275443510738,0.05273069679849341,0.047619047619047616,0.03853853853853854,0.029790660225442835,0.011111111111111112,0.04612159329140461,0.0273224043715847,0.04789272030651341,0.0508274231678487,0.03871527777777778,0.038910718183802664,0.045190713101160865,0.030041152263374487,0.015151515151515152,0.02168021680216802,0.05016181229773463,0.05134281200631911,0.30829883255105506,1
0.04435107376283847,0.038606403013182675,0.040674603174603176,0.028361695028361694,0.026167471819645734,0.00909090909090909,0.03039832285115304,0.04189435336976321,0.03639846743295019,0.04284869976359338,0.02829861111111111,0.017135996507312814,0.02902155887230514,0.02633744855967078,0.010101010101010102,0.01084010840108401,0.053667745415318234,0.054502369668246446,0.4313031520569408,0
0.049019607843137254,0.05084745762711865,0.052083333333333336,0.03553553553553553,0.026972624798711754,0.010101010101010102,0.041928721174004195,0.030054644808743168,0.044061302681992334,0.048167848699763594,0.03715277777777778,0.03258022265880812,0.044361525704809286,0.027983539094650206,0.025252525252525252,0.02710027100271003,0.05124056094929881,0.052132701421800945,0.3134237895342695,1
0.04948646125116713,0.051789077212806026,0.047619047619047616,0.032699366032699365,0.024154589371980676,0.012121212121212121,0.046331236897274634,0.0273224043715847,0.04789272030651341,0.051122931442080376,0.0390625,0.03912901113294041,0.044361525704809286,0.02962962962962963,0.022727272727272728,0.017615176151761516,0.05016181229773463,0.051606108478146395,0.3151679172513393,1
0.040149393090569564,0.03672316384180791,0.041666666666666664,0.02485819152485819,0.022946859903381644,0.00808080808080808,0.03270440251572327,0.039162112932604735,0.038314176245210725,0.03930260047281324,0.03211805555555555,0.019537218947827985,0.032545605306799334,0.030452674897119343,0.0,0.03116531165311653,0.049352750809061485,0.050026329647182725,0.430893677908893,1
0.04435107376283847,0.046139359698681735,0.04563492063492063,0.03219886553219887,0.0249597423510467,0.010101010101010102,0.03731656184486373,0.033697632058287796,0.040229885057471264,0.04550827423167849,0.034722222222222224,0.02608600742196027,0.03544776119402985,0.02633744855967078,0.005050505050505051,0.0,0.05339805825242718,0.05423907319641917,0.40458159882976763,1
0.046218487394957986,0.05367231638418079,0.0496031746031746,0.02952952952952953,0.021739130434782608,0.013131313131313131,0.0469601677148847,0.0273224043715847,0.04789272030651341,0.05555555555555555,0.03871527777777778,0.03962017026850033,0.04415422885572139,0.02962962962962963,0.010101010101010102,0.009485094850948509,0.04989212513484358,0.052132701421800945,0.3346449625332908,1
0.041549953314659195,0.03954802259887006,0.03273809523809524,0.020854187520854186,0.0213365539452496,0.007070707070707071,0.027463312368972745,0.04644808743169399,0.034482758620689655,0.0425531914893617,0.028125,0.013861602270246671,0.033582089552238806,0.030041152263374487,0.025252525252525252,0.023035230352303523,0.05070118662351672,0.05028962611901001,0.4310667179676311,0
0.04435107376283847,0.046139359698681735,0.040674603174603176,0.023189856523189858,0.02254428341384863,0.011111111111111112,0.03333333333333333,0.039162112932604735,0.038314176245210725,0.047872340425531915,0.030034722222222223,0.019919231608819036,0.038349917081260364,0.030864197530864196,0.017676767676767676,0.013550135501355014,0.04908306364617044,0.05028962611901001,0.40354008799257746,0
0.045284780578898225,0.03483992467043315,0.034722222222222224,0.028862195528862194,0.026570048309178744,0.007070707070707071,0.03165618448637317,0.039162112932604735,0.03639846743295019,0.038120567375886524,0.028993055555555557,0.018882340100414757,0.02466832504145937,0.026748971193415638,0.0,0.02168021680216802,0.054207119741100325,0.05476566614007372,0.44736709481769643,2
0.04668534080298786,0.044256120527306965,0.034722222222222224,0.030864197530864196,0.02818035426731079,0.007070707070707071,0.033962264150943396,0.03642987249544627,0.038314176245210725,0.04521276595744681,0.03107638888888889,0.022156734337480898,0.03565505804311774,0.027983539094650206,0.022727272727272728,0.008130081300813009,0.05393743257820928,0.05397577672459189,0.398659695034529,2
0.05042016806722689,0.046139359698681735,0.05406746031746032,0.03403403403403404,0.02455716586151369,0.011111111111111112,0.044444444444444446,0.028233151183970857,0.04597701149425287,0.04698581560283688,0.03975694444444444,0.03629120279414975,0.04456882255389718,0.029218106995884775,0.04040404040404041,0.014905149051490514,0.05124056094929881,0.05239599789362823,0.30524945309763296,1
0.04295051353874883,0.04331450094161959,0.04117063492063492,0.02569235902569236,0.02254428341384863,0.006060606060606061,0.033542976939203356,0.037340619307832425,0.038314176245210725,0.04373522458628842,0.03211805555555555,0.020846976642654443,0.03814262023217247,0.029218106995884775,0.025252525252525252,0.006775067750677507,0.05016181229773463,0.05028962611901001,0.4125293141741001,1
0.03828197945845005,0.03389830508474576,0.025297619047619048,0.01901901901901902,0.0213365539452496,0.00404040404040404,0.02830188679245283,0.04553734061930783,0.034482758620689655,0.03723404255319149,0.026041666666666668,0.014625627592228772,0.029850746268656716,0.03539094650205761,0.03787878787878788,0.005420054200542005,0.048813376483279394,0.047919957872564506,0.4666289273540871,1
0.05182072829131653,0.054613935969868174,0.052083333333333336,0.03053053053053053,0.020531400966183576,0.006060606060606061,0.05555555555555555,0.023679417122040074,0.05555555555555555,0.051418439716312055,0.049479166666666664,0.05555555555555555,0.05286069651741294,0.03497942386831276,0.010101010101010102,0.01084010840108401,0.048813376483279394,0.04818325434439179,0.2873379049609853,2
0.04061624649859944,0.0423728813559322,0.03273809523809524,0.023189856523189858,0.023349436392914653,0.00808080808080808,0.029350104821802937,0.042805100182149364,0.034482758620689655,0.04373522458628842,0.029166666666666667,0.016044531761624098,0.03627694859038143,0.030041152263374487,0.007575757575757576,0.016260162601626018,0.05070118662351672,0.051606108478146395,0.4416069731384368,0
0.04388422035480859,0.04331450094161959,0.03819444444444445,0.02819486152819486,0.024154589371980676,0.00808080808080808,0.03312368972746331,0.03825136612021858,0.038314176245210725,0.04373522458628842,0.03142361111111111,0.02035581750709452,0.03752072968490879,0.02757201646090535,0.030303030303030304,0.0027100271002710027,0.052049622437971954,0.05239599789362823,0.4064212661000415,1
0.04435107376283847,0.04048964218455744,0.037698412698412696,0.023690357023690357,0.022946859903381644,0.010101010101010102,0.03165618448637317,0.04007285974499089,0.03639846743295019,0.044030732860520096,0.030034722222222223,0.018500327439423706,0.03296019900497513,0.029218106995884775,0.005050505050505051,0.03116531165311653,0.050431499460625674,0.0526592943654555,0.41854443360906646,0
0.04201680672268908,0.04143126177024482,0.03571428571428571,0.02619285952619286,0.02576489533011272,0.00808080808080808,0.028721174004192874,0.04371584699453552,0.034482758620689655,0.0425531914893617,0.027604166666666666,0.015444226151495306,0.03544776119402985,0.026748971193415638,0.022727272727272728,0.005420054200542005,0.05285868392664509,0.05344918378093733,0.43162579190588235,0
0.04341736694677871,0.032015065913371,0.03273809523809524,0.02335669002335669,0.02254428341384863,0.007070707070707071,0.027253668763102725,0.04644808743169399,0.034482758620689655,0.03546099290780142,0.02621527777777778,0.013697882558393364,0.0236318407960199,0.02551440329218107,0.012626262626262626,0.03929539295392954,0.054207119741100325,0.054502369668246446,0.4455217342566439,1
0.04341736694677871,0.03672316384180791,0.043154761904761904,0.03053053053053053,0.02576489533011272,0.00808080808080808,0.035429769392033544,0.03642987249544627,0.038314176245210725,0.03959810874704492,0.034722222222222224,0.02302990613403187,0.030887230514096187,0.02962962962962963,0.017676767676767676,0.03387533875338753,0.05070118662351672,0.05134281200631911,0.3906914529254938,1
0.041549953314659195,0.04331450094161959,0.041666666666666664,0.027193860527193862,0.026570048309178744,0.011111111111111112,0.03333333333333333,0.039162112932604735,0.038314176245210725,0.04698581560283688,0.030034722222222223,0.02008295132067234,0.03648424543946932,0.02962962962962963,0.0025252525252525255,0.02710027100271003,0.05016181229773463,0.05186940494997367,0.4029101316279209,0
0.04948646125116713,0.05084745762711865,0.05009920634920635,0.037037037037037035,0.026972624798711754,0.012121212121212121,0.04654088050314465,0.0273224043715847,0.04789272030651341,0.051122931442080376,0.03958333333333333,0.03934730408207815,0.04145936981757877,0.02880658436213992,0.007575757575757576,0.005420054200542005,0.050431499460625674,0.05292259083728278,0.33501057052288563,1
0.040149393090569564,0.03389830508474576,0.03869047619047619,0.02435769102435769,0.023349436392914653,0.007070707070707071,0.02830188679245283,0.04553734061930783,0.034482758620689655,0.03664302600472813,0.026909722222222224,0.014734774066797643,0.03067993366500829,0.027160493827160494,0.0,0.03387533875338753,0.05124056094929881,0.05134281200631911,0.45157534361885654,1
0.03968253968253968,0.03389830508474576,0.03273809523809524,0.02052052052052052,0.02214170692431562,0.005050505050505051,0.025157232704402517,0.051001821493624776,0.032567049808429116,0.037825059101654845,0.024305555555555556,0.011569526304300371,0.027155887230514097,0.030041152263374487,0.0025252525252525255,0.024390243902439025,0.05016181229773463,0.050026329647182725,0.47924140466481335,0
