fixed acidity,volatile acidity,citric acid,residual sugar,chlorides,free sulfur dioxide,total sulfur dioxide,density,pH,sulphates,alcohol,Adjusted_p,quality
0.022526146419951733,0.0361145703611457,0.0,0.0062266500622665,0.009713158294126575,0.013568521031207597,0.008994539029874718,0.05159524763049015,0.055118110236220465,0.012520413718018512,0.013986013986013986,0.7696366292306841,5
0.02574416733708769,0.0473225404732254,0.0,0.010585305105853053,0.013052056457732586,0.032564450474898234,0.019595245743655638,0.04492057135228962,0.03292770221904081,0.019052803483941214,0.019580419580419586,0.7346547377718562,5
0.02574416733708769,0.039850560398505604,0.0036363636363636364,0.008717310087173101,0.012141447867658221,0.018995929443690638,0.01541920976549952,0.04625550660792958,0.03722261989978524,0.017419706042460535,0.019580419580419586,0.7550167593334266,5
0.053097345132743355,0.009962640099626403,0.05090909090909091,0.0062266500622665,0.009561390195780848,0.021709633649932156,0.017346610986186957,0.05293018288613011,0.030064423765211176,0.01360914534567229,0.019580419580419586,0.7150024673869397,6
0.022526146419951733,0.0361145703611457,0.0,0.0062266500622665,0.009713158294126575,0.013568521031207597,0.008994539029874718,0.05159524763049015,0.055118110236220465,0.012520413718018512,0.013986013986013986,0.7696366292306841,5
0.022526146419951733,0.033623910336239106,0.0,0.005603985056039851,0.009561390195780848,0.016282225237449117,0.010921940250562158,0.05159524763049015,0.055118110236220465,0.012520413718018512,0.013986013986013986,0.7682606169332341,5
0.026548672566371688,0.0298879202988792,0.005454545454545454,0.0043586550435865505,0.008650781605706483,0.018995929443690638,0.01702537744940572,0.042250700841008966,0.040085898353614875,0.007076755579749592,0.013986013986013986,0.7856787493774269,5
0.021721641190667742,0.03300124533001245,0.0,0.0018679950186799498,0.00804370921232357,0.018995929443690638,0.0048185030517186,0.030236283540248602,0.04652827487473157,0.007621121393576482,0.022377622377622374,0.8047876745667281,7
0.02574416733708769,0.028642590286425903,0.0018181818181818182,0.006849315068493151,0.009257853999089391,0.010854816824966078,0.00385480244137488,0.04492057135228962,0.04438081603435933,0.013064779531845398,0.01538461538461538,0.7952274899212713,7
0.0168946098149638,0.028642590286425903,0.007272727272727273,0.005603985056039851,0.012900288359386843,0.018995929443690638,0.018952778670093158,0.038913362701909066,0.03865425912670006,0.011431682090364726,0.011188811188811175,0.7905489759888875,5
0.008045052292839904,0.03082191780821918,0.0,0.0043586550435865505,0.011686143572621037,0.0203527815468114,0.01702537744940572,0.028233880656787926,0.06012884753042235,0.010342950462710943,0.02097902097902098,0.788025372657574,5
0.02574416733708769,0.030510585305105854,0.026363636363636363,0.0043586550435865505,0.01548034603126423,0.010854816824966078,0.007388371345968519,0.048925377119209496,0.03722261989978524,0.06695699510070768,0.00979020979020978,0.7164042198384726,5
0.031375703942075624,0.009962640099626403,0.05090909090909091,0.005603985056039851,0.012141447867658221,0.04613297150610584,0.031159653067780277,0.045588038980109595,0.040085898353614875,0.02286336418072945,0.029370629370629366,0.6748065766665396,7
0.026548672566371688,0.012453300124533002,0.046363636363636364,0.005603985056039851,0.04993170435574443,0.021709633649932156,0.016061676839061997,0.045588038980109595,0.021474588403722256,0.04082743603701688,0.011188811188811175,0.7022485164350206,6
0.024135156878519706,0.016811955168119553,0.028181818181818183,0.008717310087173101,0.010623766884200928,0.029850746268656716,0.020880179890780597,0.05426511814177006,0.05583392984967788,0.017419706042460535,0.018181818181818167,0.7150984944250045,5
0.026548672566371688,0.019302615193026153,0.01909090909090909,0.0043586550435865505,0.014266201244498407,0.012211668928086838,0.00995823964021844,0.043585636096649664,0.030780243378668568,0.03157321720195972,0.01538461538461538,0.7729393262314095,5
0.031375703942075624,0.023038605230386054,0.01,0.008717310087173101,0.010927303080892398,0.010854816824966078,0.019595245743655638,0.04492057135228962,0.030780243378668568,0.010887316276537835,0.013986013986013986,0.7849168700973411,5
0.018503620273531782,0.017434620174346202,0.012727272727272728,0.009339975093399752,0.011079071179238127,0.027137042062415195,0.010921940250562158,0.04492057135228962,0.04939155332856122,0.01633097441480675,0.018181818181818167,0.7640315409617583,6
0.013676588897827836,0.016811955168119553,0.014545454545454545,0.0031133250311332493,0.010320230687509487,0.013568521031207597,0.005460970125281079,0.036243492190629154,0.04294917680744451,0.012520413718018512,0.012587412587412593,0.8182024592099619,5
0.024135156878519706,0.01805728518057285,0.021818181818181816,0.005603985056039851,0.010320230687509487,0.004070556309362279,0.0016061676839061998,0.040915765585369,0.03865425912670006,0.014153511159499182,0.01538461538461538,0.8052802851297242,5
0.02011263073209976,0.036737235367372355,0.0,0.0062266500622665,0.010320230687509487,0.017639077340569877,0.00931577256665596,0.04759044186356953,0.052254831782390855,0.011976047904191617,0.013986013986013986,0.77384106770736,5
0.02574416733708769,0.032689912826899134,0.0,0.006849315068493151,0.010623766884200928,0.009497964721845319,0.0032123353678123997,0.042250700841008966,0.04581245526127415,0.014153511159499182,0.019580419580419586,0.7895854509514595,6
0.0168946098149638,0.03455790784557908,0.006363636363636364,0.009339975093399752,0.011686143572621037,0.021709633649932156,0.024413748795374238,0.03824589507408909,0.04366499642090194,0.011431682090364726,0.02377622377622377,0.757915547502914,5
0.029766693483507647,0.03331257783312578,0.010909090909090908,0.008717310087173101,0.01077553498254667,0.018995929443690638,0.03437198843559268,0.043585636096649664,0.030780243378668568,0.017964071856287428,0.019580419580419586,0.7412405039132473,5
0.004827031375703946,0.012453300124533002,0.022727272727272728,0.005603985056039851,0.013810896949461223,0.016282225237449117,0.014134275618374558,0.03757842744626911,0.04581245526127415,0.011976047904191617,0.011188811188811175,0.8036052711106195,5
0.02574416733708769,0.032689912826899134,0.0,0.028642590286425903,0.011230839277583851,0.005427408412483039,0.00385480244137488,0.05693498865305072,0.047244094488188976,0.011976047904191617,0.016783216783216773,0.7594719315894973,6
0.02574416733708769,0.0298879202988792,0.012727272727272728,0.009339975093399752,0.011230839277583851,0.0027137042062415195,0.0028911018310311593,0.04959284474703021,0.04867573371510379,0.014697876973326075,0.03356643356643357,0.7589321302266104,6
0.02815768302493966,0.016189290161892904,0.025454545454545455,0.007471980074719802,0.008195477310669299,0.016282225237449117,0.00770960488274976,0.04492057135228962,0.035075161059413024,0.021774632553075667,0.018181818181818167,0.7705870107064375,7
0.021721641190667742,0.020547945205479454,0.03272727272727272,0.031133250311332503,0.00940962209743512,0.014925373134328358,0.026019916479280435,0.05159524763049015,0.042233357193987124,0.02721829069134458,0.029370629370629366,0.6930974539677526,5
0.0337892196299276,0.030510585305105854,0.02727272727272727,0.01183063511830635,0.011534375474275306,0.021709633649932156,0.012849341471249599,0.05026031237485019,0.03722261989978524,0.00979858464888405,0.012587412587412593,0.7406345525675437,4
0.02333065164923572,0.023038605230386054,0.018181818181818184,0.010585305105853053,0.048565791470632884,0.009497964721845319,0.0025698682942499195,0.04492057135228962,0.033643521832498205,0.031028851388132828,0.029370629370629366,0.7252664214024289,6
0.02815768302493966,0.033623910336239106,0.02,0.008094645080946454,0.008650781605706483,0.010854816824966078,0.005460970125281079,0.04492057135228962,0.040085898353614875,0.04735982580293958,0.02657342657342658,0.7262174709196505,5
0.0,0.024906600249066005,0.013636363636363636,0.007471980074719802,0.0063742601305205645,0.009497964721845319,0.018952778670093158,0.022226672006407374,0.08303507516105942,0.012520413718018512,0.06573426573426572,0.7356436258976405,4
0.024939662107803705,0.05074719800747198,0.03909090909090909,0.008094645080946454,0.01548034603126423,0.02849389416553596,0.034693221972373914,0.04625550660792958,0.03650680028632784,0.021774632553075667,0.011188811188811175,0.6827343729075503,5
0.0337892196299276,0.033623910336239106,0.023636363636363636,0.0049813200498132005,0.00940962209743512,0.004070556309362279,0.005460970125281079,0.04692297423574956,0.029348604151753745,0.022318998366902557,0.011188811188811175,0.775248649872361,5
0.016090104585679808,0.024906600249066005,0.0036363636363636364,0.008094645080946454,0.008650781605706483,0.009497964721845319,0.0028911018310311593,0.036910959818449135,0.047244094488188976,0.01633097441480675,0.013986013986013986,0.8117603955819023,6
0.016090104585679808,0.0236612702366127,0.0036363636363636364,0.007471980074719802,0.008499013507360754,0.006784260515603799,0.0025698682942499195,0.036243492190629154,0.04652827487473157,0.016875340228633642,0.013986013986013986,0.8176540178694013,6
0.032180209171359615,0.016189290161892904,0.03272727272727272,0.013075965130759653,0.010471998785855214,0.03934871099050203,0.036299389656280115,0.04625550660792958,0.03292770221904081,0.012520413718018512,0.013986013986013986,0.7140175268450748,5
0.024135156878519706,0.024283935242839352,0.013636363636363636,0.01183063511830635,0.014873273637881318,0.04341926729986431,0.021522646964343077,0.036243492190629154,0.030780243378668568,0.01633097441480675,0.025174825174825163,0.7377691860629526,6
0.04505229283990345,0.0186799501867995,0.05181818181818181,0.015566625155666251,0.00880254970405221,0.004070556309362279,0.0012849341471249597,0.04692297423574956,0.021474588403722256,0.01633097441480675,0.016783216783216773,0.7532131560014141,5
0.02574416733708769,0.029265255292652555,0.01636363636363636,0.008717310087173101,0.009713158294126575,0.021709633649932156,0.01541920976549952,0.04959284474703021,0.04939155332856122,0.014153511159499182,0.022377622377622374,0.7375520975971791,5
0.021721641190667742,0.016811955168119553,0.028181818181818183,0.009339975093399752,0.00940962209743512,0.010854816824966078,0.012849341471249599,0.040915765585369,0.0479599141016464,0.011431682090364726,0.013986013986013986,0.7765374542089498,6
0.0337892196299276,0.017434620174346202,0.03636363636363637,0.008094645080946454,0.010168462589163759,0.024423337856173677,0.014776742691937038,0.05293018288613011,0.05010737294201861,0.016875340228633642,0.011188811188811175,0.7238476283682753,5
0.024939662107803705,0.03549190535491905,0.04454545454545455,0.005603985056039851,0.015632114129609957,0.025780189959294434,0.03405075489881144,0.04492057135228962,0.033643521832498205,0.02068590092542188,0.012587412587412593,0.7021185272504448,5
0.01930812550281577,0.03829389788293898,0.004545454545454546,0.006849315068493151,0.010471998785855214,0.016282225237449117,0.01541920976549952,0.043585636096649664,0.04652827487473157,0.013064779531845398,0.019580419580419586,0.7660706631278476,5
0.02091713596138375,0.03767123287671233,0.004545454545454546,0.02334993773349938,0.011230839277583851,0.004070556309362279,0.0016061676839061998,0.040915765585369,0.0479599141016464,0.00326619488296135,0.03496503496503497,0.769501766077086,5
0.02091713596138375,0.03767123287671233,0.004545454545454546,0.02334993773349938,0.011230839277583851,0.004070556309362279,0.0016061676839061998,0.040915765585369,0.0479599141016464,0.00326619488296135,0.03496503496503497,0.769501766077086,5
0.016090104585679808,0.03642590286425903,0.006363636363636364,0.0043586550435865505,0.009713158294126575,0.006784260515603799,0.0028911018310311593,0.040915765585369,0.05010737294201861,0.01360914534567229,0.03216783216783215,0.7805730644611847,5
0.027353177795655673,0.03642590286425903,0.004545454545454546,0.0062266500622665,0.00940962209743512,0.009497964721845319,0.004176035978156119,0.040915765585369,0.04294917680744451,0.03375068045726728,0.029370629370629366,0.7553789397142175,6
0.024939662107803705,0.03549190535491905,0.02,0.0062266500622665,0.010927303080892398,0.02306648575305292,0.028268551236749116,0.04024829795754903,0.0408017179670723,0.008165487207403373,0.01538461538461538,0.7464793238876762,5
0.029766693483507647,0.03455790784557908,0.023636363636363636,0.007471980074719802,0.010927303080892398,0.013568521031207597,0.011885640860905879,0.05026031237485019,0.0408017179670723,0.010887316276537835,0.011188811188811175,0.7550474321795525,4
0.0337892196299276,0.01805728518057285,0.05818181818181818,0.008094645080946454,0.012293215966003947,0.010854816824966078,0.011564407324124637,0.05693498865305072,0.05726556907659271,0.017964071856287428,0.029370629370629366,0.68562933285508,5
0.017699115044247787,0.041407222914072235,0.0,0.009339975093399752,0.01396266504780695,0.017639077340569877,0.00770960488274976,0.043585636096649664,0.05583392984967788,0.011976047904191617,0.03216783216783215,0.7486788936588022,6
0.0168946098149638,0.03922789539227895,0.010909090909090908,0.006849315068493151,0.011230839277583851,0.014925373134328358,0.023771281721811758,0.03824589507408909,0.04581245526127415,0.010342950462710943,0.02377622377622377,0.7580140701071513,5
0.029766693483507647,0.03144458281444583,0.018181818181818184,0.0037359900373599,0.010320230687509487,0.035278154681139755,0.036299389656280115,0.04759044186356953,0.030064423765211176,0.04300489929232445,0.00979020979020978,0.7045231657466242,4
0.012872083668543848,0.020547945205479454,0.018181818181818184,0.0043586550435865505,0.008650781605706483,0.0027137042062415195,0.0028911018310311593,0.03824589507408909,0.0479599141016464,0.012520413718018512,0.011188811188811175,0.8198688761750276,5
0.022526146419951733,0.0236612702366127,0.042727272727272725,0.006849315068493151,0.011230839277583851,0.027137042062415195,0.021522646964343077,0.04625550660792958,0.04438081603435933,0.013064779531845398,0.00979020979020978,0.7308541552789836,5
0.013676588897827836,0.0112079701120797,0.04363636363636363,0.005603985056039851,0.008650781605706483,0.02306648575305292,0.0176678445229682,0.038913362701909066,0.05010737294201861,0.024496461622210128,0.02657342657342658,0.736399356576397,6
0.018503620273531782,0.02677459526774596,0.013636363636363636,0.008094645080946454,0.009713158294126575,0.024423337856173677,0.010921940250562158,0.04024829795754903,0.0479599141016464,0.014153511159499182,0.02377622377622377,0.7617943923456314,5
0.032180209171359615,0.023038605230386054,0.025454545454545455,0.0062266500622665,0.014873273637881318,0.025780189959294434,0.041760359781561195,0.04759044186356953,0.013600572655690767,0.08818726183995645,0.02097902097902098,0.6603288693644678,6
0.024939662107803705,0.023038605230386054,0.023636363636363636,0.0062266500622665,0.0075884049172863875,0.010854816824966078,0.008030838419530999,0.043585636096649664,0.04652827487473157,0.016875340228633642,0.016783216783216773,0.771912190818165,5
0.037811745776347556,0.016811955168119553,0.04,0.007471980074719802,0.014417969342844134,0.04477611940298507,0.03822679087696756,0.05159524763049015,0.028632784538296353,0.048448557430593356,0.01538461538461538,0.656422234374021,5
0.01930812550281577,0.031133250311332503,0.007272727272727273,0.005603985056039851,0.009713158294126575,0.009497964721845319,0.005782203662062319,0.05159524763049015,0.052970651395848244,0.010887316276537835,0.008391608391608386,0.7878437614845658,5
0.026548672566371688,0.024906600249066005,0.023636363636363636,0.0062266500622665,0.010168462589163759,0.05563093622795115,0.043045293928686154,0.042250700841008966,0.035075161059413024,0.011431682090364726,0.01538461538461538,0.7056948613647289,5
0.032180209171359615,0.023038605230386054,0.025454545454545455,0.0062266500622665,0.014873273637881318,0.025780189959294434,0.041760359781561195,0.04759044186356953,0.013600572655690767,0.08818726183995645,0.02097902097902098,0.6603288693644678,6
0.024939662107803705,0.023038605230386054,0.023636363636363636,0.0062266500622665,0.0075884049172863875,0.010854816824966078,0.008030838419530999,0.043585636096649664,0.04652827487473157,0.016875340228633642,0.016783216783216773,0.771912190818165,5
0.003218020917135964,0.05603985056039851,0.0036363636363636364,0.0031133250311332493,0.005008347245409015,0.05427408412483039,0.025377449405717956,0.02489654251768803,0.0722977809591983,0.008165487207403373,0.029370629370629366,0.7146021190240922,4
0.017699115044247787,0.04078455790784558,0.0,0.013075965130759653,0.013659128851115497,0.009497964721845319,0.005460970125281079,0.04291816846882968,0.05082319255547603,0.012520413718018512,0.03216783216783215,0.7613926913087488,5
0.024135156878519706,0.048567870485678705,0.005454545454545454,0.009962640099626401,0.010168462589163759,0.005427408412483039,0.0012849341471249597,0.04425310372446964,0.04652827487473157,0.012520413718018512,0.019580419580419586,0.7721167700352186,5
0.02815768302493966,0.026463262764632633,0.01636363636363636,0.0062266500622665,0.010320230687509487,0.016282225237449117,0.00931577256665596,0.04759044186356953,0.040085898353614875,0.014153511159499182,0.008391608391608386,0.7766490795246184,6
0.029766693483507647,0.030510585305105854,0.02727272727272727,0.007471980074719802,0.010927303080892398,0.013568521031207597,0.014134275618374558,0.04759044186356953,0.047244094488188976,0.015242242787152966,0.025174825174825163,0.7310963098197283,6
0.02815768302493966,0.026463262764632633,0.01636363636363636,0.0062266500622665,0.010320230687509487,0.016282225237449117,0.00931577256665596,0.04759044186356953,0.040085898353614875,0.014153511159499182,0.008391608391608386,0.7766490795246184,6
0.02815768302493966,0.028331257783312577,0.02,0.007471980074719802,0.009864926392472302,0.014925373134328358,0.018952778670093158,0.04425310372446964,0.03937007874015748,0.00979858464888405,0.011188811188811175,0.7676854226178118,5
0.02091713596138375,0.023038605230386054,0.021818181818181816,0.008094645080946454,0.00880254970405221,0.005427408412483039,0.0096370061034372,0.03958083032972905,0.042233357193987124,0.008165487207403373,0.013986013986013986,0.798298778971996,5
0.02815768302493966,0.028331257783312577,0.02,0.007471980074719802,0.009864926392472302,0.014925373134328358,0.018952778670093158,0.04425310372446964,0.03937007874015748,0.00979858464888405,0.011188811188811175,0.7676854226178118,5
0.02574416733708769,0.01805728518057285,0.06181818181818182,0.0049813200498132005,0.06905448474730612,0.02306648575305292,0.020237712817218118,0.04825790949138952,0.024337866857551894,0.05334784975503538,0.012587412587412593,0.6385093236053778,5
0.012872083668543848,0.031755915317559155,0.028181818181818183,0.0049813200498132005,0.011534375474275306,0.018995929443690638,0.01863154513331192,0.045588038980109595,0.051539012168933425,0.025040827436037017,0.012587412587412593,0.7382917215584951,5
0.02574416733708769,0.027397260273972605,0.017272727272727273,0.005603985056039851,0.01396266504780695,0.014925373134328358,0.013170575008030838,0.042250700841008966,0.032211882605583386,0.032661948829613506,0.01538461538461538,0.7594140992091851,5
0.030571198712791636,0.031133250311332503,0.00818181818181818,0.008094645080946454,0.010927303080892398,0.013568521031207597,0.03276582075168648,0.042250700841008966,0.029348604151753745,0.017964071856287428,0.019580419580419586,0.7556136464198551,5
0.04424778761061947,0.01183063511830635,0.04,0.008717310087173101,0.010320230687509487,0.02849389416553596,0.012849341471249599,0.05826992390869068,0.041517537580529694,0.018508437670114317,0.018181818181818167,0.7070630835184532,6
0.02574416733708769,0.027397260273972605,0.017272727272727273,0.005603985056039851,0.01396266504780695,0.014925373134328358,0.013170575008030838,0.042250700841008966,0.032211882605583386,0.032661948829613506,0.01538461538461538,0.7594140992091851,5
0.03861625100563154,0.017434620174346202,0.028181818181818183,0.008094645080946454,0.011837911670966763,0.016282225237449117,0.017989078059749437,0.043585636096649664,0.02362204724409447,0.01633097441480675,0.029370629370629366,0.748654163462912,6
0.029766693483507647,0.026151930261519307,0.025454545454545455,0.0062266500622665,0.009864926392472302,0.013568521031207597,0.010921940250562158,0.05159524763049015,0.04652827487473157,0.015242242787152966,0.022377622377622374,0.742301405393922,6
0.021721641190667742,0.05915317559153176,0.00818181818181818,0.0049813200498132005,0.025193504325390803,0.012211668928086838,0.026662383552842915,0.040915765585369,0.040085898353614875,0.013064779531845398,0.008391608391608386,0.7394364363174109,5
0.0337892196299276,0.02677459526774596,0.0036363636363636364,0.008094645080946454,0.016239186522992867,0.017639077340569877,0.016061676839061997,0.040915765585369,0.033643521832498205,0.014697876973326075,0.03496503496503497,0.7535430363261634,6
0.021721641190667742,0.035803237858032376,0.0,0.009962640099626401,0.009561390195780848,0.0027137042062415195,0.0022486347574686796,0.05293018288613011,0.053686471009305674,0.010342950462710943,0.011188811188811175,0.7898403361452245,5
0.02574416733708769,0.0236612702366127,0.015454545454545455,0.0043586550435865505,0.010623766884200928,0.027137042062415195,0.03083841953099904,0.03958083032972905,0.04652827487473157,0.008165487207403373,0.01538461538461538,0.7525229256540731,5
0.028962188254223645,0.07534246575342465,0.0,0.0049813200498132005,0.010471998785855214,0.0027137042062415195,0.00192740122068744,0.042250700841008966,0.05654974946313528,0.008709853021230266,0.03496503496503497,0.7331255834393449,5
0.02815768302493966,0.07534246575342465,0.0,0.005603985056039851,0.010623766884200928,0.0027137042062415195,0.00192740122068744,0.042250700841008966,0.05726556907659271,0.008165487207403373,0.03496503496503497,0.7329842017644259,5
0.027353177795655673,0.029265255292652555,0.014545454545454545,0.005603985056039851,0.00804370921232357,0.0027137042062415195,0.0032123353678123997,0.040915765585369,0.04867573371510379,0.03211758301578661,0.029370629370629366,0.7581826668369311,7
0.027353177795655673,0.038916562889165625,0.05090909090909091,0.006849315068493151,0.01608741842464714,0.03934871099050203,0.04111789270799871,0.04492057135228962,0.03579098067287045,0.017964071856287428,0.013986013986013986,0.6667561933469852,5
0.008045052292839904,0.0236612702366127,0.00818181818181818,0.008717310087173101,0.0056154196387919264,0.021709633649932156,0.029874718920655317,0.02422907488986805,0.06370794559770937,0.01633097441480675,0.06433566433566433,0.7255911177541282,5
0.026548672566371688,0.05728518057285181,0.004545454545454546,0.008094645080946454,0.010927303080892398,0.016282225237449117,0.007388371345968519,0.038913362701909066,0.03435934144595563,0.011976047904191617,0.02097902097902098,0.7627003745389882,6
0.030571198712791636,0.038916562889165625,0.01,0.0062266500622665,0.011837911670966763,0.0203527815468114,0.01831031159653068,0.04291816846882968,0.032211882605583386,0.02667392487751769,0.016783216783216773,0.7451973907863199,5
0.02091713596138375,0.018368617683686177,0.03272727272727272,0.006849315068493151,0.010471998785855214,0.016282225237449117,0.012528107934468359,0.04759044186356953,0.052970651395848244,0.016875340228633642,0.011188811188811175,0.7532300819245289,5
0.030571198712791636,0.038916562889165625,0.01,0.0062266500622665,0.011837911670966763,0.0203527815468114,0.01831031159653068,0.04291816846882968,0.032211882605583386,0.02667392487751769,0.016783216783216773,0.7451973907863199,5
0.004827031375703946,0.013698630136986302,0.0,0.005603985056039851,0.005767187737137655,0.035278154681139755,0.01831031159653068,0.01021225470564701,0.06728704366499644,0.025040827436037017,0.07832167832167831,0.735652895288103,6
0.013676588897827836,0.016811955168119553,0.007272727272727273,0.0049813200498132005,0.008195477310669299,0.0027137042062415195,0.004497269514937359,0.035576024562808437,0.04294917680744451,0.01360914534567229,0.013986013986013986,0.8357305968777248,5
0.004827031375703946,0.013698630136986302,0.0,0.005603985056039851,0.005767187737137655,0.035278154681139755,0.01831031159653068,0.01021225470564701,0.06728704366499644,0.025040827436037017,0.07832167832167831,0.735652895288103,6
0.02815768302493966,0.03424657534246576,0.05,0.005603985056039851,0.015935650326301395,0.04206241519674356,0.043366527465467396,0.04492057135228962,0.030780243378668568,0.01578660860097986,0.013986013986013986,0.6751537262700903,5
0.009654062751407885,0.034869240348692404,0.0018181818181818182,0.005603985056039851,0.01138260737592958,0.027137042062415195,0.028268551236749116,0.0289013482846079,0.05726556907659271,0.010342950462710943,0.022377622377622374,0.7623788391490502,5
0.018503620273531782,0.023038605230386054,0.009090909090909092,0.008717310087173101,0.00940962209743512,0.014925373134328358,0.00770960488274976,0.038913362701909066,0.04867573371510379,0.01360914534567229,0.025174825174825163,0.7822318882659764,6
0.021721641190667742,0.013075965130759653,0.042727272727272725,0.007471980074719802,0.009864926392472302,0.005427408412483039,0.0016061676839061998,0.03824589507408909,0.042233357193987124,0.010887316276537835,0.02657342657342658,0.7801646432696778,6
0.03700724054706355,0.024906600249066005,0.09090909090909091,0.015566625155666251,0.09075732281074518,0.04206241519674356,0.020237712817218118,0.06360966493125125,0.0,0.09090909090909091,0.013986013986013986,0.5100482224880503,4
0.02333065164923572,0.0298879202988792,0.002727272727272727,0.005603985056039851,0.012596752162695402,0.032564450474898234,0.029874718920655317,0.03290615405152852,0.04366499642090194,0.011431682090364726,0.02377622377622377,0.7516351923713046,5
0.02333065164923572,0.0298879202988792,0.002727272727272727,0.005603985056039851,0.012596752162695402,0.032564450474898234,0.029874718920655317,0.03290615405152852,0.04366499642090194,0.011431682090364726,0.02377622377622377,0.7516351923713046,5
0.02011263073209976,0.019302615193026153,0.03818181818181818,0.028642590286425903,0.008954317802397936,0.036635006784260515,0.039190491487311276,0.04825790949138952,0.04867573371510379,0.02068590092542188,0.029370629370629366,0.6619903560301157,5
0.02011263073209976,0.019302615193026153,0.03818181818181818,0.028642590286425903,0.00880254970405221,0.037991858887381276,0.03951172502409251,0.04825790949138952,0.04867573371510379,0.021230266739248774,0.029370629370629366,0.6599196726747325,5
0.02011263073209976,0.019302615193026153,0.03818181818181818,0.028642590286425903,0.008954317802397936,0.036635006784260515,0.039190491487311276,0.04825790949138952,0.04867573371510379,0.02068590092542188,0.029370629370629366,0.6619903560301157,5
0.02011263073209976,0.034869240348692404,0.0,0.008094645080946454,0.009257853999089391,0.014925373134328358,0.005139736588499839,0.045588038980109595,0.052970651395848244,0.009254218835057159,0.012587412587412593,0.7872001983179162,5
0.017699115044247787,0.0298879202988792,0.01636363636363636,0.0062266500622665,0.010168462589163759,0.02306648575305292,0.025698682942499197,0.04492057135228962,0.06084466714387973,0.013064779531845398,0.012587412587412593,0.7394716163308269,6
0.024135156878519706,0.05168119551681195,0.002727272727272727,0.006849315068493151,0.011837911670966763,0.008141112618724558,0.004497269514937359,0.038913362701909066,0.03292770221904081,0.012520413718018512,0.016783216783216773,0.7889860705820886,5
0.024135156878519706,0.034869240348692404,0.0018181818181818182,0.0024906600249066002,0.009106085900743664,0.010854816824966078,0.004497269514937359,0.04291816846882968,0.030780243378668568,0.04082743603701688,0.011188811188811175,0.7865139296157261,4
0.02574416733708769,0.025529265255292654,0.0036363636363636364,0.0049813200498132005,0.009713158294126575,0.021709633649932156,0.008030838419530999,0.042250700841008966,0.042233357193987124,0.012520413718018512,0.022377622377622374,0.7812731592272162,6
0.022526146419951733,0.0298879202988792,0.023636363636363636,0.039850560398505604,0.00880254970405221,0.04748982360922659,0.0369418567298426,0.05426511814177006,0.045096635647816755,0.008709853021230266,0.013986013986013986,0.6688071584063473,5
0.021721641190667742,0.029265255292652555,0.023636363636363636,0.03922789539227895,0.00880254970405221,0.04613297150610584,0.0369418567298426,0.05359765051395009,0.045096635647816755,0.008709853021230266,0.013986013986013986,0.6728813133790253,5
0.02574416733708769,0.031755915317559155,0.04363636363636363,0.0049813200498132005,0.013355592654424042,0.017639077340569877,0.028911018310311596,0.04024829795754903,0.032211882605583386,0.01578660860097986,0.01538461538461538,0.7303451408051431,5
0.017699115044247787,0.03237858032378581,0.009090909090909092,0.007471980074719802,0.011079071179238127,0.02306648575305292,0.030517185994217797,0.036910959818449135,0.04294917680744451,0.010342950462710943,0.025174825174825163,0.7533187602763989,5
0.021721641190667742,0.02677459526774596,0.002727272727272727,0.0043586550435865505,0.009106085900743664,0.021709633649932156,0.011564407324124637,0.036910959818449135,0.045096635647816755,0.008165487207403373,0.008391608391608386,0.803473017830649,4
0.017699115044247787,0.031755915317559155,0.006363636363636364,0.007471980074719802,0.011686143572621037,0.013568521031207597,0.012206874397687119,0.034908556934988455,0.052254831782390855,0.011976047904191617,0.027972027972027972,0.7721363496047222,6
0.026548672566371688,0.047633872976338726,0.002727272727272727,0.005603985056039851,0.006981332523903461,0.004070556309362279,0.0006424670735624799,0.04759044186356953,0.04438081603435933,0.0,0.00979020979020978,0.8040303730790102,4
0.027353177795655673,0.0186799501867995,0.015454545454545455,0.006849315068493151,0.009257853999089391,0.006784260515603799,0.00385480244137488,0.04759044186356953,0.03937007874015748,0.015242242787152966,0.011188811188811175,0.798374519958747,6
0.022526146419951733,0.031133250311332503,0.004545454545454546,0.0062266500622665,0.008499013507360754,0.031207598371777476,0.011564407324124637,0.04024829795754903,0.04867573371510379,0.013064779531845398,0.043356643356643354,0.7389520248965903,6
0.018503620273531782,0.0236612702366127,0.0036363636363636364,0.0037359900373599,0.011079071179238127,0.024423337856173677,0.013813042081593318,0.03824589507408909,0.04366499642090194,0.024496461622210128,0.01538461538461538,0.7793553361973103,5
0.021721641190667742,0.016189290161892904,0.01909090909090909,0.006849315068493151,0.010320230687509487,0.008141112618724558,0.00931577256665596,0.04024829795754903,0.042233357193987124,0.007621121393576482,0.01538461538461538,0.802884336685419,5
0.02333065164923572,0.024906600249066005,0.03818181818181818,0.008717310087173101,0.01138260737592958,0.009497964721845319,0.010279473176999678,0.04759044186356953,0.06012884753042235,0.015242242787152966,0.029370629370629366,0.7213714130061581,6
0.01930812550281577,0.04265255292652553,0.0,0.009962640099626401,0.008499013507360754,0.008141112618724558,0.004497269514937359,0.045588038980109595,0.052970651395848244,0.012520413718018512,0.016783216783216773,0.7790769649528164,5
0.0337892196299276,0.030510585305105854,0.012727272727272728,0.009339975093399752,0.008347245409015026,0.012211668928086838,0.011564407324124637,0.045588038980109595,0.032211882605583386,0.014153511159499182,0.01538461538461538,0.77417157745326,5
0.0337892196299276,0.030510585305105854,0.012727272727272728,0.009339975093399752,0.008347245409015026,0.012211668928086838,0.011564407324124637,0.045588038980109595,0.032211882605583386,0.014153511159499182,0.01538461538461538,0.77417157745326,5
0.03459372485921159,0.030510585305105854,0.04454545454545455,0.006849315068493151,0.03915616937319776,0.029850746268656716,0.033408287825248954,0.04759044186356953,0.027201145311381535,0.03756124115405552,0.012587412587412593,0.6561454758382123,5
0.02091713596138375,0.03798256537982565,0.0018181818181818182,0.009962640099626401,0.009713158294126575,0.0203527815468114,0.011564407324124637,0.04759044186356953,0.05010737294201861,0.010342950462710943,0.012587412587412593,0.767060951720208,5
0.017699115044247787,0.030510585305105854,0.018181818181818184,0.005603985056039851,0.009864926392472302,0.013568521031207597,0.018952778670093158,0.04692297423574956,0.05726556907659271,0.01360914534567229,0.012587412587412593,0.7552331690735882,5
0.0168946098149638,0.031133250311332503,0.01909090909090909,0.0062266500622665,0.010168462589163759,0.009497964721845319,0.017989078059749437,0.04625550660792958,0.05583392984967788,0.01360914534567229,0.012587412587412593,0.7607130809590773,6
0.03459372485921159,0.01183063511830635,0.05181818181818181,0.006849315068493151,0.015025041736227046,0.033921302578019,0.025377449405717956,0.04692297423574956,0.03722261989978524,0.010887316276537835,0.018181818181818167,0.7073696208219522,5
0.022526146419951733,0.016811955168119553,0.04363636363636363,0.006849315068493151,0.010623766884200928,0.017639077340569877,0.019595245743655638,0.04759044186356953,0.04294917680744451,0.011976047904191617,0.011188811188811175,0.7486136519746287,5
0.026548672566371688,0.0236612702366127,0.030000000000000002,0.006849315068493151,0.010927303080892398,0.018995929443690638,0.04400899453902987,0.04492057135228962,0.03292770221904081,0.011976047904191617,0.01538461538461538,0.7337995782047722,5
0.028962188254223645,0.0236612702366127,0.031818181818181815,0.012453300124533,0.009864926392472302,0.027137042062415195,0.038869257950530034,0.05026031237485019,0.035075161059413024,0.01578660860097986,0.013986013986013986,0.7121257371397742,5
0.014481094127111831,0.015566625155666251,0.022727272727272728,0.0062266500622665,0.00940962209743512,0.027137042062415195,0.013813042081593318,0.048925377119209496,0.05941302791696492,0.01578660860097986,0.019580419580419586,0.7469332184686652,6
0.024135156878519706,0.02677459526774596,0.01909090909090909,0.008094645080946454,0.008954317802397936,0.008141112618724558,0.007067137809187279,0.042250700841008966,0.03865425912670006,0.011976047904191617,0.018181818181818167,0.7866792993978502,5
0.024135156878519706,0.02677459526774596,0.01909090909090909,0.008094645080946454,0.008954317802397936,0.008141112618724558,0.007067137809187279,0.042250700841008966,0.03865425912670006,0.011976047904191617,0.018181818181818167,0.7866792993978502,5
0.021721641190667742,0.028642590286425903,0.02727272727272727,0.009339975093399752,0.00940962209743512,0.018995929443690638,0.01574044330228076,0.04492057135228962,0.051539012168933425,0.014153511159499182,0.025174825174825163,0.7330891514578255,5
0.05551086082059533,0.0112079701120797,0.05454545454545454,0.006849315068493151,0.008347245409015026,0.014925373134328358,0.006745904272406039,0.05359765051395009,0.026485325697924108,0.03483941208492106,0.02377622377622377,0.7031692645646088,6
0.018503620273531782,0.06039850560398507,0.005454545454545454,0.007471980074719802,0.007436636818940659,0.014925373134328358,0.008030838419530999,0.03157121879588856,0.055118110236220465,0.005443658138268915,0.04195804195804196,0.743687471091998,4
0.04022526146419952,0.012453300124533002,0.042727272727272725,0.0031133250311332493,0.006677796327212005,0.010854816824966078,0.005782203662062319,0.045921772794019586,0.03435934144595563,0.02667392487751769,0.02657342657342658,0.7446375581477016,7
0.01930812550281577,0.019302615193026153,0.03272727272727272,0.0043586550435865505,0.011686143572621037,0.017639077340569877,0.00995823964021844,0.04058203177145902,0.04294917680744451,0.012520413718018512,0.011188811188811175,0.7777794374941562,6
0.06596942880128721,0.0112079701120797,0.06727272727272728,0.010585305105853053,0.012596752162695402,0.010854816824966078,0.007067137809187279,0.06227472967561055,0.03292770221904081,0.023952095808383235,0.03356643356643357,0.6617249006417358,7
0.06596942880128721,0.0112079701120797,0.06727272727272728,0.010585305105853053,0.012596752162695402,0.010854816824966078,0.007067137809187279,0.06227472967561055,0.03292770221904081,0.023952095808383235,0.03356643356643357,0.6617249006417358,7
0.02574416733708769,0.019925280199252802,0.025454545454545455,0.011207970112079703,0.013355592654424042,0.02306648575305292,0.028589784773530358,0.043585636096649664,0.03435934144595563,0.018508437670114317,0.013986013986013986,0.7422167445172934,5
0.0410297666934835,0.025529265255292654,0.05454545454545454,0.006849315068493151,0.004097738655334649,0.005427408412483039,0.004176035978156119,0.03857962888799908,0.040085898353614875,0.02885138813282526,0.055944055944055944,0.6948840440728072,6
0.027353177795655673,0.03767123287671233,0.021818181818181816,0.01183063511830635,0.01077553498254667,0.012211668928086838,0.017989078059749437,0.04525430516619961,0.04366499642090194,0.012520413718018512,0.022377622377622374,0.7365331527380184,6
0.028962188254223645,0.02801992528019925,0.023636363636363636,0.008094645080946454,0.007284868720594931,0.036635006784260515,0.018952778670093158,0.038913362701909066,0.040085898353614875,0.005443658138268915,0.02377622377622377,0.7401950806033017,5
0.02574416733708769,0.03829389788293898,0.007272727272727273,0.009339975093399752,0.012141447867658221,0.012211668928086838,0.0112431737873434,0.048925377119209496,0.03579098067287045,0.02068590092542188,0.019580419580419586,0.7587702635328364,6
0.01930812550281577,0.023038605230386054,0.04454545454545455,0.02926525529265255,0.007284868720594931,0.033921302578019,0.0369418567298426,0.048925377119209496,0.04294917680744451,0.023407729994556346,0.029370629370629366,0.6610416181083949,5
0.0329847144006436,0.03144458281444583,0.014545454545454545,0.006849315068493151,0.013507360752769754,0.016282225237449117,0.013813042081593318,0.040915765585369,0.028632784538296353,0.013064779531845398,0.03636363636363636,0.7515963390800036,5
0.02815768302493966,0.03767123287671233,0.02,0.008094645080946454,0.009106085900743664,0.013568521031207597,0.0112431737873434,0.04425310372446964,0.04438081603435933,0.011976047904191617,0.00979020979020978,0.7617584808448765,5
0.02333065164923572,0.023038605230386054,0.017272727272727273,0.0062266500622665,0.009713158294126575,0.012211668928086838,0.012206874397687119,0.03757842744626911,0.04652827487473157,0.011431682090364726,0.018181818181818167,0.7822794615723003,5
0.02574416733708769,0.013698630136986302,0.03363636363636364,0.006849315068493151,0.010623766884200928,0.031207598371777476,0.016704143912624477,0.042250700841008966,0.04294917680744451,0.014153511159499182,0.013986013986013986,0.7481966118584997,6
0.022526146419951733,0.025529265255292654,0.023636363636363636,0.006849315068493151,0.013507360752769754,0.0203527815468114,0.021201413427561835,0.03757842744626911,0.029348604151753745,0.013064779531845398,0.013986013986013986,0.7724195287768736,5
0.017699115044247787,0.030510585305105854,0.0036363636363636364,0.0037359900373599,0.0068295644255577485,0.005427408412483039,0.0012849341471249597,0.034574823121078464,0.04867573371510379,0.014697876973326075,0.01538461538461538,0.8175429897976334,5
0.032180209171359615,0.032689912826899134,0.022727272727272728,0.006849315068493151,0.01077553498254667,0.009497964721845319,0.007067137809187279,0.05393138432786007,0.03865425912670006,0.014697876973326075,0.022377622377622374,0.7485515098868876,6
0.024939662107803705,0.019302615193026153,0.022727272727272728,0.010585305105853053,0.009257853999089391,0.037991858887381276,0.01831031159653068,0.04058203177145902,0.045096635647816755,0.01360914534567229,0.029370629370629366,0.7282266782474656,6
0.03459372485921159,0.029265255292652555,0.045454545454545456,0.006849315068493151,0.04932463196236152,0.035278154681139755,0.024092515258592996,0.042250700841008966,0.021474588403722256,0.06967882416984214,0.01538461538461538,0.6263531286238142,6
0.004827031375703946,0.0224159402241594,0.0036363636363636364,0.0043586550435865505,0.0063742601305205645,0.024423337856173677,0.032123353678123995,0.01755439861166752,0.05726556907659271,0.01578660860097986,0.05314685314685313,0.758087628619275,7
0.027353177795655673,0.016189290161892904,0.005454545454545454,0.005603985056039851,0.01001669449081803,0.014925373134328358,0.013813042081593318,0.041249499399278994,0.045096635647816755,0.010342950462710943,0.02097902097902098,0.7889757853362988,6
0.031375703942075624,0.015566625155666251,0.018181818181818184,0.01183063511830635,0.011837911670966763,0.02306648575305292,0.016704143912624477,0.05293018288613011,0.04294917680744451,0.02014153511159499,0.016783216783216773,0.738632564677103,6
0.028962188254223645,0.0547945205479452,0.00818181818181818,0.008717310087173101,0.00804370921232357,0.008141112618724558,0.00995823964021844,0.04525430516619961,0.041517537580529694,0.011976047904191617,0.008391608391608386,0.766061602415044,6
0.02091713596138375,0.031755915317559155,0.0,0.0062266500622665,0.012900288359386843,0.017639077340569877,0.010279473176999678,0.04458683753837963,0.045096635647816755,0.01360914534567229,0.008391608391608386,0.7885972328583571,6
0.03459372485921159,0.03206724782067248,0.03363636363636364,0.0049813200498132005,0.03809379268477766,0.005427408412483039,0.017989078059749437,0.04692297423574956,0.01861130994989262,0.04137180185084377,0.012587412587412593,0.7137175658530304,5
0.05953338696701529,0.016189290161892904,0.05090909090909091,0.007471980074719802,0.012293215966003947,0.006784260515603799,0.005782203662062319,0.06127352823388059,0.028632784538296353,0.02068590092542188,0.03496503496503497,0.6954793230809773,6
0.024939662107803705,0.028642590286425903,0.009090909090909092,0.005603985056039851,0.013659128851115497,0.036635006784260515,0.03308705428846771,0.03724469363235912,0.024337866857551894,0.008709853021230266,0.019580419580419586,0.7584688304434168,6
0.083668543845535,0.00560398505603985,0.04,0.008094645080946454,0.009561390195780848,0.012211668928086838,0.005782203662062319,0.0666132692564419,0.02362204724409447,0.027762656505171478,0.011188811188811175,0.7058907790370297,7
0.083668543845535,0.00560398505603985,0.04,0.008094645080946454,0.009561390195780848,0.012211668928086838,0.005782203662062319,0.0666132692564419,0.02362204724409447,0.027762656505171478,0.011188811188811175,0.7058907790370297,7
0.021721641190667742,0.033623910336239106,0.0,0.006849315068493151,0.010927303080892398,0.006784260515603799,0.005460970125281079,0.054932585769590044,0.06227630637079456,0.03429504627109417,0.02097902097902098,0.742149640292323,6
0.02011263073209976,0.034869240348692404,0.006363636363636364,0.0062266500622665,0.009561390195780848,0.0203527815468114,0.014455509155155798,0.04525430516619961,0.04581245526127415,0.010342950462710943,0.01538461538461538,0.7712638353207568,5
0.021721641190667742,0.033623910336239106,0.0,0.006849315068493151,0.010927303080892398,0.006784260515603799,0.005460970125281079,0.054932585769590044,0.06227630637079456,0.03429504627109417,0.02097902097902098,0.742149640292323,6
0.04987932421560741,0.012453300124533002,0.04,0.0043586550435865505,0.007740173015632115,0.0203527815468114,0.00995823964021844,0.05626752102523074,0.03435934144595563,0.024496461622210128,0.022377622377622374,0.7177565799425922,6
0.02011263073209976,0.0298879202988792,0.0,0.005603985056039851,0.00940962209743512,0.0203527815468114,0.008994539029874718,0.04759044186356953,0.052254831782390855,0.02014153511159499,0.02097902097902098,0.7646726915022836,6
0.05229283990345937,0.014321295143212951,0.04363636363636363,0.013698630136986302,0.011837911670966763,0.005427408412483039,0.0048185030517186,0.05693498865305072,0.030780243378668568,0.010887316276537835,0.029370629370629366,0.7259938703659229,5
0.024939662107803705,0.04078455790784558,0.03818181818181818,0.0062266500622665,0.012141447867658221,0.009497964721845319,0.025698682942499197,0.038913362701909066,0.035075161059413024,0.014153511159499182,0.01538461538461538,0.7390025659028266,5
0.027353177795655673,0.02801992528019925,0.02090909090909091,0.014321295143212953,0.009257853999089391,0.021709633649932156,0.036299389656280115,0.04458683753837963,0.03722261989978524,0.013064779531845398,0.012587412587412593,0.7346679840091167,5
0.03861625100563154,0.013698630136986302,0.03363636363636364,0.008094645080946454,0.009561390195780848,0.005427408412483039,0.0022486347574686796,0.05293018288613011,0.03435934144595563,0.01578660860097986,0.011188811188811175,0.7744517326524627,5
0.016090104585679808,0.035803237858032376,0.0,0.007471980074719802,0.009561390195780848,0.014925373134328358,0.016061676839061997,0.04492057135228962,0.053686471009305674,0.018508437670114317,0.011188811188811175,0.771781946091876,5
0.024939662107803705,0.01805728518057285,0.06909090909090909,0.005603985056039851,0.09090909090909091,0.009497964721845319,0.012528107934468359,0.04492057135228962,0.022906227630637075,0.05062602068590092,0.013986013986013986,0.6369341613444283,5
0.043443282381335484,0.01183063511830635,0.042727272727272725,0.010585305105853053,0.011079071179238127,0.017639077340569877,0.008673305493093478,0.06394339874516125,0.04438081603435933,0.025585193249863913,0.029370629370629366,0.690742013254317,7
0.026548672566371688,0.013075965130759653,0.02090909090909091,0.0049813200498132005,0.009864926392472302,0.02306648575305292,0.012528107934468359,0.041249499399278994,0.03937007874015748,0.017419706042460535,0.012587412587412593,0.7783987344946613,5
0.01930812550281577,0.05323785803237858,0.0036363636363636364,0.006849315068493151,0.01138260737592958,0.014925373134328358,0.019595245743655638,0.03724469363235912,0.04366499642090194,0.014697876973326075,0.013986013986013986,0.7614715304934342,4
0.027353177795655673,0.024906600249066005,0.002727272727272727,0.0049813200498132005,0.00880254970405221,0.012211668928086838,0.00931577256665596,0.0379121612601791,0.04294917680744451,0.013064779531845398,0.022377622377622374,0.793397898002306,5
0.026548672566371688,0.015566625155666251,0.02090909090909091,0.005603985056039851,0.009864926392472302,0.029850746268656716,0.013813042081593318,0.041583233213188985,0.03865425912670006,0.018508437670114317,0.012587412587412593,0.7665095689726931,5
0.06355591311343524,0.027397260273972605,0.04454545454545455,0.009339975093399752,0.007891941113977842,0.005427408412483039,0.006745904272406039,0.0656120678147112,0.024337866857551894,0.029395753946652156,0.03496503496503497,0.6807854195909206,5
0.02815768302493966,0.04669987546699876,0.0,0.0149439601494396,0.01274852026104113,0.033921302578019,0.0176678445229682,0.06794820451208185,0.06156048675733716,0.021230266739248774,0.019580419580419586,0.6755414364075063,4
0.026548672566371688,0.014321295143212951,0.04181818181818182,0.016811955168119553,0.01001669449081803,0.018995929443690638,0.00995823964021844,0.04825790949138952,0.04366499642090194,0.02885138813282526,0.06153846153846154,0.6792162761458086,8
0.018503620273531782,0.026151930261519307,0.0036363636363636364,0.013075965130759653,0.009864926392472302,0.008141112618724558,0.006745904272406039,0.057602456280870705,0.06800286327845383,0.03157321720195972,0.013986013986013986,0.7427156266669245,6
0.05551086082059533,0.0037359900373599,0.046363636363636364,0.019302615193026153,0.01396266504780695,0.004070556309362279,0.005460970125281079,0.06360966493125125,0.03865425912670006,0.03483941208492106,0.02377622377622377,0.6907131461838358,6
0.026548672566371688,0.026463262764632633,0.005454545454545454,0.019302615193026153,0.01138260737592958,0.035278154681139755,0.0176678445229682,0.04291816846882968,0.04438081603435933,0.018508437670114317,0.03216783216783215,0.719927043100251,6
0.026548672566371688,0.026463262764632633,0.005454545454545454,0.019302615193026153,0.01138260737592958,0.035278154681139755,0.0176678445229682,0.04291816846882968,0.04438081603435933,0.018508437670114317,0.03216783216783215,0.719927043100251,6
0.018503620273531782,0.026151930261519307,0.0036363636363636364,0.013075965130759653,0.009864926392472302,0.008141112618724558,0.006745904272406039,0.057602456280870705,0.06800286327845383,0.03157321720195972,0.013986013986013986,0.7427156266669245,6
0.05551086082059533,0.0037359900373599,0.046363636363636364,0.019302615193026153,0.01396266504780695,0.004070556309362279,0.005460970125281079,0.06360966493125125,0.03865425912670006,0.03483941208492106,0.02377622377622377,0.6907131461838358,6
0.04585679806918746,0.012453300124533002,0.04090909090909091,0.03424657534246575,0.009257853999089391,0.005427408412483039,0.0022486347574686796,0.05026031237485019,0.035075161059413024,0.02667392487751769,0.05874125874125873,0.6788496813326421,8
0.03459372485921159,0.017434620174346202,0.02909090909090909,0.02926525529265255,0.01138260737592958,0.012211668928086838,0.013170575008030838,0.06027232679215062,0.04581245526127415,0.023952095808383235,0.029370629370629366,0.6934431320383959,7
0.054706355591311345,0.008717310087173101,0.04,0.016811955168119553,0.008954317802397936,0.006784260515603799,0.004176035978156119,0.05693498865305072,0.027201145311381535,0.02667392487751769,0.012587412587412593,0.7364522934278757,6
0.024939662107803705,0.009339975093399754,0.06181818181818182,0.016189290161892904,0.0525117620276218,0.005427408412483039,0.0012849341471249597,0.04759044186356953,0.03650680028632784,0.04082743603701688,0.02097902097902098,0.6825850870655568,7
0.03459372485921159,0.017434620174346202,0.02909090909090909,0.02926525529265255,0.01138260737592958,0.012211668928086838,0.013170575008030838,0.06027232679215062,0.04581245526127415,0.023952095808383235,0.029370629370629366,0.6934431320383959,7
0.04263877715205149,0.029265255292652555,0.006363636363636364,0.015566625155666251,0.013659128851115497,0.04206241519674356,0.020880179890780597,0.06728073688426188,0.0408017179670723,0.02068590092542188,0.019580419580419586,0.6812152067401781,5
0.04263877715205149,0.029265255292652555,0.006363636363636364,0.015566625155666251,0.013659128851115497,0.04206241519674356,0.020880179890780597,0.06728073688426188,0.0408017179670723,0.02068590092542188,0.019580419580419586,0.6812152067401781,5
0.05953338696701529,0.020547945205479454,0.05,0.006849315068493151,0.009257853999089391,0.032564450474898234,0.013813042081593318,0.06427713255907123,0.025769506084466712,0.023407729994556346,0.02657342657342658,0.6674062109919103,6
0.02333065164923572,0.017434620174346202,0.010909090909090908,0.013075965130759653,0.012141447867658221,0.037991858887381276,0.015097976228718278,0.04425310372446964,0.045096635647816755,0.02014153511159499,0.02657342657342658,0.7339536880955018,6
0.0329847144006436,0.024906600249066005,0.00818181818181818,0.009962640099626401,0.01198967976931249,0.025780189959294434,0.013813042081593318,0.05026031237485019,0.04294917680744451,0.02885138813282526,0.03076923076923076,0.7195512071742949,7
0.05631536604987932,0.0186799501867995,0.04818181818181819,0.0149439601494396,0.014114433146152681,0.04341926729986431,0.029553485383874076,0.07295421172073097,0.03292770221904081,0.03375068045726728,0.011188811188811175,0.6239703140163222,5
0.0329847144006436,0.024906600249066005,0.00818181818181818,0.009962640099626401,0.01198967976931249,0.025780189959294434,0.013813042081593318,0.05026031237485019,0.04294917680744451,0.02885138813282526,0.03076923076923076,0.7195512071742949,7
0.04666130329847144,0.02677459526774596,0.02090909090909091,0.011207970112079703,0.01198967976931249,0.02306648575305292,0.013491808544812078,0.06227472967561055,0.03435934144595563,0.016875340228633642,0.02657342657342658,0.7058162284218081,6
0.018503620273531782,0.0149439601494396,0.022727272727272728,0.009339975093399752,0.013052056457732586,0.005427408412483039,0.0032123353678123997,0.042250700841008966,0.0479599141016464,0.014697876973326075,0.02377622377622377,0.7841086558261229,6
0.06999195494770717,0.013698630136986302,0.04727272727272727,0.014321295143212953,0.012444984064349674,0.021709633649932156,0.015097976228718278,0.07562408223201235,0.02219040801717965,0.026129559063690803,0.01538461538461538,0.666134133858868,6
0.04987932421560741,0.0236612702366127,0.04181818181818182,0.009962640099626401,0.009257853999089391,0.005427408412483039,0.006745904272406039,0.06694700307035115,0.02219040801717965,0.016875340228633642,0.01538461538461538,0.7318500502452134,5
0.04827031375703941,0.04420921544209216,0.03363636363636364,0.010585305105853053,0.011230839277583851,0.033921302578019,0.020558946353999356,0.05359765051395009,0.030064423765211176,0.010342950462710943,0.02097902097902098,0.6826036681281563,5
0.02011263073209976,0.031755915317559155,0.005454545454545454,0.006849315068493151,0.01077553498254667,0.009497964721845319,0.007388371345968519,0.05660125483914073,0.06657122405153902,0.021774632553075667,0.016783216783216773,0.7464353941499697,5
0.02091713596138375,0.03300124533001245,0.0018181818181818182,0.008717310087173101,0.012444984064349674,0.005427408412483039,0.008030838419530999,0.06160726204779057,0.06657122405153902,0.025585193249863913,0.018181818181818167,0.7376973983758734,5
0.02333065164923572,0.025529265255292654,0.005454545454545454,0.010585305105853053,0.011230839277583851,0.025780189959294434,0.012206874397687119,0.04291816846882968,0.04581245526127415,0.014153511159499182,0.03216783216783215,0.7508303618430726,6
0.05229283990345937,0.0037359900373599,0.04363636363636363,0.0037359900373599,0.008499013507360754,0.008141112618724558,0.0028911018310311593,0.04825790949138952,0.03435934144595563,0.016875340228633642,0.02377622377622377,0.7537987734861382,6
0.029766693483507647,0.03642590286425903,0.010909090909090908,0.010585305105853053,0.012141447867658221,0.014925373134328358,0.007067137809187279,0.06227472967561055,0.055118110236220465,0.021230266739248774,0.022377622377622374,0.7171783197974133,5
0.030571198712791636,0.03300124533001245,0.05454545454545454,0.007471980074719802,0.01517680983457276,0.014925373134328358,0.026983617089624157,0.04825790949138952,0.03292770221904081,0.010342950462710943,0.011188811188811175,0.7146069479165439,5
0.024135156878519706,0.031133250311332503,0.02909090909090909,0.008094645080946454,0.010623766884200928,0.008141112618724558,0.01541920976549952,0.043585636096649664,0.04438081603435933,0.010342950462710943,0.013986013986013986,0.7610665327901334,5
0.04585679806918746,0.01805728518057285,0.03818181818181818,0.009339975093399752,0.030505387767491274,0.006784260515603799,0.0025698682942499195,0.06227472967561055,0.032211882605583386,0.01578660860097986,0.01538461538461538,0.7230467706308876,6
0.04585679806918746,0.019302615193026153,0.04,0.009339975093399752,0.030657155865837,0.005427408412483039,0.00192740122068744,0.06227472967561055,0.032211882605583386,0.01633097441480675,0.01538461538461538,0.721286444064763,6
0.026548672566371688,0.025529265255292654,0.021818181818181816,0.006849315068493151,0.009106085900743664,0.018995929443690638,0.03180212014134275,0.03958083032972905,0.03793843951324266,0.011431682090364726,0.013986013986013986,0.7564134638865332,6
0.035398230088495575,0.021170610211706103,0.028181818181818183,0.01183063511830635,0.012293215966003947,0.024423337856173677,0.029553485383874076,0.05393138432786007,0.041517537580529694,0.01633097441480675,0.01538461538461538,0.7099841554858102,6
0.032180209171359615,0.021793275217932753,0.02727272727272727,0.013075965130759653,0.009713158294126575,0.03934871099050203,0.04143912624477996,0.05026031237485019,0.040085898353614875,0.010887316276537835,0.013986013986013986,0.6999572866867952,5
0.022526146419951733,0.0149439601494396,0.026363636363636363,0.010585305105853053,0.01138260737592958,0.033921302578019,0.021201413427561835,0.04258443465491895,0.04652827487473157,0.019052803483941214,0.03636363636363636,0.7145464792023808,5
0.0418342719227675,0.033623910336239106,0.035454545454545454,0.014321295143212953,0.01077553498254667,0.027137042062415195,0.01702537744940572,0.058937391536510654,0.045096635647816755,0.02068590092542188,0.043356643356643354,0.6517514511824748,7
0.04022526146419952,0.040473225404732256,0.010909090909090908,0.012453300124533,0.010623766884200928,0.03934871099050203,0.021843880501124315,0.05726872246696071,0.040085898353614875,0.016875340228633642,0.027972027972027972,0.6819207747003799,6
0.037811745776347556,0.030510585305105854,0.023636363636363636,0.015566625155666251,0.011837911670966763,0.032564450474898234,0.026019916479280435,0.06461086637298122,0.03579098067287045,0.01578660860097986,0.018181818181818167,0.6876821276727216,5
0.043443282381335484,0.023038605230386054,0.018181818181818184,0.06288916562889166,0.008954317802397936,0.016282225237449117,0.014134275618374558,0.07629154985983233,0.030064423765211176,0.0195971692977681,0.011188811188811175,0.6759343558077242,6
0.043443282381335484,0.023038605230386054,0.018181818181818184,0.06288916562889166,0.008954317802397936,0.016282225237449117,0.014134275618374558,0.07629154985983233,0.030064423765211176,0.0195971692977681,0.011188811188811175,0.6759343558077242,6
0.05631536604987932,0.025529265255292654,0.060000000000000005,0.017123287671232876,0.016542722719684322,0.006784260515603799,0.0025698682942499195,0.05159524763049015,0.02219040801717965,0.022318998366902557,0.043356643356643354,0.6756739321228414,7
0.04585679806918746,0.019925280199252802,0.045454545454545456,0.022415940224159405,0.014417969342844134,0.005427408412483039,0.0022486347574686796,0.05293018288613011,0.03865425912670006,0.02721829069134458,0.043356643356643354,0.682094047479241,5
0.07079646017699115,0.009339975093399754,0.056363636363636366,0.010585305105853053,0.010623766884200928,0.006784260515603799,0.0048185030517186,0.06761447069817113,0.030064423765211176,0.018508437670114317,0.018181818181818167,0.6963189424932814,6
0.030571198712791636,0.027397260273972605,0.007272727272727273,0.007471980074719802,0.014114433146152681,0.0203527815468114,0.012206874397687119,0.03824589507408909,0.027916964924838927,0.010342950462710943,0.03636363636363636,0.7677432977498622,5
0.026548672566371688,0.03300124533001245,0.0009090909090909091,0.009962640099626401,0.01001669449081803,0.021709633649932156,0.010279473176999678,0.041583233213188985,0.04294917680744451,0.022318998366902557,0.04615384615384614,0.7345672952357665,7
0.058728881737731296,0.035803237858032376,0.04818181818181819,0.015566625155666251,0.01760509940810442,0.008141112618724558,0.0048185030517186,0.0609397944199706,0.030780243378668568,0.027762656505171478,0.05314685314685313,0.6385251745375405,7
0.03459372485921159,0.019302615193026153,0.04090909090909091,0.0062266500622665,0.006070723933829109,0.006784260515603799,0.0032123353678123997,0.03157121879588856,0.04366499642090194,0.02014153511159499,0.05734265734265734,0.7301801914881167,6
0.02574416733708769,0.019302615193026153,0.02909090909090909,0.01183063511830635,0.010320230687509487,0.037991858887381276,0.016704143912624477,0.048925377119209496,0.0408017179670723,0.016875340228633642,0.02657342657342658,0.7158395778848134,5
0.06355591311343524,0.009962640099626403,0.049090909090909095,0.008717310087173101,0.010623766884200928,0.014925373134328358,0.007388371345968519,0.06427713255907123,0.026485325697924108,0.05606967882416985,0.019580419580419586,0.6693231595827736,7
0.05068382944489139,0.016811955168119553,0.042727272727272725,0.005603985056039851,0.01608741842464714,0.006784260515603799,0.0025698682942499195,0.05426511814177006,0.040085898353614875,0.02286336418072945,0.019580419580419586,0.7219366101126417,6
0.05068382944489139,0.016811955168119553,0.042727272727272725,0.005603985056039851,0.01608741842464714,0.006784260515603799,0.0025698682942499195,0.05426511814177006,0.040085898353614875,0.02286336418072945,0.019580419580419586,0.7219366101126417,6
0.058728881737731296,0.02801992528019925,0.045454545454545456,0.010585305105853053,0.010623766884200928,0.006784260515603799,0.008352071956312239,0.07028434120945104,0.027201145311381535,0.024496461622210128,0.03216783216783215,0.6773014627546792,6
0.07401448109412712,0.023038605230386054,0.06090909090909091,0.013075965130759653,0.012293215966003947,0.006784260515603799,0.0028911018310311593,0.05693498865305072,0.020042949176807438,0.032661948829613506,0.05034965034965034,0.6470037423138754,6
0.04022526146419952,0.027397260273972605,0.028181818181818183,0.01183063511830635,0.011686143572621037,0.018995929443690638,0.012849341471249599,0.052262715258310125,0.026485325697924108,0.03211758301578661,0.022377622377622374,0.7155903641244988,6
0.03620273531777956,0.04202988792029888,0.0,0.010585305105853053,0.01274852026104113,0.013568521031207597,0.006424670735624799,0.06227472967561055,0.04366499642090194,0.02721829069134458,0.013986013986013986,0.7312963288543239,6
0.024939662107803705,0.03393524283935243,0.0,0.009339975093399752,0.011837911670966763,0.009497964721845319,0.004176035978156119,0.048925377119209496,0.03793843951324266,0.021774632553075667,0.012587412587412593,0.7850473458155356,5
0.07160096540627514,0.025529265255292654,0.07181818181818182,0.024283935242839352,0.016390954621338594,0.029850746268656716,0.022807581111468037,0.07829395274329226,0.03149606299212599,0.023952095808383235,0.06433566433566433,0.5396405943964818,5
0.012067578439259853,0.00560398505603985,0.03636363636363637,0.0031133250311332493,0.008195477310669299,0.05359565807327002,0.05107613234821715,0.007542384194366355,0.03650680028632784,0.014153511159499182,0.04895104895104895,0.7228304627865318,6
0.0168946098149638,0.03922789539227895,0.0009090909090909091,0.009339975093399752,0.01001669449081803,0.021709633649932156,0.008352071956312239,0.036243492190629154,0.057981388690050095,0.015242242787152966,0.06153846153846154,0.7225444434869104,6
0.05551086082059533,0.01805728518057285,0.04727272727272727,0.013075965130759653,0.010320230687509487,0.037991858887381276,0.01574044330228076,0.06694700307035115,0.03722261989978524,0.029940119760479045,0.03636363636363636,0.6315572496239216,5
0.047465808527755435,0.0186799501867995,0.060000000000000005,0.012764632627646329,0.015783882227955667,0.014925373134328358,0.007388371345968519,0.04625550660792958,0.03579098067287045,0.02286336418072945,0.04615384615384614,0.6719282843341706,7
0.058728881737731296,0.019302615193026153,0.060000000000000005,0.013698630136986302,0.01472150553953559,0.012211668928086838,0.005460970125281079,0.06627953544253117,0.029348604151753745,0.028307022318998367,0.027972027972027972,0.6639685384540416,7
0.06436041834271923,0.016189290161892904,0.060000000000000005,0.010585305105853053,0.011534375474275306,0.012211668928086838,0.0112431737873434,0.07295421172073097,0.030780243378668568,0.019052803483941214,0.019580419580419586,0.6715080900360689,6
0.028962188254223645,0.0361145703611457,0.02090909090909091,0.006849315068493151,0.013203824556078315,0.017639077340569877,0.024092515258592996,0.04825790949138952,0.032211882605583386,0.02014153511159499,0.013986013986013986,0.7376320770572236,5
0.032180209171359615,0.020547945205479454,0.028181818181818183,0.010585305105853053,0.011230839277583851,0.027137042062415195,0.014134275618374558,0.05426511814177006,0.045096635647816755,0.03157321720195972,0.02097902097902098,0.7040885734065485,6
0.058728881737731296,0.028642590286425903,0.060000000000000005,0.009962640099626401,0.009106085900743664,0.006784260515603799,0.00995823964021844,0.0609397944199706,0.02219040801717965,0.012520413718018512,0.022377622377622374,0.6987890632868594,5
0.06355591311343524,0.021170610211706103,0.057272727272727274,0.006849315068493151,0.008954317802397936,0.006784260515603799,0.0028911018310311593,0.05826992390869068,0.017895490336435223,0.029395753946652156,0.025174825174825163,0.701785760818002,5
0.06596942880128721,0.03082191780821918,0.060000000000000005,0.03051058530510585,0.01077553498254667,0.008141112618724558,0.011564407324124637,0.08096382325457219,0.02362204724409447,0.021774632553075667,0.022377622377622374,0.6334788877306272,7
0.06596942880128721,0.03082191780821918,0.060000000000000005,0.03051058530510585,0.01077553498254667,0.008141112618724558,0.011564407324124637,0.08096382325457219,0.02362204724409447,0.021774632553075667,0.022377622377622374,0.6334788877306272,7
0.04666130329847144,0.028331257783312577,0.05545454545454545,0.010585305105853053,0.009713158294126575,0.013568521031207597,0.005782203662062319,0.06627953544253117,0.030064423765211176,0.0195971692977681,0.008391608391608386,0.7055709684733021,5
0.03861625100563154,0.009339975093399754,0.04818181818181819,0.009339975093399752,0.00940962209743512,0.006784260515603799,0.00385480244137488,0.040915765585369,0.03292770221904081,0.04354926510615132,0.05034965034965034,0.7067309123111255,7
0.026548672566371688,0.0074719800747198,0.03636363636363637,0.0043586550435865505,0.006677796327212005,0.013568521031207597,0.006103437198843559,0.04425310372446964,0.041517537580529694,0.029395753946652156,0.004195804195804181,0.7795451019469668,6
0.03620273531777956,0.009962640099626403,0.04363636363636363,0.005603985056039851,0.008347245409015026,0.033921302578019,0.012849341471249599,0.04425310372446964,0.041517537580529694,0.03864997278170931,0.03076923076923076,0.6942865415759675,6
0.05551086082059533,0.020547945205479454,0.045454545454545456,0.013075965130759653,0.01001669449081803,0.024423337856173677,0.013170575008030838,0.06828193832599111,0.03722261989978524,0.04246053347849755,0.03636363636363636,0.6334713479656873,6
0.03861625100563154,0.009339975093399754,0.04818181818181819,0.009339975093399752,0.00940962209743512,0.006784260515603799,0.00385480244137488,0.040915765585369,0.03292770221904081,0.04354926510615132,0.05034965034965034,0.7067309123111255,7
0.054706355591311345,0.03144458281444583,0.060000000000000005,0.03300124533001245,0.011534375474275306,0.006784260515603799,0.005782203662062319,0.05826992390869068,0.026485325697924108,0.03592814371257485,0.06853146853146853,0.6075321147616308,6
0.029766693483507647,0.008717310087173101,0.03818181818181818,0.006849315068493151,0.010320230687509487,0.013568521031207597,0.006745904272406039,0.048925377119209496,0.033643521832498205,0.025585193249863913,0.013986013986013986,0.7637101010002992,6
0.024939662107803705,0.024283935242839352,0.025454545454545455,0.007471980074719802,0.01138260737592958,0.029850746268656716,0.01541920976549952,0.05293018288613011,0.04867573371510379,0.022318998366902557,0.011188811188811175,0.7260835875530582,5
0.02574416733708769,0.021170610211706103,0.023636363636363636,0.0062266500622665,0.011534375474275306,0.029850746268656716,0.015097976228718278,0.05359765051395009,0.04939155332856122,0.022318998366902557,0.011188811188811175,0.7302420973827008,6
0.008045052292839904,0.045454545454545456,0.004545454545454546,0.0031133250311332493,0.005008347245409015,0.014925373134328358,0.026341150016061677,0.015551995728206843,0.058697208303507525,0.02667392487751769,0.06293706293706293,0.7287065604339329,8
0.07320997586484311,0.018368617683686177,0.06181818181818182,0.012453300124533,0.011079071179238127,0.021709633649932156,0.011885640860905879,0.07562408223201235,0.022906227630637075,0.025585193249863913,0.022377622377622374,0.642982453328544,6
0.039420756234915526,0.015566625155666251,0.04727272727272727,0.006849315068493151,0.010623766884200928,0.006784260515603799,0.006424670735624799,0.05293018288613011,0.03149606299212599,0.00979858464888405,0.01538461538461538,0.7574484322210128,5
0.05953338696701529,0.015566625155666251,0.06909090909090909,0.020547945205479454,0.008195477310669299,0.008141112618724558,0.010279473176999678,0.06894940595381108,0.03435934144595563,0.014697876973326075,0.06433566433566433,0.6263027817657792,7
0.016090104585679808,0.03829389788293898,0.0018181818181818182,0.043586550435865505,0.016694490818030053,0.09090909090909091,0.037905557340186316,0.06227472967561055,0.052254831782390855,0.010887316276537835,0.02097902097902098,0.6083062274964663,5
0.05551086082059533,0.029265255292652555,0.053636363636363635,0.010585305105853053,0.01138260737592958,0.016282225237449117,0.013813042081593318,0.05826992390869068,0.03149606299212599,0.017419706042460535,0.03636363636363636,0.6659750111426499,6
0.0329847144006436,0.04016189290161893,0.02,0.008717310087173101,0.007891941113977842,0.010854816824966078,0.011564407324124637,0.041583233213188985,0.025769506084466712,0.011976047904191617,0.013986013986013986,0.7745101161596345,5
0.016090104585679808,0.03829389788293898,0.0018181818181818182,0.043586550435865505,0.016694490818030053,0.09090909090909091,0.037905557340186316,0.06227472967561055,0.052254831782390855,0.010887316276537835,0.02097902097902098,0.6083062274964663,5
0.06114239742558326,0.0224159402241594,0.049090909090909095,0.010585305105853053,0.011079071179238127,0.024423337856173677,0.01863154513331192,0.06627953544253117,0.025769506084466712,0.015242242787152966,0.029370629370629366,0.6659695802999912,6
0.054706355591311345,0.0298879202988792,0.04454545454545455,0.011207970112079703,0.011079071179238127,0.012211668928086838,0.0112431737873434,0.06227472967561055,0.029348604151753745,0.01633097441480675,0.029370629370629366,0.6877934479448065,6
0.024939662107803705,0.03549190535491905,0.004545454545454546,0.011207970112079703,0.009561390195780848,0.018995929443690638,0.006745904272406039,0.048925377119209496,0.03722261989978524,0.015242242787152966,0.00979020979020978,0.777331334371508,5
0.0418342719227675,0.019925280199252802,0.042727272727272725,0.009962640099626401,0.007740173015632115,0.010854816824966078,0.007067137809187279,0.05359765051395009,0.03579098067287045,0.017419706042460535,0.03356643356643357,0.7195136366055804,6
0.05953338696701529,0.016811955168119553,0.060000000000000005,0.013075965130759653,0.012293215966003947,0.014925373134328358,0.00770960488274976,0.06360966493125125,0.03149606299212599,0.01633097441480675,0.03356643356643357,0.6706473628464058,7
0.06355591311343524,0.021170610211706103,0.04454545454545455,0.022415940224159405,0.00880254970405221,0.033921302578019,0.013813042081593318,0.05359765051395009,0.02219040801717965,0.013064779531845398,0.016783216783216773,0.6861391326953883,4
0.035398230088495575,0.019302615193026153,0.03090909090909091,0.009962640099626401,0.010320230687509487,0.033921302578019,0.025698682942499197,0.057602456280870705,0.04581245526127415,0.01578660860097986,0.01538461538461538,0.6999010719739931,6
0.02011263073209976,0.03829389788293898,0.014545454545454545,0.0062266500622665,0.013355592654424042,0.018995929443690638,0.022807581111468037,0.043585636096649664,0.03793843951324266,0.016875340228633642,0.012587412587412593,0.754675435141719,5
0.04263877715205149,0.017434620174346202,0.04818181818181819,0.0361145703611457,0.012900288359386843,0.006784260515603799,0.004176035978156119,0.05693498865305072,0.03793843951324266,0.02667392487751769,0.04615384615384614,0.6640684300798345,7
0.0337892196299276,0.024906600249066005,0.03090909090909091,0.011207970112079703,0.01138260737592958,0.031207598371777476,0.03726309026662384,0.05426511814177006,0.03722261989978524,0.015242242787152966,0.01538461538461538,0.6972192268721813,5
0.032180209171359615,0.03767123287671233,0.021818181818181816,0.03549190535491905,0.015935650326301395,0.0407055630936228,0.04111789270799871,0.07562408223201235,0.041517537580529694,0.040283070223189985,0.012587412587412593,0.6050672620277597,5
0.04827031375703941,0.0224159402241594,0.05818181818181818,0.008094645080946454,0.015025041736227046,0.006784260515603799,0.004497269514937359,0.04625550660792958,0.03722261989978524,0.017964071856287428,0.04615384615384614,0.68913466647142,6
0.01930812550281577,0.028642590286425903,0.010909090909090908,0.0062266500622665,0.01198967976931249,0.04477611940298507,0.037905557340186316,0.036910959818449135,0.05010737294201861,0.008165487207403373,0.029370629370629366,0.7156877373884165,5
0.058728881737731296,0.016189290161892904,0.046363636363636364,0.006849315068493151,0.016542722719684322,0.008141112618724558,0.004497269514937359,0.06360966493125125,0.03579098067287045,0.023407729994556346,0.027972027972027972,0.6919073682441941,6
0.017699115044247787,0.040473225404732256,0.0,0.005603985056039851,0.008195477310669299,0.04477611940298507,0.014776742691937038,0.05026031237485019,0.06299212598425198,0.019052803483941214,0.02097902097902098,0.7151910722673243,5
0.016090104585679808,0.0448318804483188,0.002727272727272727,0.008717310087173101,0.007133100622249203,0.04206241519674356,0.013491808544812078,0.034241089307168474,0.05583392984967788,0.012520413718018512,0.05454545454545456,0.7078052203674313,7
0.024939662107803705,0.0523038605230386,0.018181818181818184,0.006849315068493151,0.0053118834421004716,0.018995929443690638,0.017346610986186957,0.036243492190629154,0.04438081603435933,0.005988023952095808,0.03496503496503497,0.7344935531047491,5
0.047465808527755435,0.0074719800747198,0.042727272727272725,0.007471980074719802,0.008195477310669299,0.006784260515603799,0.005782203662062319,0.05159524763049015,0.029348604151753745,0.031028851388132828,0.03636363636363636,0.7257646775731837,7
0.016090104585679808,0.0448318804483188,0.002727272727272727,0.008717310087173101,0.007133100622249203,0.04206241519674356,0.013491808544812078,0.034241089307168474,0.05583392984967788,0.012520413718018512,0.05454545454545456,0.7078052203674313,7
0.014481094127111831,0.03424657534246576,0.007272727272727273,0.007471980074719802,0.005008347245409015,0.024423337856173677,0.013491808544812078,0.032238686423708536,0.053686471009305674,0.008709853021230266,0.04195804195804196,0.7570110771242942,6
0.039420756234915526,0.04109589041095891,0.02,0.0062266500622665,0.009864926392472302,0.006784260515603799,0.008352071956312239,0.05826992390869068,0.03722261989978524,0.012520413718018512,0.03076923076923076,0.7294732561317456,6
0.03620273531777956,0.024906600249066005,0.030000000000000002,0.0024906600249066002,0.00880254970405221,0.010854816824966078,0.00770960488274976,0.05159524763049015,0.03579098067287045,0.014697876973326075,0.012587412587412593,0.7643615151323805,5
0.06596942880128721,0.0448318804483188,0.057272727272727274,0.009339975093399752,0.011534375474275306,0.016282225237449117,0.00931577256665596,0.06427713255907123,0.025769506084466712,0.014697876973326075,0.027972027972027972,0.6527370715169946,6
0.047465808527755435,0.0074719800747198,0.042727272727272725,0.007471980074719802,0.008195477310669299,0.006784260515603799,0.005782203662062319,0.05159524763049015,0.029348604151753745,0.031028851388132828,0.03636363636363636,0.7257646775731837,7
0.02574416733708769,0.02677459526774596,0.031818181818181815,0.008094645080946454,0.00940962209743512,0.027137042062415195,0.0192740122068744,0.048925377119209496,0.03650680028632784,0.012520413718018512,0.011188811188811175,0.7426063318169464,5
0.06194690265486726,0.016811955168119553,0.057272727272727274,0.008717310087173101,0.01198967976931249,0.006784260515603799,0.00385480244137488,0.06894940595381108,0.030064423765211176,0.008709853021230266,0.01538461538461538,0.7095140639659537,5
0.04666130329847144,0.01805728518057285,0.05,0.014321295143212953,0.009713158294126575,0.02849389416553596,0.01541920976549952,0.06360966493125125,0.029348604151753745,0.03048448557430594,0.02097902097902098,0.6729120785162488,6
0.06194690265486726,0.016811955168119553,0.057272727272727274,0.008717310087173101,0.01198967976931249,0.006784260515603799,0.00385480244137488,0.06894940595381108,0.030064423765211176,0.008709853021230266,0.01538461538461538,0.7095140639659537,5
0.027353177795655673,0.03424657534246576,0.02727272727272727,0.006849315068493151,0.007284868720594931,0.050203527815468114,0.017989078059749437,0.03824589507408909,0.03722261989978524,0.012520413718018512,0.025174825174825163,0.7156369760581276,6
0.05229283990345937,0.020547945205479454,0.06636363636363636,0.014321295143212953,0.008195477310669299,0.006784260515603799,0.005139736588499839,0.05693498865305072,0.030780243378668568,0.017964071856287428,0.03916083916083915,0.6815146659205931,6
0.01930812550281577,0.031133250311332503,0.01636363636363636,0.0037359900373599,0.0075884049172863875,0.008141112618724558,0.014134275618374558,0.03357362167934849,0.024337866857551894,0.014697876973326075,0.012587412587412593,0.8143984265328309,5
0.06436041834271923,0.01183063511830635,0.06545454545454545,0.008094645080946454,0.009106085900743664,0.006784260515603799,0.007388371345968519,0.057602456280870705,0.010021474588403703,0.02667392487751769,0.019580419580419586,0.7131027629139548,8
0.08849557522123894,0.03518057285180573,0.06909090909090909,0.017434620174346202,0.013355592654424042,0.006784260515603799,0.011885640860905879,0.08763849953277346,0.015032211882605588,0.019052803483941214,0.03916083916083915,0.5968884745706069,7
0.005631536604987933,0.02801992528019925,0.0009090909090909091,0.0049813200498132005,0.0063742601305205645,0.005427408412483039,0.006745904272406039,0.022226672006407374,0.05941302791696492,0.027762656505171478,0.05734265734265734,0.775165540569298,7
0.06355591311343524,0.016189290161892904,0.05454545454545454,0.010585305105853053,0.010471998785855214,0.0407055630936228,0.021201413427561835,0.06360966493125125,0.025769506084466712,0.021774632553075667,0.029370629370629366,0.6422206288269015,5
0.037811745776347556,0.0224159402241594,0.026363636363636363,0.007471980074719802,0.01745333130975869,0.006784260515603799,0.0032123353678123997,0.04492057135228962,0.03435934144595563,0.021230266739248774,0.03916083916083915,0.7388157516696288,5
0.032180209171359615,0.025529265255292654,0.02,0.006849315068493151,0.013355592654424042,0.008141112618724558,0.006745904272406039,0.04425310372446964,0.03292770221904081,0.012520413718018512,0.025174825174825163,0.7723225561229459,6
0.058728881737731296,0.016811955168119553,0.06272727272727273,0.01183063511830635,0.012596752162695402,0.021709633649932156,0.00931577256665596,0.06227472967561055,0.025769506084466712,0.015242242787152966,0.03356643356643357,0.6694261847556227,6
0.058728881737731296,0.016811955168119553,0.06272727272727273,0.01183063511830635,0.012596752162695402,0.021709633649932156,0.00931577256665596,0.06227472967561055,0.025769506084466712,0.015242242787152966,0.03356643356643357,0.6694261847556227,6
0.017699115044247787,0.027397260273972605,0.002727272727272727,0.0049813200498132005,0.010927303080892398,0.02306648575305292,0.00931577256665596,0.04492057135228962,0.05010737294201861,0.01633097441480675,0.022377622377622374,0.7701489294173551,6
0.04666130329847144,0.013075965130759653,0.057272727272727274,0.01183063511830635,0.010927303080892398,0.005427408412483039,0.005139736588499839,0.0649446001868912,0.03722261989978524,0.022318998366902557,0.03916083916083915,0.6860178634834418,7
0.01930812550281577,0.006849315068493151,0.03636363636363637,0.0043586550435865505,0.007740173015632115,0.027137042062415195,0.019595245743655638,0.034241089307168474,0.05440229062276307,0.01633097441480675,0.037762237762237756,0.7359112150927891,5
0.053901850362027354,0.031133250311332503,0.06090909090909091,0.026774595267745952,0.011230839277583851,0.006784260515603799,0.004176035978156119,0.05826992390869068,0.03435934144595563,0.0195971692977681,0.06993006993006994,0.6229335727959752,8
0.03459372485921159,0.029265255292652555,0.035454545454545454,0.008717310087173101,0.012596752162695402,0.005427408412483039,0.005139736588499839,0.05693498865305072,0.045096635647816755,0.01360914534567229,0.02657342657342658,0.7265910709227728,5
0.03700724054706355,0.031755915317559155,0.01909090909090909,0.011207970112079703,0.012900288359386843,0.037991858887381276,0.018952778670093158,0.05826992390869068,0.03865425912670006,0.01360914534567229,0.016783216783216773,0.7037764938512474,5
0.05631536604987932,0.028642590286425903,0.060000000000000005,0.008094645080946454,0.00940962209743512,0.012211668928086838,0.013170575008030838,0.071619276465091,0.03650680028632784,0.013064779531845398,0.008391608391608386,0.6825730678743229,3
0.03700724054706355,0.019302615193026153,0.04727272727272727,0.008717310087173101,0.01077553498254667,0.017639077340569877,0.005460970125281079,0.05026031237485019,0.04366499642090194,0.015242242787152966,0.040559440559440565,0.7040975323092666,6
0.029766693483507647,0.03082191780821918,0.02,0.010585305105853053,0.01138260737592958,0.006784260515603799,0.004176035978156119,0.05426511814177006,0.03722261989978524,0.015242242787152966,0.012587412587412593,0.7671657863166098,5
0.05551086082059533,0.012141967621419676,0.049090909090909095,0.007471980074719802,0.010927303080892398,0.005427408412483039,0.0028911018310311593,0.057602456280870705,0.0171796707229778,0.02014153511159499,0.011188811188811175,0.7504259957636947,6
0.04585679806918746,0.0236612702366127,0.03818181818181818,0.006849315068493151,0.008650781605706483,0.027137042062415195,0.014455509155155798,0.05426511814177006,0.030064423765211176,0.021230266739248774,0.043356643356643354,0.6862910136177376,6
0.0337892196299276,0.021170610211706103,0.04090909090909091,0.010585305105853053,0.00804370921232357,0.008141112618724558,0.00385480244137488,0.03090375116806858,0.041517537580529694,0.025040827436037017,0.07832167832167831,0.6977223553646856,6
0.054706355591311345,0.0149439601494396,0.06272727272727273,0.007471980074719802,0.011837911670966763,0.006784260515603799,0.0048185030517186,0.06627953544253117,0.030780243378668568,0.01578660860097986,0.011188811188811175,0.7126745576079766,6
0.0329847144006436,0.043586550435865505,0.0018181818181818182,0.0018679950186799498,0.00880254970405221,0.04748982360922659,0.013491808544812078,0.034241089307168474,0.03292770221904081,0.01360914534567229,0.019580419580419586,0.7496000200162372,5
0.06757843925985518,0.012453300124533002,0.05909090909090909,0.010585305105853053,0.012293215966003947,0.018995929443690638,0.013170575008030838,0.06360966493125125,0.02219040801717965,0.015242242787152966,0.03076923076923076,0.6740207794963096,5
0.04022526146419952,0.026151930261519307,0.03818181818181818,0.009339975093399752,0.010471998785855214,0.032564450474898234,0.014776742691937038,0.04625550660792958,0.03292770221904081,0.02068590092542188,0.04195804195804196,0.6864606713359385,6
0.06355591311343524,0.015566625155666251,0.05,0.010585305105853053,0.01077553498254667,0.032564450474898234,0.01991647928043688,0.06294219730343127,0.029348604151753745,0.02667392487751769,0.027972027972027972,0.6500989375824331,6
0.04022526146419952,0.034869240348692404,0.021818181818181816,0.008094645080946454,0.01138260737592958,0.005427408412483039,0.007067137809187279,0.05826992390869068,0.028632784538296353,0.014697876973326075,0.025174825174825163,0.7443401070952416,5
0.037811745776347556,0.009339975093399754,0.03727272727272727,0.006849315068493151,0.01198967976931249,0.006784260515603799,0.0032123353678123997,0.05293018288613011,0.03865425912670006,0.02014153511159499,0.018181818181818167,0.7568321658300603,5
0.04666130329847144,0.0074719800747198,0.04454545454545455,0.005603985056039851,0.009561390195780848,0.006784260515603799,0.004497269514937359,0.050927780002670175,0.03149606299212599,0.03973870440936309,0.03636363636363636,0.7163481730311967,6
0.03861625100563154,0.03518057285180573,0.01,0.011207970112079703,0.009864926392472302,0.006784260515603799,0.008030838419530999,0.055600053397410025,0.032211882605583386,0.02014153511159499,0.02377622377622377,0.7485854858120637,6
0.04827031375703941,0.009962640099626403,0.035454545454545454,0.09090909090909091,0.008650781605706483,0.006784260515603799,0.005460970125281079,0.0836336937658521,0.027201145311381535,0.017964071856287428,0.011188811188811175,0.6545196754107743,5
0.03861625100563154,0.0112079701120797,0.05090909090909091,0.01183063511830635,0.010320230687509487,0.006784260515603799,0.0035335689045936395,0.042250700841008966,0.029348604151753745,0.03211758301578661,0.04615384615384614,0.7169272585847891,8
0.04827031375703941,0.0149439601494396,0.05454545454545454,0.008094645080946454,0.02124753376840188,0.008141112618724558,0.00385480244137488,0.05693498865305072,0.021474588403722256,0.03973870440936309,0.013986013986013986,0.7087678821864686,5
0.04505229283990345,0.03424657534246576,0.035454545454545454,0.0062266500622665,0.0063742601305205645,0.006784260515603799,0.0035335689045936395,0.05026031237485019,0.030780243378668568,0.007621121393576482,0.022377622377622374,0.7512885472253833,5
0.04505229283990345,0.032689912826899134,0.03272727272727272,0.005603985056039851,0.006222492032174836,0.005427408412483039,0.0025698682942499195,0.05426511814177006,0.030780243378668568,0.004899292324442023,0.022377622377622374,0.757384491588474,6
0.037811745776347556,0.016811955168119553,0.03636363636363637,0.010585305105853053,0.009257853999089391,0.012211668928086838,0.006424670735624799,0.055600053397410025,0.04294917680744451,0.02286336418072945,0.025174825174825163,0.7239457443628332,6
0.03700724054706355,0.01805728518057285,0.045454545454545456,0.009962640099626401,0.006526028228866291,0.014925373134328358,0.006103437198843559,0.034241089307168474,0.04294917680744451,0.025040827436037017,0.06853146853146853,0.691200888074035,7
0.03459372485921159,0.017434620174346202,0.046363636363636364,0.010585305105853053,0.006070723933829109,0.016282225237449117,0.006745904272406039,0.03290615405152852,0.041517537580529694,0.031028851388132828,0.06993006993006994,0.6865412471030075,7
0.0329847144006436,0.03549190535491905,0.028181818181818183,0.013075965130759653,0.011230839277583851,0.029850746268656716,0.024092515258592996,0.06761447069817113,0.052970651395848244,0.022318998366902557,0.04475524475524475,0.6374321309108593,6
0.015285599356395818,0.016811955168119553,0.02090909090909091,0.04607721046077211,0.0059189558354833804,0.036635006784260515,0.0273048506264054,0.034241089307168474,0.05010737294201861,0.011976047904191617,0.05174825174825173,0.6829845689578419,6
0.049074818986323404,0.014321295143212951,0.04818181818181819,0.010585305105853053,0.00880254970405221,0.005427408412483039,0.0032123353678123997,0.04759044186356953,0.029348604151753745,0.017419706042460535,0.03636363636363636,0.7296720806770245,8
0.02574416733708769,0.024906600249066005,0.022727272727272728,0.0062266500622665,0.010471998785855214,0.017639077340569877,0.010279473176999678,0.055600053397410025,0.04939155332856122,0.017419706042460535,0.008391608391608386,0.7512018391608422,6
0.02091713596138375,0.013698630136986302,0.02909090909090909,0.009962640099626401,0.011837911670966763,0.05698778833107192,0.03437198843559268,0.043585636096649664,0.041517537580529694,0.025040827436037017,0.037762237762237756,0.675226757398009,5
0.049074818986323404,0.014321295143212951,0.04818181818181819,0.010585305105853053,0.00880254970405221,0.005427408412483039,0.0032123353678123997,0.04759044186356953,0.029348604151753745,0.017419706042460535,0.03636363636363636,0.7296720806770245,8
0.0329847144006436,0.03549190535491905,0.028181818181818183,0.013075965130759653,0.011230839277583851,0.029850746268656716,0.024092515258592996,0.06761447069817113,0.052970651395848244,0.022318998366902557,0.04475524475524475,0.6374321309108593,6
0.02574416733708769,0.024906600249066005,0.022727272727272728,0.0062266500622665,0.010471998785855214,0.017639077340569877,0.010279473176999678,0.055600053397410025,0.04939155332856122,0.017419706042460535,0.008391608391608386,0.7512018391608422,6
0.04666130329847144,0.019925280199252802,0.06636363636363636,0.03518057285180573,0.00940962209743512,0.050203527815468114,0.0224863475746868,0.05960485916433064,0.030780243378668568,0.028307022318998367,0.05034965034965034,0.5807279345875958,7
0.04666130329847144,0.019925280199252802,0.06636363636363636,0.03518057285180573,0.00940962209743512,0.050203527815468114,0.0224863475746868,0.05960485916433064,0.030780243378668568,0.028307022318998367,0.05034965034965034,0.5807279345875958,7
0.047465808527755435,0.0074719800747198,0.03818181818181818,0.005603985056039851,0.009864926392472302,0.006784260515603799,0.005139736588499839,0.05026031237485019,0.033643521832498205,0.0391943385955362,0.03356643356643357,0.7228228782937727,7
0.04505229283990345,0.023038605230386054,0.057272727272727274,0.012453300124533,0.009106085900743664,0.012211668928086838,0.006424670735624799,0.04492057135228962,0.030064423765211176,0.024496461622210128,0.05734265734265734,0.6776165348856267,7
0.04666130329847144,0.0074719800747198,0.04181818181818182,0.005603985056039851,0.009561390195780848,0.006784260515603799,0.0048185030517186,0.05026031237485019,0.03650680028632784,0.03756124115405552,0.03356643356643357,0.7193856086078168,7
0.053097345132743355,0.03424657534246576,0.05,0.008717310087173101,0.010927303080892398,0.006784260515603799,0.0022486347574686796,0.06627953544253117,0.030780243378668568,0.02068590092542188,0.01538461538461538,0.7008482759524159,6
0.06999195494770717,0.01058530510585305,0.06818181818181818,0.01183063511830635,0.010927303080892398,0.029850746268656716,0.011885640860905879,0.05693498865305072,0.021474588403722256,0.019052803483941214,0.04195804195804196,0.6473261739371041,7
0.043443282381335484,0.029265255292652555,0.028181818181818183,0.008094645080946454,0.011837911670966763,0.033921302578019,0.017989078059749437,0.06227472967561055,0.03149606299212599,0.01633097441480675,0.025174825174825163,0.6919901144971436,6
0.049074818986323404,0.017434620174346202,0.04363636363636363,0.007471980074719802,0.017149795113067235,0.018995929443690638,0.013813042081593318,0.05293018288613011,0.020758768790264833,0.026129559063690803,0.018181818181818167,0.7144231215679918,6
0.047465808527755435,0.024283935242839352,0.05818181818181818,0.009339975093399752,0.014417969342844134,0.006784260515603799,0.0028911018310311593,0.04825790949138952,0.025053686471009286,0.017964071856287428,0.04755244755244756,0.6978070158935744,7
0.047465808527755435,0.024283935242839352,0.05818181818181818,0.009339975093399752,0.014417969342844134,0.006784260515603799,0.0028911018310311593,0.04825790949138952,0.025053686471009286,0.017964071856287428,0.04755244755244756,0.6978070158935744,7
0.031375703942075624,0.03331257783312578,0.04454545454545455,0.0323785803237858,0.016694490818030053,0.04477611940298507,0.04657886283327979,0.07295421172073097,0.0408017179670723,0.04409363091997822,0.012587412587412593,0.5799012371060693,5
0.06355591311343524,0.0298879202988792,0.04454545454545455,0.0211706102117061,0.013355592654424042,0.005427408412483039,0.0025698682942499195,0.07295421172073097,0.03650680028632784,0.022318998366902557,0.04895104895104895,0.6387561731443576,6
0.04666130329847144,0.030510585305105854,0.04454545454545455,0.007471980074719802,0.028532402488996814,0.005427408412483039,0.0032123353678123997,0.06227472967561055,0.030064423765211176,0.01633097441480675,0.0,0.7249684026513277,3
0.0418342719227675,0.008094645080946452,0.04454545454545455,0.011207970112079703,0.011534375474275306,0.018995929443690638,0.008673305493093478,0.05426511814177006,0.04867573371510379,0.031028851388132828,0.022377622377622374,0.6987667223050633,6
0.037811745776347556,0.017434620174346202,0.04454545454545455,0.009962640099626401,0.011079071179238127,0.050203527815468114,0.04368776100224863,0.05159524763049015,0.03435934144595563,0.011976047904191617,0.013986013986013986,0.6733585284406189,5
0.03700724054706355,0.019302615193026153,0.04454545454545455,0.009339975093399752,0.011230839277583851,0.029850746268656716,0.0353356890459364,0.05026031237485019,0.035075161059413024,0.016875340228633642,0.01538461538461538,0.6957920109813668,5
0.01930812550281577,0.016189290161892904,0.04454545454545455,0.009962640099626401,0.012900288359386843,0.04341926729986431,0.025377449405717956,0.040915765585369,0.04652827487473157,0.023952095808383235,0.04195804195804196,0.6749433063987155,6
0.04263877715205149,0.031755915317559155,0.021818181818181816,0.009339975093399752,0.009864926392472302,0.006784260515603799,0.008673305493093478,0.048925377119209496,0.025053686471009286,0.013064779531845398,0.013986013986013986,0.7680948011095601,5
0.03620273531777956,0.006226650062266501,0.021818181818181816,0.007471980074719802,0.01001669449081803,0.0,0.007067137809187279,0.05960485916433064,0.0479599141016464,0.029395753946652156,0.02657342657342658,0.7476626666409911,6
0.058728881737731296,0.016189290161892904,0.04454545454545455,0.011207970112079703,0.013052056457732586,0.014925373134328358,0.011564407324124637,0.06894940595381108,0.030064423765211176,0.015242242787152966,0.02657342657342658,0.6889570674470542,5
0.058728881737731296,0.016189290161892904,0.04454545454545455,0.011207970112079703,0.013052056457732586,0.014925373134328358,0.011564407324124637,0.06894940595381108,0.030064423765211176,0.015242242787152966,0.02657342657342658,0.6889570674470542,5
0.04585679806918746,0.009339975093399754,0.021818181818181816,0.007471980074719802,0.009106085900743664,0.018995929443690638,0.008673305493093478,0.036910959818449135,0.03435934144595563,0.017964071856287428,0.06153846153846154,0.7279649094478297,6
0.043443282381335484,0.0224159402241594,0.021818181818181816,0.011207970112079703,0.013659128851115497,0.016282225237449117,0.008352071956312239,0.06627953544253117,0.03865425912670006,0.012520413718018512,0.022377622377622374,0.7229893687544946,6
0.03620273531777956,0.006226650062266501,0.021818181818181816,0.007471980074719802,0.01001669449081803,0.0,0.007067137809187279,0.05960485916433064,0.0479599141016464,0.029395753946652156,0.02657342657342658,0.7476626666409911,6
0.04263877715205149,0.031755915317559155,0.021818181818181816,0.009339975093399752,0.009864926392472302,0.006784260515603799,0.008673305493093478,0.048925377119209496,0.025053686471009286,0.013064779531845398,0.013986013986013986,0.7680948011095601,5
0.02815768302493966,0.04389788293897883,0.021818181818181816,0.007471980074719802,0.010927303080892398,0.005427408412483039,0.0022486347574686796,0.04759044186356953,0.045096635647816755,0.023952095808383235,0.03216783216783215,0.7312439204047341,6
0.0667739340305712,0.014321295143212951,0.04454545454545455,0.03051058530510585,0.008195477310669299,0.005427408412483039,0.00931577256665596,0.07562408223201235,0.03292770221904081,0.017964071856287428,0.05034965034965034,0.6440445660288562,7
0.053097345132743355,0.0236612702366127,0.06727272727272728,0.026463262764632626,0.013355592654424042,0.005427408412483039,0.0035335689045936395,0.06360966493125125,0.03435934144595563,0.01578660860097986,0.03916083916083915,0.6542723704827574,5
0.03700724054706355,0.029265255292652555,0.021818181818181816,0.0149439601494396,0.013507360752769754,0.025780189959294434,0.013170575008030838,0.05826992390869068,0.03722261989978524,0.018508437670114317,0.016783216783216773,0.7137230382107604,5
0.039420756234915526,0.021170610211706103,0.04454545454545455,0.0336239103362391,0.007891941113977842,0.005427408412483039,0.0035335689045936395,0.05826992390869068,0.033643521832498205,0.021774632553075667,0.03636363636363636,0.6943346355827293,6
0.037811745776347556,0.03704856787048568,0.021818181818181816,0.007471980074719802,0.00880254970405221,0.005427408412483039,0.004497269514937359,0.043585636096649664,0.027201145311381535,0.014153511159499182,0.02097902097902098,0.7712029832822411,5
0.053097345132743355,0.033623910336239106,0.021818181818181816,0.009962640099626401,0.011079071179238127,0.0203527815468114,0.015097976228718278,0.06160726204779057,0.022906227630637075,0.021230266739248774,0.03636363636363636,0.6928607008771287,6
0.07803700724054706,0.01183063511830635,0.06727272727272728,0.005603985056039851,0.009561390195780848,0.006784260515603799,0.0028911018310311593,0.071619276465091,0.008589835361488883,0.025040827436037017,0.0,0.7127689535073467,6
0.03620273531777956,0.021793275217932753,0.04454545454545455,0.010585305105853053,0.012444984064349674,0.050203527815468114,0.032123353678123995,0.05426511814177006,0.024337866857551894,0.014153511159499182,0.00979020979020978,0.6895546583060074,5
0.02333065164923572,0.02677459526774596,0.021818181818181816,0.006849315068493151,0.01001669449081803,0.012211668928086838,0.007067137809187279,0.054932585769590044,0.05082319255547603,0.024496461622210128,0.01538461538461538,0.7462948996363596,6
0.04827031375703941,0.01183063511830635,0.04454545454545455,0.009962640099626401,0.008347245409015026,0.006784260515603799,0.0048185030517186,0.057602456280870705,0.03722261989978524,0.02885138813282526,0.03216783216783215,0.7095966510219225,6
0.06275140788415125,0.014321295143212951,0.04454545454545455,0.010585305105853053,0.010168462589163759,0.035278154681139755,0.020237712817218118,0.06227472967561055,0.027201145311381535,0.02286336418072945,0.027972027972027972,0.6618009400940571,6
0.017699115044247787,0.024283935242839352,0.0009090909090909091,0.007471980074719802,0.00940962209743512,0.010854816824966078,0.006103437198843559,0.03824589507408909,0.042233357193987124,0.012520413718018512,0.01538461538461538,0.8148837212371473,6
0.03861625100563154,0.019302615193026153,0.021818181818181816,0.01183063511830635,0.012141447867658221,0.017639077340569877,0.012528107934468359,0.05293018288613011,0.032211882605583386,0.021774632553075667,0.022377622377622374,0.7368293632997462,6
0.039420756234915526,0.021170610211706103,0.021818181818181816,0.011207970112079703,0.012141447867658221,0.017639077340569877,0.012206874397687119,0.05293018288613011,0.027201145311381535,0.022318998366902557,0.022377622377622374,0.7395671330751651,6
0.003218020917135964,0.05728518057285181,0.021818181818181816,0.0043586550435865505,0.005767187737137655,0.04206241519674356,0.028911018310311596,0.022226672006407374,0.0715819613457409,0.01578660860097986,0.043356643356643354,0.6836274550942796,5
0.08769106999195495,0.032689912826899134,0.04454545454545455,0.020547945205479454,0.012596752162695402,0.012211668928086838,0.005460970125281079,0.08730476571886273,0.012884753042233342,0.022318998366902557,0.037762237762237756,0.6239854713239122,5
0.05068382944489139,0.025529265255292654,0.04454545454545455,0.023038605230386054,0.01608741842464714,0.012211668928086838,0.0035335689045936395,0.06761447069817113,0.02362204724409447,0.012520413718018512,0.04615384615384614,0.6744594114525175,6
0.08849557522123894,0.032689912826899134,0.04454545454545455,0.020547945205479454,0.012596752162695402,0.012211668928086838,0.005460970125281079,0.08730476571886273,0.012884753042233342,0.022318998366902557,0.037762237762237756,0.6231809660946283,5
0.06757843925985518,0.021793275217932753,0.04454545454545455,0.0211706102117061,0.011079071179238127,0.006784260515603799,0.013170575008030838,0.0802963556267522,0.040085898353614875,0.019052803483941214,0.06013986013986013,0.6143033964580102,6
0.06516492357200321,0.0298879202988792,0.04454545454545455,0.01183063511830635,0.009561390195780848,0.005427408412483039,0.004176035978156119,0.06227472967561055,0.028632784538296353,0.013064779531845398,0.04195804195804196,0.6834758961751425,5
0.035398230088495575,0.026151930261519307,0.04454545454545455,0.012453300124533,0.012444984064349674,0.05427408412483039,0.033408287825248954,0.05426511814177006,0.024337866857551894,0.015242242787152966,0.011188811188811175,0.6762896899902824,5
0.024135156878519706,0.01058530510585305,0.04454545454545455,0.011207970112079703,0.012141447867658221,0.032564450474898234,0.017346610986186957,0.04692297423574956,0.0408017179670723,0.015242242787152966,0.02377622377622377,0.7207304452631509,6
0.06757843925985518,0.021793275217932753,0.04454545454545455,0.0211706102117061,0.011079071179238127,0.006784260515603799,0.013170575008030838,0.0802963556267522,0.040085898353614875,0.019052803483941214,0.06013986013986013,0.6143033964580102,6
0.06516492357200321,0.0298879202988792,0.04454545454545455,0.01183063511830635,0.009561390195780848,0.005427408412483039,0.004176035978156119,0.06227472967561055,0.028632784538296353,0.013064779531845398,0.04195804195804196,0.6834758961751425,5
0.0329847144006436,0.0361145703611457,0.021818181818181816,0.009962640099626401,0.032478373045985734,0.005427408412483039,0.0028911018310311593,0.06027232679215062,0.041517537580529694,0.014697876973326075,0.008391608391608386,0.7334436602932877,6
0.0418342719227675,0.0236612702366127,0.04454545454545455,0.010585305105853053,0.0361208074062832,0.005427408412483039,0.004497269514937359,0.05960485916433064,0.0408017179670723,0.025040827436037017,0.03216783216783215,0.6757129761203364,6
0.012872083668543848,0.0149439601494396,0.021818181818181816,0.008094645080946454,0.012596752162695402,0.024423337856173677,0.011564407324124637,0.030236283540248602,0.05941302791696492,0.013064779531845398,0.04615384615384614,0.7448186947969895,6
0.05551086082059533,0.014321295143212951,0.04454545454545455,0.0149439601494396,0.00880254970405221,0.012211668928086838,0.00995823964021844,0.06828193832599111,0.041517537580529694,0.03157321720195972,0.03636363636363636,0.6619696415968233,6
0.04505229283990345,0.0074719800747198,0.04454545454545455,0.009339975093399752,0.009561390195780848,0.012211668928086838,0.007067137809187279,0.05159524763049015,0.028632784538296353,0.015242242787152966,0.027972027972027972,0.7413077975855,5
0.04263877715205149,0.0236612702366127,0.021818181818181816,0.008717310087173101,0.013810896949461223,0.006784260515603799,0.0025698682942499195,0.05159524763049015,0.04294917680744451,0.010342950462710943,0.022377622377622374,0.752734437668398,4
0.0337892196299276,0.019925280199252802,0.04454545454545455,0.01183063511830635,0.01077553498254667,0.02306648575305292,0.033729521362030196,0.05426511814177006,0.040085898353614875,0.014697876973326075,0.01538461538461538,0.6979043595561025,5
0.0337892196299276,0.021793275217932753,0.04454545454545455,0.012453300124533,0.011079071179238127,0.021709633649932156,0.033408287825248954,0.05426511814177006,0.03937007874015748,0.014697876973326075,0.019580419580419586,0.6933082643920596,5
0.04827031375703941,0.01183063511830635,0.04454545454545455,0.008094645080946454,0.007740173015632115,0.02306648575305292,0.010921940250562158,0.05026031237485019,0.028632784538296353,0.00979858464888405,0.019580419580419586,0.737258251336556,6
0.06194690265486726,0.0236612702366127,0.04454545454545455,0.008094645080946454,0.011686143572621037,0.005427408412483039,0.0025698682942499195,0.06761447069817113,0.032211882605583386,0.005988023952095808,0.016783216783216773,0.7194707131636979,5
0.06194690265486726,0.0236612702366127,0.04454545454545455,0.008094645080946454,0.011686143572621037,0.005427408412483039,0.0025698682942499195,0.06761447069817113,0.032211882605583386,0.005988023952095808,0.016783216783216773,0.7194707131636979,5
0.05953338696701529,0.009962640099626403,0.04454545454545455,0.0062266500622665,0.00940962209743512,0.012211668928086838,0.0048185030517186,0.05026031237485019,0.0171796707229778,0.017964071856287428,0.02097902097902098,0.7469089983152604,7
0.021721641190667742,0.03798256537982565,0.021818181818181816,0.0062266500622665,0.014569737441189862,0.02306648575305292,0.03083841953099904,0.04425310372446964,0.03722261989978524,0.014153511159499182,0.012587412587412593,0.7355596714526498,5
0.003218020917135964,0.0186799501867995,0.021818181818181816,0.006849315068493151,0.007284868720594931,0.024423337856173677,0.014134275618374558,0.01087972233346699,0.07015032211882609,0.022318998366902557,0.07832167832167831,0.7219213286733726,8
0.035398230088495575,0.020547945205479454,0.04454545454545455,0.010585305105853053,0.010927303080892398,0.027137042062415195,0.022165114037905557,0.057602456280870705,0.04366499642090194,0.013064779531845398,0.018181818181818167,0.696179555458068,5
0.016090104585679808,0.016811955168119553,0.04454545454545455,0.0049813200498132005,0.00880254970405221,0.029850746268656716,0.045936395759717315,0.014217060472566885,0.027201145311381535,0.009254218835057159,0.043356643356643354,0.7389524059428577,6
0.035398230088495575,0.020547945205479454,0.04454545454545455,0.010585305105853053,0.010927303080892398,0.027137042062415195,0.022165114037905557,0.057602456280870705,0.04366499642090194,0.013064779531845398,0.018181818181818167,0.696179555458068,5
0.04263877715205149,0.023038605230386054,0.05272727272727273,0.016189290161892904,0.012444984064349674,0.010854816824966078,0.011885640860905879,0.06894940595381108,0.03937007874015748,0.01360914534567229,0.008391608391608386,0.6999003745469259,5
0.03459372485921159,0.029576587795765875,0.03727272727272727,0.043586550435865505,0.011230839277583851,0.03934871099050203,0.03308705428846771,0.0649446001868912,0.03793843951324266,0.013064779531845398,0.012587412587412593,0.6427685732604844,5
0.06275140788415125,0.017434620174346202,0.046363636363636364,0.006849315068493151,0.007133100622249203,0.006784260515603799,0.005782203662062319,0.06227472967561055,0.021474588403722256,0.014697876973326075,0.012587412587412593,0.7358668480693863,6
0.031375703942075624,0.02895392278953923,0.01636363636363636,0.007471980074719802,0.01001669449081803,0.005427408412483039,0.00770960488274976,0.04425310372446964,0.03292770221904081,0.008165487207403373,0.019580419580419586,0.7877543363126447,6
0.024939662107803705,0.044520547945205484,0.0,0.010585305105853053,0.010471998785855214,0.006784260515603799,0.0025698682942499195,0.04959284474703021,0.040085898353614875,0.010342950462710943,0.012587412587412593,0.7875192510946603,5
0.029766693483507647,0.028642590286425903,0.011818181818181818,0.012453300124533,0.01274852026104113,0.017639077340569877,0.01831031159653068,0.055600053397410025,0.030780243378668568,0.01578660860097986,0.00979020979020978,0.7566642099219417,6
0.0337892196299276,0.0224159402241594,0.03727272727272727,0.0149439601494396,0.012141447867658221,0.033921302578019,0.014776742691937038,0.05426511814177006,0.0408017179670723,0.010887316276537835,0.029370629370629366,0.6954138778301223,6
0.04424778761061947,0.03300124533001245,0.03363636363636364,0.0261519302615193,0.014873273637881318,0.013568521031207597,0.018952778670093158,0.0836336937658521,0.041517537580529694,0.016875340228633642,0.027972027972027972,0.6455695002752597,6
0.013676588897827836,0.0149439601494396,0.017272727272727273,0.014321295143212953,0.009561390195780848,0.018995929443690638,0.010600706713780918,0.036910959818449135,0.058697208303507525,0.010342950462710943,0.06013986013986013,0.7345364234590122,6
0.0337892196299276,0.0074719800747198,0.049090909090909095,0.009962640099626401,0.01077553498254667,0.032564450474898234,0.01638291037584324,0.054932585769590044,0.04652827487473157,0.011431682090364726,0.011188811188811175,0.7158810013480315,5
0.06918744971842317,0.016189290161892904,0.05,0.011207970112079703,0.010471998785855214,0.005427408412483039,0.0032123353678123997,0.07028434120945104,0.0171796707229778,0.011431682090364726,0.013986013986013986,0.7214218394326459,5
0.02333065164923572,0.03237858032378581,0.0,0.009339975093399752,0.009864926392472302,0.02306648575305292,0.007388371345968519,0.04291816846882968,0.041517537580529694,0.014697876973326075,0.022377622377622374,0.7731198040417772,6
0.04022526146419952,0.0298879202988792,0.045454545454545456,0.008717310087173101,0.010168462589163759,0.036635006784260515,0.020880179890780597,0.06427713255907123,0.05440229062276307,0.013064779531845398,0.018181818181818167,0.6581052925355,5
0.05551086082059533,0.01183063511830635,0.046363636363636364,0.008094645080946454,0.010168462589163759,0.017639077340569877,0.007067137809187279,0.05426511814177006,0.020758768790264833,0.032661948829613506,0.019580419580419586,0.7160592895355267,6
0.053901850362027354,0.015566625155666251,0.03727272727272727,0.008717310087173101,0.011534375474275306,0.006784260515603799,0.0032123353678123997,0.05826992390869068,0.025053686471009286,0.025585193249863913,0.012587412587412593,0.7415142995477381,5
0.029766693483507647,0.026151930261519307,0.021818181818181816,0.015566625155666251,0.009713158294126575,0.0203527815468114,0.03405075489881144,0.05026031237485019,0.03793843951324266,0.015242242787152966,0.013986013986013986,0.7251528658801157,5
0.028962188254223645,0.027397260273972605,0.02090909090909091,0.015566625155666251,0.01001669449081803,0.017639077340569877,0.03148088660456152,0.05026031237485019,0.03865425912670006,0.01578660860097986,0.013986013986013986,0.729340982882553,5
0.043443282381335484,0.028642590286425903,0.02,0.0062266500622665,0.010320230687509487,0.010854816824966078,0.008352071956312239,0.048925377119209496,0.027916964924838927,0.011976047904191617,0.01538461538461538,0.7679573524683289,5
0.017699115044247787,0.03549190535491905,0.0,0.02926525529265255,0.016998027014721504,0.027137042062415195,0.016704143912624477,0.06427713255907123,0.051539012168933425,0.021230266739248774,0.025174825174825163,0.6944832746763409,5
0.0337892196299276,0.0298879202988792,0.026363636363636363,0.008094645080946454,0.013052056457732586,0.005427408412483039,0.0028911018310311593,0.05826992390869068,0.04438081603435933,0.008709853021230266,0.00979020979020978,0.7593432091708735,5
0.0337892196299276,0.0298879202988792,0.026363636363636363,0.008094645080946454,0.013052056457732586,0.005427408412483039,0.0028911018310311593,0.05826992390869068,0.04438081603435933,0.008709853021230266,0.00979020979020978,0.7593432091708735,5
0.0329847144006436,0.026151930261519307,0.023636363636363636,0.009962640099626401,0.012900288359386843,0.008141112618724558,0.008030838419530999,0.05026031237485019,0.03793843951324266,0.014697876973326075,0.012587412587412593,0.7627080707553732,6
0.024135156878519706,0.03518057285180573,0.02090909090909091,0.008717310087173101,0.015025041736227046,0.025780189959294434,0.025056215868936717,0.042250700841008966,0.033643521832498205,0.015242242787152966,0.012587412587412593,0.7414725436608797,5
0.0329847144006436,0.026151930261519307,0.023636363636363636,0.009962640099626401,0.012900288359386843,0.008141112618724558,0.008030838419530999,0.05026031237485019,0.03793843951324266,0.014697876973326075,0.012587412587412593,0.7627080707553732,6
0.04666130329847144,0.009962640099626403,0.049090909090909095,0.011207970112079703,0.014114433146152681,0.005427408412483039,0.004176035978156119,0.05826992390869068,0.03650680028632784,0.01633097441480675,0.01538461538461538,0.7328669858676808,5
0.024135156878519706,0.01805728518057285,0.012727272727272728,0.013075965130759653,0.01138260737592958,0.027137042062415195,0.011885640860905879,0.042250700841008966,0.041517537580529694,0.013064779531845398,0.029370629370629366,0.7553953824596109,6
0.04424778761061947,0.05074719800747198,0.02,0.015566625155666251,0.014114433146152681,0.013568521031207597,0.025698682942499197,0.07295421172073097,0.04939155332856122,0.016875340228633642,0.040559440559440565,0.6362762062690165,4
0.026548672566371688,0.014321295143212951,0.01909090909090909,0.0062266500622665,0.009257853999089391,0.0610583446404342,0.03083841953099904,0.042250700841008966,0.03793843951324266,0.01360914534567229,0.01538461538461538,0.7234749538821779,5
0.0329847144006436,0.0448318804483188,0.0,0.0031133250311332493,0.00804370921232357,0.031207598371777476,0.008673305493093478,0.035576024562808437,0.03793843951324266,0.011976047904191617,0.018181818181818167,0.7674731368806489,5
0.04022526146419952,0.0473225404732254,0.025454545454545455,0.009339975093399752,0.011230839277583851,0.03934871099050203,0.04529392868615483,0.052262715258310125,0.03579098067287045,0.010887316276537835,0.013986013986013986,0.6688571723666568,5
0.039420756234915526,0.047633872976338726,0.024545454545454547,0.008717310087173101,0.010927303080892398,0.0407055630936228,0.044651461612592355,0.05159524763049015,0.03579098067287045,0.010887316276537835,0.013986013986013986,0.671138719803098,5
0.03459372485921159,0.01058530510585305,0.031818181818181815,0.0062266500622665,0.008347245409015026,0.032564450474898234,0.01638291037584324,0.04625550660792958,0.03149606299212599,0.05606967882416985,0.02657342657342658,0.6990868568970785,6
0.04263877715205149,0.026151930261519307,0.04090909090909091,0.008717310087173101,0.008954317802397936,0.0203527815468114,0.010921940250562158,0.06027232679215062,0.04652827487473157,0.01578660860097986,0.013986013986013986,0.7047806277365176,5
0.04263877715205149,0.026151930261519307,0.04090909090909091,0.008717310087173101,0.008954317802397936,0.0203527815468114,0.010921940250562158,0.06027232679215062,0.04652827487473157,0.01578660860097986,0.013986013986013986,0.7047806277365176,5
0.04263877715205149,0.026151930261519307,0.04090909090909091,0.008717310087173101,0.008954317802397936,0.0203527815468114,0.010921940250562158,0.06027232679215062,0.04652827487473157,0.01578660860097986,0.013986013986013986,0.7047806277365176,5
0.029766693483507647,0.04514321295143213,0.0009090909090909091,0.008094645080946454,0.00880254970405221,0.005427408412483039,0.0025698682942499195,0.04425310372446964,0.041517537580529694,0.01360914534567229,0.03636363636363636,0.7635431081499298,4
0.0329847144006436,0.0224159402241594,0.02727272727272727,0.01183063511830635,0.008195477310669299,0.012211668928086838,0.007067137809187279,0.042250700841008966,0.042233357193987124,0.018508437670114317,0.03916083916083915,0.7358683640702703,7
0.0168946098149638,0.0186799501867995,0.024545454545454547,0.04794520547945205,0.008499013507360754,0.031207598371777476,0.04561516222293607,0.03157121879588856,0.030064423765211176,0.013064779531845398,0.040559440559440565,0.6913531432188702,6
0.049074818986323404,0.019302615193026153,0.035454545454545454,0.008094645080946454,0.014266201244498407,0.009497964721845319,0.008352071956312239,0.05693498865305072,0.010737294201861128,0.009254218835057159,0.016783216783216773,0.7622474188893168,5
0.09090909090909091,0.0149439601494396,0.05909090909090909,0.0410958904109589,0.01274852026104113,0.02849389416553596,0.020880179890780597,0.05026031237485019,0.0171796707229778,0.027762656505171478,0.09090909090909091,0.5457258246101534,5
0.03861625100563154,0.013075965130759653,0.053636363636363635,0.01183063511830635,0.010168462589163759,0.010854816824966078,0.00770960488274976,0.05026031237485019,0.027201145311381535,0.011431682090364726,0.05034965034965034,0.7148651106858124,6
0.032180209171359615,0.021793275217932753,0.042727272727272725,0.009339975093399752,0.00940962209743512,0.008141112618724558,0.007388371345968519,0.052262715258310125,0.024337866857551894,0.007076755579749592,0.01538461538461538,0.7699582086476799,5
0.0410297666934835,0.02677459526774596,0.015454545454545455,0.012453300124533,0.01138260737592958,0.025780189959294434,0.015097976228718278,0.06894940595381108,0.028632784538296353,0.015242242787152966,0.013986013986013986,0.7252165716304754,5
0.049074818986323404,0.019302615193026153,0.035454545454545454,0.008094645080946454,0.014266201244498407,0.009497964721845319,0.008352071956312239,0.05693498865305072,0.010737294201861128,0.009254218835057159,0.016783216783216773,0.7622474188893168,5
0.05953338696701529,0.0236612702366127,0.053636363636363635,0.0031133250311332493,0.009257853999089391,0.029850746268656716,0.011564407324124637,0.05293018288613011,0.012884753042233342,0.019052803483941214,0.029370629370629366,0.6951442777540704,7
0.02091713596138375,0.024906600249066005,0.006363636363636364,0.0031133250311332493,0.00940962209743512,0.005427408412483039,0.004497269514937359,0.04825790949138952,0.041517537580529694,0.026129559063690803,0.016783216783216773,0.7926767794510983,6
0.02091713596138375,0.024906600249066005,0.006363636363636364,0.0031133250311332493,0.00940962209743512,0.005427408412483039,0.004497269514937359,0.04825790949138952,0.041517537580529694,0.026129559063690803,0.016783216783216773,0.7926767794510983,6
0.02333065164923572,0.0186799501867995,0.028181818181818183,0.0043586550435865505,0.010320230687509487,0.018995929443690638,0.011564407324124637,0.05159524763049015,0.0408017179670723,0.016875340228633642,0.008391608391608386,0.7669044432654308,5
0.02091713596138375,0.02801992528019925,0.005454545454545454,0.0043586550435865505,0.009713158294126575,0.010854816824966078,0.006745904272406039,0.04759044186356953,0.04438081603435933,0.02014153511159499,0.016783216783216773,0.7850398490760457,6
0.03861625100563154,0.029265255292652555,0.012727272727272728,0.006849315068493151,0.010927303080892398,0.032564450474898234,0.013491808544812078,0.05359765051395009,0.028632784538296353,0.012520413718018512,0.018181818181818167,0.7426256768532642,5
0.029766693483507647,0.023038605230386054,0.03272727272727272,0.005603985056039851,0.031871300652602824,0.006784260515603799,0.0032123353678123997,0.05293018288613011,0.03149606299212599,0.014697876973326075,0.01538461538461538,0.7524868087305772,6
0.053901850362027354,0.013698630136986302,0.04090909090909091,0.006849315068493151,0.010623766884200928,0.006784260515603799,0.0028911018310311593,0.05826992390869068,0.01431639226914816,0.017964071856287428,0.011188811188811175,0.762602785069629,6
0.053901850362027354,0.013698630136986302,0.04090909090909091,0.006849315068493151,0.010623766884200928,0.006784260515603799,0.0028911018310311593,0.05826992390869068,0.01431639226914816,0.017964071856287428,0.011188811188811175,0.762602785069629,6
0.028962188254223645,0.03798256537982565,0.01909090909090909,0.0049813200498132005,0.00940962209743512,0.005427408412483039,0.0022486347574686796,0.04492057135228962,0.03292770221904081,0.010342950462710943,0.01538461538461538,0.7883215125391848,5
0.028962188254223645,0.03798256537982565,0.01909090909090909,0.0049813200498132005,0.00940962209743512,0.005427408412483039,0.0022486347574686796,0.04492057135228962,0.03292770221904081,0.010342950462710943,0.01538461538461538,0.7883215125391848,5
0.04987932421560741,0.017434620174346202,0.03727272727272727,0.008094645080946454,0.010927303080892398,0.008141112618724558,0.0035335689045936395,0.055600053397410025,0.024337866857551894,0.018508437670114317,0.012587412587412593,0.7536829281396733,6
0.032180209171359615,0.04234122042341221,0.01,0.008717310087173101,0.010927303080892398,0.014925373134328358,0.008030838419530999,0.052262715258310125,0.047244094488188976,0.008165487207403373,0.02097902097902098,0.7442264277503798,5
0.029766693483507647,0.04109589041095891,0.009090909090909092,0.010585305105853053,0.010471998785855214,0.05970149253731343,0.026019916479280435,0.054932585769590044,0.052970651395848244,0.010887316276537835,0.022377622377622374,0.6720996182867238,5
0.04987932421560741,0.008717310087173101,0.04090909090909091,0.0149439601494396,0.007284868720594931,0.025780189959294434,0.013813042081593318,0.04759044186356953,0.027916964924838927,0.011431682090364726,0.016783216783216773,0.7349499082152163,5
0.027353177795655673,0.020547945205479454,0.02090909090909091,0.008094645080946454,0.012444984064349674,0.0203527815468114,0.007388371345968519,0.040915765585369,0.033643521832498205,0.008709853021230266,0.025174825174825163,0.7744650384377753,6
0.031375703942075624,0.021170610211706103,0.028181818181818183,0.008405977584059776,0.01001669449081803,0.04206241519674356,0.016704143912624477,0.05293018288613011,0.042233357193987124,0.011431682090364726,0.019580419580419586,0.7159069947292527,5
0.02815768302493966,0.04109589041095891,0.02090909090909091,0.010585305105853053,0.007133100622249203,0.005427408412483039,0.0028911018310311593,0.04625550660792958,0.045096635647816755,0.012520413718018512,0.040559440559440565,0.7393684231501887,5
0.0418342719227675,0.053549190535491904,0.02909090909090909,0.008717310087173101,0.01001669449081803,0.04613297150610584,0.04690009637006103,0.05293018288613011,0.03650680028632784,0.008165487207403373,0.013986013986013986,0.6521700716307981,5
0.02815768302493966,0.04109589041095891,0.02090909090909091,0.010585305105853053,0.007133100622249203,0.005427408412483039,0.0028911018310311593,0.04625550660792958,0.045096635647816755,0.012520413718018512,0.040559440559440565,0.7393684231501887,5
0.024939662107803705,0.033623910336239106,0.0036363636363636364,0.0043586550435865505,0.004097738655334649,0.004070556309362279,0.00096370061034372,0.040915765585369,0.047244094488188976,0.007621121393576482,0.013986013986013986,0.8145424178478179,5
0.02815768302493966,0.016189290161892904,0.04363636363636363,0.005603985056039851,0.02200637426013052,0.005427408412483039,0.0035335689045936395,0.05026031237485019,0.040085898353614875,0.0391943385955362,0.013986013986013986,0.7319187632335415,5
0.03700724054706355,0.04981320049813201,0.021818181818181816,0.010585305105853053,0.01138260737592958,0.014925373134328358,0.027947317699967878,0.0649446001868912,0.052970651395848244,0.011431682090364726,0.019580419580419586,0.67759342056702,5
0.032180209171359615,0.023038605230386054,0.046363636363636364,0.006849315068493151,0.062224920321748374,0.0203527815468114,0.017989078059749437,0.052262715258310125,0.020758768790264833,0.0457267283614589,0.008391608391608386,0.6638616334361733,5
0.035398230088495575,0.0224159402241594,0.02909090909090909,0.01183063511830635,0.010927303080892398,0.027137042062415195,0.03726309026662384,0.055600053397410025,0.041517537580529694,0.01578660860097986,0.013986013986013986,0.6990466365032646,5
0.035398230088495575,0.021793275217932753,0.028181818181818183,0.011207970112079703,0.010927303080892398,0.031207598371777476,0.03822679087696756,0.055600053397410025,0.0408017179670723,0.015242242787152966,0.013986013986013986,0.6974269859323871,5
0.004022526146419952,0.021793275217932753,0.0018181818181818182,0.0024906600249066002,0.0033388981636060105,0.02306648575305292,0.012206874397687119,0.013549592844746905,0.08303507516105942,0.01578660860097986,0.06153846153846154,0.7573533603329651,6
0.01930812550281577,0.03300124533001245,0.0018181818181818182,0.007471980074719802,0.008195477310669299,0.009497964721845319,0.006103437198843559,0.04759044186356953,0.052254831782390855,0.018508437670114317,0.01538461538461538,0.7808652613422219,6
0.03861625100563154,0.03082191780821918,0.025454545454545455,0.014321295143212953,0.01138260737592958,0.02306648575305292,0.021201413427561835,0.06694700307035115,0.0408017179670723,0.010887316276537835,0.018181818181818167,0.698317628536067,5
0.05792437650844731,0.016189290161892904,0.05,0.007471980074719802,0.008954317802397936,0.005427408412483039,0.004176035978156119,0.05693498865305072,0.026485325697924108,0.01578660860097986,0.03356643356643357,0.7170832345435146,6
0.04827031375703941,0.05603985056039851,0.03909090909090909,0.012453300124533,0.009713158294126575,0.033921302578019,0.026341150016061677,0.055600053397410025,0.024337866857551894,0.013064779531845398,0.02377622377622377,0.6573910920158816,6
0.01930812550281577,0.03300124533001245,0.0018181818181818182,0.007471980074719802,0.008195477310669299,0.009497964721845319,0.006103437198843559,0.04759044186356953,0.052254831782390855,0.018508437670114317,0.01538461538461538,0.7808652613422219,6
0.01930812550281577,0.03237858032378581,0.0018181818181818182,0.007471980074719802,0.008347245409015026,0.010854816824966078,0.005460970125281079,0.04625550660792958,0.052254831782390855,0.018508437670114317,0.013986013986013986,0.7833553098747859,6
0.02333065164923572,0.016189290161892904,0.04363636363636363,0.010585305105853053,0.009257853999089391,0.02849389416553596,0.025056215868936717,0.04759044186356953,0.041517537580529694,0.02014153511159499,0.016783216783216773,0.7174176940741817,4
0.03620273531777956,0.04016189290161893,0.0036363636363636364,0.0043586550435865505,0.01001669449081803,0.004070556309362279,0.0025698682942499195,0.05293018288613011,0.03937007874015748,0.011431682090364726,0.018181818181818167,0.7770694721077507,4
0.030571198712791636,0.05697384806973848,0.013636363636363636,0.031755915317559155,0.009257853999089391,0.013568521031207597,0.01541920976549952,0.05960485916433064,0.045096635647816755,0.008709853021230266,0.02097902097902098,0.6944267206553519,5
0.01930812550281577,0.04109589041095891,0.007272727272727273,0.006849315068493151,0.012293215966003947,0.012211668928086838,0.004176035978156119,0.036910959818449135,0.047244094488188976,0.007621121393576482,0.022377622377622374,0.782639222794921,5
0.022526146419951733,0.023038605230386054,0.017272727272727273,0.013075965130759653,0.009864926392472302,0.0203527815468114,0.00995823964021844,0.043585636096649664,0.045096635647816755,0.00979858464888405,0.029370629370629366,0.7560591226026933,5
0.02574416733708769,0.026463262764632633,0.010909090909090908,0.009962640099626401,0.008499013507360754,0.013568521031207597,0.00931577256665596,0.03958083032972905,0.04294917680744451,0.015242242787152966,0.04475524475524475,0.7530100371047668,6
0.04827031375703941,0.05635118306351183,0.03909090909090909,0.01183063511830635,0.010320230687509487,0.027137042062415195,0.025056215868936717,0.05626752102523074,0.022906227630637075,0.013064779531845398,0.02377622377622377,0.665928718387435,5
0.03459372485921159,0.027708592777085927,0.03090909090909091,0.013075965130759653,0.012293215966003947,0.0203527815468114,0.03405075489881144,0.0649446001868912,0.04581245526127415,0.015242242787152966,0.01538461538461538,0.6856319602922915,5
0.04263877715205149,0.038605230386052306,0.025454545454545455,0.010585305105853053,0.01001669449081803,0.027137042062415195,0.022807581111468037,0.05293018288613011,0.03865425912670006,0.00979858464888405,0.019580419580419586,0.7017913779946627,5
0.024135156878519706,0.021170610211706103,0.01,0.010585305105853053,0.010168462589163759,0.014925373134328358,0.013813042081593318,0.04492057135228962,0.033643521832498205,0.013064779531845398,0.022377622377622374,0.7811955549045801,5
0.030571198712791636,0.027397260273972605,0.0036363636363636364,0.006849315068493151,0.010623766884200928,0.012211668928086838,0.005139736588499839,0.05026031237485019,0.03435934144595563,0.005988023952095808,0.016783216783216773,0.796179795351473,5
0.02011263073209976,0.033623910336239106,0.0,0.018679950186799504,0.011230839277583851,0.021709633649932156,0.012528107934468359,0.05026031237485019,0.051539012168933425,0.011431682090364726,0.01538461538461538,0.7534993058641135,5
0.030571198712791636,0.027397260273972605,0.0036363636363636364,0.006849315068493151,0.010623766884200928,0.012211668928086838,0.005139736588499839,0.05026031237485019,0.03435934144595563,0.005988023952095808,0.016783216783216773,0.796179795351473,5
0.03459372485921159,0.0224159402241594,0.021818181818181816,0.012141967621419676,0.012444984064349674,0.04613297150610584,0.032123353678123995,0.05426511814177006,0.025769506084466712,0.010887316276537835,0.011188811188811175,0.7162181245368622,5
0.02011263073209976,0.01183063511830635,0.02727272727272727,0.008094645080946454,0.006222492032174836,0.04748982360922659,0.038869257950530034,0.04291816846882968,0.01431639226914816,0.07022318998366904,0.01538461538461538,0.6972654220977265,5
0.035398230088495575,0.033623910336239106,0.015454545454545455,0.013075965130759653,0.009864926392472302,0.005427408412483039,0.0022486347574686796,0.05026031237485019,0.03937007874015748,0.011976047904191617,0.027972027972027972,0.7553279124363089,5
0.02815768302493966,0.037359900373599,0.00818181818181818,0.01183063511830635,0.010927303080892398,0.02306648575305292,0.013813042081593318,0.06227472967561055,0.04939155332856122,0.021230266739248774,0.037762237762237756,0.6960043448801398,6
0.014481094127111831,0.02801992528019925,0.0018181818181818182,0.005603985056039851,0.008347245409015026,0.004070556309362279,0.0016061676839061998,0.04625550660792958,0.051539012168933425,0.019052803483941214,0.01538461538461538,0.8038209066707641,5
0.014481094127111831,0.02801992528019925,0.0018181818181818182,0.005603985056039851,0.008347245409015026,0.004070556309362279,0.0016061676839061998,0.04625550660792958,0.051539012168933425,0.019052803483941214,0.01538461538461538,0.8038209066707641,5
0.014481094127111831,0.046388542963885435,0.002727272727272727,0.014321295143212953,0.008954317802397936,0.035278154681139755,0.016704143912624477,0.03290615405152852,0.06227630637079456,0.008709853021230266,0.06013986013986013,0.6971130050589414,6
0.039420756234915526,0.02677459526774596,0.060000000000000005,0.008717310087173101,0.0569130368796479,0.014925373134328358,0.00995823964021844,0.05426511814177006,0.030780243378668568,0.018508437670114317,0.016783216783216773,0.662953672782201,5
0.03459372485921159,0.04701120797011209,0.011818181818181818,0.01587795765877958,0.011534375474275306,0.004070556309362279,0.0025698682942499195,0.06227472967561055,0.05010737294201861,0.010342950462710943,0.043356643356643354,0.706442431178844,5
0.021721641190667742,0.044520547945205484,0.002727272727272727,0.007471980074719802,0.012141447867658221,0.012211668928086838,0.004176035978156119,0.043585636096649664,0.04652827487473157,0.007621121393576482,0.016783216783216773,0.7805111561400586,5
0.01930812550281577,0.020547945205479454,0.03090909090909091,0.011207970112079703,0.010623766884200928,0.0203527815468114,0.021201413427561835,0.05293018288613011,0.057981388690050095,0.014697876973326075,0.01538461538461538,0.7248548424778383,5
0.024939662107803705,0.027397260273972605,0.018181818181818184,0.006849315068493151,0.009561390195780848,0.010854816824966078,0.010600706713780918,0.057602456280870705,0.052970651395848244,0.01578660860097986,0.012587412587412593,0.7526679017682731,5
0.024939662107803705,0.052615193026151925,0.009090909090909092,0.007471980074719802,0.01517680983457276,0.013568521031207597,0.005139736588499839,0.041583233213188985,0.03722261989978524,0.009254218835057159,0.01538461538461538,0.7685525009134885,5
0.028962188254223645,0.029265255292652555,0.0,0.009962640099626401,0.012293215966003947,0.024423337856173677,0.016704143912624477,0.06761447069817113,0.05440229062276307,0.017419706042460535,0.012587412587412593,0.726365338667888,6
0.035398230088495575,0.03549190535491905,0.0,0.009339975093399752,0.011534375474275306,0.024423337856173677,0.010279473176999678,0.05960485916433064,0.04366499642090194,0.014697876973326075,0.012587412587412593,0.7429775578097657,5
0.029766693483507647,0.039850560398505604,0.026363636363636363,0.020547945205479454,0.009561390195780848,0.014925373134328358,0.0032123353678123997,0.04291816846882968,0.05082319255547603,0.019052803483941214,0.043356643356643354,0.699621257986059,6
0.03700724054706355,0.025529265255292654,0.021818181818181816,0.010585305105853053,0.01001669449081803,0.036635006784260515,0.04272406039190491,0.052129221732745985,0.033643521832498205,0.013064779531845398,0.01538461538461538,0.7014621071249205,5
0.05229283990345937,0.016811955168119553,0.049090909090909095,0.011207970112079703,0.012596752162695402,0.027137042062415195,0.030517185994217797,0.06694700307035115,0.027916964924838927,0.00979858464888405,0.01538461538461538,0.6802981774774144,5
0.021721641190667742,0.024283935242839352,0.01636363636363636,0.007471980074719802,0.00880254970405221,0.014925373134328358,0.007067137809187279,0.05079428647710602,0.05583392984967788,0.021774632553075667,0.01538461538461538,0.755576282216094,6
0.028962188254223645,0.013698630136986302,0.034545454545454546,0.009962640099626401,0.010320230687509487,0.014925373134328358,0.01638291037584324,0.05159524763049015,0.040085898353614875,0.007621121393576482,0.008391608391608386,0.7635086969967382,6
0.02091713596138375,0.0236612702366127,0.01636363636363636,0.007471980074719802,0.008954317802397936,0.014925373134328358,0.008030838419530999,0.05032705913763189,0.05583392984967788,0.021230266739248774,0.016783216783216773,0.7555009754976147,6
0.021721641190667742,0.024283935242839352,0.01636363636363636,0.007471980074719802,0.00880254970405221,0.014925373134328358,0.007067137809187279,0.05079428647710602,0.05583392984967788,0.021774632553075667,0.01538461538461538,0.755576282216094,6
0.029766693483507647,0.03300124533001245,0.009090909090909092,0.012453300124533,0.011686143572621037,0.021709633649932156,0.010921940250562158,0.05313042317447596,0.03937007874015748,0.011976047904191617,0.01538461538461538,0.751508969294482,5
0.024135156878519706,0.026151930261519307,0.011818181818181818,0.009962640099626401,0.012900288359386843,0.031207598371777476,0.0192740122068744,0.05192898144440014,0.04652827487473157,0.015242242787152966,0.013986013986013986,0.7368646789118154,5
0.029766693483507647,0.03300124533001245,0.009090909090909092,0.012453300124533,0.011686143572621037,0.021709633649932156,0.010921940250562158,0.05313042317447596,0.03937007874015748,0.011976047904191617,0.01538461538461538,0.751508969294482,5
0.02574416733708769,0.0224159402241594,0.06181818181818182,0.0049813200498132005,0.06116254363332827,0.017639077340569877,0.008352071956312239,0.04331864904552137,0.025053686471009286,0.03973870440936309,0.00979020979020978,0.6799854479244439,6
0.02574416733708769,0.04919053549190536,0.006363636363636364,0.0062266500622665,0.006981332523903461,0.02849389416553596,0.013170575008030838,0.034574823121078464,0.055118110236220465,0.005443658138268915,0.03216783216783215,0.7365247853842338,6
0.013676588897827836,0.053549190535491904,0.0009090909090909091,0.006849315068493151,0.0068295644255577485,0.018995929443690638,0.008673305493093478,0.0321051928981444,0.06156048675733716,0.007076755579749592,0.03916083916083915,0.750613740830684,6
0.02815768302493966,0.04669987546699876,0.0,0.008094645080946454,0.010927303080892398,0.012211668928086838,0.008030838419530999,0.04331864904552137,0.03650680028632784,0.009254218835057159,0.019580419580419586,0.7772178982512788,5
0.02815768302493966,0.04669987546699876,0.0,0.008094645080946454,0.010927303080892398,0.012211668928086838,0.008030838419530999,0.04331864904552137,0.03650680028632784,0.009254218835057159,0.019580419580419586,0.7772178982512788,5
0.0337892196299276,0.0186799501867995,0.01909090909090909,0.009962640099626401,0.012141447867658221,0.04341926729986431,0.026341150016061677,0.05446535843011591,0.032211882605583386,0.010342950462710943,0.011188811188811175,0.7283664131219318,5
0.035398230088495575,0.028642590286425903,0.022727272727272728,0.01183063511830635,0.009561390195780848,0.010854816824966078,0.03148088660456152,0.05152850086770771,0.035075161059413024,0.013064779531845398,0.018181818181818167,0.7316539185134067,5
0.037811745776347556,0.03331257783312578,0.023636363636363636,0.006849315068493151,0.01274852026104113,0.005427408412483039,0.00931577256665596,0.048791883593646085,0.03650680028632784,0.004899292324442023,0.016783216783216773,0.763917103457857,5
0.0337892196299276,0.0361145703611457,0.0,0.0049813200498132005,0.008650781605706483,0.009497964721845319,0.004176035978156119,0.046322253370711275,0.0408017179670723,0.010887316276537835,0.022377622377622374,0.7824011976614618,6
0.03620273531777956,0.034869240348692404,0.01,0.01183063511830635,0.012293215966003947,0.013568521031207597,0.012206874397687119,0.058803898010946515,0.0408017179670723,0.011976047904191617,0.01538461538461538,0.7420624985534972,6
0.03700724054706355,0.03424657534246576,0.009090909090909092,0.013075965130759653,0.01198967976931249,0.014925373134328358,0.013491808544812078,0.058803898010946515,0.0408017179670723,0.011431682090364726,0.01538461538461538,0.7397505349873501,6
0.0337892196299276,0.029265255292652555,0.01636363636363636,0.012453300124533,0.011686143572621037,0.014925373134328358,0.021843880501124315,0.048791883593646085,0.028632784538296353,0.011431682090364726,0.013986013986013986,0.7568308271728557,5
0.02011263073209976,0.029265255292652555,0.0018181818181818182,0.008717310087173101,0.010623766884200928,0.031207598371777476,0.028268551236749116,0.04919236417033778,0.057981388690050095,0.010887316276537835,0.018181818181818167,0.7337438182584214,6
0.026548672566371688,0.037359900373599,0.0009090909090909091,0.0062266500622665,0.009713158294126575,0.008141112618724558,0.008352071956312239,0.0441196101989055,0.04652827487473157,0.011431682090364726,0.016783216783216773,0.7838865592722899,5
0.02011263073209976,0.029265255292652555,0.0018181818181818182,0.008717310087173101,0.010623766884200928,0.031207598371777476,0.028268551236749116,0.04919236417033778,0.057981388690050095,0.010887316276537835,0.018181818181818167,0.7337438182584214,6
0.03861625100563154,0.03518057285180573,0.023636363636363636,0.009339975093399752,0.010623766884200928,0.029850746268656716,0.04400899453902987,0.05159524763049015,0.03865425912670006,0.011976047904191617,0.013986013986013986,0.692531761073516,5
0.039420756234915526,0.02801992528019925,0.024545454545454547,0.008717310087173101,0.010623766884200928,0.029850746268656716,0.044330228075811114,0.051728741156054296,0.03793843951324266,0.011976047904191617,0.013986013986013986,0.6988625700640863,5
0.026548672566371688,0.017434620174346202,0.026363636363636363,0.005603985056039851,0.02200637426013052,0.0,0.012206874397687119,0.04825790949138952,0.040085898353614875,0.03211758301578661,0.01538461538461538,0.7539898309363819,6
0.02091713596138375,0.0547945205479452,0.0,0.013075965130759653,0.013659128851115497,0.008141112618724558,0.0032123353678123997,0.03864637565078078,0.04939155332856122,0.007076755579749592,0.022377622377622374,0.768707494585545,5
0.018503620273531782,0.03206724782067248,0.015454545454545455,0.009339975093399752,0.03475489452117165,0.006784260515603799,0.00385480244137488,0.04024829795754903,0.047244094488188976,0.014153511159499182,0.02657342657342658,0.7510213237010364,6
0.029766693483507647,0.019302615193026153,0.02727272727272727,0.015566625155666251,0.010168462589163759,0.008141112618724558,0.008994539029874718,0.052129221732745985,0.04438081603435933,0.015242242787152966,0.029370629370629366,0.739664314732422,5
0.02011263073209976,0.024906600249066005,0.002727272727272727,0.010585305105853053,0.009713158294126575,0.027137042062415195,0.027626084163186636,0.04925911093311948,0.05440229062276307,0.014697876973326075,0.019580419580419586,0.7392522085563518,5
0.01930812550281577,0.02801992528019925,0.0,0.006849315068493151,0.027014721505539532,0.014925373134328358,0.012528107934468359,0.044653584301161335,0.0408017179670723,0.014697876973326075,0.013986013986013986,0.7772152383465819,6
0.015285599356395818,0.021170610211706103,0.012727272727272728,0.009339975093399752,0.01548034603126423,0.010854816824966078,0.00995823964021844,0.04839140301695366,0.06585540443808162,0.017419706042460535,0.019580419580419586,0.7539362070368614,5
0.02011263073209976,0.029265255292652555,0.0009090909090909091,0.009962640099626401,0.009864926392472302,0.025780189959294434,0.025377449405717956,0.04932585769590192,0.057981388690050095,0.014153511159499182,0.019580419580419586,0.737686640083175,5
0.04263877715205149,0.014321295143212951,0.03727272727272727,0.008717310087173101,0.01077553498254667,0.013568521031207597,0.0176678445229682,0.05426511814177006,0.033643521832498205,0.009254218835057159,0.01538461538461538,0.7424905156141719,5
0.043443282381335484,0.027397260273972605,0.021818181818181816,0.008094645080946454,0.010168462589163759,0.024423337856173677,0.016704143912624477,0.06027232679215062,0.03149606299212599,0.012520413718018512,0.02377622377622377,0.7198856588090828,6
0.043443282381335484,0.027397260273972605,0.021818181818181816,0.008094645080946454,0.010168462589163759,0.024423337856173677,0.016704143912624477,0.06027232679215062,0.03149606299212599,0.012520413718018512,0.02377622377622377,0.7198856588090828,6
0.032180209171359615,0.031755915317559155,0.015454545454545455,0.012453300124533,0.013203824556078315,0.027137042062415195,0.036299389656280115,0.05293018288613011,0.025053686471009286,0.010342950462710943,0.012587412587412593,0.7306015412499662,5
0.022526146419951733,0.015566625155666251,0.03909090909090909,0.010585305105853053,0.010623766884200928,0.02306648575305292,0.024413748795374238,0.04678948071018541,0.042233357193987124,0.019052803483941214,0.018181818181818167,0.7278695532250599,6
0.0337892196299276,0.03237858032378581,0.015454545454545455,0.012453300124533,0.010927303080892398,0.032564450474898234,0.03983295856087376,0.054131624616205916,0.035075161059413024,0.011431682090364726,0.016783216783216773,0.7051779578013433,5
0.02011263073209976,0.030510585305105854,0.0018181818181818182,0.009962640099626401,0.010471998785855214,0.021709633649932156,0.026019916479280435,0.04925911093311948,0.052970651395848244,0.014697876973326075,0.018181818181818167,0.7442849556458064,6
0.024939662107803705,0.0298879202988792,0.0,0.010585305105853053,0.006526028228866291,0.008141112618724558,0.0022486347574686796,0.04218395407822726,0.04581245526127415,0.012520413718018512,0.03356643356643357,0.783588080258451,5
0.04424778761061947,0.009339975093399754,0.049090909090909095,0.008717310087173101,0.00804370921232357,0.008141112618724558,0.006424670735624799,0.034975303697770896,0.030780243378668568,0.010887316276537835,0.05734265734265734,0.732009004855591,6
0.04987932421560741,0.04794520547945205,0.02727272727272727,0.010585305105853053,0.01821217180148733,0.008141112618724558,0.017346610986186957,0.05199572820718184,0.017895490336435223,0.046271094175285785,0.025174825174825163,0.6792804046262333,5
0.0329847144006436,0.021170610211706103,0.028181818181818183,0.009962640099626401,0.017301563211412962,0.031207598371777476,0.01863154513331192,0.04932585769590192,0.025769506084466712,0.022318998366902557,0.016783216783216773,0.7263619314592153,5
0.037811745776347556,0.015566625155666251,0.04,0.0043586550435865505,0.003945970556988921,0.027137042062415195,0.011564407324124637,0.034641569883860905,0.03579098067287045,0.026129559063690803,0.03356643356643357,0.7294870108940151,7
0.03861625100563154,0.0236612702366127,0.03090909090909091,0.016811955168119553,0.010623766884200928,0.005427408412483039,0.0025698682942499195,0.057602456280870705,0.03937007874015748,0.010342950462710943,0.03216783216783215,0.7318970714380402,6
0.032180209171359615,0.02677459526774596,0.00818181818181818,0.0149439601494396,0.008499013507360754,0.009497964721845319,0.0035335689045936395,0.048591643305299505,0.035075161059413024,0.005988023952095808,0.022377622377622374,0.7843564194014062,5
0.004022526146419952,0.02895392278953923,0.0,0.0049813200498132005,0.0048565791470632875,0.017639077340569877,0.025698682942499197,0.01715391803497509,0.058697208303507525,0.033206314643440385,0.06293706293706293,0.7418533876651093,7
0.024939662107803705,0.027397260273972605,0.007272727272727273,0.009962640099626401,0.01548034603126423,0.017639077340569877,0.012849341471249599,0.04692297423574956,0.03579098067287045,0.017964071856287428,0.016783216783216773,0.7669977018546621,6
0.030571198712791636,0.024906600249066005,0.02,0.011207970112079703,0.010927303080892398,0.004070556309362279,0.00385480244137488,0.04505406487785377,0.03722261989978524,0.013064779531845398,0.02097902097902098,0.7781410838059277,6
0.030571198712791636,0.008094645080946452,0.035454545454545454,0.006849315068493151,0.004401274852026089,0.004070556309362279,0.0012849341471249597,0.02529702309437972,0.03793843951324266,0.02068590092542188,0.05734265734265734,0.7680095094990084,7
0.022526146419951733,0.025529265255292654,0.010909090909090908,0.0062266500622665,0.02322051904689634,0.004070556309362279,0.00192740122068744,0.04638900013349372,0.03722261989978524,0.02885138813282526,0.011188811188811175,0.7819385514215368,5
0.024135156878519706,0.0224159402241594,0.028181818181818183,0.01183063511830635,0.00880254970405221,0.004070556309362279,0.0028911018310311593,0.04578827926845544,0.03435934144595563,0.011976047904191617,0.02657342657342658,0.7789751465607214,6
0.021721641190667742,0.023038605230386054,0.009090909090909092,0.010585305105853053,0.008499013507360754,0.004070556309362279,0.0025698682942499195,0.03704445334401253,0.040085898353614875,0.007621121393576482,0.029370629370629366,0.8063019988093778,5
0.0667739340305712,0.0236612702366127,0.05,0.01183063511830635,0.009106085900743664,0.008141112618724558,0.005782203662062319,0.06708049659591454,0.025053686471009286,0.019052803483941214,0.03496503496503497,0.6785527369170792,6
0.018503620273531782,0.016811955168119553,0.021818181818181816,0.007471980074719802,0.013659128851115497,0.004070556309362279,0.00032123353678123993,0.030369777065812006,0.05010737294201861,0.01360914534567229,0.04195804195804196,0.7812990066566432,4
0.06436041834271923,0.01805728518057285,0.049090909090909095,0.01183063511830635,0.013810896949461223,0.024423337856173677,0.0112431737873434,0.06220798291282885,0.033643521832498205,0.023407729994556346,0.040559440559440565,0.6473646683751901,6
0.03620273531777956,0.033623910336239106,0.013636363636363636,0.014321295143212953,0.012900288359386843,0.010854816824966078,0.01702537744940572,0.06467761313576292,0.03865425912670006,0.011431682090364726,0.016783216783216773,0.7298884417966016,5
0.01930812550281577,0.03518057285180573,0.0,0.0062266500622665,0.013203824556078315,0.010854816824966078,0.005139736588499839,0.039981310906420736,0.04294917680744451,0.014697876973326075,0.018181818181818167,0.7942760907445583,5
0.0024135156878519765,0.0186799501867995,0.0,0.007471980074719802,0.005463651540446199,0.0203527815468114,0.011564407324124637,0.00981177412895458,0.06943450250536866,0.022318998366902557,0.07832167832167831,0.7541667603163424,7
0.0168946098149638,0.026151930261519307,0.011818181818181818,0.006849315068493151,0.009713158294126575,0.018995929443690638,0.0096370061034372,0.04825790949138952,0.06227630637079456,0.016875340228633642,0.019580419580419586,0.7529498935243502,5
0.02011263073209976,0.0224159402241594,0.025454545454545455,0.01183063511830635,0.008499013507360754,0.006784260515603799,0.0032123353678123997,0.04505406487785377,0.03579098067287045,0.010887316276537835,0.02657342657342658,0.7833848506794234,5
0.02333065164923572,0.009339975093399754,0.03090909090909091,0.008717310087173101,0.005767187737137655,0.004070556309362279,0.0006424670735624799,0.03357362167934849,0.047244094488188976,0.016875340228633642,0.03636363636363636,0.7831660683812307,7
0.02011263073209976,0.021170610211706103,0.012727272727272728,0.01183063511830635,0.009713158294126575,0.018995929443690638,0.00995823964021844,0.041182752636497295,0.04438081603435933,0.008709853021230266,0.03216783216783215,0.7690502699726603,5
0.02333065164923572,0.03518057285180573,0.006363636363636364,0.009962640099626401,0.006981332523903461,0.005427408412483039,0.00096370061034372,0.041716726738753124,0.04581245526127415,0.011976047904191617,0.03496503496503497,0.7773197926197117,4
0.010458567980691879,0.030510585305105854,0.007272727272727273,0.007471980074719802,0.008954317802397936,0.0203527815468114,0.005782203662062319,0.02462955546655974,0.058697208303507525,0.023952095808383235,0.037762237762237756,0.7641557390147953,6
0.05631536604987932,0.021793275217932753,0.04,0.0043586550435865505,0.020488693276673242,0.04748982360922659,0.014455509155155798,0.055333066346282475,0.04581245526127415,0.02885138813282526,0.02097902097902098,0.6441227469281428,4
0.0168946098149638,0.009962640099626403,0.025454545454545455,0.009339975093399752,0.0,0.04748982360922659,0.030195952457436556,0.003804565478574028,0.03722261989978524,0.00326619488296135,0.04615384615384614,0.7702152270556347,7
0.0168946098149638,0.009962640099626403,0.025454545454545455,0.009339975093399752,0.0,0.04748982360922659,0.030195952457436556,0.003804565478574028,0.03722261989978524,0.00326619488296135,0.04615384615384614,0.7702152270556347,7
0.04424778761061947,0.01183063511830635,0.031818181818181815,0.0043586550435865505,0.009561390195780848,0.010854816824966078,0.007067137809187279,0.044386597250033785,0.03579098067287045,0.02721829069134458,0.03916083916083915,0.7337046878042837,7
0.016090104585679808,0.033623910336239106,0.0,0.013075965130759653,0.015632114129609957,0.027137042062415195,0.008030838419530999,0.04151648645040728,0.05082319255547603,0.01633097441480675,0.02657342657342658,0.7511659453416486,5
0.04827031375703941,0.0236612702366127,0.04090909090909091,0.010585305105853053,0.016239186522992867,0.04477611940298507,0.01991647928043688,0.04678948071018541,0.035075161059413024,0.021230266739248774,0.03496503496503497,0.6575822913111069,6
0.02011263073209976,0.03518057285180573,0.031818181818181815,0.006849315068493151,0.011534375474275306,0.010854816824966078,0.027626084163186636,0.041583233213188985,0.03865425912670006,0.01578660860097986,0.013986013986013986,0.7460139081401086,5
0.014481094127111831,0.03237858032378581,0.01909090909090909,0.005603985056039851,0.010471998785855214,0.017639077340569877,0.008030838419530999,0.0455212922173279,0.06084466714387973,0.017964071856287428,0.019580419580419586,0.7483930660582827,5
0.022526146419951733,0.034869240348692404,0.014545454545454545,0.005603985056039851,0.01001669449081803,0.014925373134328358,0.010600706713780918,0.050927780002670175,0.05440229062276307,0.02014153511159499,0.02097902097902098,0.740461772574885,6
0.014481094127111831,0.03237858032378581,0.01909090909090909,0.005603985056039851,0.010471998785855214,0.017639077340569877,0.008030838419530999,0.0455212922173279,0.06084466714387973,0.017964071856287428,0.019580419580419586,0.7483930660582827,5
0.037811745776347556,0.019302615193026153,0.04,0.0062266500622665,0.011079071179238127,0.010854816824966078,0.005139736588499839,0.04678948071018541,0.03865425912670006,0.011976047904191617,0.01538461538461538,0.7567809612499633,5
0.037811745776347556,0.019302615193026153,0.04,0.0062266500622665,0.011079071179238127,0.010854816824966078,0.005139736588499839,0.04678948071018541,0.03865425912670006,0.011976047904191617,0.01538461538461538,0.7567809612499633,5
0.037811745776347556,0.0149439601494396,0.035454545454545454,0.0037359900373599,0.010320230687509487,0.05427408412483039,0.01574044330228076,0.04305166199439309,0.052254831782390855,0.021774632553075667,0.03496503496503497,0.6756728391727923,6
0.037811745776347556,0.0149439601494396,0.035454545454545454,0.0037359900373599,0.010320230687509487,0.05427408412483039,0.01574044330228076,0.04305166199439309,0.052254831782390855,0.021774632553075667,0.03496503496503497,0.6756728391727923,6
0.037811745776347556,0.0149439601494396,0.035454545454545454,0.0037359900373599,0.010320230687509487,0.05427408412483039,0.01574044330228076,0.04305166199439309,0.052254831782390855,0.021774632553075667,0.03496503496503497,0.6756728391727923,6
0.028962188254223645,0.008717310087173101,0.03090909090909091,0.009962640099626401,0.009257853999089391,0.0203527815468114,0.013170575008030838,0.03918034975303736,0.047244094488188976,0.024496461622210128,0.040559440559440565,0.7271872136730773,7
0.05711987127916331,0.009962640099626403,0.042727272727272725,0.0049813200498132005,0.0063742601305205645,0.021709633649932156,0.008352071956312239,0.04532105192898131,0.029348604151753745,0.018508437670114317,0.03076923076923076,0.7248256055872793,7
0.02091713596138375,0.031133250311332503,0.005454545454545454,0.011207970112079703,0.009864926392472302,0.018995929443690638,0.025377449405717956,0.04932585769590192,0.055118110236220465,0.011431682090364726,0.01538461538461538,0.7457885275116752,5
0.02333065164923572,0.0186799501867995,0.02909090909090909,0.011207970112079703,0.008347245409015026,0.008141112618724558,0.006103437198843559,0.04144973968762558,0.03579098067287045,0.005988023952095808,0.027972027972027972,0.783897951449773,5
0.02091713596138375,0.031133250311332503,0.005454545454545454,0.009962640099626401,0.01001669449081803,0.021709633649932156,0.025056215868936717,0.04932585769590192,0.055118110236220465,0.010887316276537835,0.018181818181818167,0.7422367817729466,5
0.02091713596138375,0.03206724782067248,0.006363636363636364,0.010585305105853053,0.009864926392472302,0.0203527815468114,0.025698682942499197,0.04945935122146607,0.055118110236220465,0.011431682090364726,0.018181818181818167,0.739959322136802,5
0.018503620273531782,0.027397260273972605,0.002727272727272727,0.0037359900373599,0.011230839277583851,0.04748982360922659,0.012849341471249599,0.03437458283273262,0.05654974946313528,0.013064779531845398,0.03076923076923076,0.741307509732859,5
0.021721641190667742,0.014321295143212951,0.021818181818181816,0.006849315068493151,0.008347245409015026,0.036635006784260515,0.013491808544812078,0.037978908022960806,0.04939155332856122,0.011431682090364726,0.022377622377622374,0.7556357402218477,4
0.0337892196299276,0.01183063511830635,0.03636363636363637,0.01183063511830635,0.01472150553953559,0.008141112618724558,0.0032123353678123997,0.040515285008677314,0.0408017179670723,0.025040827436037017,0.04755244755244756,0.7262006422795166,7
0.024939662107803705,0.03704856787048568,0.0009090909090909091,0.007471980074719802,0.007891941113977842,0.0407055630936228,0.011885640860905879,0.024295821652649752,0.0479599141016464,0.013064779531845398,0.04755244755244756,0.7362745911308043,6
0.024135156878519706,0.03704856787048568,0.0,0.007471980074719802,0.008499013507360754,0.03934871099050203,0.00931577256665596,0.03510879722333504,0.052970651395848244,0.017419706042460535,0.04195804195804196,0.7267236014920703,6
0.030571198712791636,0.01183063511830635,0.026363636363636363,0.013698630136986302,0.02762179389892243,0.017639077340569877,0.006424670735624799,0.03530903751168089,0.03435934144595563,0.024496461622210128,0.05034965034965034,0.7213358667636653,6
0.0337892196299276,0.030510585305105854,0.017272727272727273,0.019302615193026153,0.012444984064349674,0.03934871099050203,0.020237712817218118,0.05206247496996428,0.03435934144595563,0.009254218835057159,0.022377622377622374,0.7090397870985439,6
0.03459372485921159,0.03922789539227895,0.012727272727272728,0.009962640099626401,0.011230839277583851,0.010854816824966078,0.00770960488274976,0.054532105192898354,0.04294917680744451,0.016875340228633642,0.029370629370629366,0.7299659543367047,5
0.035398230088495575,0.04234122042341221,0.010909090909090908,0.009339975093399752,0.01077553498254667,0.009497964721845319,0.007067137809187279,0.055333066346282475,0.042233357193987124,0.017419706042460535,0.027972027972027972,0.7317126884172642,6
0.017699115044247787,0.02801992528019925,0.0,0.009962640099626401,0.009106085900743664,0.04206241519674356,0.01863154513331192,0.03230543318649024,0.04939155332856122,0.012520413718018512,0.03916083916083915,0.7411400339512183,6
0.049074818986323404,0.048567870485678705,0.03090909090909091,0.03549190535491905,0.01517680983457276,0.029850746268656716,0.029874718920655317,0.08556934988653107,0.03435934144595563,0.019052803483941214,0.012587412587412593,0.6094851318362626,5
0.02091713596138375,0.033623910336239106,0.002727272727272727,0.008717310087173101,0.01001669449081803,0.0203527815468114,0.025698682942499197,0.049125617407556076,0.05654974946313528,0.013064779531845398,0.018181818181818167,0.7410242473234477,5
0.04424778761061947,0.020547945205479454,0.02090909090909091,0.0062266500622665,0.010623766884200928,0.012211668928086838,0.00385480244137488,0.05119476705379771,0.03435934144595563,0.017419706042460535,0.012587412587412593,0.7658170608292546,6
0.02091713596138375,0.033623910336239106,0.002727272727272727,0.008717310087173101,0.01001669449081803,0.0203527815468114,0.025698682942499197,0.049125617407556076,0.05654974946313528,0.013064779531845398,0.018181818181818167,0.7410242473234477,5
0.02091713596138375,0.031755915317559155,0.002727272727272727,0.008094645080946454,0.010320230687509487,0.021709633649932156,0.026341150016061677,0.04925911093311948,0.05654974946313528,0.01360914534567229,0.019580419580419586,0.7391355912369879,6
0.02011263073209976,0.029265255292652555,0.0009090909090909091,0.008717310087173101,0.010320230687509487,0.035278154681139755,0.011885640860905879,0.036243492190629154,0.04867573371510379,0.01360914534567229,0.03216783216783215,0.7528154833301912,6
0.029766693483507647,0.01183063511830635,0.035454545454545454,0.009339975093399752,0.01001669449081803,0.021709633649932156,0.011885640860905879,0.029168335335736192,0.0408017179670723,0.023952095808383235,0.05734265734265734,0.7187313753947356,7
0.02011263073209976,0.029265255292652555,0.0009090909090909091,0.008717310087173101,0.010320230687509487,0.035278154681139755,0.011885640860905879,0.036243492190629154,0.04867573371510379,0.01360914534567229,0.03216783216783215,0.7528154833301912,6
0.029766693483507647,0.01183063511830635,0.035454545454545454,0.009339975093399752,0.01001669449081803,0.021709633649932156,0.011885640860905879,0.029168335335736192,0.0408017179670723,0.023952095808383235,0.05734265734265734,0.7187313753947356,7
0.03459372485921159,0.01183063511830635,0.03272727272727272,0.010585305105853053,0.006677796327212005,0.012211668928086838,0.010600706713780918,0.03704445334401253,0.047244094488188976,0.0195971692977681,0.04755244755244756,0.7293347255378594,5
0.022526146419951733,0.03206724782067248,0.009090909090909092,0.009339975093399752,0.010320230687509487,0.0203527815468114,0.008673305493093478,0.048658390068081946,0.06012884753042235,0.0195971692977681,0.03356643356643357,0.7256785633849466,7
0.022526146419951733,0.03206724782067248,0.009090909090909092,0.009339975093399752,0.010320230687509487,0.0203527815468114,0.008673305493093478,0.048658390068081946,0.06012884753042235,0.0195971692977681,0.03356643356643357,0.7256785633849466,7
0.017699115044247787,0.029265255292652555,0.005454545454545454,0.031755915317559155,0.007284868720594931,0.013568521031207597,0.00385480244137488,0.040915765585369,0.0479599141016464,0.014153511159499182,0.03356643356643357,0.7545213522848695,7
0.02091713596138375,0.026151930261519307,0.024545454545454547,0.010585305105853053,0.010927303080892398,0.014925373134328358,0.023128814648249275,0.042250700841008966,0.04652827487473157,0.02068590092542188,0.03636363636363636,0.7229901702575205,5
0.012067578439259853,0.027397260273972605,0.0,0.008094645080946454,0.010168462589163759,0.006784260515603799,0.00096370061034372,0.03157121879588856,0.06084466714387973,0.011431682090364726,0.043356643356643354,0.7873198811039335,6
0.022526146419951733,0.024906600249066005,0.011818181818181818,0.009339975093399752,0.01001669449081803,0.04477611940298507,0.0176678445229682,0.03477506340942505,0.04939155332856122,0.014153511159499182,0.03356643356643357,0.7270618765387103,6
0.037811745776347556,0.016189290161892904,0.04363636363636363,0.01805728518057285,0.01821217180148733,0.0027137042062415195,0.0016061676839061998,0.03804565478574324,0.035075161059413024,0.013064779531845398,0.06713286713286712,0.7084548090433193,6
0.03620273531777956,0.009962640099626403,0.04181818181818182,0.050435865504358655,0.01548034603126423,0.0027137042062415195,0.00096370061034372,0.05967160592711234,0.03149606299212599,0.014697876973326075,0.03496503496503497,0.7015922455546048,6
0.043443282381335484,0.021170610211706103,0.04,0.012453300124533,0.00804370921232357,0.004070556309362279,0.0006424670735624799,0.04452009077559719,0.042233357193987124,0.01578660860097986,0.05314685314685313,0.7144891649697598,6
0.032180209171359615,0.012141967621419676,0.03636363636363637,0.008094645080946454,0.010168462589163759,0.0027137042062415195,0.0,0.033707115204912645,0.03793843951324266,0.018508437670114317,0.04895104895104895,0.7592323336279141,6
0.005631536604987933,0.03704856787048568,0.017272727272727273,0.0037359900373599,0.022613446653513433,0.008141112618724558,0.017989078059749437,0.025897743959417997,0.06299212598425198,0.015242242787152966,0.03636363636363636,0.7470717917879924,5
0.017699115044247787,0.01805728518057285,0.028181818181818183,0.04919053549190536,0.010927303080892398,0.033921302578019,0.012528107934468359,0.054532105192898354,0.04581245526127415,0.016875340228633642,0.02377622377622377,0.6884984080490462,6
0.030571198712791636,0.0149439601494396,0.02909090909090909,0.008094645080946454,0.010471998785855214,0.04206241519674356,0.023450048185030516,0.042250700841008966,0.040085898353614875,0.021230266739248774,0.03636363636363636,0.701384322500775,6
0.030571198712791636,0.031133250311332503,0.010909090909090908,0.005603985056039851,0.009106085900743664,0.050203527815468114,0.012849341471249599,0.0331731411026568,0.04581245526127415,0.03048448557430594,0.04755244755244756,0.6926009903325993,6
0.04022526146419952,0.01805728518057285,0.03363636363636364,0.008717310087173101,0.01198967976931249,0.012211668928086838,0.005460970125281079,0.05199572820718184,0.03579098067287045,0.012520413718018512,0.029370629370629366,0.7400237088403103,5
0.030571198712791636,0.031133250311332503,0.010909090909090908,0.005603985056039851,0.009106085900743664,0.050203527815468114,0.012849341471249599,0.0331731411026568,0.04581245526127415,0.03048448557430594,0.04755244755244756,0.6926009903325993,6
0.032180209171359615,0.021793275217932753,0.024545454545454547,0.008717310087173101,0.006526028228866291,0.017639077340569877,0.007067137809187279,0.033974102256040924,0.03149606299212599,0.025585193249863913,0.03916083916083915,0.7513153099405866,5
0.032180209171359615,0.006226650062266501,0.03272727272727272,0.0062266500622665,0.007891941113977842,0.07055630936227951,0.022807581111468037,0.03984781738085733,0.052254831782390855,0.029395753946652156,0.03636363636363636,0.6635213469155725,7
0.03861625100563154,0.0074719800747198,0.030000000000000002,0.008717310087173101,0.007436636818940659,0.06919945725915876,0.021522646964343077,0.05199572820718184,0.052254831782390855,0.031028851388132828,0.025174825174825163,0.6565814812375024,6
0.030571198712791636,0.03424657534246576,0.017272727272727273,0.008094645080946454,0.012293215966003947,0.013568521031207597,0.022165114037905557,0.048658390068081946,0.03292770221904081,0.014153511159499182,0.011188811188811175,0.7548595879205187,4
0.032180209171359615,0.021793275217932753,0.024545454545454547,0.008717310087173101,0.006526028228866291,0.017639077340569877,0.007067137809187279,0.033974102256040924,0.03149606299212599,0.025585193249863913,0.03916083916083915,0.7513153099405866,5
0.0329847144006436,0.013075965130759653,0.034545454545454546,0.0149439601494396,0.007740173015632115,0.012211668928086838,0.004176035978156119,0.030770257642504437,0.040085898353614875,0.021774632553075667,0.05034965034965034,0.7373415889529822,7
0.022526146419951733,0.030510585305105854,0.0009090909090909091,0.006849315068493151,0.00940962209743512,0.016282225237449117,0.010279473176999678,0.04945935122146607,0.052970651395848244,0.017419706042460535,0.019580419580419586,0.76380341354528,5
0.024135156878519706,0.017434620174346202,0.026363636363636363,0.0062266500622665,0.01001669449081803,0.037991858887381276,0.0192740122068744,0.04692297423574956,0.05082319255547603,0.014153511159499182,0.01538461538461538,0.7312730776008174,6
0.016090104585679808,0.030510585305105854,0.0009090909090909091,0.0062266500622665,0.010320230687509487,0.009497964721845319,0.006103437198843559,0.04932585769590192,0.06800286327845383,0.021774632553075667,0.029370629370629366,0.7518679536315978,5
0.0337892196299276,0.0112079701120797,0.034545454545454546,0.008717310087173101,0.007284868720594931,0.024423337856173677,0.021201413427561835,0.03577626485115502,0.04652827487473157,0.021230266739248774,0.04755244755244756,0.7077431716034517,6
0.012872083668543848,0.021170610211706103,0.015454545454545455,0.0043586550435865505,0.009257853999089391,0.008141112618724558,0.0016061676839061998,0.027900146842877935,0.06227630637079456,0.011431682090364726,0.04195804195804196,0.7835727940578188,5
0.04263877715205149,0.009339975093399754,0.04454545454545455,0.025529265255292647,0.010623766884200928,0.010854816824966078,0.0035335689045936395,0.031838205847016104,0.032211882605583386,0.010342950462710943,0.05734265734265734,0.7211986790820731,7
0.04424778761061947,0.019302615193026153,0.03636363636363637,0.010585305105853053,0.012141447867658221,0.016282225237449117,0.014776742691937038,0.05519957282071833,0.03435934144595563,0.016875340228633642,0.022377622377622374,0.7174883630568907,7
0.029766693483507647,0.0112079701120797,0.04454545454545455,0.01805728518057285,0.011837911670966763,0.013568521031207597,0.005782203662062319,0.03277266052596437,0.03793843951324266,0.016875340228633642,0.05174825174825173,0.7258992682980562,7
0.04505229283990345,0.019925280199252802,0.05272727272727273,0.019925280199252802,0.012141447867658221,0.013568521031207597,0.005782203662062319,0.04925911093311948,0.03937007874015748,0.03592814371257485,0.05034965034965034,0.655970717737888,7
0.029766693483507647,0.009962640099626403,0.04363636363636363,0.007471980074719802,0.012293215966003947,0.006784260515603799,0.00192740122068744,0.026765451875583823,0.03722261989978524,0.01578660860097986,0.055944055944055944,0.7524387086830825,7
0.03459372485921159,0.0,0.04090909090909091,0.005603985056039851,0.009561390195780848,0.012211668928086838,0.0048185030517186,0.03637698571619256,0.0479599141016464,0.023407729994556346,0.04895104895104895,0.7356059582366271,7
0.03459372485921159,0.0,0.04090909090909091,0.005603985056039851,0.009561390195780848,0.012211668928086838,0.0048185030517186,0.03637698571619256,0.0479599141016464,0.023407729994556346,0.04895104895104895,0.7356059582366271,7
0.029766693483507647,0.009962640099626403,0.04363636363636363,0.007471980074719802,0.012293215966003947,0.006784260515603799,0.00192740122068744,0.026765451875583823,0.03722261989978524,0.01578660860097986,0.055944055944055944,0.7524387086830825,7
0.028962188254223645,0.01183063511830635,0.03636363636363637,0.008094645080946454,0.006981332523903461,0.006784260515603799,0.0012849341471249597,0.03530903751168089,0.0408017179670723,0.019052803483941214,0.03916083916083915,0.7653739698727214,7
0.04505229283990345,0.013698630136986302,0.04363636363636363,0.007471980074719802,0.006070723933829109,0.005427408412483039,0.00096370061034372,0.030102790014684456,0.03292770221904081,0.0195971692977681,0.05174825174825173,0.7433029870756258,7
0.031375703942075624,0.00560398505603985,0.04727272727272727,0.0062266500622665,0.011837911670966763,0.010854816824966078,0.005460970125281079,0.04278467494326554,0.04438081603435933,0.018508437670114317,0.027972027972027972,0.7477212784259097,5
0.035398230088495575,0.0149439601494396,0.04727272727272727,0.007471980074719802,0.015025041736227046,0.005427408412483039,0.0012849341471249597,0.03744493392070496,0.0408017179670723,0.01578660860097986,0.040559440559440565,0.7385830170705849,6
0.014481094127111831,0.02801992528019925,0.010909090909090908,0.008717310087173101,0.016390954621338594,0.032564450474898234,0.0096370061034372,0.034174342544386775,0.052254831782390855,0.02068590092542188,0.040559440559440565,0.7316056525851108,7
0.031375703942075624,0.021793275217932753,0.024545454545454547,0.0062266500622665,0.006981332523903461,0.02306648575305292,0.010279473176999678,0.034107595781604334,0.030064423765211176,0.028307022318998367,0.037762237762237756,0.7454903451502628,6
0.02011263073209976,0.027397260273972605,0.012727272727272728,0.0043586550435865505,0.01001669449081803,0.008141112618724558,0.00385480244137488,0.03904685622747321,0.03793843951324266,0.01578660860097986,0.012587412587412593,0.8080322547430425,5
0.016090104585679808,0.02801992528019925,0.0018181818181818182,0.007471980074719802,0.015632114129609957,0.006784260515603799,0.0032123353678123997,0.043185155519957226,0.04581245526127415,0.0195971692977681,0.01538461538461538,0.7969917027645783,5
0.031375703942075624,0.021793275217932753,0.024545454545454547,0.0062266500622665,0.006981332523903461,0.02306648575305292,0.010279473176999678,0.034107595781604334,0.030064423765211176,0.028307022318998367,0.037762237762237756,0.7454903451502628,6
0.031375703942075624,0.033623910336239106,0.018181818181818184,0.007471980074719802,0.012900288359386843,0.029850746268656716,0.03437198843559268,0.0484581497797361,0.027916964924838927,0.008165487207403373,0.011188811188811175,0.7364941513007215,5
0.035398230088495575,0.017434620174346202,0.03909090909090909,0.009339975093399752,0.008499013507360754,0.037991858887381276,0.012849341471249599,0.028233880656787926,0.03292770221904081,0.014697876973326075,0.05314685314685313,0.7103897386908498,6
0.04666130329847144,0.008717310087173101,0.04363636363636363,0.0062266500622665,0.008195477310669299,0.006784260515603799,0.0012849341471249597,0.047857428914697825,0.042233357193987124,0.029395753946652156,0.03496503496503497,0.7240421259219552,6
0.0337892196299276,0.013075965130759653,0.03727272727272727,0.031133250311332503,0.009257853999089391,0.008141112618724558,0.0022486347574686796,0.04345214257108552,0.040085898353614875,0.01578660860097986,0.05174825174825173,0.7140083350060384,7
0.02091713596138375,0.01805728518057285,0.02727272727272727,0.007471980074719802,0.01077553498254667,0.04613297150610584,0.021201413427561835,0.04625550660792958,0.05010737294201861,0.010342950462710943,0.013986013986013986,0.7274791075957088,5
0.030571198712791636,0.029265255292652555,0.026363636363636363,0.010585305105853053,0.01472150553953559,0.0407055630936228,0.036299389656280115,0.05299692964891181,0.029348604151753745,0.009254218835057159,0.00979020979020978,0.7100981838096954,5
0.01930812550281577,0.017434620174346202,0.02909090909090909,0.016811955168119553,0.007436636818940659,0.010854816824966078,0.007388371345968519,0.027299425977840398,0.03865425912670006,0.008709853021230266,0.040559440559440565,0.7764515863887229,7
0.03620273531777956,0.0236612702366127,0.02727272727272727,0.0062266500622665,0.00804370921232357,0.009497964721845319,0.0035335689045936395,0.05119476705379771,0.041517537580529694,0.02068590092542188,0.029370629370629366,0.7427925393414727,6
0.039420756234915526,0.04607721046077211,0.023636363636363636,0.0062266500622665,0.010168462589163759,0.016282225237449117,0.007067137809187279,0.0470564677613137,0.03650680028632784,0.01578660860097986,0.022377622377622374,0.7293936949436384,5
0.021721641190667742,0.024906600249066005,0.02909090909090909,0.007471980074719802,0.00880254970405221,0.067842605156038,0.020558946353999356,0.027432919503403798,0.04294917680744451,0.02667392487751769,0.06293706293706293,0.6596116840551189,6
0.03620273531777956,0.0236612702366127,0.02727272727272727,0.0062266500622665,0.00804370921232357,0.009497964721845319,0.0035335689045936395,0.05119476705379771,0.041517537580529694,0.02068590092542188,0.029370629370629366,0.7427925393414727,6
0.022526146419951733,0.028642590286425903,0.0,0.006849315068493151,0.007891941113977842,0.008141112618724558,0.0016061676839061998,0.03704445334401253,0.05082319255547603,0.01360914534567229,0.040559440559440565,0.7823064950039191,6
0.02011263073209976,0.0149439601494396,0.02727272727272727,0.0043586550435865505,0.010320230687509487,0.04613297150610584,0.020558946353999356,0.04578827926845544,0.05010737294201861,0.009254218835057159,0.013986013986013986,0.737163993222987,5
0.024939662107803705,0.016811955168119553,0.010909090909090908,0.0049813200498132005,0.012900288359386843,0.024423337856173677,0.006745904272406039,0.03931384327860076,0.030064423765211176,0.008709853021230266,0.013986013986013986,0.8062143072261498,5
0.0410297666934835,0.010896637608966376,0.03636363636363637,0.0037359900373599,0.009257853999089391,0.017639077340569877,0.0048185030517186,0.03664397276732084,0.028632784538296353,0.00979858464888405,0.03496503496503497,0.7662181579856397,6
0.024939662107803705,0.016811955168119553,0.010909090909090908,0.0049813200498132005,0.012900288359386843,0.024423337856173677,0.006745904272406039,0.03931384327860076,0.030064423765211176,0.008709853021230266,0.013986013986013986,0.8062143072261498,5
0.02011263073209976,0.013698630136986302,0.025454545454545455,0.006849315068493151,0.010623766884200928,0.0407055630936228,0.01991647928043688,0.04585502603123788,0.05082319255547603,0.008165487207403373,0.013986013986013986,0.7438093495694835,5
0.02011263073209976,0.013698630136986302,0.025454545454545455,0.006849315068493151,0.010623766884200928,0.0407055630936228,0.01991647928043688,0.04585502603123788,0.05082319255547603,0.008165487207403373,0.013986013986013986,0.7438093495694835,5
0.024939662107803705,0.0298879202988792,0.005454545454545454,0.006849315068493151,0.010168462589163759,0.024423337856173677,0.0112431737873434,0.04605526631958374,0.04652827487473157,0.01578660860097986,0.02377622377622377,0.7548872092660788,6
0.03459372485921159,0.0448318804483188,0.03090909090909091,0.0031133250311332493,0.005767187737137655,0.004070556309362279,0.0012849341471249597,0.0365104792417567,0.027201145311381535,0.008165487207403373,0.00979020979020978,0.7937619790078692,6
0.014481094127111831,0.03549190535491905,0.0,0.004669987546699874,0.006526028228866291,0.008141112618724558,0.00192740122068744,0.010345748231210414,0.052254831782390855,0.010887316276537835,0.06293706293706293,0.7923375116757889,6
0.02333065164923572,0.019302615193026153,0.02727272727272727,0.008094645080946454,0.0075884049172863875,0.006784260515603799,0.00192740122068744,0.03257242023761853,0.05010737294201861,0.021230266739248774,0.043356643356643354,0.7584325908749575,7
0.028962188254223645,0.019302615193026153,0.026363636363636363,0.0043586550435865505,0.010471998785855214,0.035278154681139755,0.012528107934468359,0.03978107061807489,0.03650680028632784,0.011431682090364726,0.02657342657342658,0.74844166417587,5
0.017699115044247787,0.0149439601494396,0.02909090909090909,0.005603985056039851,0.008347245409015026,0.004070556309362279,0.0006424670735624799,0.0182218662394875,0.04438081603435933,0.011976047904191617,0.06153846153846154,0.7834845701509239,7
0.03620273531777956,0.01058530510585305,0.030000000000000002,0.007160647571606476,0.007740173015632115,0.016282225237449117,0.006745904272406039,0.033974102256040924,0.03722261989978524,0.027762656505171478,0.04615384615384614,0.7401697846644298,7
0.03620273531777956,0.0112079701120797,0.03090909090909091,0.006849315068493151,0.007891941113977842,0.014925373134328358,0.006103437198843559,0.033974102256040924,0.03722261989978524,0.027762656505171478,0.04615384615384614,0.7407969123305631,7
0.03459372485921159,0.014321295143212951,0.03636363636363637,0.016811955168119553,0.014873273637881318,0.014925373134328358,0.005782203662062319,0.03617674542784671,0.035075161059413024,0.02014153511159499,0.05034965034965034,0.7205854460830425,7
0.03459372485921159,0.009962640099626403,0.04090909090909091,0.0049813200498132005,0.008347245409015026,0.008141112618724558,0.00192740122068744,0.023161126685355637,0.03650680028632784,0.011976047904191617,0.05454545454545456,0.7649480354125012,7
0.03459372485921159,0.012453300124533002,0.028181818181818183,0.006849315068493151,0.011534375474275306,0.014925373134328358,0.004176035978156119,0.03757842744626911,0.030780243378668568,0.011976047904191617,0.027972027972027972,0.778979310478027,6
0.024939662107803705,0.05510585305105853,0.013636363636363636,0.007471980074719802,0.013659128851115497,0.013568521031207597,0.008352071956312239,0.03984781738085733,0.035075161059413024,0.008165487207403373,0.022377622377622374,0.7578003312661229,5
0.02333065164923572,0.036737235367372355,0.0,0.0043586550435865505,0.012141447867658221,0.02849389416553596,0.008030838419530999,0.04191696702709897,0.04581245526127415,0.01360914534567229,0.022377622377622374,0.7631910874754124,6
0.027353177795655673,0.028642590286425903,0.014545454545454545,0.006849315068493151,0.016390954621338594,0.0027137042062415195,0.00032123353678123993,0.02983580296355617,0.03435934144595563,0.01360914534567229,0.03916083916083915,0.7862184410235862,6
0.03459372485921159,0.016189290161892904,0.03636363636363637,0.008094645080946454,0.008499013507360754,0.014925373134328358,0.007067137809187279,0.03197169937258025,0.03793843951324266,0.02286336418072945,0.05874125874125873,0.7227524172756252,7
0.027353177795655673,0.0037359900373599,0.03363636363636364,0.0,0.0056154196387919264,0.04748982360922659,0.03308705428846771,0.0,0.010737294201861128,0.005988023952095808,0.06013986013986013,0.7722169927003175,6
0.01930812550281577,0.0236612702366127,0.012727272727272728,0.005603985056039851,0.01001669449081803,0.012211668928086838,0.005460970125281079,0.041983713789881416,0.05654974946313528,0.015242242787152966,0.027972027972027972,0.7692622789208754,5
0.053901850362027354,0.0149439601494396,0.060000000000000005,0.009339975093399752,0.01684625891637578,0.0027137042062415195,0.0006424670735624799,0.042384194366573105,0.03292770221904081,0.010887316276537835,0.04895104895104895,0.7064615223857529,6
0.053901850362027354,0.0149439601494396,0.060000000000000005,0.009339975093399752,0.01684625891637578,0.0027137042062415195,0.0006424670735624799,0.042384194366573105,0.03292770221904081,0.010887316276537835,0.04895104895104895,0.7064615223857529,6
0.01930812550281577,0.024283935242839352,0.00818181818181818,0.007471980074719802,0.0075884049172863875,0.004070556309362279,0.00096370061034372,0.038512882125216634,0.04366499642090194,0.011431682090364726,0.029370629370629366,0.8051512891537018,5
0.028962188254223645,0.012453300124533002,0.03818181818181818,0.008717310087173101,0.013052056457732586,0.0027137042062415195,0.00096370061034372,0.03330663462822021,0.03793843951324266,0.011976047904191617,0.05454545454545456,0.7571893454868253,6
0.024939662107803705,0.028642590286425903,0.0009090909090909091,0.005603985056039851,0.011534375474275306,0.014925373134328358,0.00385480244137488,0.03744493392070496,0.041517537580529694,0.012520413718018512,0.029370629370629366,0.7887366060007786,7
0.032180209171359615,0.04420921544209216,0.0,0.01183063511830635,0.012596752162695402,0.021709633649932156,0.011885640860905879,0.054398611667334215,0.042233357193987124,0.014697876973326075,0.027972027972027972,0.7262860397880331,6
0.026548672566371688,0.01183063511830635,0.02909090909090909,0.0062266500622665,0.008195477310669299,0.017639077340569877,0.0096370061034372,0.02382859431317562,0.0479599141016464,0.012520413718018512,0.05874125874125873,0.7477813915333708,6
0.014481094127111831,0.04202988792029888,0.0,0.008094645080946454,0.00804370921232357,0.036635006784260515,0.014776742691937038,0.02476304899212389,0.053686471009305674,0.010342950462710943,0.04475524475524475,0.7423911989637364,5
0.024939662107803705,0.028642590286425903,0.0009090909090909091,0.005603985056039851,0.011534375474275306,0.014925373134328358,0.00385480244137488,0.03744493392070496,0.041517537580529694,0.012520413718018512,0.029370629370629366,0.7887366060007786,7
0.02815768302493966,0.043586550435865505,0.0,0.019925280199252802,0.012596752162695402,0.005427408412483039,0.0025698682942499195,0.05653450807635829,0.04438081603435933,0.010887316276537835,0.016783216783216773,0.7591506003000414,5
0.03459372485921159,0.038916562889165625,0.01636363636363636,0.009962640099626401,0.009864926392472302,0.018995929443690638,0.013491808544812078,0.04885863035642779,0.03292770221904081,0.007621121393576482,0.018181818181818167,0.7502214992565217,6
0.04424778761061947,0.015566625155666251,0.03090909090909091,0.009339975093399752,0.011079071179238127,0.005427408412483039,0.0035335689045936395,0.045120811640635465,0.030780243378668568,0.017419706042460535,0.03076923076923076,0.7558064809039134,7
0.024135156878519706,0.01183063511830635,0.03090909090909091,0.009962640099626401,0.010623766884200928,0.033921302578019,0.00931577256665596,0.023294620210919784,0.03435934144595563,0.014153511159499182,0.05734265734265734,0.7401515048065488,7
0.0329847144006436,0.01805728518057285,0.03727272727272727,0.03300124533001245,0.01001669449081803,0.032564450474898234,0.011564407324124637,0.034908556934988455,0.03579098067287045,0.023952095808383235,0.05874125874125873,0.6711455833687021,7
0.03459372485921159,0.0236612702366127,0.01909090909090909,0.008094645080946454,0.011534375474275306,0.027137042062415195,0.010600706713780918,0.04572153250567374,0.042233357193987124,0.02721829069134458,0.037762237762237756,0.7123519083286056,6
0.018503620273531782,0.023038605230386054,0.017272727272727273,0.0049813200498132005,0.010168462589163759,0.016282225237449117,0.006424670735624799,0.036043251902282566,0.04581245526127415,0.016875340228633642,0.019580419580419586,0.7850169016386941,6
0.014481094127111831,0.016811955168119553,0.030000000000000002,0.0149439601494396,0.005160115343754743,0.014925373134328358,0.015097976228718278,0.019156320918435766,0.04438081603435933,0.01578660860097986,0.05314685314685313,0.7561089271478996,6
0.018503620273531782,0.019925280199252802,0.0,0.0031133250311332493,0.00880254970405221,0.04206241519674356,0.010279473176999678,0.0287678547590445,0.041517537580529694,0.01360914534567229,0.04195804195804196,0.7714607567749983,6
0.024135156878519706,0.04109589041095891,0.0,0.0049813200498132005,0.009713158294126575,0.04341926729986431,0.012528107934468359,0.04038179148311317,0.0408017179670723,0.01578660860097986,0.03216783216783215,0.7349891489132514,6
0.02011263073209976,0.019302615193026153,0.015454545454545455,0.005603985056039851,0.010623766884200928,0.035278154681139755,0.014455509155155798,0.04185022026431728,0.053686471009305674,0.016875340228633642,0.027972027972027972,0.7387847333695077,5
0.037811745776347556,0.023038605230386054,0.03272727272727272,0.0049813200498132005,0.010471998785855214,0.0027137042062415195,0.0025698682942499195,0.04638900013349372,0.03793843951324266,0.024496461622210128,0.03496503496503497,0.7418965486958524,6
0.037811745776347556,0.0236612702366127,0.03272727272727272,0.005603985056039851,0.010927303080892398,0.006784260515603799,0.0035335689045936395,0.04652249365905787,0.03793843951324266,0.023952095808383235,0.03356643356643357,0.73697113115552,6
0.031375703942075624,0.021170610211706103,0.053636363636363635,0.0031133250311332493,0.06101077553498255,0.0203527815468114,0.012528107934468359,0.04638900013349372,0.020758768790264833,0.054980947196516056,0.011188811188811175,0.6634948048533733,5
0.008045052292839904,0.030199252801992527,0.004545454545454546,0.009339975093399752,0.009257853999089391,0.024423337856173677,0.006103437198843559,0.016753437458283397,0.058697208303507525,0.011976047904191617,0.06293706293706293,0.7577218796091612,5
0.029766693483507647,0.013075965130759653,0.03818181818181818,0.008717310087173101,0.00880254970405221,0.010854816824966078,0.004497269514937359,0.02796689360566038,0.04581245526127415,0.023952095808383235,0.06013986013986013,0.7282322722576079,7
0.028962188254223645,0.03237858032378581,0.024545454545454547,0.006849315068493151,0.012596752162695402,0.005427408412483039,0.022807581111468037,0.049392604458683625,0.027916964924838927,0.01578660860097986,0.00979020979020978,0.7635463323466842,6
0.03459372485921159,0.0224159402241594,0.04818181818181819,0.019302615193026153,0.013507360752769754,0.0027137042062415195,0.0012849341471249597,0.03864637565078078,0.033643521832498205,0.014153511159499182,0.05174825174825173,0.7198082420446186,7
0.024135156878519706,0.0186799501867995,0.022727272727272728,0.018679950186799504,0.01396266504780695,0.036635006784260515,0.026983617089624157,0.0518622346816177,0.029348604151753745,0.013064779531845398,0.00979020979020978,0.7341305529434903,5
0.04263877715205149,0.025529265255292654,0.05181818181818181,0.009339975093399752,0.012293215966003947,0.03934871099050203,0.014776742691937038,0.04692297423574956,0.032211882605583386,0.023407729994556346,0.04475524475524475,0.6569572994414972,7
0.03459372485921159,0.0224159402241594,0.04818181818181819,0.019302615193026153,0.013507360752769754,0.0027137042062415195,0.0012849341471249597,0.03864637565078078,0.033643521832498205,0.014153511159499182,0.05174825174825173,0.7198082420446186,7
0.05631536604987932,0.006849315068493151,0.05181818181818181,0.005603985056039851,0.00940962209743512,0.0027137042062415195,0.0006424670735624799,0.05359765051395009,0.028632784538296353,0.02014153511159499,0.02097902097902098,0.7432963674873043,6
0.03620273531777956,0.017434620174346202,0.045454545454545456,0.005603985056039851,0.008954317802397936,0.008141112618724558,0.0032123353678123997,0.030369777065812006,0.033643521832498205,0.0195971692977681,0.05734265734265734,0.7340432226696184,8
0.027353177795655673,0.016189290161892904,0.04,0.0062266500622665,0.013052056457732586,0.006784260515603799,0.0028911018310311593,0.036910959818449135,0.040085898353614875,0.016875340228633642,0.04195804195804196,0.7516732228170778,6
0.04505229283990345,0.01058530510585305,0.05909090909090909,0.009339975093399752,0.009561390195780848,0.006784260515603799,0.0035335689045936395,0.03724469363235912,0.03435934144595563,0.01633097441480675,0.04755244755244756,0.7205648412083874,6
0.028962188254223645,0.038605230386052306,0.00818181818181818,0.006849315068493151,0.008347245409015026,0.005427408412483039,0.0012849341471249597,0.027432919503403798,0.03865425912670006,0.013064779531845398,0.04755244755244756,0.7756374544263929,6
0.024939662107803705,0.030510585305105854,0.01636363636363636,0.009339975093399752,0.01077553498254667,0.006784260515603799,0.004497269514937359,0.041583233213188985,0.03937007874015748,0.014697876973326075,0.025174825174825163,0.7759630620154687,6
0.016090104585679808,0.024906600249066005,0.007272727272727273,0.009339975093399752,0.00880254970405221,0.016282225237449117,0.006424670735624799,0.023428113736483926,0.047244094488188976,0.021230266739248774,0.05734265734265734,0.761636014815422,7
0.05229283990345937,0.01183063511830635,0.04818181818181819,0.008094645080946454,0.007284868720594931,0.0027137042062415195,0.0012849341471249597,0.037711920971833256,0.020042949176807438,0.02721829069134458,0.03496503496503497,0.7483783588364881,7
0.027353177795655673,0.031133250311332503,0.031818181818181815,0.01183063511830635,0.011230839277583851,0.036635006784260515,0.014776742691937038,0.04625550660792958,0.0408017179670723,0.01578660860097986,0.03356643356643357,0.698811899460327,5
0.037811745776347556,0.013075965130759653,0.04090909090909091,0.0037359900373599,0.0068295644255577485,0.024423337856173677,0.00995823964021844,0.03277266052596437,0.03149606299212599,0.03048448557430594,0.037762237762237756,0.730740619369858,7
0.02333065164923572,0.040473225404732256,0.018181818181818184,0.0448318804483188,0.013052056457732586,0.03934871099050203,0.027626084163186636,0.05907088506207481,0.03292770221904081,0.01360914534567229,0.011188811188811175,0.6763590288888748,5
0.027353177795655673,0.031133250311332503,0.030000000000000002,0.011207970112079703,0.011534375474275306,0.0203527815468114,0.00995823964021844,0.04759044186356953,0.0408017179670723,0.01360914534567229,0.03216783216783215,0.7242910677754807,6
0.04263877715205149,0.012453300124533002,0.05090909090909091,0.006849315068493151,0.009257853999089391,0.0027137042062415195,0.0006424670735624799,0.03517554398611674,0.029348604151753745,0.021774632553075667,0.04195804195804196,0.7462786688179499,6
0.032180209171359615,0.015566625155666251,0.05909090909090909,0.03424657534246575,0.010320230687509487,0.0027137042062415195,0.0006424670735624799,0.05406487785342422,0.03793843951324266,0.01360914534567229,0.03636363636363636,0.7032631801963103,5
0.026548672566371688,0.0112079701120797,0.06181818181818182,0.04607721046077211,0.005767187737137655,0.04952510176390774,0.08737552200449726,0.020624749699639868,0.01932712956335001,0.00979858464888405,0.05454545454545456,0.6073842350797236,7
0.026548672566371688,0.0112079701120797,0.06181818181818182,0.04607721046077211,0.005767187737137655,0.04952510176390774,0.09090909090909091,0.020624749699639868,0.01932712956335001,0.00979858464888405,0.05454545454545456,0.60385066617513,7
0.02091713596138375,0.016189290161892904,0.02727272727272727,0.005603985056039851,0.009257853999089391,0.0407055630936228,0.020558946353999356,0.04525430516619961,0.04867573371510379,0.014153511159499182,0.01538461538461538,0.7360263326758267,6
0.0329847144006436,0.0186799501867995,0.04090909090909091,0.009339975093399752,0.009106085900743664,0.04206241519674356,0.01702537744940572,0.04071552529702316,0.042233357193987124,0.023952095808383235,0.05034965034965034,0.6726417622141294,6
0.017699115044247787,0.0224159402241594,0.007272727272727273,0.005603985056039851,0.00940962209743512,0.052917232021709636,0.01863154513331192,0.03484181017220675,0.027201145311381535,0.008709853021230266,0.016783216783216773,0.7785138078623337,5
0.031375703942075624,0.013698630136986302,0.03636363636363637,0.023661270236612707,0.006526028228866291,0.0027137042062415195,0.00096370061034372,0.048791883593646085,0.04581245526127415,0.017964071856287428,0.04475524475524475,0.727373670808785,7
0.026548672566371688,0.0043586550435865505,0.03818181818181818,0.0043586550435865505,0.0068295644255577485,0.02306648575305292,0.00770960488274976,0.026231477773327985,0.03937007874015748,0.0195971692977681,0.03916083916083915,0.7645869791311839,6
0.05631536604987932,0.01805728518057285,0.049090909090909095,0.0037359900373599,0.012596752162695402,0.02849389416553596,0.0112431737873434,0.048591643305299505,0.020042949176807438,0.023407729994556346,0.02097902097902098,0.7074452860700198,7
0.05631536604987932,0.01805728518057285,0.049090909090909095,0.0037359900373599,0.012596752162695402,0.02849389416553596,0.0112431737873434,0.048591643305299505,0.020042949176807438,0.023407729994556346,0.02097902097902098,0.7074452860700198,7
0.043443282381335484,0.008717310087173101,0.049090909090909095,0.0062266500622665,0.01077553498254667,0.05563093622795115,0.021843880501124315,0.029635562675210326,0.0171796707229778,0.01633097441480675,0.04755244755244756,0.6935728413012513,8
0.026548672566371688,0.013698630136986302,0.03818181818181818,0.006849315068493151,0.011230839277583851,0.009497964721845319,0.004176035978156119,0.03597650513950086,0.04366499642090194,0.014697876973326075,0.04195804195804196,0.7535193035769745,6
0.01930812550281577,0.026151930261519307,0.00818181818181818,0.006849315068493151,0.010471998785855214,0.012211668928086838,0.0032123353678123997,0.031504472033106114,0.04939155332856122,0.014153511159499182,0.043356643356643354,0.7752066280257893,6
0.03700724054706355,0.01183063511830635,0.03272727272727272,0.008094645080946454,0.010168462589163759,0.013568521031207597,0.008030838419530999,0.04058203177145902,0.042233357193987124,0.02885138813282526,0.05034965034965034,0.7165559570385869,7
0.016090104585679808,0.03767123287671233,0.00818181818181818,0.028642590286425903,0.015935650326301395,0.010854816824966078,0.0035335689045936395,0.043251902282739674,0.04366499642090194,0.008709853021230266,0.03356643356643357,0.7498970327221972,6
0.016090104585679808,0.03767123287671233,0.00818181818181818,0.028642590286425903,0.015935650326301395,0.010854816824966078,0.0035335689045936395,0.043251902282739674,0.04366499642090194,0.008709853021230266,0.03356643356643357,0.7498970327221972,6
0.032180209171359615,0.024906600249066005,0.034545454545454546,0.0037359900373599,0.01274852026104113,0.005427408412483039,0.00385480244137488,0.043986116673341354,0.03292770221904081,0.010342950462710943,0.013986013986013986,0.7813582315407538,5
0.030571198712791636,0.013698630136986302,0.03818181818181818,0.007471980074719802,0.009106085900743664,0.029850746268656716,0.0096370061034372,0.025697503671072153,0.026485325697924108,0.024496461622210128,0.055944055944055944,0.7288591876855841,6
0.022526146419951733,0.023038605230386054,0.024545454545454547,0.007471980074719802,0.008954317802397936,0.017639077340569877,0.006103437198843559,0.025430516619943864,0.04366499642090194,0.01633097441480675,0.05034965034965034,0.7539448435823736,6
0.022526146419951733,0.023038605230386054,0.024545454545454547,0.007471980074719802,0.008954317802397936,0.017639077340569877,0.006103437198843559,0.025430516619943864,0.04366499642090194,0.01633097441480675,0.05034965034965034,0.7539448435823736,6
0.027353177795655673,0.0224159402241594,0.03090909090909091,0.008094645080946454,0.009257853999089391,0.0203527815468114,0.006103437198843559,0.02356160726204807,0.03865425912670006,0.017964071856287428,0.055944055944055944,0.7393890790563117,6
0.013676588897827836,0.02801992528019925,0.025454545454545455,0.007471980074719802,0.005463651540446199,0.016282225237449117,0.013813042081593318,0.024496061940995597,0.0479599141016464,0.014697876973326075,0.06153846153846154,0.7411257268787894,5
0.03620273531777956,0.0112079701120797,0.03727272727272727,0.006849315068493151,0.008499013507360754,0.012211668928086838,0.005782203662062319,0.03444132959551432,0.03793843951324266,0.028307022318998367,0.04615384615384614,0.735133728549809,7
0.02815768302493966,0.04109589041095891,0.009090909090909092,0.0149439601494396,0.011837911670966763,0.004070556309362279,0.0022486347574686796,0.05660125483914073,0.04438081603435933,0.008709853021230266,0.01538461538461538,0.7634779153066094,5
0.04987932421560741,0.021793275217932753,0.03909090909090909,0.007471980074719802,0.024131127636970708,0.035278154681139755,0.0192740122068744,0.05426511814177006,0.030780243378668568,0.023407729994556346,0.03356643356643357,0.6610616917944174,6
0.029766693483507647,0.025529265255292654,0.0,0.0031133250311332493,0.00880254970405221,0.006784260515603799,0.0025698682942499195,0.03911360299025491,0.03650680028632784,0.016875340228633642,0.022377622377622374,0.8085606718333218,6
0.006436041834271928,0.0186799501867995,0.024545454545454547,0.006849315068493151,0.012141447867658221,0.029850746268656716,0.01574044330228076,0.030970497930850282,0.0744452397995705,0.016875340228633642,0.05454545454545456,0.7089200684218762,7
0.026548672566371688,0.013075965130759653,0.03727272727272727,0.0037359900373599,0.006677796327212005,0.006784260515603799,0.00931577256665596,0.0259644907221997,0.03937007874015748,0.02068590092542188,0.03636363636363636,0.7742047088318943,6
0.003218020917135964,0.017434620174346202,0.045454545454545456,0.0211706102117061,0.005160115343754743,0.037991858887381276,0.023771281721811758,0.0008677079161658243,0.053686471009305674,0.017964071856287428,0.07272727272727272,0.7005534237802868,6
0.01930812550281577,0.03549190535491905,0.006363636363636364,0.009962640099626401,0.01198967976931249,0.018995929443690638,0.0048185030517186,0.037711920971833256,0.04581245526127415,0.014697876973326075,0.040559440559440565,0.7542878866484066,6
0.01930812550281577,0.03549190535491905,0.006363636363636364,0.009962640099626401,0.01198967976931249,0.018995929443690638,0.0048185030517186,0.037711920971833256,0.04581245526127415,0.014697876973326075,0.040559440559440565,0.7542878866484066,6
0.01930812550281577,0.03549190535491905,0.006363636363636364,0.009962640099626401,0.01198967976931249,0.018995929443690638,0.0048185030517186,0.037711920971833256,0.04581245526127415,0.014697876973326075,0.040559440559440565,0.7542878866484066,6
0.02011263073209976,0.016811955168119553,0.010909090909090908,0.007471980074719802,0.00804370921232357,0.017639077340569877,0.005782203662062319,0.016352956881590965,0.040085898353614875,0.010887316276537835,0.06853146853146853,0.7773717128578019,6
0.008045052292839904,0.033623910336239106,0.0,0.009962640099626401,0.008195477310669299,0.008141112618724558,0.0028911018310311593,0.016619943932719254,0.05583392984967788,0.01360914534567229,0.06293706293706293,0.7801406234457372,5
0.026548672566371688,0.026151930261519307,0.03090909090909091,0.009962640099626401,0.009713158294126575,0.009497964721845319,0.0035335689045936395,0.015218261914296854,0.03292770221904081,0.021230266739248774,0.06573426573426572,0.748572477635974,8
0.013676588897827836,0.021793275217932753,0.0,0.0031133250311332493,0.006526028228866291,0.035278154681139755,0.008673305493093478,0.014217060472566885,0.05082319255547603,0.008165487207403373,0.05454545454545456,0.7831881276691058,6
0.0337892196299276,0.0074719800747198,0.031818181818181815,0.0049813200498132005,0.006526028228866291,0.016282225237449117,0.006745904272406039,0.025830997196636295,0.028632784538296353,0.014153511159499182,0.040559440559440565,0.7832084072347638,7
0.013676588897827836,0.039850560398505604,0.0,0.012453300124533,0.009106085900743664,0.033921302578019,0.014776742691937038,0.024829795754905584,0.055118110236220465,0.014697876973326075,0.043356643356643354,0.7382129930873383,6
0.043443282381335484,0.019302615193026153,0.030000000000000002,0.011207970112079703,0.012596752162695402,0.036635006784260515,0.026662383552842915,0.055600053397410025,0.03435934144595563,0.019052803483941214,0.022377622377622374,0.6887621691088306,5
0.03620273531777956,0.0298879202988792,0.0,0.0062266500622665,0.006981332523903461,0.005427408412483039,0.0012849341471249597,0.050927780002670175,0.03149606299212599,0.01633097441480675,0.027972027972027972,0.7872621738559324,6
0.022526146419951733,0.0149439601494396,0.03090909090909091,0.005603985056039851,0.009561390195780848,0.02306648575305292,0.010279473176999678,0.021559204378587396,0.04581245526127415,0.029940119760479045,0.07272727272727272,0.7130704162120312,7
0.02091713596138375,0.0224159402241594,0.006363636363636364,0.028642590286425903,0.011686143572621037,0.012211668928086838,0.00385480244137488,0.04518755840341716,0.045096635647816755,0.019052803483941214,0.03916083916083915,0.7454102455262975,7
0.031375703942075624,0.009962640099626403,0.031818181818181815,0.0049813200498132005,0.007436636818940659,0.006784260515603799,0.0028911018310311593,0.034508076358296766,0.040085898353614875,0.022318998366902557,0.04755244755244756,0.7602847342934655,7
0.027353177795655673,0.008094645080946452,0.03909090909090909,0.0049813200498132005,0.008347245409015026,0.02849389416553596,0.014134275618374558,0.030236283540248602,0.04581245526127415,0.014697876973326075,0.04895104895104895,0.7298068680638523,6
0.04666130329847144,0.024906600249066005,0.04090909090909091,0.006849315068493151,0.010320230687509487,0.006784260515603799,0.0022486347574686796,0.05119476705379771,0.03435934144595563,0.023407729994556346,0.04195804195804196,0.7104006840619449,6
0.02333065164923572,0.01805728518057285,0.013636363636363636,0.017434620174346202,0.01396266504780695,0.037991858887381276,0.028268551236749116,0.05199572820718184,0.028632784538296353,0.01360914534567229,0.00979020979020978,0.743290136306184,5
0.028962188254223645,0.024283935242839352,0.021818181818181816,0.006849315068493151,0.010168462589163759,0.0203527815468114,0.025698682942499197,0.05052729942597774,0.04294917680744451,0.016875340228633642,0.01538461538461538,0.7361300206911163,6
0.021721641190667742,0.017434620174346202,0.02727272727272727,0.0049813200498132005,0.010320230687509487,0.04341926729986431,0.023450048185030516,0.045588038980109595,0.0479599141016464,0.017419706042460535,0.01538461538461538,0.7250478706312093,6
0.028962188254223645,0.016189290161892904,0.02909090909090909,0.009962640099626401,0.010320230687509487,0.031207598371777476,0.020880179890780597,0.041182752636497295,0.03793843951324266,0.028307022318998367,0.03636363636363636,0.7095951126109057,6
0.018503620273531782,0.020547945205479454,0.01,0.009339975093399752,0.004704811048717559,0.006784260515603799,0.00192740122068744,0.023161126685355637,0.040085898353614875,0.017419706042460535,0.04195804195804196,0.8055672136031072,6
0.01930812550281577,0.006226650062266501,0.02727272727272727,0.005603985056039851,0.00804370921232357,0.0203527815468114,0.004497269514937359,0.044386597250033785,0.06227630637079456,0.02667392487751769,0.022377622377622374,0.7529803009561099,6
0.021721641190667742,0.012453300124533002,0.02090909090909091,0.008717310087173101,0.008195477310669299,0.04613297150610584,0.020558946353999356,0.038779869176344926,0.04939155332856122,0.01578660860097986,0.02377622377622377,0.7335770076356509,5
0.028962188254223645,0.004981320049813201,0.03909090909090909,0.009962640099626401,0.009713158294126575,0.0407055630936228,0.014455509155155798,0.044386597250033785,0.05654974946313528,0.026129559063690803,0.027972027972027972,0.6970907782136346,6
0.02574416733708769,0.0236612702366127,0.010909090909090908,0.005603985056039851,0.025193504325390803,0.006784260515603799,0.0048185030517186,0.03958083032972905,0.03865425912670006,0.029395753946652156,0.019580419580419586,0.7700739555849548,6
0.043443282381335484,0.01805728518057285,0.04090909090909091,0.03300124533001245,0.008954317802397936,0.006784260515603799,0.0025698682942499195,0.04638900013349372,0.033643521832498205,0.008709853021230266,0.04755244755244756,0.7099858270470669,7
0.02574416733708769,0.016811955168119553,0.03818181818181818,0.006849315068493151,0.011230839277583851,0.010854816824966078,0.0048185030517186,0.034641569883860905,0.04652827487473157,0.017964071856287428,0.04475524475524475,0.7416194237200883,6
0.043443282381335484,0.014321295143212951,0.042727272727272725,0.006849315068493151,0.007436636818940659,0.006784260515603799,0.0016061676839061998,0.03857962888799908,0.035075161059413024,0.010342950462710943,0.05034965034965034,0.7424843789014617,6
0.012067578439259853,0.028642590286425903,0.02090909090909091,0.009962640099626401,0.0048565791470632875,0.0203527815468114,0.020558946353999356,0.023027633159791495,0.051539012168933425,0.017419706042460535,0.05734265734265734,0.73332078450388,6
0.029766693483507647,0.0298879202988792,0.022727272727272728,0.008094645080946454,0.01608741842464714,0.010854816824966078,0.010279473176999678,0.04064877853424145,0.029348604151753745,0.010887316276537835,0.019580419580419586,0.7718366414398284,5
0.04022526146419952,0.0186799501867995,0.031818181818181815,0.007471980074719802,0.01077553498254667,0.021709633649932156,0.010279473176999678,0.04104925911093315,0.035075161059413024,0.017964071856287428,0.037762237762237756,0.7271892548577494,6
0.029766693483507647,0.0298879202988792,0.022727272727272728,0.008094645080946454,0.01608741842464714,0.010854816824966078,0.010279473176999678,0.04064877853424145,0.029348604151753745,0.010887316276537835,0.019580419580419586,0.7718366414398284,5
0.031375703942075624,0.0037359900373599,0.046363636363636364,0.005292652552926525,0.008954317802397936,0.05970149253731343,0.026341150016061677,0.034508076358296766,0.042233357193987124,0.023407729994556346,0.04755244755244756,0.6705334456489407,7
0.004022526146419952,0.024283935242839352,0.01636363636363636,0.007471980074719802,0.004553042950371833,0.0203527815468114,0.030517185994217797,0.015551995728206843,0.051539012168933425,0.029395753946652156,0.06293706293706293,0.7330110869001282,7
0.031375703942075624,0.012453300124533002,0.03818181818181818,0.008717310087173101,0.009561390195780848,0.014925373134328358,0.004176035978156119,0.02850086770791621,0.028632784538296353,0.02068590092542188,0.04755244755244756,0.7552370676320528,7
0.035398230088495575,0.041407222914072235,0.021818181818181816,0.0049813200498132005,0.01001669449081803,0.012211668928086838,0.0048185030517186,0.04572153250567374,0.03937007874015748,0.018508437670114317,0.022377622377622374,0.7433705073652458,5
0.028962188254223645,0.013075965130759653,0.035454545454545454,0.009962640099626401,0.00940962209743512,0.037991858887381276,0.013491808544812078,0.03477506340942505,0.041517537580529694,0.029940119760479045,0.055944055944055944,0.6894745948367267,7
0.015285599356395818,0.013698630136986302,0.024545454545454547,0.01183063511830635,0.008347245409015026,0.009497964721845319,0.012206874397687119,0.02516352956881558,0.033643521832498205,0.012520413718018512,0.05034965034965034,0.7829104808453269,6
0.024135156878519706,0.0236612702366127,0.026363636363636363,0.008717310087173101,0.011230839277583851,0.005427408412483039,0.0025698682942499195,0.033039647577092664,0.041517537580529694,0.01578660860097986,0.043356643356643354,0.7641940733344957,6
0.03700724054706355,0.0149439601494396,0.03090909090909091,0.0043586550435865505,0.0075884049172863875,0.005427408412483039,0.00192740122068744,0.04405286343612305,0.03292770221904081,0.018508437670114317,0.029370629370629366,0.772978206104455,6
0.0410297666934835,0.0186799501867995,0.04181818181818182,0.007471980074719802,0.00940962209743512,0.005427408412483039,0.0032123353678123997,0.04285142170604724,0.03793843951324266,0.022318998366902557,0.05454545454545456,0.7152964412174379,6
0.024135156878519706,0.0149439601494396,0.028181818181818183,0.0049813200498132005,0.010168462589163759,0.033921302578019,0.018952778670093158,0.04732345481244198,0.051539012168933425,0.01578660860097986,0.01538461538461538,0.7346815099361628,6
0.024135156878519706,0.0149439601494396,0.028181818181818183,0.0049813200498132005,0.010168462589163759,0.033921302578019,0.018952778670093158,0.04732345481244198,0.051539012168933425,0.01578660860097986,0.01538461538461538,0.7346815099361628,6
0.015285599356395818,0.030510585305105854,0.0,0.008094645080946454,0.012596752162695402,0.06377204884667571,0.01702537744940572,0.03564277132559088,0.06227630637079456,0.02014153511159499,0.043356643356643354,0.6912977356341512,6
0.015285599356395818,0.0473225404732254,0.002727272727272727,0.02926525529265255,0.010168462589163759,0.029850746268656716,0.013170575008030838,0.037711920971833256,0.06012884753042235,0.009254218835057159,0.03916083916083915,0.7059537217864502,4
0.008045052292839904,0.049501867995018684,0.0,0.007471980074719802,0.004401274852026089,0.021709633649932156,0.023128814648249275,0.022627152583099806,0.06728704366499644,0.021774632553075667,0.04195804195804196,0.7320945057280002,5
0.028962188254223645,0.014321295143212951,0.030000000000000002,0.009339975093399752,0.009713158294126575,0.013568521031207597,0.013170575008030838,0.03951408356694735,0.03793843951324266,0.026129559063690803,0.03636363636363636,0.7409785686682815,6
0.0418342719227675,0.016811955168119553,0.03909090909090909,0.004669987546699874,0.008499013507360754,0.005427408412483039,0.0016061676839061998,0.031437725270324415,0.032211882605583386,0.007076755579749592,0.04195804195804196,0.7693758812540546,5
0.017699115044247787,0.033623910336239106,0.006363636363636364,0.0043586550435865505,0.00880254970405221,0.0203527815468114,0.0176678445229682,0.037711920971833256,0.03937007874015748,0.014697876973326075,0.012587412587412593,0.7867642181657291,5
0.0168946098149638,0.03237858032378581,0.02090909090909091,0.007471980074719802,0.010320230687509487,0.013568521031207597,0.036299389656280115,0.03544253103724503,0.04438081603435933,0.02014153511159499,0.03496503496503497,0.7272276803542082,5
0.0168946098149638,0.03237858032378581,0.02090909090909091,0.007471980074719802,0.010320230687509487,0.013568521031207597,0.036299389656280115,0.03544253103724503,0.04438081603435933,0.02014153511159499,0.03496503496503497,0.7272276803542082,5
0.0337892196299276,0.05199252801992527,0.004545454545454546,0.005603985056039851,0.009561390195780848,0.005427408412483039,0.004176035978156119,0.04064877853424145,0.040085898353614875,0.005988023952095808,0.016783216783216773,0.7813980605390638,4
0.03620273531777956,0.017434620174346202,0.05181818181818181,0.023038605230386054,0.010320230687509487,0.006784260515603799,0.004497269514937359,0.04305166199439309,0.03865425912670006,0.013064779531845398,0.05734265734265734,0.6977907387456599,6
0.015285599356395818,0.047633872976338726,0.0,0.008717310087173101,0.023372287145242074,0.006784260515603799,0.00192740122068744,0.03631023895341085,0.058697208303507525,0.00979858464888405,0.03356643356643357,0.757906803226323,5
0.02091713596138375,0.008094645080946452,0.03363636363636364,0.009962640099626401,0.007740173015632115,0.013568521031207597,0.0112431737873434,0.028834601521826205,0.05583392984967788,0.025585193249863913,0.055944055944055944,0.7286395668220726,7
0.01930812550281577,0.038916562889165625,0.010909090909090908,0.005603985056039851,0.01548034603126423,0.018995929443690638,0.01863154513331192,0.038779869176344926,0.03435934144595563,0.014153511159499182,0.01538461538461538,0.769477077868206,6
0.012872083668543848,0.019302615193026153,0.02,0.005603985056039851,0.01001669449081803,0.027137042062415195,0.016061676839061997,0.04178347350153557,0.05583392984967788,0.014697876973326075,0.01538461538461538,0.76130600698094,6
0.024939662107803705,0.02801992528019925,0.01909090909090909,0.0037359900373599,0.008650781605706483,0.004070556309362279,0.00096370061034372,0.030102790014684456,0.030064423765211176,0.011431682090364726,0.019580419580419586,0.8193491595076356,6
0.024939662107803705,0.008717310087173101,0.023636363636363636,0.006849315068493151,0.006070723933829109,0.024423337856173677,0.022807581111468037,0.03357362167934849,0.029348604151753745,0.025040827436037017,0.03496503496503497,0.7596276179665213,6
0.026548672566371688,0.028642590286425903,0.02090909090909091,0.008717310087173101,0.009713158294126575,0.029850746268656716,0.028268551236749116,0.04532105192898131,0.033643521832498205,0.01360914534567229,0.01538461538461538,0.7393915458596388,6
0.024939662107803705,0.02801992528019925,0.01909090909090909,0.0037359900373599,0.008650781605706483,0.004070556309362279,0.00096370061034372,0.030102790014684456,0.030064423765211176,0.011431682090364726,0.019580419580419586,0.8193491595076356,6
0.026548672566371688,0.013698630136986302,0.03272727272727272,0.0062266500622665,0.00804370921232357,0.005427408412483039,0.0012849341471249597,0.027499666266186242,0.03793843951324266,0.011431682090364726,0.03916083916083915,0.7900120957045385,7
0.032180209171359615,0.0186799501867995,0.035454545454545454,0.005603985056039851,0.008499013507360754,0.006784260515603799,0.00192740122068744,0.033974102256040924,0.04366499642090194,0.0195971692977681,0.04615384615384614,0.7474805207590465,8
0.04263877715205149,0.038605230386052306,0.017272727272727273,0.03051058530510585,0.015025041736227046,0.04341926729986431,0.0224863475746868,0.05813643038312654,0.028632784538296353,0.011976047904191617,0.013986013986013986,0.6773107464616563,5
0.02091713596138375,0.0149439601494396,0.04181818181818182,0.007471980074719802,0.00940962209743512,0.031207598371777476,0.012206874397687119,0.03517554398611674,0.047244094488188976,0.028307022318998367,0.03636363636363636,0.7149343499724349,7
0.02091713596138375,0.0149439601494396,0.04181818181818182,0.007471980074719802,0.00940962209743512,0.031207598371777476,0.012206874397687119,0.03517554398611674,0.047244094488188976,0.028307022318998367,0.03636363636363636,0.7149343499724349,7
0.04263877715205149,0.037359900373599,0.05,0.0049813200498132005,0.01881924419487024,0.031207598371777476,0.014776742691937038,0.04972633827259362,0.04366499642090194,0.033206314643440385,0.022377622377622374,0.6512411454513933,5
0.02091713596138375,0.0149439601494396,0.04181818181818182,0.007471980074719802,0.00940962209743512,0.031207598371777476,0.012206874397687119,0.03517554398611674,0.047244094488188976,0.028307022318998367,0.03636363636363636,0.7149343499724349,7
0.012872083668543848,0.016811955168119553,0.03909090909090909,0.006849315068493151,0.008954317802397936,0.017639077340569877,0.005782203662062319,0.028100387131224522,0.05082319255547603,0.029395753946652156,0.03916083916083915,0.7445199654047123,7
0.017699115044247787,0.03300124533001245,0.0018181818181818182,0.007471980074719802,0.01001669449081803,0.009497964721845319,0.0028911018310311593,0.03277266052596437,0.04366499642090194,0.01578660860097986,0.027972027972027972,0.7974074231692695,6
0.017699115044247787,0.03300124533001245,0.0018181818181818182,0.007471980074719802,0.01001669449081803,0.009497964721845319,0.0028911018310311593,0.03277266052596437,0.04366499642090194,0.01578660860097986,0.027972027972027972,0.7974074231692695,6
0.04505229283990345,0.013075965130759653,0.04181818181818182,0.0062266500622665,0.010471998785855214,0.006784260515603799,0.00096370061034372,0.04144973968762558,0.025769506084466712,0.008165487207403373,0.027972027972027972,0.7722501892855622,6
0.026548672566371688,0.02801992528019925,0.028181818181818183,0.006849315068493151,0.010168462589163759,0.012211668928086838,0.023450048185030516,0.044720331063943776,0.03937007874015748,0.0195971692977681,0.01538461538461538,0.7454978947143518,6
0.035398230088495575,0.016811955168119553,0.03636363636363637,0.0024906600249066002,0.0048565791470632875,0.032564450474898234,0.014134275618374558,0.031437725270324415,0.03292770221904081,0.02721829069134458,0.03496503496503497,0.7308314599687611,6
0.05068382944489139,0.012453300124533002,0.04727272727272727,0.005603985056039851,0.01821217180148733,0.021709633649932156,0.012206874397687119,0.0485248965425178,0.03865425912670006,0.023952095808383235,0.043356643356643354,0.6773695834184574,6
0.05068382944489139,0.012453300124533002,0.04727272727272727,0.005603985056039851,0.01821217180148733,0.021709633649932156,0.012206874397687119,0.0485248965425178,0.03865425912670006,0.023952095808383235,0.043356643356643354,0.6773695834184574,6
0.06436041834271923,0.016811955168119553,0.04454545454545455,0.009962640099626401,0.010320230687509487,0.009497964721845319,0.004497269514937359,0.0609397944199706,0.02362204724409447,0.02667392487751769,0.02657342657342658,0.7021948738047787,6
0.03700724054706355,0.021170610211706103,0.02090909090909091,0.010585305105853053,0.01198967976931249,0.02306648575305292,0.022807581111468037,0.061073287945534745,0.029348604151753745,0.00979858464888405,0.013986013986013986,0.7382575158602664,5
0.02333065164923572,0.028642590286425903,0.002727272727272727,0.019925280199252802,0.010320230687509487,0.035278154681139755,0.012849341471249599,0.03904685622747321,0.020042949176807438,0.007621121393576482,0.011188811188811175,0.7890267403112456,5
0.035398230088495575,0.028642590286425903,0.022727272727272728,0.006849315068493151,0.01396266504780695,0.009497964721845319,0.0048185030517186,0.05086103323988773,0.03793843951324266,0.021230266739248774,0.016783216783216773,0.7512905027323458,5
0.004022526146419952,0.0186799501867995,0.0,0.005603985056039851,0.0048565791470632875,0.02306648575305292,0.026341150016061677,0.010012014417300425,0.06728704366499644,0.021774632553075667,0.07272727272727272,0.7456283603319176,7
0.024135156878519706,0.019302615193026153,0.026363636363636363,0.007471980074719802,0.009561390195780848,0.024423337856173677,0.0192740122068744,0.04745694833800539,0.047244094488188976,0.016875340228633642,0.01538461538461538,0.7425068727918256,5
0.024939662107803705,0.0037359900373599,0.03090909090909091,0.011207970112079703,0.008195477310669299,0.018995929443690638,0.016704143912624477,0.03090375116806858,0.045096635647816755,0.024496461622210128,0.04755244755244756,0.7372624401761383,6
0.02574416733708769,0.04327521793275218,0.0009090909090909091,0.010585305105853053,0.00940962209743512,0.06377204884667571,0.026983617089624157,0.04098251234815145,0.04581245526127415,0.01578660860097986,0.03356643356643357,0.6831729209046422,5
0.024135156878519706,0.019302615193026153,0.026363636363636363,0.007471980074719802,0.009561390195780848,0.024423337856173677,0.0192740122068744,0.04745694833800539,0.047244094488188976,0.016875340228633642,0.01538461538461538,0.7425068727918256,5
0.02011263073209976,0.03922789539227895,0.0009090909090909091,0.008094645080946454,0.007133100622249203,0.013568521031207597,0.00385480244137488,0.015685489253770987,0.04652827487473157,0.0038105606967882423,0.06153846153846154,0.779536527427,6
0.02574416733708769,0.02677459526774596,0.0,0.0049813200498132005,0.00880254970405221,0.008141112618724558,0.0035335689045936395,0.043518889333867224,0.03722261989978524,0.016875340228633642,0.013986013986013986,0.8104198226696827,6
0.02011263073209976,0.03922789539227895,0.0009090909090909091,0.008094645080946454,0.007133100622249203,0.013568521031207597,0.00385480244137488,0.015685489253770987,0.04652827487473157,0.0038105606967882423,0.06153846153846154,0.779536527427,6
0.02815768302493966,0.03798256537982565,0.0,0.009962640099626401,0.010471998785855214,0.014925373134328358,0.005782203662062319,0.05279668936056596,0.04581245526127415,0.007076755579749592,0.016783216783216773,0.7702484189285559,4
0.015285599356395818,0.03424657534246576,0.0,0.0211706102117061,0.0068295644255577485,0.013568521031207597,0.004497269514937359,0.0321051928981444,0.05082319255547603,0.012520413718018512,0.04755244755244756,0.7614006133936431,4
0.02333065164923572,0.030510585305105854,0.018181818181818184,0.0049813200498132005,0.009713158294126575,0.04748982360922659,0.017346610986186957,0.03250567347483682,0.025769506084466712,0.0038105606967882423,0.012587412587412593,0.7737728790809826,5
0.029766693483507647,0.027397260273972605,0.02,0.009339975093399752,0.010623766884200928,0.012211668928086838,0.025698682942499197,0.054932585769590044,0.045096635647816755,0.01578660860097986,0.01538461538461538,0.733761506991331,5
0.022526146419951733,0.02677459526774596,0.017272727272727273,0.005603985056039851,0.010623766884200928,0.018995929443690638,0.008994539029874718,0.043251902282739674,0.053686471009305674,0.019052803483941214,0.029370629370629366,0.743846504479153,5
0.022526146419951733,0.038605230386052306,0.006363636363636364,0.0049813200498132005,0.011230839277583851,0.018995929443690638,0.013491808544812078,0.033039647577092664,0.027201145311381535,0.008165487207403373,0.022377622377622374,0.7930211870409599,5
0.02011263073209976,0.0298879202988792,0.0009090909090909091,0.008717310087173101,0.010168462589163759,0.031207598371777476,0.00995823964021844,0.033840608730476784,0.047244094488188976,0.015242242787152966,0.03496503496503497,0.7577467664007437,6
0.02333065164923572,0.028642590286425903,0.012727272727272728,0.008094645080946454,0.009864926392472302,0.035278154681139755,0.017346610986186957,0.041583233213188985,0.03865425912670006,0.014153511159499182,0.019580419580419586,0.7507437251165123,5
0.02011263073209976,0.037359900373599,0.0,0.005603985056039851,0.01684625891637578,0.006784260515603799,0.0025698682942499195,0.04138299292484314,0.05082319255547603,0.01360914534567229,0.019580419580419586,0.7853273457056209,5
0.026548672566371688,0.033623910336239106,0.0,0.0031133250311332493,0.01274852026104113,0.006784260515603799,0.0022486347574686796,0.03751168068348667,0.04939155332856122,0.01360914534567229,0.01538461538461538,0.7990356817898068,5
0.02574416733708769,0.0361145703611457,0.005454545454545454,0.0062266500622665,0.010168462589163759,0.025780189959294434,0.00931577256665596,0.04144973968762558,0.047244094488188976,0.0195971692977681,0.03496503496503497,0.7379396032312229,5
0.02333065164923572,0.029265255292652555,0.02,0.005603985056039851,0.010623766884200928,0.05698778833107192,0.017346610986186957,0.03283940728874682,0.025769506084466712,0.004899292324442023,0.011188811188811175,0.7621449249141453,5
0.01930812550281577,0.028642590286425903,0.025454545454545455,0.024283935242839352,0.011079071179238127,0.014925373134328358,0.020237712817218118,0.04178347350153557,0.041517537580529694,0.02014153511159499,0.03636363636363636,0.7162624638252922,6
0.017699115044247787,0.03237858032378581,0.0,0.011207970112079703,0.01684625891637578,0.018995929443690638,0.008673305493093478,0.03544253103724503,0.05010737294201861,0.01633097441480675,0.040559440559440565,0.7517585217132159,6
0.032180209171359615,0.03206724782067248,0.06181818181818182,0.005603985056039851,0.05934132645317953,0.024423337856173677,0.016061676839061997,0.041716726738753124,0.020042949176807438,0.04463799673380511,0.012587412587412593,0.6495189497485527,5
0.013676588897827836,0.05603985056039851,0.0,0.006849315068493151,0.01077553498254667,0.021709633649932156,0.005782203662062319,0.028701107996262055,0.06084466714387973,0.011976047904191617,0.03916083916083915,0.7444842109735668,4
0.0418342719227675,0.020547945205479454,0.034545454545454546,0.009962640099626401,0.010471998785855214,0.04477611940298507,0.0192740122068744,0.04799092244026197,0.029348604151753745,0.01360914534567229,0.019580419580419586,0.7080584663128499,5
0.031375703942075624,0.015566625155666251,0.02909090909090909,0.005603985056039851,0.008195477310669299,0.033921302578019,0.014455509155155798,0.029969296489120313,0.04581245526127415,0.021230266739248774,0.04755244755244756,0.7172260216693743,6
0.02091713596138375,0.02801992528019925,0.004545454545454546,0.008717310087173101,0.010471998785855214,0.0203527815468114,0.0096370061034372,0.03717794686957668,0.04581245526127415,0.014697876973326075,0.02657342657342658,0.773076682012082,6
0.02091713596138375,0.02801992528019925,0.004545454545454546,0.008717310087173101,0.010471998785855214,0.0203527815468114,0.0096370061034372,0.03717794686957668,0.04581245526127415,0.014697876973326075,0.02657342657342658,0.773076682012082,6
0.04666130329847144,0.019302615193026153,0.045454545454545456,0.008717310087173101,0.008499013507360754,0.016282225237449117,0.004176035978156119,0.03958083032972905,0.025769506084466712,0.029395753946652156,0.04195804195804196,0.7142028189249279,6
0.018503620273531782,0.01805728518057285,0.028181818181818183,0.006849315068493151,0.010168462589163759,0.027137042062415195,0.014455509155155798,0.0441196101989055,0.052254831782390855,0.011976047904191617,0.01538461538461538,0.752911842218746,6
0.003218020917135964,0.016189290161892904,0.0009090909090909091,0.0043586550435865505,0.005463651540446199,0.033921302578019,0.017346610986186957,0.005139500734214727,0.06871868289191126,0.02286336418072945,0.07832167832167831,0.7435501517351077,6
0.021721641190667742,0.019925280199252802,0.018181818181818184,0.0043586550435865505,0.0056154196387919264,0.031207598371777476,0.01863154513331192,0.022894139634228095,0.04581245526127415,0.013064779531845398,0.04615384615384614,0.7524328216595997,6
0.010458567980691879,0.021170610211706103,0.0,0.0062266500622665,0.009864926392472302,0.032564450474898234,0.012206874397687119,0.02523027633159802,0.05440229062276307,0.010887316276537835,0.03916083916083915,0.7778271980885398,5
0.02333065164923572,0.028642590286425903,0.018181818181818184,0.006849315068493151,0.009257853999089391,0.04477611940298507,0.012206874397687119,0.03250567347483682,0.025769506084466712,0.005443658138268915,0.012587412587412593,0.7804485267292804,5
0.02574416733708769,0.028642590286425903,0.011818181818181818,0.007471980074719802,0.013659128851115497,0.021709633649932156,0.0096370061034372,0.0289013482846079,0.03579098067287045,0.010887316276537835,0.03916083916083915,0.7665768274842446,6
0.027353177795655673,0.03704856787048568,0.02,0.008717310087173101,0.009561390195780848,0.016282225237449117,0.024092515258592996,0.045454545454545456,0.03579098067287045,0.011431682090364726,0.01538461538461538,0.7488829899524666,6
0.031375703942075624,0.017434620174346202,0.03636363636363637,0.0336239103362391,0.005767187737137655,0.0027137042062415195,0.0012849341471249597,0.037311440395140824,0.03865425912670006,0.012520413718018512,0.05034965034965034,0.7326005395036888,4
0.01930812550281577,0.03549190535491905,0.0,0.0062266500622665,0.01548034603126423,0.0027137042062415195,0.0012849341471249597,0.041983713789881416,0.04366499642090194,0.014697876973326075,0.018181818181818167,0.8009659293294403,6
0.027353177795655673,0.03704856787048568,0.02,0.008717310087173101,0.009561390195780848,0.016282225237449117,0.024092515258592996,0.045454545454545456,0.03579098067287045,0.011431682090364726,0.01538461538461538,0.7488829899524666,6
0.0418342719227675,0.0112079701120797,0.035454545454545454,0.0049813200498132005,0.0075884049172863875,0.0027137042062415195,0.00096370061034372,0.03157121879588856,0.028632784538296353,0.013064779531845398,0.043356643356643354,0.7786306565042489,7
0.02011263073209976,0.021170610211706103,0.018181818181818184,0.0062266500622665,0.009864926392472302,0.036635006784260515,0.01541920976549952,0.036910959818449135,0.045096635647816755,0.016875340228633642,0.027972027972027972,0.7455341842029497,6
0.02011263073209976,0.021170610211706103,0.018181818181818184,0.0062266500622665,0.009864926392472302,0.036635006784260515,0.01541920976549952,0.036910959818449135,0.045096635647816755,0.016875340228633642,0.027972027972027972,0.7455341842029497,6
0.026548672566371688,0.04016189290161893,0.0,0.006849315068493151,0.010927303080892398,0.010854816824966078,0.005139736588499839,0.040849018822587305,0.042233357193987124,0.019052803483941214,0.03496503496503497,0.7624180485036073,6
0.0329847144006436,0.031755915317559155,0.025454545454545455,0.011207970112079703,0.01274852026104113,0.021709633649932156,0.020237712817218118,0.0485248965425178,0.03722261989978524,0.01633097441480675,0.025174825174825163,0.7166476719550458,6
0.01930812550281577,0.0186799501867995,0.017272727272727273,0.008717310087173101,0.008954317802397936,0.02306648575305292,0.0096370061034372,0.03130423174476027,0.04652827487473157,0.012520413718018512,0.03496503496503497,0.769046121989051,5
0.053901850362027354,0.015566625155666251,0.045454545454545456,0.005603985056039851,0.011837911670966763,0.025780189959294434,0.013170575008030838,0.0485248965425178,0.029348604151753745,0.013064779531845398,0.029370629370629366,0.7083754077366828,5
0.01930812550281577,0.0298879202988792,0.02727272727272727,0.022415940224159405,0.008499013507360754,0.025780189959294434,0.033408287825248954,0.0605393138432789,0.040085898353614875,0.0457267283614589,0.025174825174825163,0.6619010296763363,5
0.01930812550281577,0.0298879202988792,0.02727272727272727,0.022415940224159405,0.008499013507360754,0.025780189959294434,0.033408287825248954,0.0605393138432789,0.040085898353614875,0.0457267283614589,0.025174825174825163,0.6619010296763363,5
0.024135156878519706,0.038605230386052306,0.0,0.0062266500622665,0.013355592654424042,0.006784260515603799,0.00192740122068744,0.03430783606995092,0.04438081603435933,0.014153511159499182,0.03636363636363636,0.7797599086550004,5
0.028962188254223645,0.03206724782067248,0.009090909090909092,0.007471980074719802,0.009257853999089391,0.032564450474898234,0.017346610986186957,0.042117207315445555,0.03937007874015748,0.02286336418072945,0.03496503496503497,0.723923074097933,6
0.010458567980691879,0.01712328767123288,0.011818181818181818,0.009339975093399752,0.006677796327212005,0.017639077340569877,0.007067137809187279,0.023695100787611476,0.06299212598425198,0.018508437670114317,0.055944055944055944,0.7587362555734908,6
0.016090104585679808,0.031755915317559155,0.0,0.0211706102117061,0.012293215966003947,0.067842605156038,0.022968197879858657,0.03677746629288499,0.03292770221904081,0.0065323897659227,0.01538461538461538,0.7362571772206905,5
0.02091713596138375,0.025529265255292654,0.012727272727272728,0.007471980074719802,0.007891941113977842,0.018995929443690638,0.007388371345968519,0.02109197703911326,0.04366499642090194,0.015242242787152966,0.05174825174825173,0.7673306360822741,6
0.008849557522123897,0.0298879202988792,0.0,0.0031133250311332493,0.007740173015632115,0.013568521031207597,0.00385480244137488,0.012281404351888651,0.05082319255547603,0.012520413718018512,0.05314685314685313,0.8042138368874128,6
0.024135156878519706,0.09090909090909091,0.0,0.007471980074719802,0.01897101229321595,0.005427408412483039,0.00096370061034372,0.03130423174476027,0.05440229062276307,0.0038105606967882423,0.03496503496503497,0.7276395327922803,3
0.004827031375703946,0.032689912826899134,0.0,0.007783312577833126,0.010320230687509487,0.018995929443690638,0.007067137809187279,0.029168335335736192,0.0744452397995705,0.015242242787152966,0.05734265734265734,0.7421179700140594,6
0.0168946098149638,0.04607721046077211,0.006363636363636364,0.006849315068493151,0.013355592654424042,0.025780189959294434,0.01638291037584324,0.0394473368041649,0.06156048675733716,0.022318998366902557,0.04615384615384614,0.6988158672203221,6
0.03620273531777956,0.015566625155666251,0.02909090909090909,0.007471980074719802,0.007891941113977842,0.004070556309362279,0.0028911018310311593,0.037978908022960806,0.040085898353614875,0.025585193249863913,0.03916083916083915,0.7540033123192753,6
0.024135156878519706,0.04171855541718556,0.01909090909090909,0.008717310087173101,0.01138260737592958,0.027137042062415195,0.01991647928043688,0.036243492190629154,0.027201145311381535,0.005988023952095808,0.011188811188811175,0.7672804671645133,5
0.02333065164923572,0.030510585305105854,0.023636363636363636,0.0062266500622665,0.009257853999089391,0.031207598371777476,0.026341150016061677,0.04038179148311317,0.040085898353614875,0.010887316276537835,0.019580419580419586,0.7385537212664144,5
0.0410297666934835,0.03549190535491905,0.02909090909090909,0.009962640099626401,0.011534375474275306,0.02849389416553596,0.0273048506264054,0.052262715258310125,0.03937007874015748,0.01578660860097986,0.02377622377622377,0.685896032119174,5
0.01930812550281577,0.031133250311332503,0.009090909090909092,0.0031133250311332493,0.008954317802397936,0.035278154681139755,0.01831031159653068,0.03958083032972905,0.03865425912670006,0.015242242787152966,0.011188811188811175,0.7701454625513477,5
0.015285599356395818,0.024283935242839352,0.013636363636363636,0.013075965130759653,0.007891941113977842,0.014925373134328358,0.006745904272406039,0.01888933386730748,0.042233357193987124,0.014153511159499182,0.06153846153846154,0.767340254353674,6
0.027353177795655673,0.0660024906600249,0.01909090909090909,0.0062266500622665,0.01077553498254667,0.017639077340569877,0.0112431737873434,0.035042050460552594,0.04294917680744451,0.007621121393576482,0.029370629370629366,0.726686008248481,5
0.02333065164923572,0.031755915317559155,0.024545454545454547,0.006849315068493151,0.01077553498254667,0.021709633649932156,0.0273048506264054,0.04064877853424145,0.03722261989978524,0.01360914534567229,0.019580419580419586,0.7426676808002546,6
0.006436041834271928,0.038605230386052306,0.0,0.0018679950186799498,0.004401274852026089,0.0203527815468114,0.012849341471249599,0.016753437458283397,0.09090909090909091,0.014153511159499182,0.05734265734265734,0.7363286380213779,6
0.03620273531777956,0.039850560398505604,0.06181818181818182,0.0049813200498132005,0.06101077553498255,0.02306648575305292,0.01863154513331192,0.04305166199439309,0.011453113815318522,0.05443658138268917,0.00979020979020978,0.6357068290117618,6
0.003218020917135964,0.038605230386052306,0.0,0.0018679950186799498,0.004401274852026089,0.0203527815468114,0.012849341471249599,0.016753437458283397,0.09090909090909091,0.014153511159499182,0.05734265734265734,0.7395466589385139,6
0.03620273531777956,0.013698630136986302,0.03818181818181818,0.005603985056039851,0.006981332523903461,0.010854816824966078,0.00385480244137488,0.025697503671072153,0.03149606299212599,0.011976047904191617,0.04195804195804196,0.7734942229916999,5
0.0168946098149638,0.021170610211706103,0.021818181818181816,0.0049813200498132005,0.009864926392472302,0.02306648575305292,0.008994539029874718,0.03157121879588856,0.04652827487473157,0.014697876973326075,0.03076923076923076,0.7696427255167582,6
0.0168946098149638,0.021170610211706103,0.021818181818181816,0.0049813200498132005,0.009864926392472302,0.02306648575305292,0.008994539029874718,0.03157121879588856,0.04652827487473157,0.014697876973326075,0.03076923076923076,0.7696427255167582,6
0.0168946098149638,0.021170610211706103,0.021818181818181816,0.0049813200498132005,0.009864926392472302,0.02306648575305292,0.008994539029874718,0.03157121879588856,0.04652827487473157,0.014697876973326075,0.03076923076923076,0.7696427255167582,6
0.0168946098149638,0.021170610211706103,0.021818181818181816,0.0049813200498132005,0.009864926392472302,0.02306648575305292,0.008994539029874718,0.03157121879588856,0.04652827487473157,0.014697876973326075,0.03076923076923076,0.7696427255167582,6
0.015285599356395818,0.024906600249066005,0.01,0.005603985056039851,0.009257853999089391,0.016282225237449117,0.010279473176999678,0.036243492190629154,0.04294917680744451,0.010342950462710943,0.012587412587412593,0.8062612308767629,5
0.022526146419951733,0.0298879202988792,0.023636363636363636,0.007471980074719802,0.01077553498254667,0.021709633649932156,0.0273048506264054,0.04064877853424145,0.03937007874015748,0.012520413718018512,0.019580419580419586,0.7445678797383644,6
0.022526146419951733,0.0298879202988792,0.023636363636363636,0.007471980074719802,0.01077553498254667,0.021709633649932156,0.0273048506264054,0.04064877853424145,0.03937007874015748,0.012520413718018512,0.019580419580419586,0.7445678797383644,6
0.02574416733708769,0.04669987546699876,0.023636363636363636,0.01805728518057285,0.014417969342844134,0.0407055630936228,0.019595245743655638,0.0441196101989055,0.03722261989978524,0.007076755579749592,0.011188811188811175,0.711535733331603,5
0.030571198712791636,0.016811955168119553,0.009090909090909092,0.0049813200498132005,0.009561390195780848,0.006784260515603799,0.006103437198843559,0.03831264183687079,0.025053686471009286,0.005443658138268915,0.018181818181818167,0.8291037244401711,6
0.03620273531777956,0.04078455790784558,0.02,0.008094645080946454,0.010168462589163759,0.014925373134328358,0.013491808544812078,0.05026031237485019,0.03149606299212599,0.00979858464888405,0.016783216783216773,0.7479942406260471,5
0.02091713596138375,0.044520547945205484,0.0,0.006849315068493151,0.023372287145242074,0.004070556309362279,0.0016061676839061998,0.04011480443198488,0.04652827487473157,0.010342950462710943,0.022377622377622374,0.7793003377393573,5
0.016090104585679808,0.028642590286425903,0.0018181818181818182,0.009339975093399752,0.008650781605706483,0.024423337856173677,0.010921940250562158,0.025363769857162165,0.04581245526127415,0.017964071856287428,0.05874125874125873,0.7522315327878879,6
0.011263073209975867,0.0236612702366127,0.0,0.0031133250311332493,0.0068295644255577485,0.018995929443690638,0.006424670735624799,0.02943532238686448,0.04438081603435933,0.0065323897659227,0.01538461538461538,0.8339790233456431,5
0.011263073209975867,0.0236612702366127,0.0,0.0031133250311332493,0.0068295644255577485,0.018995929443690638,0.006424670735624799,0.02943532238686448,0.04438081603435933,0.0065323897659227,0.01538461538461538,0.8339790233456431,5
0.011263073209975867,0.0236612702366127,0.0,0.0031133250311332493,0.0068295644255577485,0.018995929443690638,0.006424670735624799,0.02943532238686448,0.04438081603435933,0.0065323897659227,0.01538461538461538,0.8339790233456431,5
0.02333065164923572,0.024283935242839352,0.0018181818181818182,0.0049813200498132005,0.010927303080892398,0.016282225237449117,0.008030838419530999,0.03544253103724503,0.04438081603435933,0.011431682090364726,0.029370629370629366,0.789719885969459,6
0.02333065164923572,0.024283935242839352,0.0018181818181818182,0.0049813200498132005,0.010927303080892398,0.016282225237449117,0.008030838419530999,0.03544253103724503,0.04438081603435933,0.011431682090364726,0.029370629370629366,0.789719885969459,6
0.02333065164923572,0.024283935242839352,0.0018181818181818182,0.0049813200498132005,0.010927303080892398,0.016282225237449117,0.008030838419530999,0.03544253103724503,0.04438081603435933,0.011431682090364726,0.029370629370629366,0.789719885969459,6
0.02333065164923572,0.024283935242839352,0.0018181818181818182,0.0049813200498132005,0.010927303080892398,0.016282225237449117,0.008030838419530999,0.03544253103724503,0.04438081603435933,0.011431682090364726,0.029370629370629366,0.789719885969459,6
0.05551086082059533,0.0186799501867995,0.04363636363636363,0.010585305105853053,0.009864926392472302,0.009497964721845319,0.004497269514937359,0.05640101455079415,0.025053686471009286,0.010887316276537835,0.03636363636363636,0.7190217059591558,5
0.028962188254223645,0.019925280199252802,0.021818181818181816,0.008717310087173101,0.007740173015632115,0.012211668928086838,0.007067137809187279,0.04044853824589487,0.03650680028632784,0.010887316276537835,0.025174825174825163,0.7805405799046767,6
0.012067578439259853,0.029265255292652555,0.0009090909090909091,0.007471980074719802,0.006677796327212005,0.005427408412483039,0.0022486347574686796,0.031037244693632726,0.05583392984967788,0.012520413718018512,0.04195804195804196,0.7945826255677421,5
0.02091713596138375,0.03331257783312578,0.002727272727272727,0.005603985056039851,0.01001669449081803,0.008141112618724558,0.00192740122068744,0.03871312241356322,0.04294917680744451,0.00326619488296135,0.01538461538461538,0.8170407106033635,5
0.02091713596138375,0.031133250311332503,0.0009090909090909091,0.008717310087173101,0.00804370921232357,0.009497964721845319,0.012849341471249599,0.02169269790415154,0.041517537580529694,0.00979858464888405,0.04755244755244756,0.7873709296395884,6
0.024135156878519706,0.032689912826899134,0.002727272727272727,0.0062266500622665,0.011230839277583851,0.017639077340569877,0.01638291037584324,0.045588038980109595,0.045096635647816755,0.007076755579749592,0.02657342657342658,0.7646333237299424,5
0.012067578439259853,0.012453300124533002,0.022727272727272728,0.005603985056039851,0.011230839277583851,0.005427408412483039,0.008352071956312239,0.030503270591376145,0.04438081603435933,0.005988023952095808,0.02377622377622377,0.8174892096524604,5
0.012067578439259853,0.013698630136986302,0.022727272727272728,0.005603985056039851,0.010927303080892398,0.004070556309362279,0.007067137809187279,0.030503270591376145,0.04438081603435933,0.005988023952095808,0.02377622377622377,0.8191892020869442,5
0.021721641190667742,0.019302615193026153,0.021818181818181816,0.009962640099626401,0.01001669449081803,0.035278154681139755,0.019595245743655638,0.04278467494326554,0.06156048675733716,0.014153511159499182,0.037762237762237756,0.7060439161605447,6
0.022526146419951733,0.03237858032378581,0.015454545454545455,0.028019925280199254,0.023675823341933525,0.06919945725915876,0.029553485383874076,0.048658390068081946,0.03865425912670006,0.009254218835057159,0.01538461538461538,0.6672405531220968,5
0.05631536604987932,0.02210460772104608,0.03636363636363637,0.0031133250311332493,0.01198967976931249,0.006784260515603799,0.007067137809187279,0.04652249365905787,0.02362204724409447,0.017419706042460535,0.022843822843822362,0.7458539169507662,6
0.029766693483507647,0.045454545454545456,0.012727272727272728,0.009962640099626401,0.012293215966003947,0.016282225237449117,0.01541920976549952,0.047857428914697825,0.04438081603435933,0.011431682090364726,0.02377622377622377,0.7306480464504495,5
0.05631536604987932,0.02210460772104608,0.03636363636363637,0.0031133250311332493,0.01198967976931249,0.006784260515603799,0.007067137809187279,0.04652249365905787,0.02362204724409447,0.017419706042460535,0.022843822843822362,0.7458539169507662,6
0.02091713596138375,0.030199252801992527,0.0018181818181818182,0.0062266500622665,0.01274852026104113,0.012211668928086838,0.008030838419530999,0.03290615405152852,0.051539012168933425,0.010887316276537835,0.04755244755244756,0.7649628216980691,6
0.021721641190667742,0.038605230386052306,0.007272727272727273,0.0049813200498132005,0.012444984064349674,0.012211668928086838,0.012528107934468359,0.037978908022960806,0.03579098067287045,0.009254218835057159,0.019580419580419586,0.7876297930625266,5
0.018503620273531782,0.026151930261519307,0.02727272727272727,0.008094645080946454,0.011534375474275306,0.010854816824966078,0.03180212014134275,0.04792417567747952,0.03650680028632784,0.046271094175285785,0.029370629370629366,0.7057130651609685,6
0.027353177795655673,0.040473225404732256,0.02909090909090909,0.007471980074719802,0.010168462589163759,0.0203527815468114,0.021843880501124315,0.04331864904552137,0.03793843951324266,0.009254218835057159,0.019580419580419586,0.7331538560226429,6
0.0329847144006436,0.04109589041095891,0.046363636363636364,0.0049813200498132005,0.06116254363332827,0.014925373134328358,0.0192740122068744,0.04111600587371485,0.01861130994989262,0.0457267283614589,0.011188811188811175,0.6625696544265394,5
0.02333065164923572,0.028642590286425903,0.05090909090909091,0.013698630136986302,0.021399301866747607,0.005427408412483039,0.0025698682942499195,0.03130423174476027,0.033643521832498205,0.03810560696788241,0.04475524475524475,0.706213853144395,6
0.0329847144006436,0.04109589041095891,0.046363636363636364,0.0049813200498132005,0.06116254363332827,0.014925373134328358,0.0192740122068744,0.04111600587371485,0.01861130994989262,0.0457267283614589,0.011188811188811175,0.6625696544265394,5
0.028962188254223645,0.047633872976338726,0.018181818181818184,0.0031133250311332493,0.011230839277583851,0.008141112618724558,0.008030838419530999,0.030236283540248602,0.026485325697924108,0.007076755579749592,0.022377622377622374,0.7885300180451021,5
0.02091713596138375,0.020547945205479454,0.013636363636363636,0.006849315068493151,0.01001669449081803,0.012211668928086838,0.007067137809187279,0.04018155119476732,0.03937007874015748,0.00979858464888405,0.02097902097902098,0.798424503337358,6
0.02333065164923572,0.02801992528019925,0.0018181818181818182,0.010585305105853053,0.009864926392472302,0.013568521031207597,0.00931577256665596,0.03671071953010255,0.04438081603435933,0.01578660860097986,0.03356643356643357,0.773052138424319,6
0.02333065164923572,0.02801992528019925,0.0018181818181818182,0.010585305105853053,0.009864926392472302,0.013568521031207597,0.00931577256665596,0.03671071953010255,0.04438081603435933,0.01578660860097986,0.03356643356643357,0.773052138424319,6
0.027353177795655673,0.0298879202988792,0.02,0.007471980074719802,0.010320230687509487,0.032564450474898234,0.03180212014134275,0.04044853824589487,0.040085898353614875,0.008709853021230266,0.02097902097902098,0.7303768099272339,5
0.027353177795655673,0.0298879202988792,0.02,0.007471980074719802,0.010320230687509487,0.032564450474898234,0.03180212014134275,0.04044853824589487,0.040085898353614875,0.008709853021230266,0.02097902097902098,0.7303768099272339,5
0.02011263073209976,0.03953922789539228,0.013636363636363636,0.005603985056039851,0.014417969342844134,0.025780189959294434,0.025056215868936717,0.03911360299025491,0.032211882605583386,0.009254218835057159,0.01538461538461538,0.7598890976935184,5
0.027353177795655673,0.04296388542963886,0.022727272727272728,0.015566625155666251,0.009713158294126575,0.04477611940298507,0.025377449405717956,0.0441196101989055,0.032211882605583386,0.004899292324442023,0.011188811188811175,0.7191027154711949,5
0.022526146419951733,0.03237858032378581,0.006363636363636364,0.005603985056039851,0.013355592654424042,0.009497964721845319,0.005460970125281079,0.04024829795754903,0.040085898353614875,0.01360914534567229,0.016783216783216773,0.7940865658949828,5
0.016090104585679808,0.03237858032378581,0.028181818181818183,0.0323785803237858,0.01077553498254667,0.008141112618724558,0.013813042081593318,0.04745694833800539,0.04366499642090194,0.019052803483941214,0.02657342657342658,0.7214930520857907,5
0.011263073209975867,0.023038605230386054,0.0,0.008717310087173101,0.008499013507360754,0.018995929443690638,0.008673305493093478,0.01902282739287162,0.06012884753042235,0.014153511159499182,0.05734265734265734,0.7701649196028697,6
0.027353177795655673,0.03237858032378581,0.02,0.009339975093399752,0.012444984064349674,0.005427408412483039,0.008673305493093478,0.04038179148311317,0.045096635647816755,0.01360914534567229,0.03636363636363636,0.748931359976994,5
0.02011263073209976,0.031133250311332503,0.005454545454545454,0.0024906600249066002,0.00880254970405221,0.005427408412483039,0.00192740122068744,0.027566413028967948,0.030780243378668568,0.008165487207403373,0.019580419580419586,0.8385589909444335,5
0.027353177795655673,0.024906600249066005,0.022727272727272728,0.006849315068493151,0.01001669449081803,0.024423337856173677,0.01702537744940572,0.04038179148311317,0.040085898353614875,0.008165487207403373,0.025174825174825163,0.7528902221441585,5
0.032180209171359615,0.03518057285180573,0.009090909090909092,0.0043586550435865505,0.012141447867658221,0.0027137042062415195,0.00192740122068744,0.04925911093311948,0.0408017179670723,0.017419706042460535,0.01608391608391609,0.7788426495211834,6
0.0329847144006436,0.03455790784557908,0.009090909090909092,0.0043586550435865505,0.011837911670966763,0.004070556309362279,0.0016061676839061998,0.04925911093311948,0.0408017179670723,0.017419706042460535,0.01608391608391609,0.777928726928478,5
0.021721641190667742,0.029265255292652555,0.023636363636363636,0.006849315068493151,0.010320230687509487,0.021709633649932156,0.03148088660456152,0.038512882125216634,0.03865425912670006,0.010342950462710943,0.02097902097902098,0.7465275611761711,5
0.02091713596138375,0.03424657534246576,0.0,0.008094645080946454,0.008499013507360754,0.012211668928086838,0.005782203662062319,0.036910959818449135,0.04867573371510379,0.021230266739248774,0.037762237762237756,0.7656695594826547,6
0.026548672566371688,0.03549190535491905,0.01909090909090909,0.007471980074719802,0.010320230687509487,0.04341926729986431,0.043366527465467396,0.040915765585369,0.03650680028632784,0.00979858464888405,0.02097902097902098,0.7060903359606373,5
0.024135156878519706,0.0112079701120797,0.03818181818181818,0.006849315068493151,0.006070723933829109,0.006784260515603799,0.005782203662062319,0.041583233213188985,0.05010737294201861,0.02667392487751769,0.04895104895104895,0.7336729716638197,6
0.02091713596138375,0.013075965130759653,0.030000000000000002,0.0049813200498132005,0.007436636818940659,0.0027137042062415195,0.0022486347574686796,0.03958083032972905,0.035075161059413024,0.04191616766467066,0.022377622377622374,0.7796768216439575,8
0.027353177795655673,0.0236612702366127,0.035454545454545454,0.010585305105853053,0.010623766884200928,0.014925373134328358,0.012849341471249599,0.05626752102523074,0.04939155332856122,0.01578660860097986,0.03216783216783215,0.7109337047949502,6
0.028962188254223645,0.0074719800747198,0.03090909090909091,0.0261519302615193,0.0075884049172863875,0.009497964721845319,0.005139736588499839,0.048925377119209496,0.03435934144595563,0.033206314643440385,0.03496503496503497,0.7328226360991743,6
0.011263073209975867,0.024283935242839352,0.0,0.007471980074719802,0.007891941113977842,0.052917232021709636,0.01541920976549952,0.03290615405152852,0.05726556907659271,0.032661948829613506,0.03216783216783215,0.7257511244457111,6
0.02815768302493966,0.01058530510585305,0.03272727272727272,0.008094645080946454,0.005463651540446199,0.04613297150610584,0.015097976228718278,0.03290615405152852,0.03793843951324266,0.037016875340228635,0.055944055944055944,0.689934969936662,7
0.011263073209975867,0.024283935242839352,0.0,0.007471980074719802,0.007891941113977842,0.052917232021709636,0.01541920976549952,0.03290615405152852,0.05726556907659271,0.032661948829613506,0.03216783216783215,0.7257511244457111,6
0.016090104585679808,0.0523038605230386,0.0,0.005603985056039851,0.010623766884200928,0.005427408412483039,0.0032123353678123997,0.02356160726204807,0.05440229062276307,0.005988023952095808,0.04895104895104895,0.7738355683827896,6
0.014481094127111831,0.021793275217932753,0.03636363636363637,0.009339975093399752,0.008954317802397936,0.009497964721845319,0.004176035978156119,0.041583233213188985,0.058697208303507525,0.021774632553075667,0.03076923076923076,0.7425693958565169,6
0.028962188254223645,0.0074719800747198,0.03090909090909091,0.0261519302615193,0.0075884049172863875,0.009497964721845319,0.005139736588499839,0.048925377119209496,0.03435934144595563,0.033206314643440385,0.03496503496503497,0.7328226360991743,6
0.04263877715205149,0.02801992528019925,0.022727272727272728,0.006849315068493151,0.01396266504780695,0.014925373134328358,0.026662383552842915,0.041583233213188985,0.021474588403722256,0.031028851388132828,0.02377622377622377,0.7263513912557373,5
0.043443282381335484,0.012453300124533002,0.053636363636363635,0.008094645080946454,0.009864926392472302,0.0027137042062415195,0.0028911018310311593,0.06227472967561055,0.03292770221904081,0.024496461622210128,0.016783216783216773,0.7304205660469982,5
0.012872083668543848,0.028642590286425903,0.0,0.0043586550435865505,0.00804370921232357,0.009497964721845319,0.00385480244137488,0.043585636096649664,0.058697208303507525,0.027762656505171478,0.013986013986013986,0.7886986797345572,5
0.043443282381335484,0.012453300124533002,0.053636363636363635,0.008094645080946454,0.009864926392472302,0.0027137042062415195,0.0028911018310311593,0.06227472967561055,0.03292770221904081,0.024496461622210128,0.016783216783216773,0.7304205660469982,5
0.021721641190667742,0.013698630136986302,0.030000000000000002,0.009962640099626401,0.007891941113977842,0.027137042062415195,0.00995823964021844,0.034241089307168474,0.04366499642090194,0.023952095808383235,0.05174825174825173,0.7260234324714028,7
0.02574416733708769,0.025529265255292654,0.0009090909090909091,0.0043586550435865505,0.009864926392472302,0.0027137042062415195,0.004176035978156119,0.03290615405152852,0.030064423765211176,0.007076755579749592,0.019580419580419586,0.8370764019011634,5
0.024939662107803705,0.03237858032378581,0.01909090909090909,0.008094645080946454,0.009864926392472302,0.04206241519674356,0.04079665917121748,0.036910959818449135,0.03793843951324266,0.0065323897659227,0.02097902097902098,0.7204113925594862,5
0.02574416733708769,0.025529265255292654,0.0009090909090909091,0.0043586550435865505,0.009864926392472302,0.0027137042062415195,0.004176035978156119,0.03290615405152852,0.030064423765211176,0.007076755579749592,0.019580419580419586,0.8370764019011634,5
0.02333065164923572,0.017434620174346202,0.01636363636363636,0.0043586550435865505,0.010168462589163759,0.031207598371777476,0.016704143912624477,0.04291816846882968,0.04294917680744451,0.01360914534567229,0.013986013986013986,0.766969727287669,5
0.01930812550281577,0.026151930261519307,0.0,0.007471980074719802,0.010168462589163759,0.05156037991858887,0.01574044330228076,0.036910959818449135,0.04652827487473157,0.027762656505171478,0.04195804195804196,0.7164387451945176,6
0.014481094127111831,0.025529265255292654,0.00818181818181818,0.018679950186799504,0.01684625891637578,0.017639077340569877,0.008030838419530999,0.04492057135228962,0.05440229062276307,0.018508437670114317,0.03636363636363636,0.7364167615636978,4
0.024135156878519706,0.01805728518057285,0.030000000000000002,0.009962640099626401,0.01001669449081803,0.006784260515603799,0.005460970125281079,0.03757842744626911,0.040085898353614875,0.01360914534567229,0.03916083916083915,0.7651486824031828,5
0.02574416733708769,0.03237858032378581,0.0,0.0062266500622665,0.009106085900743664,0.035278154681139755,0.01574044330228076,0.040915765585369,0.0408017179670723,0.01633097441480675,0.03636363636363636,0.7411138240618114,5
0.026548672566371688,0.0037359900373599,0.03636363636363637,0.008094645080946454,0.0056154196387919264,0.050203527815468114,0.019595245743655638,0.03958083032972905,0.042233357193987124,0.032661948829613506,0.040559440559440565,0.6948072858409997,5
0.022526146419951733,0.01805728518057285,0.021818181818181816,0.005603985056039851,0.008195477310669299,0.02306648575305292,0.013170575008030838,0.036910959818449135,0.045096635647816755,0.01578660860097986,0.027972027972027972,0.7617956314142269,5
0.024135156878519706,0.019302615193026153,0.028181818181818183,0.007471980074719802,0.008650781605706483,0.016282225237449117,0.021843880501124315,0.03824589507408909,0.03722261989978524,0.011431682090364726,0.02097902097902098,0.7662523242843762,6
0.012067578439259853,0.017434620174346202,0.014545454545454545,0.005603985056039851,0.008650781605706483,0.013568521031207597,0.006103437198843559,0.036243492190629154,0.04867573371510379,0.022318998366902557,0.02377622377622377,0.7910111739002826,7
0.04505229283990345,0.026151930261519307,0.03363636363636364,0.09028642590286426,0.030657155865837,0.07327001356852103,0.028589784773530358,0.09090909090909091,0.03149606299212599,0.023952095808383235,0.008391608391608386,0.5176071750502524,6
0.043443282381335484,0.016189290161892904,0.034545454545454546,0.0043586550435865505,0.02382759144027924,0.035278154681139755,0.026983617089624157,0.0605393138432789,0.029348604151753745,0.017419706042460535,0.0013986013986013936,0.7066677292205928,5
0.017699115044247787,0.049501867995018684,0.026363636363636363,0.024283935242839352,0.00880254970405221,0.018995929443690638,0.010600706713780918,0.03804565478574324,0.05654974946313528,0.011431682090364726,0.037762237762237756,0.6999629353912531,5
0.01930812550281577,0.029265255292652555,0.0,0.0049813200498132005,0.006070723933829109,0.0027137042062415195,0.0006424670735624799,0.03958083032972905,0.0479599141016464,0.007621121393576482,0.02657342657342658,0.8152831115427068,5
0.021721641190667742,0.03424657534246576,0.0018181818181818182,0.008094645080946454,0.009106085900743664,0.0407055630936228,0.027626084163186636,0.037311440395140824,0.041517537580529694,0.019052803483941214,0.03729603729603773,0.7215034046545357,6
0.018503620273531782,0.028642590286425903,0.018181818181818184,0.005292652552926525,0.006981332523903461,0.009497964721845319,0.005139736588499839,0.02102523027633156,0.04581245526127415,0.008709853021230266,0.04615384615384614,0.7860589001583669,5
0.022526146419951733,0.041407222914072235,0.017272727272727273,0.026774595267745952,0.012444984064349674,0.024423337856173677,0.029553485383874076,0.0471232145240954,0.030064423765211176,0.010342950462710943,0.016783216783216773,0.7212836952858711,6
0.017699115044247787,0.03424657534246576,0.0,0.0062266500622665,0.010320230687509487,0.02849389416553596,0.010600706713780918,0.046322253370711275,0.047244094488188976,0.022318998366902557,0.018181818181818167,0.7583456635765726,5
0.02091713596138375,0.016189290161892904,0.028181818181818183,0.006849315068493151,0.006677796327212005,0.018995929443690638,0.007388371345968519,0.031037244693632726,0.035075161059413024,0.023407729994556346,0.040559440559440565,0.7647207672024983,8
0.02091713596138375,0.015566625155666251,0.02909090909090909,0.006849315068493151,0.0075884049172863875,0.018995929443690638,0.007067137809187279,0.03090375116806858,0.035075161059413024,0.021774632553075667,0.040559440559440565,0.7656115572133857,7
0.02574416733708769,0.012453300124533002,0.04,0.011207970112079703,0.01396266504780695,0.009497964721845319,0.0035335689045936395,0.04839140301695366,0.042233357193987124,0.024496461622210128,0.03636363636363636,0.7321155055552664,7
0.016090104585679808,0.028642590286425903,0.0018181818181818182,0.006849315068493151,0.0075884049172863875,0.048846675712347354,0.015097976228718278,0.024496061940995597,0.04366499642090194,0.023407729994556346,0.04475524475524475,0.7387427182711687,7
0.05711987127916331,0.020547945205479454,0.057272727272727274,0.008094645080946454,0.009257853999089391,0.008141112618724558,0.005460970125281079,0.06454411961019878,0.033643521832498205,0.0195971692977681,0.03496503496503497,0.6813550287130885,6
0.015285599356395818,0.048567870485678705,0.0,0.0043586550435865505,0.006070723933829109,0.010854816824966078,0.0035335689045936395,0.030703510879722732,0.05440229062276307,0.01633097441480675,0.03496503496503497,0.7749269545686226,6
0.024135156878519706,0.023038605230386054,0.030000000000000002,0.0062266500622665,0.00940962209743512,0.035278154681139755,0.025377449405717956,0.04665598718462127,0.0479599141016464,0.01360914534567229,0.008391608391608386,0.7299177066209865,5
0.030571198712791636,0.01058530510585305,0.03636363636363637,0.0049813200498132005,0.008347245409015026,0.009497964721845319,0.004497269514937359,0.03978107061807489,0.04652827487473157,0.014697876973326075,0.029370629370629366,0.7647782082853462,5
0.026548672566371688,0.004981320049813201,0.031818181818181815,0.0049813200498132005,0.0063742601305205645,0.008141112618724558,0.0028911018310311593,0.030102790014684456,0.041517537580529694,0.025585193249863913,0.04895104895104895,0.7681074611394167,7
0.014481094127111831,0.0186799501867995,0.00818181818181818,0.008717310087173101,0.0063742601305205645,0.04477611940298507,0.01863154513331192,0.047857428914697825,0.0479599141016464,0.019052803483941214,0.027972027972027972,0.7373157282779664,6
0.012872083668543848,0.041407222914072235,0.0,0.007471980074719802,0.007284868720594931,0.006784260515603799,0.0022486347574686796,0.04385262314777721,0.06084466714387973,0.015242242787152966,0.022377622377622374,0.7796137938925645,4
0.018503620273531782,0.031755915317559155,0.0009090909090909091,0.009339975093399752,0.009713158294126575,0.017639077340569877,0.010600706713780918,0.03437458283273262,0.04294917680744451,0.010887316276537835,0.03356643356643357,0.7797609465747926,6
0.017699115044247787,0.029265255292652555,0.009090909090909092,0.0049813200498132005,0.007740173015632115,0.04477611940298507,0.015097976228718278,0.03824589507408909,0.0479599141016464,0.018508437670114317,0.018181818181818167,0.7484530668473739,5
0.021721641190667742,0.0224159402241594,0.02909090909090909,0.007471980074719802,0.0075884049172863875,0.0407055630936228,0.01541920976549952,0.04812441596582611,0.040085898353614875,0.017419706042460535,0.022377622377622374,0.7275787089036114,7
0.0168946098149638,0.05728518057285181,0.007272727272727273,0.008717310087173101,0.008347245409015026,0.024423337856173677,0.008352071956312239,0.04278467494326554,0.05583392984967788,0.013064779531845398,0.03636363636363636,0.720660496342358,4
0.021721641190667742,0.0224159402241594,0.02909090909090909,0.007471980074719802,0.0075884049172863875,0.0407055630936228,0.01541920976549952,0.04812441596582611,0.040085898353614875,0.017419706042460535,0.022377622377622374,0.7275787089036114,7
0.021721641190667742,0.053549190535491904,0.004545454545454546,0.007471980074719802,0.007436636818940659,0.025780189959294434,0.013813042081593318,0.04658924042183957,0.0408017179670723,0.011976047904191617,0.018181818181818167,0.7481330403189159,3
0.043443282381335484,0.03549190535491905,0.01,0.0031133250311332493,0.010927303080892398,0.009497964721845319,0.005782203662062319,0.038112401548524945,0.010021474588403703,0.007621121393576482,0.018181818181818167,0.8078072000554889,5
0.0168946098149638,0.0361145703611457,0.007272727272727273,0.01774595267745953,0.008347245409015026,0.009497964721845319,0.0032123353678123997,0.02182619142971568,0.04939155332856122,0.010342950462710943,0.05874125874125873,0.7606126404127844,5
0.024135156878519706,0.014321295143212951,0.05454545454545454,0.010585305105853053,0.009257853999089391,0.029850746268656716,0.012206874397687119,0.04331864904552137,0.04581245526127415,0.025040827436037017,0.037762237762237756,0.6931631441564563,6
0.012067578439259853,0.0298879202988792,0.007272727272727273,0.005603985056039851,0.008954317802397936,0.017639077340569877,0.012528107934468359,0.021959684955279824,0.04581245526127415,0.011431682090364726,0.03636363636363636,0.7904788271851027,5
0.04263877715205149,0.0236612702366127,0.045454545454545456,0.08032378580323786,0.02929124298072545,0.06377204884667571,0.024413748795374238,0.08243225203577703,0.030064423765211176,0.02286336418072945,0.005594405594405599,0.549490135154654,5
0.005631536604987933,0.021793275217932753,0.01,0.008094645080946454,0.005463651540446199,0.0203527815468114,0.026662383552842915,0.011680683486851112,0.05726556907659271,0.029940119760479045,0.0722610722610727,0.7308542818710368,7
0.04263877715205149,0.0236612702366127,0.045454545454545456,0.08032378580323786,0.02929124298072545,0.06377204884667571,0.024413748795374238,0.08243225203577703,0.030064423765211176,0.02286336418072945,0.005594405594405599,0.549490135154654,5
0.005631536604987933,0.021793275217932753,0.01,0.008094645080946454,0.005463651540446199,0.0203527815468114,0.026662383552842915,0.011680683486851112,0.05726556907659271,0.029940119760479045,0.07272727272727272,0.7303880814048368,7
0.02011263073209976,0.04701120797011209,0.004545454545454546,0.0298879202988792,0.010623766884200928,0.0027137042062415195,0.0025698682942499195,0.05346415698838594,0.047244094488188976,0.010342950462710943,0.025174825174825163,0.746309419954651,3
0.028962188254223645,0.009962640099626403,0.05454545454545454,0.013075965130759653,0.01396266504780695,0.012211668928086838,0.005139736588499839,0.054799092244025904,0.04652827487473157,0.019052803483941214,0.03076923076923076,0.7109902800336126,5
0.008045052292839904,0.031133250311332503,0.002727272727272727,0.0037359900373599,0.010320230687509487,0.006784260515603799,0.0022486347574686796,0.03277266052596437,0.06585540443808162,0.01578660860097986,0.02377622377622377,0.7968144113293634,4
0.028962188254223645,0.009962640099626403,0.05454545454545454,0.013075965130759653,0.01396266504780695,0.012211668928086838,0.005139736588499839,0.054799092244025904,0.04652827487473157,0.019052803483941214,0.03076923076923076,0.7109902800336126,5
0.02815768302493966,0.013075965130759653,0.04,0.0037359900373599,0.004553042950371833,0.006784260515603799,0.00192740122068744,0.035709518088372576,0.04366499642090194,0.015242242787152966,0.03216783216783215,0.774981067656018,5
0.01930812550281577,0.03331257783312578,0.014545454545454545,0.007471980074719802,0.00940962209743512,0.009497964721845319,0.006103437198843559,0.039981310906420736,0.045096635647816755,0.011976047904191617,0.018181818181818167,0.7851150253855128,5
0.017699115044247787,0.034869240348692404,0.01909090909090909,0.007471980074719802,0.00880254970405221,0.010854816824966078,0.005460970125281079,0.03597650513950086,0.04581245526127415,0.014697876973326075,0.02657342657342658,0.7726901548396039,5
0.011263073209975867,0.03237858032378581,0.004545454545454546,0.0062266500622665,0.008195477310669299,0.010854816824966078,0.0035335689045936395,0.03263916700040023,0.05583392984967788,0.024496461622210128,0.03076923076923076,0.7792635895767692,5
0.008045052292839904,0.026151930261519307,0.0036363636363636364,0.0049813200498132005,0.0056154196387919264,0.005427408412483039,0.0022486347574686796,0.027566413028967948,0.07015032211882609,0.01360914534567229,0.04195804195804196,0.7906099484992121,5
0.02011263073209976,0.006226650062266501,0.04454545454545455,0.005603985056039851,0.004097738655334649,0.009497964721845319,0.00385480244137488,0.02249365905753566,0.04652827487473157,0.012520413718018512,0.055944055944055944,0.7685743701912429,6
0.012872083668543848,0.03300124533001245,0.005454545454545454,0.0043586550435865505,0.005767187737137655,0.006784260515603799,0.00385480244137488,0.02276064610866395,0.05941302791696492,0.011431682090364726,0.04965034965034964,0.7846515140428522,5
0.024939662107803705,0.026151930261519307,0.023636363636363636,0.0062266500622665,0.011686143572621037,0.029850746268656716,0.04529392868615483,0.041983713789881416,0.03722261989978524,0.014153511159499182,0.018181818181818167,0.7206729123736302,5
0.014481094127111831,0.01183063511830635,0.00818181818181818,0.0031133250311332493,0.008195477310669299,0.018995929443690638,0.007067137809187279,0.030169536777466158,0.04867573371510379,0.02014153511159499,0.022377622377622374,0.8067701549962959,7
0.01930812550281577,0.019302615193026153,0.0018181818181818182,0.0062266500622665,0.010320230687509487,0.018995929443690638,0.007067137809187279,0.03237217994927268,0.04366499642090194,0.026129559063690803,0.03076923076923076,0.7840251632802262,6
0.018503620273531782,0.038605230386052306,0.002727272727272727,0.008717310087173101,0.0063742601305205645,0.008141112618724558,0.0032123353678123997,0.03344012815378435,0.05082319255547603,0.01633097441480675,0.043356643356643354,0.7697679199282021,6
0.018503620273531782,0.038605230386052306,0.002727272727272727,0.008717310087173101,0.0063742601305205645,0.008141112618724558,0.0032123353678123997,0.03344012815378435,0.05082319255547603,0.01633097441480675,0.043356643356643354,0.7697679199282021,6
0.02574416733708769,0.043586550435865505,0.026363636363636363,0.0211706102117061,0.01077553498254667,0.027137042062415195,0.01863154513331192,0.042384194366573105,0.030064423765211176,0.010887316276537835,0.013986013986013986,0.7292689650790944,5
0.012872083668543848,0.019925280199252802,0.035454545454545454,0.009962640099626401,0.009864926392472302,0.006784260515603799,0.0025698682942499195,0.03657722600453914,0.055118110236220465,0.0195971692977681,0.03636363636363636,0.7549102534735415,6
0.02333065164923572,0.016189290161892904,0.05181818181818181,0.008717310087173101,0.014266201244498407,0.005427408412483039,0.00192740122068744,0.03991456414363904,0.04438081603435933,0.011976047904191617,0.04195804195804196,0.7400940853656156,6
0.0168946098149638,0.039850560398505604,0.0018181818181818182,0.005603985056039851,0.01001669449081803,0.006784260515603799,0.00192740122068744,0.03958083032972905,0.057981388690050095,0.01633097441480675,0.021678321678321663,0.781532791572292,3
0.017699115044247787,0.04296388542963886,0.004545454545454546,0.006849315068493151,0.00880254970405221,0.006784260515603799,0.0025698682942499195,0.03704445334401253,0.055118110236220465,0.017964071856287428,0.03356643356643357,0.7660924823953057,6
0.02333065164923572,0.016189290161892904,0.05181818181818181,0.008717310087173101,0.014266201244498407,0.005427408412483039,0.00192740122068744,0.03991456414363904,0.04438081603435933,0.011976047904191617,0.04195804195804196,0.7400940853656156,6
0.02011263073209976,0.009339975093399754,0.05454545454545454,0.007471980074719802,0.00940962209743512,0.021709633649932156,0.006103437198843559,0.05386463756507837,0.04581245526127415,0.021230266739248774,0.03076923076923076,0.7196306762732833,6
0.026548672566371688,0.0037359900373599,0.03636363636363637,0.005603985056039851,0.0075884049172863875,0.008141112618724558,0.004497269514937359,0.026898945401147966,0.03865425912670006,0.02014153511159499,0.037762237762237756,0.7840639515239631,5
0.014481094127111831,0.0149439601494396,0.01909090909090909,0.008094645080946454,0.0053118834421004716,0.033921302578019,0.013491808544812078,0.04365238285943136,0.052254831782390855,0.023952095808383235,0.018181818181818167,0.7526232683546379,6
0.02011263073209976,0.03549190535491905,0.0036363636363636364,0.007471980074719802,0.008499013507360754,0.024423337856173677,0.006745904272406039,0.0470564677613137,0.05010737294201861,0.018508437670114317,0.019580419580419586,0.7583661666120911,5
0.018503620273531782,0.0448318804483188,0.01909090909090909,0.019925280199252802,0.00940962209743512,0.0203527815468114,0.018952778670093158,0.055733546922974164,0.05654974946313528,0.021230266739248774,0.011655011655011614,0.7037645528932781,6
0.018503620273531782,0.0448318804483188,0.01909090909090909,0.019925280199252802,0.00940962209743512,0.0203527815468114,0.018952778670093158,0.055733546922974164,0.05654974946313528,0.021230266739248774,0.011888111888111884,0.7035314526601777,6
0.015285599356395818,0.025529265255292654,0.005454545454545454,0.006849315068493151,0.007740173015632115,0.037991858887381276,0.012206874397687119,0.03217193966092684,0.04581245526127415,0.02721829069134458,0.02657342657342658,0.7571662563776003,6
0.022526146419951733,0.021793275217932753,0.04181818181818182,0.008094645080946454,0.01548034603126423,0.008141112618724558,0.004497269514937359,0.042717928180483096,0.041517537580529694,0.01633097441480675,0.029370629370629366,0.7477119537516121,5
0.016090104585679808,0.0361145703611457,0.007272727272727273,0.010585305105853053,0.014266201244498407,0.017639077340569877,0.006745904272406039,0.04391936991055965,0.05010737294201861,0.01360914534567229,0.025174825174825163,0.7584753964440442,5
0.012067578439259853,0.012453300124533002,0.022727272727272728,0.008717310087173101,0.008954317802397936,0.029850746268656716,0.016704143912624477,0.04178347350153557,0.04867573371510379,0.03483941208492106,0.03076923076923076,0.732457480567291,5
0.017699115044247787,0.0224159402241594,0.022727272727272728,0.006849315068493151,0.009713158294126575,0.037991858887381276,0.0176678445229682,0.034908556934988455,0.04294917680744451,0.014697876973326075,0.027972027972027972,0.7444078565435639,5
0.0168946098149638,0.0224159402241594,0.007272727272727273,0.007471980074719802,0.007891941113977842,0.02306648575305292,0.008994539029874718,0.03637698571619256,0.042233357193987124,0.016875340228633642,0.018181818181818167,0.7923242753958928,5
0.017699115044247787,0.021793275217932753,0.007272727272727273,0.008094645080946454,0.007891941113977842,0.02306648575305292,0.010279473176999678,0.036443732478975,0.040085898353614875,0.017419706042460535,0.016783216783216773,0.7931697836818481,6
0.026548672566371688,0.01058530510585305,0.04454545454545455,0.008094645080946454,0.01274852026104113,0.027137042062415195,0.01702537744940572,0.04718996128687784,0.0408017179670723,0.018508437670114317,0.02377622377622377,0.723038642228224,6
0.02011263073209976,0.03549190535491905,0.007272727272727273,0.007471980074719802,0.007740173015632115,0.05563093622795115,0.014776742691937038,0.04011480443198488,0.04867573371510379,0.014697876973326075,0.025174825174825163,0.7228396643347739,6
0.016090104585679808,0.019925280199252802,0.00818181818181818,0.008094645080946454,0.007740173015632115,0.010854816824966078,0.00385480244137488,0.029168335335736192,0.04867573371510379,0.0195971692977681,0.040559440559440565,0.7872576807622811,6
0.012067578439259853,0.03642590286425903,0.009090909090909092,0.01183063511830635,0.010471998785855214,0.016282225237449117,0.007067137809187279,0.041649979975971425,0.06156048675733716,0.017964071856287428,0.025174825174825163,0.7504142488903529,5
0.02091713596138375,0.025529265255292654,0.011818181818181818,0.006849315068493151,0.006981332523903461,0.02306648575305292,0.005139736588499839,0.03777866773461496,0.033643521832498205,0.019052803483941214,0.02097902097902098,0.788244533001117,6
0.027353177795655673,0.016811955168119553,0.02727272727272727,0.0062266500622665,0.00940962209743512,0.04206241519674356,0.025056215868936717,0.04739020157522369,0.04652827487473157,0.015242242787152966,0.008391608391608386,0.728254908909399,5
0.016090104585679808,0.027397260273972605,0.012727272727272728,0.009339975093399752,0.007891941113977842,0.016282225237449117,0.007388371345968519,0.02603123748498214,0.04867573371510379,0.01578660860097986,0.04615384615384614,0.7662354236673676,7
0.01930812550281577,0.02677459526774596,0.011818181818181818,0.008094645080946454,0.009561390195780848,0.018995929443690638,0.00931577256665596,0.038913362701909066,0.04438081603435933,0.014153511159499182,0.018181818181818167,0.7805018520465968,6
0.012872083668543848,0.03237858032378581,0.00818181818181818,0.009962640099626401,0.010471998785855214,0.018995929443690638,0.006424670735624799,0.03544253103724503,0.05941302791696492,0.01633097441480675,0.05034965034965034,0.739176095042388,5
0.012872083668543848,0.024906600249066005,0.007272727272727273,0.021793275217932756,0.008954317802397936,0.013568521031207597,0.008352071956312239,0.0426511814177014,0.058697208303507525,0.01633097441480675,0.04475524475524475,0.7398457939105519,6
0.030571198712791636,0.015566625155666251,0.03909090909090909,0.008717310087173101,0.007740173015632115,0.014925373134328358,0.004176035978156119,0.036243492190629154,0.030780243378668568,0.026129559063690803,0.03916083916083915,0.7468982410315157,7
0.015285599356395818,0.031755915317559155,0.030000000000000002,0.005603985056039851,0.007133100622249203,0.0203527815468114,0.007067137809187279,0.034975303697770896,0.04438081603435933,0.016875340228633642,0.02377622377622377,0.7627937965547696,6
0.01930812550281577,0.02801992528019925,0.0018181818181818182,0.006849315068493151,0.009106085900743664,0.021709633649932156,0.006424670735624799,0.0379121612601791,0.04438081603435933,0.015242242787152966,0.025174825174825163,0.7840540167874928,5
0.053097345132743355,0.017434620174346202,0.045454545454545456,0.006849315068493151,0.013203824556078315,0.024423337856173677,0.014134275618374558,0.051795487918835995,0.025769506084466712,0.01360914534567229,0.027972027972027972,0.7062565688182423,5
0.022526146419951733,0.0149439601494396,0.02727272727272727,0.005603985056039851,0.00940962209743512,0.021709633649932156,0.005782203662062319,0.027499666266186242,0.03579098067287045,0.02014153511159499,0.04195804195804196,0.7673614976837183,8
0.02011263073209976,0.03424657534246576,0.0,0.008717310087173101,0.01077553498254667,0.02306648575305292,0.006745904272406039,0.05079428647710602,0.05010737294201861,0.011431682090364726,0.013986013986013986,0.7700162033347524,5
0.013676588897827836,0.034869240348692404,0.0009090909090909091,0.017434620174346202,0.013810896949461223,0.04206241519674356,0.01541920976549952,0.03864637565078078,0.055118110236220465,0.017964071856287428,0.040559440559440565,0.7095299394556092,6
0.021721641190667742,0.03829389788293898,0.0,0.008094645080946454,0.010320230687509487,0.02306648575305292,0.007067137809187279,0.05059404618876018,0.0479599141016464,0.014697876973326075,0.013986013986013986,0.7641981103459505,5
0.01930812550281577,0.027397260273972605,0.015454545454545455,0.0049813200498132005,0.00804370921232357,0.018995929443690638,0.005782203662062319,0.033840608730476784,0.05010737294201861,0.019052803483941214,0.030069930069930074,0.7669661911744097,7
0.016090104585679808,0.0473225404732254,0.0036363636363636364,0.008094645080946454,0.008195477310669299,0.014925373134328358,0.004497269514937359,0.041983713789881416,0.05654974946313528,0.012520413718018512,0.02097902097902098,0.7652053283137935,5
0.016090104585679808,0.04576587795765878,0.0018181818181818182,0.009339975093399752,0.0075884049172863875,0.018995929443690638,0.005460970125281079,0.04138299292484314,0.05726556907659271,0.014697876973326075,0.03636363636363636,0.7452304807204235,6
0.018503620273531782,0.031755915317559155,0.030000000000000002,0.0361145703611457,0.03384428593109728,0.08819538670284939,0.035014455509155155,0.05206247496996428,0.03435934144595563,0.012520413718018512,0.01538461538461538,0.6122449203861078,5
0.02574416733708769,0.0298879202988792,0.023636363636363636,0.006849315068493151,0.010320230687509487,0.0407055630936228,0.040154192097654993,0.04104925911093315,0.033643521832498205,0.010342950462710943,0.02097902097902098,0.7166874953952258,5
0.02574416733708769,0.0298879202988792,0.023636363636363636,0.006849315068493151,0.010320230687509487,0.0407055630936228,0.040154192097654993,0.04104925911093315,0.033643521832498205,0.010342950462710943,0.02097902097902098,0.7166874953952258,5
0.02574416733708769,0.0298879202988792,0.023636363636363636,0.006849315068493151,0.010320230687509487,0.0407055630936228,0.040154192097654993,0.04104925911093315,0.033643521832498205,0.010342950462710943,0.02097902097902098,0.7166874953952258,5
0.02091713596138375,0.035803237858032376,0.011818181818181818,0.006849315068493151,0.009713158294126575,0.014925373134328358,0.004497269514937359,0.03597650513950086,0.03937007874015748,0.011431682090364726,0.02377622377622377,0.7849218386042698,5
0.02091713596138375,0.035803237858032376,0.011818181818181818,0.006849315068493151,0.009713158294126575,0.014925373134328358,0.004497269514937359,0.03597650513950086,0.03937007874015748,0.011431682090364726,0.02377622377622377,0.7849218386042698,5
0.0168946098149638,0.03424657534246576,0.0018181818181818182,0.0062266500622665,0.007436636818940659,0.033921302578019,0.011564407324124637,0.03217193966092684,0.04652827487473157,0.02667392487751769,0.03496503496503497,0.7475524618628268,6
0.0168946098149638,0.0024906600249066007,0.05818181818181818,0.007471980074719802,0.007133100622249203,0.031207598371777476,0.014776742691937038,0.03250567347483682,0.04294917680744451,0.02068590092542188,0.03916083916083915,0.7265418998490856,6
0.02091713596138375,0.035803237858032376,0.011818181818181818,0.006849315068493151,0.009713158294126575,0.014925373134328358,0.004497269514937359,0.03597650513950086,0.03937007874015748,0.011431682090364726,0.02377622377622377,0.7849218386042698,5
0.01930812550281577,0.027397260273972605,0.011818181818181818,0.0043586550435865505,0.009864926392472302,0.032564450474898234,0.011564407324124637,0.04151648645040728,0.04294917680744451,0.014153511159499182,0.011188811188811175,0.7733160075637859,5
0.012872083668543848,0.024283935242839352,0.012727272727272728,0.0062266500622665,0.006677796327212005,0.018995929443690638,0.008994539029874718,0.0259644907221997,0.052970651395848244,0.013064779531845398,0.043356643356643354,0.7738652284917635,6
0.014481094127111831,0.0149439601494396,0.04818181818181819,0.008094645080946454,0.033085445439368644,0.024423337856173677,0.00931577256665596,0.022226672006407374,0.045096635647816755,0.032661948829613506,0.055944055944055944,0.6915446141705921,6
0.014481094127111831,0.016189290161892904,0.012727272727272728,0.008094645080946454,0.003945970556988921,0.018995929443690638,0.006103437198843559,0.033840608730476784,0.05010737294201861,0.017419706042460535,0.037762237762237756,0.7803324352260592,6
0.021721641190667742,0.03549190535491905,0.02909090909090909,0.008094645080946454,0.008650781605706483,0.04613297150610584,0.03148088660456152,0.041716726738753124,0.042233357193987124,0.00979858464888405,0.01538461538461538,0.7102029755999442,5
0.011263073209975867,0.028642590286425903,0.018181818181818184,0.009339975093399752,0.009561390195780848,0.018995929443690638,0.014134275618374558,0.030703510879722732,0.06012884753042235,0.018508437670114317,0.05734265734265734,0.7231974945476175,6
0.02333065164923572,0.024906600249066005,0.03636363636363637,0.008094645080946454,0.007284868720594931,0.014925373134328358,0.004497269514937359,0.031170738219196126,0.03722261989978524,0.016875340228633642,0.04755244755244756,0.7477758093871922,6
0.027353177795655673,0.0112079701120797,0.057272727272727274,0.0043586550435865505,0.010471998785855214,0.0203527815468114,0.007388371345968519,0.038779869176344926,0.040085898353614875,0.024496461622210128,0.03356643356643357,0.7246656553787122,6
0.012872083668543848,0.0361145703611457,0.013636363636363636,0.0261519302615193,0.009713158294126575,0.016282225237449117,0.006745904272406039,0.04104925911093315,0.05726556907659271,0.014697876973326075,0.04895104895104895,0.7165200101565449,6
0.017699115044247787,0.03424657534246576,0.013636363636363636,0.005603985056039851,0.01608741842464714,0.016282225237449117,0.004497269514937359,0.035576024562808437,0.04867573371510379,0.018508437670114317,0.040559440559440565,0.7486274112363822,6
0.022526146419951733,0.014321295143212951,0.030000000000000002,0.009339975093399752,0.008499013507360754,0.010854816824966078,0.006424670735624799,0.03090375116806858,0.04438081603435933,0.014697876973326075,0.04895104895104895,0.759100589148681,6
0.012067578439259853,0.03704856787048568,0.009090909090909092,0.010585305105853053,0.006222492032174836,0.016282225237449117,0.006745904272406039,0.023695100787611476,0.05941302791696492,0.009254218835057159,0.04895104895104895,0.7606436214607798,5
0.012872083668543848,0.021170610211706103,0.026363636363636363,0.007471980074719802,0.00940962209743512,0.04206241519674356,0.029553485383874076,0.038112401548524945,0.042233357193987124,0.01578660860097986,0.019580419580419586,0.7353833800794296,5
0.0168946098149638,0.012453300124533002,0.04,0.009339975093399752,0.007436636818940659,0.031207598371777476,0.008994539029874718,0.031838205847016104,0.03937007874015748,0.025585193249863913,0.04475524475524475,0.7321246181542284,7
0.02333065164923572,0.01183063511830635,0.03727272727272727,0.009339975093399752,0.00804370921232357,0.04477611940298507,0.017346610986186957,0.03237217994927268,0.04294917680744451,0.028307022318998367,0.04195804195804196,0.7024731502310778,6
0.009654062751407885,0.030510585305105854,0.01,0.005603985056039851,0.008195477310669299,0.02306648575305292,0.007067137809187279,0.031771459084234406,0.057981388690050095,0.017964071856287428,0.03496503496503497,0.76322031141893,6
0.013676588897827836,0.02677459526774596,0.013636363636363636,0.005603985056039851,0.009864926392472302,0.033921302578019,0.00931577256665596,0.020491256174075725,0.041517537580529694,0.02667392487751769,0.04475524475524475,0.7537685022175076,6
0.006436041834271928,0.038605230386052306,0.00818181818181818,0.0049813200498132005,0.011686143572621037,0.0203527815468114,0.006424670735624799,0.026364971298892134,0.06657122405153902,0.012520413718018512,0.04475524475524475,0.7531201398692927,6
0.013676588897827836,0.024283935242839352,0.011818181818181818,0.008717310087173101,0.009713158294126575,0.037991858887381276,0.010921940250562158,0.03784541449739665,0.04867573371510379,0.02286336418072945,0.03636363636363636,0.7371288777650415,6
0.017699115044247787,0.031133250311332503,0.007272727272727273,0.0062266500622665,0.008499013507360754,0.036635006784260515,0.010279473176999678,0.04298491523161138,0.04867573371510379,0.02667392487751769,0.01538461538461538,0.7485355746319569,6
0.012872083668543848,0.0298879202988792,0.007272727272727273,0.006849315068493151,0.011837911670966763,0.04206241519674356,0.012206874397687119,0.032238686423708536,0.05082319255547603,0.01360914534567229,0.029370629370629366,0.7509690987304729,5
0.010458567980691879,0.02677459526774596,0.009090909090909092,0.008094645080946454,0.0075884049172863875,0.05156037991858887,0.014455509155155798,0.033707115204912645,0.05583392984967788,0.023407729994556346,0.03916083916083915,0.7198673743786895,6
0.010458567980691879,0.032689912826899134,0.010909090909090908,0.006849315068493151,0.009561390195780848,0.04206241519674356,0.012206874397687119,0.036043251902282566,0.05941302791696492,0.02068590092542188,0.025174825174825163,0.7339454275051189,5
