mcg,gvh,alm,mit,erl,pox,vac,nuc,Adjusted_p,name
0.0725,0.07625,0.05875,0.01625,0.0625,0.0,0.0821917808219178,0.0275,0.6040582191780821,0
0.05375,0.08375,0.06,0.03375,0.0625,0.0,0.09075342465753425,0.0275,0.5879965753424656,0
0.08,0.0775,0.06125,0.01875,0.0625,0.0,0.09075342465753425,0.0275,0.5817465753424658,0
0.0725,0.055,0.07125,0.01625,0.0625,0.0,0.09246575342465754,0.0275,0.6025342465753425,1
0.0525,0.055,0.06,0.0675,0.0625,0.0,0.0821917808219178,0.0275,0.5928082191780821,0
0.06375,0.05,0.07,0.02125,0.0625,0.07530120481927711,0.0839041095890411,0.0275,0.5457946855916818,2
0.0625,0.0675,0.06,0.08125,0.0625,0.0,0.09075342465753425,0.0275,0.5479965753424658,0
0.06,0.05625,0.07375,0.025,0.0625,0.0,0.09931506849315068,0.0425,0.5806849315068494,1
0.06875,0.0625,0.0825,0.045,0.0625,0.0,0.0839041095890411,0.0275,0.567345890410959,0
0.05,0.04875,0.075,0.01875,0.0625,0.0,0.09931506849315068,0.0375,0.6081849315068493,2
0.05375,0.04875,0.0675,0.02625,0.0625,0.0,0.09075342465753425,0.03375,0.6167465753424657,1
0.0525,0.04625,0.07375,0.025,0.0625,0.0,0.08904109589041097,0.03625,0.614708904109589,1
0.05,0.0525,0.07125,0.04375,0.0625,0.0,0.09075342465753425,0.03125,0.5979965753424658,2
0.075,0.05,0.065,0.0575,0.0625,0.0,0.09075342465753425,0.0275,0.5717465753424658,0
0.0825,0.06875,0.05625,0.02375,0.0625,0.0,0.07876712328767124,0.0275,0.5999828767123287,0
0.0575,0.055,0.065,0.01375,0.0625,0.0,0.08561643835616438,0.0275,0.6331335616438356,2
0.05875,0.04875,0.0625,0.01375,0.0625,0.0,0.0839041095890411,0.05,0.6198458904109589,2
0.0725,0.05875,0.0675,0.01375,0.0625,0.0,0.08732876712328767,0.0325,0.6051712328767123,1
0.0625,0.0425,0.06875,0.02625,0.0625,0.0,0.0839041095890411,0.0275,0.6260958904109588,1
0.07625,0.075,0.06875,0.02625,0.0625,0.0,0.08561643835616438,0.03125,0.5743835616438356,1
0.05625,0.05,0.0625,0.02,0.0625,0.0,0.08561643835616438,0.0275,0.6356335616438356,2
0.05375,0.055,0.06,0.0275,0.0625,0.0,0.08732876712328767,0.0275,0.6264212328767123,2
0.09125,0.07875,0.0525,0.0375,0.0625,0.0,0.0839041095890411,0.0275,0.566095890410959,2
0.05375,0.06625,0.065,0.01625,0.0625,0.0,0.09417808219178084,0.0275,0.6145719178082192,2
0.0575,0.06625,0.065,0.01875,0.0625,0.0,0.09931506849315068,0.0275,0.6031849315068493,2
0.06375,0.06375,0.065,0.06375,0.0625,0.0,0.09246575342465754,0.0275,0.5612842465753425,0
0.07375,0.05625,0.06625,0.02375,0.0625,0.0,0.10102739726027397,0.03375,0.5827226027397261,2
0.07125,0.05875,0.075,0.0225,0.0625,0.0,0.08732876712328767,0.0275,0.5951712328767123,2
0.07875,0.08375,0.07125,0.03,0.0625,0.0,0.0839041095890411,0.0275,0.5623458904109588,0
0.1,0.11,0.045,0.04875,0.0625,0.0,0.09589041095890412,0.04125,0.49660958904109587,3
0.06625,0.0675,0.05375,0.0125,0.0625,0.0,0.09760273972602738,0.04,0.5998972602739726,1
0.06375,0.06375,0.05375,0.10875,0.0625,0.0,0.08904109589041097,0.0275,0.530958904109589,0
0.0475,0.07625,0.07625,0.015,0.0625,0.0,0.09075342465753425,0.05875,0.5729965753424657,2
0.04125,0.06875,0.06375,0.05375,0.0625,0.0,0.08732876712328767,0.0275,0.5951712328767123,1
0.0975,0.0925,0.0525,0.0325,0.0625,0.0,0.07363013698630137,0.0275,0.5613698630136985,3
0.0925,0.08375,0.05875,0.0425,0.0625,0.0,0.07191780821917808,0.0275,0.5605821917808218,4
0.09,0.07625,0.05625,0.0375,0.0625,0.0,0.09246575342465754,0.03125,0.5537842465753424,0
0.05,0.05625,0.07125,0.0225,0.0625,0.0,0.09589041095890412,0.0325,0.6091095890410959,2
0.07375,0.06625,0.05375,0.055,0.0625,0.0,0.08561643835616438,0.0275,0.5756335616438355,0
0.07125,0.06625,0.06625,0.0425,0.0625,0.0,0.09075342465753425,0.0275,0.5729965753424657,0
0.1075,0.085,0.04875,0.03,0.0625,0.0,0.09246575342465754,0.0275,0.5462842465753424,5
0.1075,0.0925,0.06375,0.05,0.0625,0.0,0.09417808219178084,0.0275,0.5020719178082191,5
0.09875,0.07125,0.05125,0.035,0.0625,0.0,0.10102739726027397,0.0275,0.5527226027397261,5
0.05125,0.0675,0.04875,0.025,0.0625,0.0,0.08732876712328767,0.0275,0.6301712328767123,6
0.04625,0.045,0.07,0.0225,0.0625,0.0,0.0821917808219178,0.0325,0.6390582191780823,7
0.06625,0.03875,0.0725,0.04875,0.0625,0.0,0.08047945205479452,0.04625,0.5845205479452055,1
0.0925,0.09375,0.0725,0.05875,0.0625,0.0,0.06849315068493152,0.04375,0.5077568493150685,5
0.06125,0.04875,0.065,0.03625,0.0625,0.0,0.0821917808219178,0.0275,0.6165582191780822,4
0.0925,0.07125,0.06375,0.035,0.0625,0.0,0.09931506849315068,0.0275,0.5481849315068492,7
0.0525,0.03,0.0425,0.02,0.0625,0.0,0.08561643835616438,0.0275,0.6793835616438356,6
0.06,0.04875,0.06375,0.02625,0.0625,0.0,0.08904109589041097,0.035,0.614708904109589,2
0.05125,0.06625,0.05625,0.0175,0.0625,0.0,0.08904109589041097,0.0825,0.574708904109589,6
0.05625,0.0575,0.06875,0.05375,0.0625,0.0,0.09417808219178084,0.0475,0.5595719178082192,1
0.07,0.06,0.0725,0.03375,0.0625,0.0,0.08732876712328767,0.0275,0.5864212328767122,2
0.08,0.07375,0.07,0.02875,0.0625,0.0,0.07876712328767124,0.0275,0.5787328767123288,2
0.08,0.07,0.07,0.0275,0.0625,0.0,0.07705479452054795,0.0275,0.5854452054794519,2
0.0825,0.0775,0.06125,0.0125,0.0625,0.0,0.0839041095890411,0.0275,0.5923458904109589,2
0.06625,0.055,0.06375,0.04125,0.0625,0.0,0.09417808219178084,0.0275,0.589571917808219,2
0.0475,0.06125,0.06625,0.02375,0.0625,0.0,0.08561643835616438,0.0275,0.6256335616438355,2
0.05625,0.0725,0.06,0.08375,0.0625,0.0,0.08904109589041097,0.0275,0.548458904109589,0
0.05375,0.04375,0.065,0.065,0.0625,0.0,0.09246575342465754,0.0275,0.5900342465753423,0
0.04625,0.04,0.05875,0.0225,0.0625,0.0,0.07705479452054795,0.03125,0.661695205479452,1
0.06,0.05375,0.06375,0.04,0.0625,0.0,0.08904109589041097,0.05375,0.5772089041095889,1
0.05125,0.0575,0.07375,0.02375,0.0625,0.0,0.09931506849315068,0.03375,0.5981849315068493,1
0.0675,0.06,0.055,0.01,0.0625,0.0,0.08904109589041097,0.03375,0.6222089041095891,2
0.075,0.05875,0.05625,0.0275,0.0625,0.0,0.08732876712328767,0.03625,0.5964212328767123,2
0.0425,0.0575,0.07125,0.01125,0.0625,0.0,0.09417808219178084,0.0275,0.6333219178082191,2
0.06,0.0675,0.06875,0.015,0.0625,0.0,0.08732876712328767,0.0275,0.6114212328767124,2
0.05875,0.04875,0.07375,0.01875,0.0625,0.0,0.09760273972602738,0.0275,0.6123972602739727,2
0.10125,0.10625,0.05875,0.04625,0.0625,0.0,0.09589041095890412,0.0275,0.5016095890410959,4
0.06,0.0525,0.065,0.03,0.0625,0.0,0.09589041095890412,0.0275,0.6066095890410959,2
0.0725,0.06375,0.06125,0.03375,0.0625,0.0,0.09760273972602738,0.03625,0.5723972602739726,2
0.075,0.0625,0.055,0.07625,0.0625,0.0,0.08047945205479452,0.0275,0.5607705479452054,0
0.05625,0.06875,0.0675,0.0825,0.0625,0.0,0.08047945205479452,0.0275,0.5545205479452054,0
0.0575,0.06125,0.0725,0.02875,0.0625,0.0,0.07534246575342465,0.0275,0.6146575342465754,0
0.06125,0.0525,0.07,0.06875,0.0625,0.0,0.07191780821917808,0.03125,0.5818321917808219,0
0.07875,0.06625,0.0675,0.05,0.0625,0.0,0.08561643835616438,0.0275,0.5618835616438356,0
0.0625,0.0675,0.06625,0.0675,0.0625,0.0,0.08732876712328767,0.03375,0.5526712328767123,0
0.07875,0.07125,0.07375,0.05,0.0625,0.0,0.06506849315068493,0.0275,0.5711815068493151,0
0.05375,0.07125,0.06375,0.06125,0.0625,0.0,0.0821917808219178,0.0275,0.5778082191780822,0
0.06,0.05625,0.06875,0.0625,0.0625,0.0,0.09075342465753425,0.0275,0.5717465753424658,0
0.0625,0.0725,0.0575,0.0575,0.0625,0.0,0.07876712328767124,0.0275,0.5812328767123287,0
0.06375,0.0675,0.075,0.07125,0.0625,0.0,0.09931506849315068,0.0275,0.5331849315068493,0
0.0675,0.065,0.07875,0.04625,0.0625,0.0,0.07876712328767124,0.0275,0.5737328767123286,0
0.08375,0.0775,0.05,0.05375,0.0625,0.125,0.08561643835616438,0.0275,0.4343835616438356,0
0.035,0.0725,0.02625,0.01625,0.0625,0.0,0.08732876712328767,0.0275,0.6726712328767123,6
0.04875,0.055,0.04375,0.02,0.0625,0.0,0.09417808219178084,0.0275,0.6483219178082191,6
0.1,0.07875,0.05625,0.03625,0.0625,0.0,0.08732876712328767,0.0275,0.5514212328767123,4
0.0625,0.065,0.07375,0.0375,0.0625,0.0,0.08732876712328767,0.04375,0.5676712328767123,1
0.0525,0.05875,0.065,0.05125,0.0625,0.0,0.09075342465753425,0.04,0.5792465753424658,2
0.045,0.0575,0.0775,0.0575,0.0625,0.0,0.08732876712328767,0.04125,0.5714212328767123,2
0.0575,0.0475,0.05875,0.0275,0.0625,0.0,0.08904109589041097,0.03375,0.623458904109589,0
0.05,0.05625,0.07,0.025,0.0625,0.0,0.07705479452054795,0.0275,0.631695205479452,2
0.04125,0.05375,0.08,0.02,0.0625,0.0,0.08904109589041097,0.065,0.5884589041095891,1
0.06125,0.07625,0.06125,0.03125,0.0625,0.0,0.08561643835616438,0.035,0.5868835616438356,2
0.0475,0.0625,0.04625,0.0325,0.0625,0.0,0.07363013698630137,0.0275,0.6476198630136987,6
0.08625,0.0875,0.065,0.045,0.0625,0.0,0.07876712328767124,0.0275,0.5474828767123288,4
0.07625,0.09,0.04875,0.04125,0.0625,0.0,0.09931506849315068,0.0275,0.5544349315068493,0
0.0975,0.09375,0.05,0.035,0.0625,0.0,0.09075342465753425,0.0275,0.5429965753424657,0
0.08,0.07125,0.07125,0.03375,0.0625,0.0,0.06335616438356165,0.0275,0.5903938356164384,2
0.045,0.0725,0.04375,0.03,0.0625,0.0,0.07534246575342465,0.0275,0.6434075342465753,6
0.045,0.05375,0.04875,0.015,0.0625,0.0,0.0839041095890411,0.0275,0.6635958904109589,6
0.05875,0.065,0.0625,0.05,0.0625,0.0,0.0702054794520548,0.0275,0.6035445205479452,2
0.06,0.02875,0.07125,0.03375,0.0625,0.0,0.0821917808219178,0.05875,0.6028082191780822,1
0.05875,0.04875,0.06875,0.03,0.0625,0.0,0.08047945205479452,0.0275,0.6232705479452054,2
0.055,0.07375,0.045,0.02,0.0625,0.0,0.08904109589041097,0.0275,0.627208904109589,6
0.0525,0.04375,0.0675,0.0225,0.0625,0.0,0.09589041095890412,0.0275,0.6278595890410958,2
0.0375,0.07,0.06875,0.0225,0.0625,0.0,0.08561643835616438,0.0275,0.6256335616438355,2
0.08125,0.08125,0.065,0.02,0.0625,0.0,0.10273972602739725,0.0275,0.5597602739726026,2
0.03375,0.075,0.06,0.02875,0.0625,0.0,0.09417808219178084,0.0275,0.6183219178082191,2
0.05625,0.05125,0.0625,0.0575,0.0625,0.07530120481927711,0.08561643835616438,0.03375,0.5153323568245585,8
0.055,0.065,0.05125,0.02875,0.0625,0.0,0.08732876712328767,0.0275,0.6226712328767123,1
0.0375,0.04,0.07125,0.02375,0.0625,0.0,0.0821917808219178,0.06875,0.6140582191780822,1
0.05,0.055,0.06125,0.05875,0.0625,0.0,0.0839041095890411,0.03375,0.5948458904109589,1
0.05625,0.06375,0.0625,0.02,0.0625,0.0,0.08904109589041097,0.125,0.520958904109589,1
0.05625,0.05625,0.0625,0.075,0.0625,0.0,0.0839041095890411,0.0275,0.5760958904109589,0
0.07375,0.08375,0.07,0.05125,0.0625,0.0,0.08047945205479452,0.0275,0.5507705479452054,0
0.05875,0.05875,0.07125,0.06,0.0625,0.0,0.0821917808219178,0.0275,0.5790582191780822,0
0.04375,0.065,0.06,0.0275,0.0625,0.0,0.044520547945205484,0.0275,0.6692294520547944,0
0.05875,0.05125,0.0825,0.0325,0.0625,0.0,0.09075342465753425,0.0275,0.5942465753424657,0
0.08,0.0775,0.03625,0.035,0.0625,0.0,0.08732876712328767,0.0275,0.5939212328767123,0
0.06875,0.06625,0.06875,0.0575,0.0625,0.0,0.08904109589041097,0.0275,0.559708904109589,0
0.08375,0.0775,0.0675,0.05375,0.0625,0.0,0.09075342465753425,0.0275,0.5367465753424656,0
0.07375,0.075,0.06125,0.05375,0.0625,0.0,0.09075342465753425,0.03875,0.5442465753424657,0
0.0675,0.06875,0.0425,0.03875,0.0625,0.0,0.09246575342465754,0.0275,0.6000342465753423,6
0.0725,0.0775,0.0675,0.02125,0.0625,0.0,0.0821917808219178,0.0275,0.5890582191780822,0
0.05,0.0475,0.06625,0.02,0.0625,0.0,0.08904109589041097,0.03375,0.6309589041095891,1
0.0575,0.08875,0.06,0.06625,0.0625,0.0,0.09075342465753425,0.0275,0.5467465753424658,0
0.06625,0.06375,0.06875,0.00625,0.0625,0.0,0.07705479452054795,0.03125,0.6241952054794521,1
0.05125,0.05,0.07375,0.05875,0.0625,0.0,0.0821917808219178,0.05375,0.5678082191780822,2
0.0625,0.08,0.07125,0.01875,0.0625,0.0,0.08047945205479452,0.0275,0.5970205479452055,2
0.05,0.0775,0.065,0.03875,0.0625,0.0,0.0839041095890411,0.03875,0.5835958904109588,2
0.075,0.0625,0.07125,0.03125,0.0625,0.0,0.0702054794520548,0.0325,0.5947945205479452,2
0.0775,0.06375,0.065,0.0525,0.0625,0.0,0.09246575342465754,0.03375,0.5525342465753424,1
0.04375,0.0725,0.0675,0.02,0.0625,0.0,0.08732876712328767,0.0275,0.6189212328767123,1
0.0425,0.0675,0.0625,0.02625,0.0625,0.0,0.09246575342465754,0.03875,0.6075342465753424,2
0.04875,0.0725,0.0625,0.0325,0.0625,0.0,0.09246575342465754,0.07375,0.5550342465753425,6
0.06,0.0675,0.0625,0.02125,0.0625,0.0,0.09075342465753425,0.0275,0.6079965753424657,1
0.03625,0.04,0.0725,0.01875,0.0625,0.0,0.08561643835616438,0.0375,0.6468835616438356,2
0.05875,0.04,0.08,0.0375,0.0625,0.0,0.10787671232876712,0.0275,0.5858732876712328,1
0.04875,0.05875,0.07,0.02,0.0625,0.0,0.08047945205479452,0.0275,0.6320205479452055,2
0.0725,0.06,0.06375,0.05875,0.0625,0.0,0.09417808219178084,0.0275,0.5608219178082192,1
0.08,0.075,0.07125,0.02375,0.0625,0.0,0.07363013698630137,0.0275,0.5863698630136986,1
0.04625,0.0575,0.05,0.03375,0.0625,0.0,0.07705479452054795,0.0275,0.6454452054794519,1
0.05375,0.07125,0.06625,0.02,0.0625,0.0,0.09246575342465754,0.0275,0.6062842465753424,2
0.035,0.04625,0.07625,0.01125,0.0625,0.0,0.08904109589041097,0.06875,0.610958904109589,1
0.07375,0.06,0.0625,0.0175,0.0625,0.0,0.07705479452054795,0.03125,0.615445205479452,2
0.04875,0.06875,0.06,0.03875,0.0625,0.0,0.09246575342465754,0.03625,0.5925342465753425,2
0.0325,0.045,0.05875,0.0425,0.0625,0.0,0.09075342465753425,0.09,0.5779965753424657,1
0.06375,0.0425,0.0625,0.02375,0.0625,0.0,0.08561643835616438,0.0275,0.6318835616438356,1
0.0725,0.0625,0.0625,0.015,0.0625,0.0,0.0821917808219178,0.03125,0.6115582191780822,1
0.055,0.04875,0.06625,0.0175,0.0625,0.0,0.09246575342465754,0.055,0.6025342465753425,2
0.05125,0.04875,0.055,0.0425,0.0625,0.0,0.0821917808219178,0.05,0.6078082191780823,1
0.05625,0.05375,0.06375,0.03,0.0625,0.0,0.09246575342465754,0.04125,0.6000342465753424,2
0.045,0.085,0.0575,0.02,0.0625,0.0,0.09075342465753425,0.035,0.6042465753424657,1
0.0525,0.03875,0.0625,0.01875,0.0625,0.0,0.09075342465753425,0.0275,0.6467465753424657,1
0.0525,0.05375,0.07,0.0125,0.0625,0.0,0.0839041095890411,0.0275,0.6373458904109588,2
0.08375,0.08875,0.065,0.08125,0.0625,0.0,0.09075342465753425,0.045,0.48299657534246576,1
0.06125,0.05875,0.06625,0.02,0.0625,0.0,0.0821917808219178,0.03375,0.6153082191780822,1
0.08875,0.07375,0.06,0.05375,0.0625,0.0,0.10102739726027397,0.0275,0.532722602739726,0
0.05,0.0525,0.08875,0.02625,0.0625,0.0,0.09246575342465754,0.04,0.5875342465753424,2
0.05,0.0525,0.08875,0.02625,0.0625,0.0,0.09246575342465754,0.04,0.5875342465753424,2
0.0675,0.06125,0.06125,0.025,0.0625,0.0,0.08904109589041097,0.0275,0.605958904109589,2
0.0525,0.06375,0.0625,0.015,0.0625,0.0,0.08904109589041097,0.0575,0.597208904109589,1
0.07125,0.06375,0.06625,0.0225,0.0625,0.0,0.09589041095890412,0.03125,0.5866095890410958,1
0.04375,0.05625,0.05375,0.01375,0.0625,0.0,0.09589041095890412,0.0275,0.6466095890410959,6
0.0525,0.0525,0.0525,0.025,0.0625,0.0,0.0839041095890411,0.0275,0.6435958904109589,6
0.0325,0.0625,0.04125,0.035,0.0625,0.0,0.08732876712328767,0.0275,0.6514212328767123,6
0.04875,0.0525,0.0475,0.05,0.0625,0.0,0.0839041095890411,0.05875,0.5960958904109589,6
0.0325,0.055,0.0375,0.01375,0.0625,0.0,0.08732876712328767,0.05875,0.6526712328767124,6
0.03875,0.055,0.06625,0.02875,0.0625,0.0,0.08732876712328767,0.04,0.6214212328767124,1
0.06,0.07625,0.055,0.025,0.0625,0.0,0.08047945205479452,0.0275,0.6132705479452055,2
0.0825,0.05625,0.0625,0.02875,0.0625,0.0,0.0839041095890411,0.0275,0.5960958904109589,2
0.02625,0.05125,0.06875,0.01375,0.0625,0.0,0.08561643835616438,0.03375,0.6581335616438356,2
0.0475,0.085,0.055,0.05625,0.0625,0.0,0.09075342465753425,0.0275,0.5754965753424657,0
0.055,0.0475,0.06,0.04,0.0625,0.125,0.09075342465753425,0.0275,0.4917465753424658,8
0.03875,0.03875,0.07,0.04125,0.0625,0.0,0.08904109589041097,0.04125,0.6184589041095889,1
0.06125,0.03875,0.06125,0.04375,0.0625,0.0,0.08732876712328767,0.03625,0.6089212328767123,1
0.0475,0.04625,0.07,0.02625,0.0625,0.0,0.0839041095890411,0.0275,0.6360958904109588,1
0.04875,0.05,0.06625,0.08375,0.0625,0.0,0.08047945205479452,0.0275,0.5807705479452054,2
0.03,0.0425,0.08625,0.0225,0.0625,0.0,0.08904109589041097,0.0275,0.639708904109589,2
0.06125,0.05375,0.06375,0.01625,0.0625,0.0,0.08047945205479452,0.0275,0.6345205479452054,2
0.0675,0.0475,0.065,0.0225,0.0625,0.0,0.0821917808219178,0.0275,0.6253082191780821,2
0.05375,0.07125,0.06625,0.06625,0.0625,0.0,0.09075342465753425,0.03125,0.5579965753424657,2
0.06,0.08,0.07625,0.02875,0.0625,0.0,0.10273972602739725,0.0275,0.5622602739726028,2
0.03875,0.06875,0.065,0.02125,0.0625,0.0,0.08904109589041097,0.0275,0.627208904109589,2
0.04,0.07125,0.0625,0.01875,0.0625,0.0,0.09075342465753425,0.0275,0.6267465753424657,2
0.04,0.0525,0.065,0.03,0.0625,0.0,0.10273972602739725,0.0275,0.6197602739726027,2
0.07375,0.0625,0.065,0.035,0.0625,0.0,0.09417808219178084,0.03125,0.5758219178082192,2
0.04625,0.0525,0.06375,0.01375,0.0625,0.0,0.09760273972602738,0.0275,0.6361472602739726,2
0.09375,0.0875,0.0475,0.03375,0.0625,0.0,0.0839041095890411,0.0275,0.5635958904109588,3
0.07625,0.09,0.03875,0.04125,0.0625,0.0,0.09589041095890412,0.0275,0.5678595890410958,0
0.055,0.0525,0.075,0.02625,0.0625,0.0,0.09760273972602738,0.0275,0.6036472602739726,2
0.065,0.06375,0.06375,0.0675,0.0625,0.0,0.09417808219178084,0.03375,0.5495719178082192,0
0.07875,0.07,0.05625,0.0725,0.0625,0.0,0.08732876712328767,0.0275,0.5451712328767123,0
0.065,0.07,0.0675,0.06625,0.0625,0.0,0.07705479452054795,0.0275,0.5641952054794519,0
0.0725,0.0725,0.0725,0.06125,0.0625,0.0,0.0839041095890411,0.0325,0.5423458904109589,0
0.09,0.0775,0.0425,0.03625,0.0625,0.0,0.09589041095890412,0.035,0.560359589041096,0
0.09,0.07625,0.04625,0.0375,0.0625,0.0,0.09760273972602738,0.0275,0.5623972602739726,0
0.0575,0.05375,0.0475,0.04125,0.0625,0.0,0.0821917808219178,0.035,0.6203082191780822,0
0.07125,0.07125,0.055,0.04625,0.0625,0.0,0.08904109589041097,0.03125,0.573458904109589,0
0.0525,0.03875,0.0775,0.015,0.0625,0.0,0.06849315068493152,0.0275,0.6577568493150685,0
0.06125,0.0575,0.05625,0.05625,0.0625,0.0,0.08904109589041097,0.0275,0.5897089041095891,0
0.0525,0.0725,0.05125,0.08125,0.0625,0.0,0.07876712328767124,0.0325,0.5687328767123287,0
0.07375,0.07625,0.0425,0.0275,0.0625,0.0,0.08732876712328767,0.0275,0.6026712328767123,0
0.065,0.09625,0.0475,0.0425,0.0625,0.0,0.08732876712328767,0.0275,0.5714212328767123,0
0.0625,0.065,0.075,0.06375,0.0625,0.0,0.0821917808219178,0.0275,0.5615582191780821,0
0.06125,0.075,0.05375,0.07,0.0625,0.0,0.06164383561643835,0.0275,0.5883561643835615,0
0.0625,0.05125,0.055,0.0625,0.0625,0.0,0.07191780821917808,0.0275,0.6068321917808219,0
0.0625,0.05,0.07,0.0875,0.0625,0.0,0.08561643835616438,0.0275,0.5543835616438355,0
0.04625,0.0725,0.055,0.06375,0.0625,0.0,0.07534246575342465,0.0275,0.5971575342465754,0
0.06875,0.05625,0.05625,0.0675,0.0625,0.0,0.08561643835616438,0.0275,0.5756335616438355,0
0.08375,0.085,0.0575,0.03625,0.0625,0.0,0.07876712328767124,0.0275,0.5687328767123287,0
0.06625,0.06375,0.0575,0.035,0.0625,0.0,0.0821917808219178,0.0275,0.6053082191780821,2
0.04375,0.0825,0.06125,0.02625,0.0625,0.0,0.09246575342465754,0.03125,0.6000342465753424,2
0.065,0.05,0.075,0.015,0.0625,0.0,0.09417808219178084,0.0275,0.610821917808219,2
0.09625,0.09875,0.0725,0.02875,0.0625,0.0,0.0821917808219178,0.0275,0.5315582191780821,4
0.05875,0.0575,0.07375,0.06125,0.0625,0.0,0.09589041095890412,0.0275,0.5628595890410959,0
0.09125,0.10375,0.05375,0.0375,0.0625,0.0,0.09417808219178084,0.0275,0.5295719178082192,3
0.0975,0.0925,0.0725,0.03125,0.125,0.0,0.09075342465753425,0.0275,0.46299657534246574,9
0.0875,0.08125,0.0675,0.035,0.0625,0.0,0.10273972602739725,0.05,0.5135102739726027,7
0.05875,0.0675,0.04625,0.0175,0.0625,0.0,0.08561643835616438,0.0275,0.6343835616438356,6
0.07,0.065,0.06,0.02125,0.0625,0.0,0.07876712328767124,0.0275,0.6149828767123287,1
0.07125,0.05125,0.07375,0.03,0.0625,0.0,0.06849315068493152,0.0275,0.6152568493150685,2
0.07,0.05125,0.0725,0.02625,0.0625,0.0,0.07191780821917808,0.0275,0.6180821917808219,2
0.0725,0.07,0.05625,0.015,0.0625,0.0,0.08732876712328767,0.0275,0.6089212328767123,1
0.06625,0.0475,0.0825,0.03125,0.0625,0.0,0.07363013698630137,0.0275,0.6088698630136986,1
0.0425,0.045,0.0675,0.01375,0.0625,0.0,0.06164383561643835,0.02625,0.6808561643835617,1
0.08625,0.07625,0.0475,0.03375,0.0625,0.0,0.08904109589041097,0.0275,0.577208904109589,5
0.04625,0.06625,0.075,0.02375,0.0625,0.07530120481927711,0.07191780821917808,0.0275,0.5515309869615448,8
0.05125,0.05625,0.06625,0.02125,0.0625,0.0,0.08732876712328767,0.03125,0.6239212328767123,1
0.03875,0.0575,0.0675,0.065,0.0625,0.0,0.08561643835616438,0.0425,0.5806335616438356,1
0.045,0.04625,0.04125,0.0175,0.0625,0.0,0.09760273972602738,0.03875,0.6511472602739725,6
0.1025,0.0975,0.06125,0.02875,0.0625,0.0,0.07876712328767124,0.0275,0.5412328767123287,4
0.1025,0.09375,0.0675,0.02875,0.0625,0.0,0.07876712328767124,0.0275,0.5387328767123287,4
0.05125,0.06375,0.0725,0.01875,0.0625,0.0,0.07705479452054795,0.03375,0.620445205479452,2
0.0475,0.06375,0.09375,0.02125,0.0625,0.0,0.09417808219178084,0.0275,0.589571917808219,2
0.0475,0.06375,0.09375,0.02125,0.0625,0.0,0.09417808219178084,0.0275,0.589571917808219,2
0.06625,0.055,0.06375,0.04125,0.0625,0.0,0.08904109589041097,0.0275,0.594708904109589,0
0.0575,0.0675,0.08875,0.01875,0.0625,0.0,0.10102739726027397,0.0275,0.576472602739726,0
0.05,0.07,0.06,0.0175,0.0625,0.0,0.08047945205479452,0.0275,0.6320205479452055,0
0.06625,0.06625,0.075,0.01625,0.0625,0.0,0.0839041095890411,0.0275,0.6023458904109589,0
0.0525,0.07125,0.09,0.0275,0.0625,0.0,0.09760273972602738,0.0275,0.5711472602739727,0
0.05625,0.03375,0.07125,0.045,0.0625,0.0,0.08904109589041097,0.0225,0.619708904109589,2
0.025,0.0325,0.065,0.0175,0.0625,0.0,0.09075342465753425,0.055,0.6517465753424658,2
0.06375,0.06625,0.06875,0.0175,0.0625,0.0,0.08732876712328767,0.0275,0.6064212328767122,2
0.055,0.085,0.05625,0.06375,0.0625,0.0,0.08904109589041097,0.05125,0.537208904109589,0
0.03375,0.04875,0.0825,0.01375,0.0625,0.0,0.07534246575342465,0.0275,0.6559075342465752,0
0.06875,0.0525,0.0425,0.0375,0.0625,0.0,0.08904109589041097,0.0275,0.6197089041095889,6
0.0425,0.0525,0.0375,0.02875,0.0625,0.0,0.09075342465753425,0.0275,0.6579965753424657,6
0.055,0.06625,0.065,0.02875,0.0625,0.125,0.08732876712328767,0.0275,0.4826712328767123,8
0.07375,0.0725,0.07,0.02625,0.0625,0.0,0.09246575342465754,0.04125,0.5612842465753425,1
0.04875,0.035,0.0575,0.015,0.0625,0.0,0.0702054794520548,0.0275,0.6835445205479451,1
0.07,0.05375,0.0675,0.02,0.0625,0.0,0.08561643835616438,0.0275,0.6131335616438356,1
0.045,0.085,0.0475,0.01,0.0625,0.0,0.09075342465753425,0.03125,0.6279965753424658,7
0.03375,0.045,0.075,0.04125,0.0625,0.0,0.06335616438356165,0.03875,0.6403938356164383,1
0.04375,0.05,0.07375,0.0275,0.0625,0.0,0.08047945205479452,0.04625,0.6157705479452056,1
0.0525,0.04,0.0625,0.02625,0.0625,0.0,0.08732876712328767,0.0275,0.6414212328767124,1
0.02875,0.025,0.06625,0.025,0.0625,0.0,0.07534246575342465,0.0275,0.6896575342465754,1
0.06875,0.0675,0.07,0.0275,0.0625,0.0,0.08561643835616438,0.04625,0.5718835616438356,1
0.045,0.03,0.06125,0.02,0.0625,0.0,0.08732876712328767,0.0275,0.6664212328767123,1
0.0475,0.06,0.07375,0.0275,0.0625,0.0,0.07876712328767124,0.0275,0.6224828767123287,2
0.1,0.0575,0.0625,0.01875,0.0625,0.0,0.09075342465753425,0.0275,0.5804965753424658,2
0.075,0.07,0.05875,0.025,0.0625,0.0,0.08561643835616438,0.0475,0.5756335616438356,1
0.05125,0.03,0.0675,0.0325,0.0625,0.0,0.0702054794520548,0.0275,0.6585445205479452,1
0.05875,0.08125,0.0675,0.0775,0.0625,0.0,0.09075342465753425,0.045,0.5167465753424658,0
0.05375,0.04875,0.0675,0.0175,0.0625,0.0,0.08047945205479452,0.0275,0.6420205479452055,1
0.0625,0.06375,0.065,0.01125,0.0625,0.0,0.0821917808219178,0.03125,0.6215582191780822,1
0.06625,0.07625,0.065,0.02625,0.0625,0.0,0.09417808219178084,0.0375,0.5720719178082192,1
0.0675,0.0525,0.05125,0.02,0.0625,0.0,0.08904109589041097,0.0275,0.629708904109589,5
0.0575,0.04375,0.06625,0.02,0.0625,0.0,0.08732876712328767,0.03625,0.6264212328767123,2
0.0575,0.05375,0.06125,0.09875,0.0625,0.0,0.0839041095890411,0.07875,0.503595890410959,1
0.06375,0.06875,0.04375,0.02,0.0625,0.0,0.08732876712328767,0.05875,0.5951712328767123,6
0.07,0.065,0.06875,0.02375,0.0625,0.0,0.09246575342465754,0.0275,0.5900342465753423,2
0.07625,0.0375,0.07375,0.015,0.0625,0.0,0.0839041095890411,0.03375,0.6173458904109589,1
0.04625,0.06625,0.0575,0.02875,0.0625,0.0,0.08047945205479452,0.0275,0.6307705479452055,1
0.10375,0.0725,0.04125,0.005,0.0625,0.0,0.09075342465753425,0.0275,0.5967465753424657,5
0.04875,0.05625,0.06625,0.0225,0.0625,0.0,0.09246575342465754,0.0275,0.6237842465753425,2
0.065,0.0675,0.0625,0.02625,0.0625,0.0,0.0821917808219178,0.0375,0.5965582191780823,2
0.04375,0.04875,0.07125,0.01375,0.0625,0.0,0.0821917808219178,0.0275,0.6503082191780822,1
0.045,0.06125,0.0375,0.0275,0.0625,0.0,0.08904109589041097,0.03875,0.638458904109589,6
0.0975,0.0875,0.04,0.02875,0.0625,0.0,0.09075342465753425,0.0275,0.5654965753424657,3
0.06875,0.0575,0.06625,0.01375,0.0625,0.0,0.08904109589041097,0.06,0.582208904109589,2
0.05625,0.07,0.0675,0.04,0.0625,0.0,0.09760273972602738,0.0275,0.5786472602739725,2
0.05625,0.07,0.06625,0.04,0.0625,0.0,0.09760273972602738,0.0275,0.5798972602739725,2
0.03625,0.05375,0.05,0.01875,0.0625,0.0,0.09075342465753425,0.0275,0.6604965753424656,6
0.065,0.09375,0.04625,0.0175,0.0625,0.0,0.07876712328767124,0.0275,0.6087328767123288,6
0.08875,0.07,0.04875,0.03375,0.0625,0.0,0.08904109589041097,0.0275,0.579708904109589,5
0.0725,0.075,0.05375,0.015,0.0625,0.0,0.09417808219178084,0.0275,0.5995719178082191,6
0.0675,0.08125,0.06125,0.0425,0.0625,0.0,0.08904109589041097,0.0275,0.568458904109589,2
0.07125,0.07375,0.055,0.02,0.0625,0.0,0.08904109589041097,0.0275,0.6009589041095891,5
0.07375,0.0725,0.0575,0.02375,0.0625,0.0,0.09589041095890412,0.03375,0.580359589041096,2
0.115,0.07625,0.05,0.0275,0.0625,0.0,0.09246575342465754,0.0275,0.5487842465753423,5
0.06875,0.07,0.05625,0.0175,0.0625,0.0,0.09246575342465754,0.0275,0.6050342465753424,2
0.07875,0.07625,0.05125,0.0275,0.0625,0.0,0.08732876712328767,0.0275,0.5889212328767123,6
0.0725,0.06625,0.0475,0.0225,0.0625,0.0,0.08904109589041097,0.0275,0.6122089041095891,6
0.045,0.0575,0.05375,0.02375,0.0625,0.0,0.0821917808219178,0.0275,0.6478082191780822,6
0.04,0.05875,0.06875,0.015,0.0625,0.0,0.08904109589041097,0.0275,0.6384589041095889,2
0.0425,0.0475,0.05625,0.02375,0.0625,0.0,0.08732876712328767,0.0275,0.6526712328767124,5
0.0775,0.0725,0.0575,0.01625,0.0625,0.0,0.09075342465753425,0.0275,0.5954965753424657,2
0.06625,0.085,0.0525,0.02375,0.0625,0.0,0.09075342465753425,0.0275,0.5917465753424658,6
0.09125,0.06875,0.05125,0.02,0.0625,0.0,0.07876712328767124,0.0275,0.5999828767123287,5
0.06875,0.0575,0.0575,0.03875,0.0625,0.0,0.09931506849315068,0.06,0.5556849315068493,1
0.04375,0.075,0.05875,0.01625,0.0625,0.0,0.08904109589041097,0.05375,0.6009589041095891,1
0.09625,0.1,0.06375,0.05,0.125,0.0,0.09246575342465754,0.0275,0.4450342465753425,9
0.09625,0.10875,0.05875,0.04625,0.0625,0.0,0.0821917808219178,0.0275,0.5178082191780822,4
0.04375,0.0575,0.06125,0.01875,0.125,0.0,0.09417808219178084,0.04375,0.5558219178082191,2
0.05375,0.06375,0.06,0.0175,0.0625,0.0,0.08561643835616438,0.0275,0.6293835616438356,2
0.07125,0.07625,0.05625,0.0325,0.0625,0.0,0.08561643835616438,0.0275,0.5881335616438357,2
0.07875,0.0775,0.0525,0.015,0.0625,0.0,0.08904109589041097,0.03125,0.593458904109589,2
0.03125,0.05,0.06375,0.0225,0.0625,0.0,0.08561643835616438,0.03375,0.6506335616438357,2
0.07,0.0775,0.06625,0.03,0.0625,0.0,0.09760273972602738,0.0275,0.5686472602739725,2
0.0725,0.075,0.06375,0.03,0.0625,0.0,0.09075342465753425,0.0275,0.5779965753424658,2
0.08875,0.07375,0.06625,0.01875,0.0625,0.0,0.0839041095890411,0.04125,0.564845890410959,2
0.0575,0.04375,0.04125,0.02125,0.0625,0.0,0.09417808219178084,0.0275,0.652071917808219,6
0.0675,0.06875,0.0525,0.0275,0.0625,0.0,0.0821917808219178,0.0275,0.6115582191780822,6
0.04875,0.055,0.035,0.015,0.0625,0.0,0.07876712328767124,0.03375,0.6712328767123288,6
0.04125,0.055,0.06125,0.01,0.0625,0.0,0.0821917808219178,0.06125,0.6265582191780822,1
0.10125,0.1025,0.05125,0.045,0.0625,0.0,0.06678082191780822,0.0275,0.5432191780821918,4
0.08625,0.075,0.06375,0.01625,0.0625,0.125,0.08904109589041097,0.0275,0.4547089041095891,8
0.0575,0.06,0.055,0.02625,0.0625,0.0,0.09417808219178084,0.0275,0.6170719178082191,8
0.04375,0.045,0.07125,0.02125,0.0625,0.0,0.08904109589041097,0.0275,0.639708904109589,2
0.0925,0.09,0.05875,0.03125,0.0625,0.0,0.09760273972602738,0.0275,0.5398972602739727,3
0.0675,0.07125,0.065,0.02375,0.0625,0.0,0.10102739726027397,0.08375,0.525222602739726,1
0.0525,0.065,0.05,0.02125,0.0625,0.0,0.08561643835616438,0.0325,0.6306335616438357,6
0.11375,0.09625,0.0425,0.05875,0.0625,0.0,0.08904109589041097,0.03875,0.49845890410958904,3
0.10125,0.1125,0.04875,0.05125,0.0625,0.0,0.09075342465753425,0.0275,0.5054965753424656,5
0.05625,0.05,0.07,0.0175,0.0625,0.0,0.09246575342465754,0.0275,0.6237842465753425,2
0.05875,0.05875,0.0725,0.02,0.0625,0.0,0.0839041095890411,0.035,0.608595890410959,2
0.05125,0.04875,0.06375,0.065,0.0625,0.0,0.0839041095890411,0.0275,0.5973458904109589,2
0.04625,0.0425,0.04,0.0275,0.0625,0.0,0.09589041095890412,0.0275,0.6578595890410959,6
0.08625,0.075,0.0625,0.03875,0.0625,0.0,0.09417808219178084,0.0275,0.5533219178082192,2
0.04375,0.07,0.045,0.0375,0.0625,0.0,0.09075342465753425,0.03125,0.6192465753424657,6
0.105,0.0825,0.045,0.0975,0.0625,0.0,0.0839041095890411,0.0625,0.461095890410959,3
0.06375,0.0725,0.0675,0.03625,0.0625,0.0,0.09075342465753425,0.0275,0.5792465753424658,2
0.04625,0.05375,0.0775,0.03375,0.0625,0.0,0.0821917808219178,0.0275,0.6165582191780822,1
0.06875,0.0825,0.07125,0.04,0.0625,0.0,0.09760273972602738,0.0425,0.5348972602739727,2
0.06,0.04375,0.0525,0.02625,0.0625,0.0,0.09760273972602738,0.0275,0.6298972602739725,2
0.0775,0.0725,0.065,0.01875,0.0625,0.0,0.08904109589041097,0.03625,0.578458904109589,2
0.07,0.07375,0.06625,0.02,0.0625,0.0,0.0410958904109589,0.0525,0.6139041095890412,1
0.055,0.06375,0.04625,0.01875,0.0625,0.0,0.08732876712328767,0.0275,0.6389212328767123,6
0.055,0.055,0.06125,0.01875,0.0625,0.0,0.07876712328767124,0.03375,0.6349828767123287,1
0.0625,0.0625,0.06,0.02125,0.0625,0.0,0.08047945205479452,0.0325,0.6182705479452055,2
0.075,0.075,0.06125,0.0375,0.0625,0.0,0.09075342465753425,0.0275,0.5704965753424658,1
0.06125,0.0575,0.0425,0.02625,0.0625,0.0,0.09417808219178084,0.0275,0.6283219178082191,6
0.04375,0.085,0.07125,0.05,0.0625,0.0,0.09075342465753425,0.045,0.5517465753424657,1
0.0875,0.08625,0.05375,0.04125,0.0625,0.0,0.09931506849315068,0.0275,0.5419349315068493,3
0.02875,0.0375,0.0725,0.0275,0.0625,0.0,0.0821917808219178,0.03375,0.6553082191780821,1
0.05625,0.0525,0.065,0.025,0.0625,0.0,0.08561643835616438,0.03125,0.6218835616438356,2
0.06375,0.04375,0.0575,0.01875,0.0625,0.0,0.08732876712328767,0.0525,0.6139212328767123,2
0.0525,0.04875,0.05875,0.01625,0.0625,0.0,0.08561643835616438,0.03375,0.6418835616438356,2
0.04,0.0475,0.065,0.025,0.0625,0.0,0.08904109589041097,0.035,0.635958904109589,2
0.07375,0.08125,0.065,0.0375,0.0625,0.0,0.07876712328767124,0.03875,0.5624828767123287,2
0.05125,0.065,0.05125,0.01375,0.0625,0.0,0.09246575342465754,0.04375,0.6200342465753425,2
0.04625,0.04125,0.0625,0.015,0.0625,0.0,0.08732876712328767,0.0675,0.6176712328767123,2
0.05625,0.07,0.06125,0.02125,0.0625,0.0,0.08904109589041097,0.0275,0.6122089041095891,2
0.07,0.0675,0.07375,0.0175,0.0625,0.0,0.08904109589041097,0.03375,0.585958904109589,1
0.03875,0.03875,0.0675,0.0225,0.0625,0.0,0.08904109589041097,0.03625,0.644708904109589,1
0.03375,0.06375,0.05875,0.04375,0.0625,0.0,0.0839041095890411,0.035,0.6185958904109589,1
0.0675,0.07,0.07125,0.0225,0.0625,0.0,0.07705479452054795,0.03125,0.5979452054794521,1
0.02125,0.0475,0.05625,0.01125,0.0625,0.0,0.09246575342465754,0.03375,0.6750342465753425,1
0.05375,0.06375,0.0675,0.01875,0.0625,0.0,0.07705479452054795,0.0325,0.6241952054794521,1
0.075,0.05,0.07375,0.0225,0.0625,0.0,0.0821917808219178,0.0275,0.6065582191780823,2
0.11375,0.08625,0.07125,0.05625,0.0625,0.0,0.09589041095890412,0.0275,0.48660958904109586,5
0.0475,0.05875,0.06625,0.015,0.0625,0.0,0.0821917808219178,0.0275,0.6403082191780822,2
0.07375,0.05375,0.065,0.02375,0.0625,0.0,0.09417808219178084,0.03375,0.5933219178082192,2
0.08,0.06625,0.05625,0.01625,0.0625,0.0,0.09075342465753425,0.0275,0.6004965753424658,2
0.06125,0.03875,0.0425,0.01625,0.0625,0.0,0.08904109589041097,0.0275,0.662208904109589,6
0.065,0.06375,0.06375,0.015,0.0625,0.0,0.08732876712328767,0.05,0.5926712328767123,2
0.06125,0.05375,0.06,0.01875,0.0625,0.0,0.09417808219178084,0.03125,0.6183219178082192,2
0.06125,0.05875,0.065,0.02,0.0625,0.0,0.09075342465753425,0.035,0.6067465753424658,2
0.06,0.04875,0.06125,0.0225,0.0625,0.0,0.08732876712328767,0.0275,0.6301712328767123,2
0.055,0.0425,0.06875,0.0225,0.0625,0.0,0.08904109589041097,0.0275,0.6322089041095891,2
0.05375,0.0675,0.0725,0.02,0.0625,0.0,0.08561643835616438,0.045,0.5931335616438356,1
0.06125,0.0525,0.0675,0.02125,0.0625,0.0,0.08561643835616438,0.045,0.6043835616438356,2
0.0425,0.0825,0.06375,0.02,0.0625,0.0,0.08047945205479452,0.04125,0.6070205479452055,1
0.025,0.0425,0.04125,0.0125,0.0625,0.0,0.0821917808219178,0.03875,0.6953082191780822,6
0.0925,0.06625,0.0625,0.01,0.0625,0.0,0.09417808219178084,0.03875,0.5733219178082192,2
0.08625,0.06,0.0475,0.01875,0.0625,0.0,0.09417808219178084,0.0275,0.6033219178082192,5
0.0375,0.0625,0.05875,0.01375,0.0625,0.0,0.07876712328767124,0.0275,0.6587328767123287,2
0.055,0.06375,0.06,0.0475,0.0625,0.0,0.08904109589041097,0.0275,0.594708904109589,2
0.03875,0.05625,0.0625,0.02125,0.0625,0.0,0.0839041095890411,0.0275,0.6473458904109588,2
0.06875,0.05125,0.07,0.02625,0.0625,0.0,0.08904109589041097,0.0275,0.604708904109589,2
0.05,0.0425,0.065,0.02125,0.0625,0.0,0.08047945205479452,0.06375,0.6145205479452055,1
0.05,0.06,0.0625,0.02125,0.0625,0.0,0.09246575342465754,0.0625,0.5887842465753425,2
0.0725,0.06,0.07,0.0125,0.0625,0.0,0.07876712328767124,0.03125,0.6124828767123287,1
0.0725,0.06,0.07,0.015,0.0625,0.0,0.07876712328767124,0.03125,0.6099828767123288,1
0.0725,0.05625,0.06,0.03,0.0625,0.0,0.08904109589041097,0.04625,0.583458904109589,2
0.0725,0.05125,0.06375,0.0325,0.0625,0.0,0.08732876712328767,0.04625,0.5839212328767123,2
0.05125,0.075,0.06625,0.03625,0.0625,0.0,0.08047945205479452,0.05375,0.5745205479452055,1
0.08625,0.0625,0.06125,0.0525,0.0625,0.0,0.0839041095890411,0.0275,0.5635958904109588,0
0.0475,0.06125,0.07625,0.01625,0.0625,0.0,0.09246575342465754,0.0275,0.6162842465753424,2
0.075,0.06,0.055,0.065,0.0625,0.0,0.09246575342465754,0.07875,0.5112842465753424,1
0.05875,0.06125,0.07875,0.02125,0.0625,0.0,0.05308219178082192,0.0325,0.6319178082191781,1
0.035,0.06375,0.06875,0.01375,0.0625,0.0,0.07876712328767124,0.0275,0.6499828767123288,1
0.07,0.07125,0.07875,0.04875,0.125,0.0,0.10102739726027397,0.05,0.45522260273972603,1
0.02625,0.0475,0.06125,0.02,0.0625,0.0,0.08732876712328767,0.05625,0.6389212328767123,2
0.0575,0.07125,0.07125,0.01875,0.0625,0.0,0.08904109589041097,0.0325,0.597208904109589,1
0.05375,0.0525,0.0675,0.0275,0.0625,0.0,0.09760273972602738,0.04125,0.5973972602739726,1
0.07125,0.07375,0.0625,0.0725,0.0625,0.0,0.09075342465753425,0.0275,0.5392465753424658,0
0.06,0.0425,0.05875,0.0175,0.0625,0.0,0.08047945205479452,0.0325,0.6457705479452055,2
0.04375,0.05,0.06625,0.0225,0.0625,0.0,0.07191780821917808,0.0475,0.635582191780822,2
0.05875,0.05625,0.06625,0.0775,0.0625,0.0,0.07876712328767124,0.0275,0.5724828767123287,0
0.06625,0.05375,0.05875,0.01875,0.0625,0.0,0.09931506849315068,0.0275,0.6131849315068493,2
0.0575,0.05625,0.07,0.02,0.0625,0.0,0.09589041095890412,0.0275,0.6103595890410959,2
0.055,0.0525,0.0775,0.0175,0.0625,0.0,0.09417808219178084,0.04625,0.5945719178082192,1
0.04625,0.0425,0.0725,0.03,0.0625,0.0,0.07534246575342465,0.0225,0.6484075342465754,1
0.04625,0.0425,0.0725,0.03,0.0625,0.0,0.07534246575342465,0.0225,0.6484075342465754,1
0.04875,0.04875,0.06875,0.065,0.0625,0.0,0.06335616438356165,0.02,0.6228938356164383,1
0.04875,0.04875,0.06875,0.065,0.0625,0.0,0.06335616438356165,0.02,0.6228938356164383,1
0.06,0.0575,0.0475,0.03625,0.0625,0.0,0.09075342465753425,0.0275,0.6179965753424657,6
0.06,0.07125,0.0625,0.01125,0.0625,0.0,0.08904109589041097,0.0525,0.5909589041095891,1
0.07625,0.07125,0.05625,0.02625,0.0625,0.0,0.08561643835616438,0.0525,0.5693835616438356,1
0.07,0.055,0.07,0.02375,0.0625,0.0,0.09246575342465754,0.0275,0.5987842465753423,2
0.06375,0.07875,0.0375,0.04375,0.0625,0.0,0.09075342465753425,0.03375,0.5892465753424658,6
0.06625,0.085,0.0425,0.0525,0.0625,0.0,0.09246575342465754,0.03375,0.5650342465753424,6
0.04625,0.0275,0.08,0.04375,0.0625,0.0,0.08047945205479452,0.0275,0.6320205479452055,1
0.06375,0.06,0.0725,0.0275,0.0625,0.0,0.08561643835616438,0.035,0.5931335616438356,1
0.06125,0.04625,0.07375,0.02125,0.0625,0.0,0.08732876712328767,0.0275,0.6201712328767123,1
0.06375,0.06,0.0725,0.0275,0.0625,0.0,0.08561643835616438,0.035,0.5931335616438356,1
0.06625,0.06625,0.06625,0.02125,0.0625,0.0,0.0839041095890411,0.04625,0.587345890410959,1
0.03625,0.085,0.05875,0.0325,0.0625,0.0,0.08047945205479452,0.04625,0.5982705479452055,1
0.0625,0.05625,0.06125,0.01875,0.0625,0.0,0.09417808219178084,0.05375,0.5908219178082192,1
0.04125,0.035,0.03875,0.03,0.0625,0.0,0.09075342465753425,0.0275,0.6742465753424658,6
0.10625,0.10625,0.0375,0.03875,0.0625,0.0,0.09417808219178084,0.0525,0.5020719178082191,3
0.05375,0.04875,0.06375,0.035,0.0625,0.0,0.06849315068493152,0.0275,0.6402568493150684,1
0.07625,0.0675,0.06125,0.02,0.0625,0.0,0.09246575342465754,0.0525,0.5675342465753425,2
0.0425,0.04375,0.07625,0.02375,0.0625,0.0,0.08904109589041097,0.03125,0.6309589041095891,1
0.06875,0.06625,0.07,0.03625,0.0625,0.0,0.0821917808219178,0.0275,0.5865582191780822,0
0.0825,0.0775,0.065,0.02125,0.0625,0.0,0.0839041095890411,0.0275,0.5798458904109589,2
0.055,0.05125,0.0725,0.025,0.0625,0.0,0.09760273972602738,0.03125,0.6048972602739726,2
0.04625,0.0775,0.0425,0.03125,0.0625,0.0,0.08732876712328767,0.0275,0.6251712328767123,6
0.05625,0.07,0.06375,0.08,0.0625,0.0,0.09246575342465754,0.0275,0.5475342465753423,0
0.0475,0.0575,0.065,0.09375,0.0625,0.0,0.08561643835616438,0.0325,0.5556335616438356,0
0.07625,0.0675,0.06125,0.02375,0.0625,0.0,0.09246575342465754,0.05875,0.5575342465753425,2
0.055,0.06625,0.065,0.04625,0.0625,0.0,0.08561643835616438,0.0275,0.5918835616438356,1
0.055,0.06625,0.065,0.04625,0.0625,0.0,0.08561643835616438,0.0275,0.5918835616438356,1
0.04,0.0425,0.07625,0.02125,0.0625,0.0,0.08904109589041097,0.04,0.628458904109589,1
0.0425,0.0425,0.07625,0.0225,0.0625,0.0,0.08904109589041097,0.04,0.624708904109589,1
0.06375,0.085,0.06125,0.07375,0.0625,0.0,0.09246575342465754,0.03375,0.5275342465753425,0
0.05125,0.0375,0.06125,0.035,0.0625,0.0,0.09246575342465754,0.0275,0.6325342465753425,2
0.05125,0.05375,0.0625,0.035,0.0625,0.0,0.08561643835616438,0.0275,0.6218835616438356,2
0.0375,0.0625,0.0425,0.0325,0.0625,0.0,0.08732876712328767,0.0275,0.6476712328767122,6
0.06125,0.05,0.0425,0.0325,0.0625,0.0,0.08561643835616438,0.0275,0.6381335616438356,6
0.0425,0.05,0.0375,0.02875,0.0625,0.0,0.08732876712328767,0.0275,0.6639212328767123,6
0.05375,0.055,0.0375,0.0225,0.0625,0.0,0.08732876712328767,0.0275,0.6539212328767123,6
0.05375,0.05625,0.04625,0.015,0.0625,0.0,0.0821917808219178,0.0275,0.6565582191780821,6
0.05625,0.07125,0.0375,0.02125,0.0625,0.0,0.08732876712328767,0.0275,0.6364212328767123,6
0.05625,0.07125,0.0375,0.02125,0.0625,0.0,0.08732876712328767,0.0275,0.6364212328767123,6
0.0525,0.055,0.04125,0.02125,0.0625,0.0,0.09246575342465754,0.03375,0.6412842465753426,6
0.065,0.0625,0.06625,0.0125,0.0625,0.0,0.0821917808219178,0.0275,0.6215582191780822,8
0.06625,0.07,0.06125,0.0575,0.0625,0.0,0.08904109589041097,0.0275,0.5659589041095889,0
0.05625,0.0675,0.0675,0.0775,0.0625,0.0,0.09075342465753425,0.0275,0.5504965753424658,0
0.06375,0.05375,0.07875,0.0225,0.0625,0.0,0.08904109589041097,0.0275,0.602208904109589,2
0.06375,0.065,0.06,0.0625,0.0625,0.0,0.08732876712328767,0.0275,0.5714212328767123,0
0.06875,0.06125,0.0625,0.0575,0.0625,0.0,0.08904109589041097,0.03125,0.567208904109589,0
0.0625,0.0575,0.065,0.02,0.0625,0.0,0.08904109589041097,0.0325,0.6109589041095891,2
0.0625,0.06625,0.05625,0.055,0.0625,0.0,0.0839041095890411,0.0275,0.5860958904109589,0
0.05625,0.07375,0.06625,0.0925,0.0625,0.0,0.08047945205479452,0.03125,0.5370205479452055,0
0.07125,0.07625,0.06875,0.08375,0.0625,0.0,0.0821917808219178,0.0275,0.5278082191780822,0
0.0675,0.05625,0.0775,0.01625,0.0625,0.0,0.08904109589041097,0.0325,0.598458904109589,1
0.08375,0.06375,0.06625,0.035,0.0625,0.0,0.08732876712328767,0.0275,0.5739212328767123,0
0.04375,0.06125,0.05875,0.0275,0.0625,0.0,0.08561643835616438,0.035,0.6256335616438355,0
0.05875,0.07875,0.0825,0.05625,0.0625,0.0,0.06335616438356165,0.01375,0.5841438356164383,0
0.06375,0.0425,0.05375,0.0225,0.0625,0.0,0.0821917808219178,0.03125,0.6415582191780822,2
0.07,0.05625,0.07375,0.0175,0.0625,0.0,0.08732876712328767,0.0325,0.6001712328767123,1
0.05625,0.0475,0.07375,0.0225,0.0625,0.0,0.07534246575342465,0.05625,0.6059075342465754,1
0.05375,0.06375,0.075,0.03125,0.0625,0.0,0.09417808219178084,0.0275,0.5920719178082192,2
0.05875,0.07375,0.05375,0.01625,0.0625,0.0,0.09589041095890412,0.0375,0.601609589041096,6
0.05,0.05625,0.0525,0.02125,0.0625,0.0,0.09246575342465754,0.0325,0.6325342465753425,6
0.11125,0.10125,0.045,0.08875,0.0625,0.0,0.09417808219178084,0.07875,0.41832191780821915,3
0.0725,0.06875,0.065,0.0275,0.0625,0.0,0.07534246575342465,0.0275,0.6009075342465753,0
0.07375,0.07125,0.0575,0.0175,0.0625,0.0,0.08904109589041097,0.0275,0.6009589041095891,0
0.06125,0.05125,0.04,0.02625,0.0625,0.0,0.08561643835616438,0.04,0.6331335616438356,6
0.04375,0.06625,0.04375,0.04125,0.0625,0.0,0.08561643835616438,0.04,0.6168835616438356,6
0.0525,0.04,0.07625,0.01625,0.0625,0.0,0.02397260273972603,0.03375,0.694777397260274,1
0.0625,0.0575,0.0525,0.04,0.0625,0.0,0.09589041095890412,0.06875,0.5603595890410958,6
0.085,0.0625,0.05375,0.03375,0.0625,0.0,0.10445205479452055,0.0275,0.5705479452054794,5
0.0625,0.05625,0.06125,0.0375,0.0625,0.0,0.08047945205479452,0.05,0.5895205479452055,1
0.0575,0.05125,0.0625,0.055,0.0625,0.0,0.09075342465753425,0.0275,0.5929965753424657,0
0.04,0.045,0.0425,0.02375,0.0625,0.0,0.09417808219178084,0.0325,0.6595719178082192,6
0.05,0.06375,0.0525,0.01625,0.0625,0.0,0.07705479452054795,0.03125,0.646695205479452,6
0.0875,0.09125,0.04625,0.04625,0.0625,0.0,0.0821917808219178,0.03875,0.5453082191780823,3
0.10125,0.095,0.04,0.04625,0.0625,0.0,0.08732876712328767,0.0275,0.5401712328767123,5
0.08125,0.07625,0.04875,0.0375,0.0625,0.0,0.09760273972602738,0.035,0.5611472602739725,6
0.05875,0.05375,0.04375,0.04,0.0625,0.0,0.09246575342465754,0.0275,0.6212842465753423,6
0.0525,0.03125,0.075,0.0175,0.0625,0.0,0.07705479452054795,0.0275,0.6566952054794519,2
0.02875,0.0425,0.05125,0.035,0.0625,0.0,0.08561643835616438,0.03375,0.6606335616438357,1
0.10625,0.07,0.04125,0.0475,0.125,0.0,0.09417808219178084,0.03125,0.4845719178082192,9
0.0425,0.03875,0.075,0.04625,0.0625,0.0,0.08561643835616438,0.0375,0.6118835616438356,1
0.07375,0.06625,0.05875,0.0325,0.0625,0.0,0.09075342465753425,0.03875,0.5767465753424657,1
0.08375,0.07875,0.0425,0.05125,0.0625,0.0,0.10273972602739725,0.04125,0.5372602739726027,3
0.0875,0.09125,0.0475,0.045,0.0625,0.0,0.09246575342465754,0.0275,0.5462842465753424,3
0.0675,0.06375,0.0675,0.065,0.0625,0.0,0.08047945205479452,0.03125,0.5620205479452054,0
0.06625,0.0625,0.0675,0.07,0.0625,0.0,0.0839041095890411,0.05125,0.536095890410959,0
0.105,0.07875,0.0475,0.02875,0.0625,0.0,0.09075342465753425,0.0275,0.5592465753424658,4
0.11125,0.09625,0.045,0.0425,0.0625,0.0,0.07534246575342465,0.0275,0.5396575342465753,4
0.06,0.05375,0.05625,0.02125,0.0625,0.0,0.0821917808219178,0.04625,0.6178082191780823,6
0.045,0.04375,0.05875,0.0275,0.0625,0.0,0.07534246575342465,0.03875,0.6484075342465754,6
0.07125,0.06125,0.06,0.02,0.0625,0.0,0.08732876712328767,0.0275,0.6101712328767123,1
0.05375,0.065,0.06625,0.065,0.125,0.0,0.0839041095890411,0.0275,0.5135958904109589,2
0.0475,0.06125,0.0675,0.125,0.0625,0.0,0.08561643835616438,0.03375,0.5168835616438356,2
0.05375,0.04,0.07,0.03375,0.0625,0.0,0.08047945205479452,0.03375,0.6257705479452055,1
0.105,0.10875,0.05625,0.0675,0.0625,0.0,0.04794520547945206,0.0275,0.5245547945205479,3
0.03375,0.07,0.07,0.0225,0.0625,0.0,0.08904109589041097,0.0275,0.624708904109589,2
0.11125,0.1025,0.075,0.06125,0.0625,0.0,0.09417808219178084,0.0275,0.46582191780821924,5
0.1075,0.115,0.0625,0.04625,0.125,0.0,0.09075342465753425,0.04,0.4129965753424657,9
0.04625,0.06875,0.03625,0.04,0.0625,0.0,0.08732876712328767,0.0275,0.6314212328767123,6
0.10875,0.10375,0.07125,0.045,0.0625,0.0,0.06164383561643835,0.0275,0.5196061643835617,4
0.05375,0.05625,0.0675,0.0175,0.0625,0.0,0.08561643835616438,0.03875,0.6181335616438356,2
0.065,0.06,0.0675,0.035,0.0625,0.0,0.09246575342465754,0.0275,0.5900342465753423,1
0.09625,0.075,0.0525,0.04125,0.0625,0.0,0.09760273972602738,0.0275,0.5473972602739725,5
0.095,0.0925,0.07,0.0425,0.0625,0.0,0.08732876712328767,0.0375,0.5126712328767123,5
0.0725,0.095,0.05,0.04625,0.0625,0.0,0.09246575342465754,0.0375,0.5437842465753425,5
0.1175,0.075,0.04125,0.06125,0.0625,0.0,0.09246575342465754,0.0275,0.5225342465753424,5
0.045,0.055,0.07125,0.0225,0.0625,0.0,0.07191780821917808,0.0275,0.6443321917808219,0
0.0525,0.06375,0.04875,0.0275,0.0625,0.0,0.0839041095890411,0.0325,0.6285958904109589,6
0.065,0.06,0.0725,0.06875,0.0625,0.0,0.0821917808219178,0.0275,0.5615582191780821,2
0.0525,0.04,0.06,0.02,0.0625,0.0,0.09417808219178084,0.0275,0.6433219178082192,7
0.05375,0.0475,0.06375,0.03,0.0625,0.0,0.07876712328767124,0.04125,0.6224828767123287,1
0.06,0.07125,0.065,0.07625,0.0625,0.0,0.08732876712328767,0.0275,0.5501712328767123,0
0.10375,0.06625,0.065,0.025,0.0625,0.0,0.0821917808219178,0.03125,0.5640582191780822,5
0.045,0.0425,0.0575,0.02375,0.0625,0.0,0.08904109589041097,0.0275,0.6522089041095891,5
0.06375,0.05375,0.05875,0.02375,0.0625,0.0,0.08904109589041097,0.04625,0.602208904109589,2
0.0675,0.0675,0.06125,0.0175,0.0625,0.0,0.09589041095890412,0.0275,0.6003595890410959,2
0.055,0.05125,0.055,0.01625,0.0625,0.0,0.0839041095890411,0.0525,0.6235958904109589,1
0.065,0.0775,0.0675,0.02375,0.0625,0.0,0.08561643835616438,0.0275,0.5906335616438356,0
0.0575,0.05,0.0475,0.0225,0.0625,0.0,0.0839041095890411,0.0275,0.6485958904109588,6
0.085,0.0625,0.06875,0.08125,0.0625,0.0,0.07876712328767124,0.03875,0.5224828767123286,0
0.06625,0.055,0.05875,0.0275,0.0625,0.0,0.09075342465753425,0.0275,0.6117465753424658,1
0.06,0.06,0.0625,0.05875,0.0625,0.0,0.09417808219178084,0.0275,0.5745719178082191,0
0.0575,0.0175,0.045,0.02625,0.0625,0.0,0.08561643835616438,0.03125,0.6743835616438356,6
0.0625,0.05625,0.06,0.02125,0.0625,0.0,0.08561643835616438,0.0325,0.6193835616438357,2
0.055,0.06625,0.05375,0.02125,0.0625,0.0,0.09246575342465754,0.09375,0.5550342465753425,1
0.0575,0.05875,0.0575,0.02,0.0625,0.0,0.08732876712328767,0.0275,0.6289212328767123,2
0.065,0.06125,0.07125,0.07125,0.0625,0.0,0.08732876712328767,0.0275,0.5539212328767122,1
0.0775,0.08,0.07,0.025,0.0625,0.0,0.0821917808219178,0.04125,0.5615582191780821,1
0.0575,0.04,0.0725,0.02125,0.0625,0.0,0.10445205479452055,0.03125,0.6105479452054795,1
0.0975,0.06,0.05875,0.0375,0.0625,0.0,0.09075342465753425,0.05875,0.5342465753424658,5
0.06125,0.0775,0.08125,0.0225,0.0625,0.0,0.07876712328767124,0.05375,0.5624828767123289,1
0.0625,0.0425,0.0775,0.02375,0.0625,0.0,0.09760273972602738,0.0275,0.6061472602739726,2
0.04875,0.04625,0.04125,0.02875,0.0625,0.0,0.09075342465753425,0.0325,0.6492465753424658,6
0.04875,0.04625,0.07,0.01875,0.0625,0.0,0.08561643835616438,0.03375,0.6343835616438356,2
0.04125,0.04625,0.0675,0.035,0.0625,0.0,0.09075342465753425,0.03375,0.6229965753424658,1
0.04875,0.04625,0.04125,0.02875,0.0625,0.0,0.08904109589041097,0.0325,0.650958904109589,6
0.04125,0.0475,0.06625,0.0325,0.0625,0.0,0.08904109589041097,0.03375,0.627208904109589,1
0.06,0.06375,0.07125,0.03,0.0625,0.0,0.08561643835616438,0.0275,0.5993835616438357,2
0.0625,0.0775,0.0675,0.0825,0.0625,0.0,0.0839041095890411,0.0275,0.5360958904109588,0
0.05875,0.0675,0.0675,0.06,0.0625,0.0,0.09075342465753425,0.0325,0.5604965753424658,0
0.09,0.0725,0.0525,0.035,0.0625,0.0,0.0821917808219178,0.0275,0.5778082191780822,0
0.05125,0.05125,0.06375,0.02375,0.0625,0.0,0.09760273972602738,0.0275,0.6223972602739726,0
0.10125,0.08125,0.065,0.05125,0.0625,0.0,0.09760273972602738,0.0325,0.5086472602739726,0
0.0625,0.06125,0.065,0.025,0.0625,0.0,0.07363013698630137,0.065,0.5851198630136987,1
0.0225,0.06,0.0575,0.015,0.0625,0.0,0.0,0.03125,0.75125,1
0.0325,0.0475,0.065,0.045,0.0625,0.0,0.0821917808219178,0.07,0.5953082191780822,1
0.06625,0.06375,0.06375,0.01375,0.0625,0.0,0.0839041095890411,0.05125,0.5948458904109588,1
0.0725,0.06125,0.0625,0.05125,0.0625,0.0,0.09760273972602738,0.0275,0.5648972602739726,0
0.0775,0.075,0.05875,0.02,0.0625,0.0,0.09075342465753425,0.0275,0.5879965753424659,2
0.085,0.0725,0.06375,0.02375,0.0625,0.125,0.09246575342465754,0.0275,0.44753424657534246,8
0.05,0.065,0.06625,0.065,0.0625,0.0,0.08732876712328767,0.0275,0.5764212328767122,0
0.06375,0.05875,0.05125,0.055,0.0625,0.0,0.08561643835616438,0.0275,0.5956335616438355,6
0.09,0.07,0.05,0.0325,0.0625,0.0,0.08732876712328767,0.0325,0.5751712328767122,5
0.06125,0.055,0.05625,0.0275,0.0625,0.0,0.08732876712328767,0.0275,0.6226712328767123,2
0.04,0.05875,0.06875,0.03125,0.0625,0.0,0.0839041095890411,0.0275,0.6273458904109589,0
0.0575,0.07125,0.065,0.035,0.0625,0.0,0.08904109589041097,0.0275,0.592208904109589,1
0.06625,0.06,0.05625,0.055,0.0625,0.0,0.0839041095890411,0.03375,0.5823458904109589,0
0.06125,0.06,0.0575,0.07875,0.0625,0.0,0.08904109589041097,0.0275,0.563458904109589,0
0.0875,0.06625,0.0525,0.0275,0.0625,0.0,0.08732876712328767,0.035,0.5814212328767123,1
0.085,0.085,0.06125,0.01875,0.0625,0.0,0.09075342465753425,0.0275,0.5692465753424658,4
0.05875,0.075,0.04375,0.02625,0.0625,0.0,0.08904109589041097,0.0275,0.617208904109589,6
0.06875,0.06125,0.05625,0.0225,0.0625,0.0,0.0839041095890411,0.0275,0.6173458904109589,1
0.05,0.06625,0.07625,0.02625,0.0625,0.0,0.0821917808219178,0.04125,0.5953082191780822,1
0.07125,0.055,0.0525,0.025,0.0625,0.0,0.09246575342465754,0.0275,0.6137842465753425,2
0.05,0.05875,0.06,0.0225,0.0625,0.0,0.07876712328767124,0.0275,0.6399828767123288,2
0.0425,0.0675,0.0675,0.01625,0.0625,0.0,0.08904109589041097,0.0275,0.627208904109589,2
0.05375,0.10375,0.06875,0.025,0.0625,0.0,0.08047945205479452,0.05,0.5557705479452055,1
0.06875,0.08125,0.0625,0.035,0.0625,0.0,0.09417808219178084,0.0275,0.5683219178082191,1
0.03625,0.0575,0.0675,0.03375,0.0625,0.0,0.0839041095890411,0.0275,0.6310958904109589,2
0.0575,0.0525,0.075,0.02625,0.0625,0.0,0.06849315068493152,0.0275,0.6302568493150684,4
0.1,0.10125,0.06875,0.04375,0.0625,0.0,0.07191780821917808,0.0275,0.5243321917808219,4
0.09875,0.0925,0.06125,0.04125,0.0625,0.0,0.0821917808219178,0.0275,0.5340582191780822,4
0.05625,0.06,0.07875,0.08375,0.0625,0.0,0.0821917808219178,0.0275,0.5490582191780822,0
0.0825,0.065,0.065,0.055,0.0625,0.0,0.09589041095890412,0.03375,0.5403595890410959,0
0.0625,0.06125,0.07375,0.05875,0.0625,0.0,0.0839041095890411,0.045,0.5523458904109589,0
0.0675,0.065,0.0675,0.025,0.0625,0.0,0.09417808219178084,0.03125,0.5870719178082192,1
0.04625,0.03875,0.06625,0.02,0.0625,0.0,0.09075342465753425,0.055,0.6204965753424658,1
0.05375,0.04875,0.07375,0.01625,0.0625,0.0,0.0702054794520548,0.05375,0.6210445205479451,1
0.06,0.05875,0.0675,0.06875,0.0625,0.0,0.08732876712328767,0.08125,0.5139212328767123,0
0.075,0.07375,0.05625,0.02875,0.0625,0.0,0.09417808219178084,0.0275,0.5820719178082192,0
0.05625,0.09125,0.05875,0.08125,0.0625,0.0,0.09246575342465754,0.05375,0.5037842465753424,0
0.0825,0.0675,0.06125,0.02,0.0625,0.0,0.09246575342465754,0.045,0.5687842465753425,1
0.0575,0.06875,0.07625,0.01625,0.0625,0.0,0.08047945205479452,0.0275,0.6107705479452055,2
0.0525,0.0625,0.06625,0.0275,0.0625,0.125,0.08561643835616438,0.0275,0.49063356164383565,8
0.0825,0.0825,0.04,0.0675,0.0625,0.0,0.08732876712328767,0.0275,0.5501712328767123,5
0.0925,0.07,0.04375,0.045,0.0625,0.0,0.08732876712328767,0.03125,0.5676712328767124,5
0.11125,0.065,0.05125,0.0325,0.0625,0.0,0.08904109589041097,0.03875,0.5497089041095891,5
0.08375,0.06375,0.0675,0.02625,0.0625,0.0,0.07363013698630137,0.0375,0.5851198630136987,0
0.0725,0.0575,0.0575,0.0425,0.0625,0.0,0.08561643835616438,0.05375,0.5681335616438357,1
0.05,0.085,0.0625,0.1025,0.0625,0.0,0.07534246575342465,0.045,0.5171575342465753,0
0.07375,0.07125,0.05375,0.0325,0.0625,0.0,0.08732876712328767,0.0275,0.5914212328767123,0
0.04875,0.0375,0.07,0.015,0.0625,0.0,0.09075342465753425,0.0475,0.6279965753424658,1
0.075,0.0775,0.0675,0.05,0.0625,0.0,0.08561643835616438,0.0275,0.5543835616438355,0
0.045,0.05,0.06625,0.06,0.0625,0.0,0.0821917808219178,0.0275,0.6065582191780822,0
0.06375,0.0525,0.07,0.0475,0.0625,0.0,0.07876712328767124,0.0275,0.5974828767123288,0
0.05125,0.0675,0.0725,0.025,0.0625,0.0,0.08904109589041097,0.0275,0.604708904109589,0
0.07125,0.05,0.0775,0.0375,0.0625,0.0,0.0821917808219178,0.01375,0.6053082191780823,0
0.065,0.0625,0.07375,0.03875,0.0625,0.0,0.08561643835616438,0.0275,0.5843835616438355,0
0.0525,0.06625,0.06625,0.08,0.0625,0.0,0.08047945205479452,0.0275,0.5645205479452055,0
0.0625,0.0575,0.08,0.045,0.0625,0.0,0.0839041095890411,0.0275,0.5810958904109589,0
0.075,0.06375,0.075,0.0475,0.0625,0.125,0.08904109589041097,0.03,0.432208904109589,0
0.05625,0.0475,0.08,0.0175,0.0625,0.0,0.09246575342465754,0.0275,0.6162842465753424,0
0.075,0.07125,0.08,0.065,0.0625,0.0,0.08047945205479452,0.035,0.5307705479452055,0
0.06625,0.0525,0.0725,0.03625,0.0625,0.0,0.08561643835616438,0.0275,0.5968835616438356,0
0.05125,0.065,0.06625,0.05125,0.0625,0.0,0.06678082191780822,0.04125,0.5957191780821918,0
0.05625,0.05375,0.07875,0.05,0.0625,0.0,0.10102739726027397,0.01375,0.5839726027397261,0
0.055,0.055,0.08375,0.04375,0.0625,0.0,0.0821917808219178,0.0325,0.5853082191780822,0
0.0725,0.065,0.07625,0.04125,0.0625,0.0,0.06506849315068493,0.01375,0.6036815068493151,0
0.07125,0.07625,0.06875,0.03375,0.0625,0.0,0.07534246575342465,0.02625,0.5859075342465754,0
0.07125,0.0725,0.0725,0.04375,0.0625,0.0,0.0839041095890411,0.0275,0.5660958904109589,0
0.08,0.08,0.07,0.02625,0.0625,0.0,0.08561643835616438,0.0275,0.5681335616438355,0
0.07,0.0625,0.07625,0.06125,0.0625,0.0,0.07876712328767124,0.035,0.5537328767123287,0
0.075,0.0575,0.07375,0.02,0.0625,0.0,0.0839041095890411,0.0275,0.5998458904109589,0
0.045,0.0475,0.07,0.055,0.0625,0.0,0.0821917808219178,0.0275,0.6103082191780822,0
0.06625,0.065,0.07625,0.04375,0.0625,0.0,0.08561643835616438,0.0275,0.5731335616438356,0
0.0775,0.07375,0.0675,0.05875,0.0625,0.0,0.07876712328767124,0.0275,0.5537328767123288,0
0.06875,0.0625,0.075,0.03875,0.0625,0.0,0.07876712328767124,0.03375,0.5799828767123287,0
0.0725,0.06625,0.07125,0.0575,0.0625,0.0,0.08732876712328767,0.03375,0.5489212328767124,0
0.08125,0.06625,0.06875,0.065,0.0625,0.0,0.08047945205479452,0.03375,0.5420205479452055,0
0.0475,0.0675,0.0675,0.05125,0.0625,0.0,0.08732876712328767,0.0275,0.5889212328767123,0
0.0725,0.06625,0.0625,0.06625,0.0625,0.0,0.08047945205479452,0.03875,0.5507705479452055,0
0.07625,0.0575,0.06375,0.04625,0.0625,0.0,0.08732876712328767,0.0275,0.5789212328767123,0
0.06875,0.07375,0.05875,0.08,0.0625,0.0,0.09246575342465754,0.04125,0.5225342465753424,0
0.0675,0.08,0.0625,0.01625,0.0625,0.0,0.0839041095890411,0.0275,0.5998458904109589,0
0.05,0.0925,0.06125,0.02,0.0625,0.0,0.08732876712328767,0.0275,0.5989212328767123,0
0.095,0.095,0.04375,0.03375,0.0625,0.0,0.07534246575342465,0.0275,0.5671575342465753,3
0.06375,0.07,0.06375,0.0525,0.0625,0.0,0.09075342465753425,0.045,0.5517465753424657,0
0.05375,0.04,0.0625,0.03625,0.0625,0.0,0.08561643835616438,0.0275,0.6318835616438356,0
0.06125,0.055,0.05625,0.06875,0.0625,0.0,0.0821917808219178,0.0275,0.5865582191780823,0
0.04,0.05625,0.055,0.025,0.0625,0.0,0.09417808219178084,0.04125,0.6258219178082192,1
0.06375,0.075,0.06375,0.0325,0.0625,0.0,0.09246575342465754,0.0275,0.5825342465753425,1
0.06125,0.0575,0.0525,0.0575,0.0625,0.0,0.09417808219178084,0.0275,0.5870719178082191,1
0.0625,0.07,0.06125,0.07625,0.0625,0.0,0.08561643835616438,0.0275,0.5543835616438355,0
0.06375,0.06,0.06375,0.05375,0.0625,0.0,0.0839041095890411,0.0275,0.5848458904109589,0
0.065,0.0475,0.0775,0.015,0.0625,0.0,0.0702054794520548,0.035,0.6272945205479452,1
0.06625,0.05,0.07125,0.015,0.0625,0.0,0.09075342465753425,0.04,0.6042465753424657,1
0.06375,0.07,0.0775,0.03,0.0625,0.0,0.08904109589041097,0.06375,0.5434589041095891,1
0.07875,0.075,0.0625,0.03375,0.0625,0.0,0.09417808219178084,0.0275,0.5658219178082191,0
0.0575,0.055,0.06625,0.03875,0.0625,0.0,0.0821917808219178,0.0275,0.6103082191780822,0
0.0725,0.07125,0.0675,0.08625,0.0625,0.0,0.09246575342465754,0.0275,0.5200342465753425,0
0.07625,0.07375,0.05875,0.06125,0.0625,0.0,0.09246575342465754,0.0275,0.5475342465753423,0
0.07875,0.05875,0.07,0.015,0.0625,0.0,0.08561643835616438,0.0275,0.6018835616438356,0
0.06875,0.06625,0.0675,0.05,0.0625,0.0,0.0821917808219178,0.0275,0.5753082191780822,0
0.05125,0.05875,0.0725,0.0775,0.0625,0.0,0.08561643835616438,0.0275,0.5643835616438355,0
0.055,0.06625,0.06625,0.04625,0.0625,0.0,0.08732876712328767,0.0275,0.5889212328767123,0
0.07125,0.05,0.06,0.03,0.0625,0.0,0.09417808219178084,0.0275,0.6045719178082192,2
0.0575,0.0575,0.07,0.015,0.0625,0.0,0.09417808219178084,0.0275,0.6158219178082192,0
0.05875,0.0575,0.06875,0.035,0.0625,0.0,0.07534246575342465,0.0575,0.5846575342465754,1
0.04875,0.04375,0.06125,0.02125,0.0625,0.0,0.0839041095890411,0.0275,0.6510958904109589,1
0.0725,0.0475,0.05,0.02625,0.0625,0.0,0.08561643835616438,0.0275,0.6281335616438356,2
0.06625,0.05125,0.0625,0.03,0.125,0.0,0.08047945205479452,0.0275,0.5570205479452055,2
0.05375,0.05,0.0625,0.0225,0.0625,0.0,0.08561643835616438,0.035,0.6281335616438356,2
0.05125,0.07375,0.0575,0.02375,0.0625,0.0,0.06164383561643835,0.0275,0.6421061643835617,4
0.0725,0.07,0.065,0.03125,0.0625,0.0,0.09760273972602738,0.04375,0.5573972602739725,1
0.06375,0.08125,0.06625,0.02375,0.0625,0.0,0.0839041095890411,0.0275,0.5910958904109589,4
0.10125,0.09875,0.04,0.04625,0.0625,0.0,0.0702054794520548,0.0275,0.5535445205479452,3
0.055,0.05125,0.03625,0.02625,0.0625,0.0,0.0839041095890411,0.0275,0.6573458904109588,6
0.06125,0.075,0.06875,0.02125,0.0625,0.0,0.07534246575342465,0.0275,0.6084075342465753,2
0.07,0.07875,0.065,0.025,0.0625,0.0,0.058219178082191785,0.0325,0.6080308219178082,1
0.0525,0.035,0.07125,0.0225,0.0625,0.0,0.07191780821917808,0.0275,0.656832191780822,1
0.06375,0.0575,0.0675,0.05125,0.0625,0.0,0.09075342465753425,0.0275,0.5792465753424658,0
0.075,0.06375,0.065,0.05625,0.0625,0.0,0.08561643835616438,0.03375,0.5581335616438357,0
0.04625,0.05125,0.05625,0.0175,0.0625,0.0,0.08047945205479452,0.0275,0.6582705479452055,2
0.04625,0.06375,0.07125,0.05,0.0625,0.0,0.0821917808219178,0.03375,0.5903082191780822,0
0.045,0.04875,0.06875,0.0325,0.0625,0.0,0.0839041095890411,0.0275,0.6310958904109589,1
0.0625,0.045,0.06625,0.05125,0.0625,0.0,0.09417808219178084,0.045,0.5733219178082192,2
0.07375,0.0725,0.04875,0.065,0.0625,0.0,0.08561643835616438,0.03875,0.5531335616438355,2
0.0975,0.07875,0.06625,0.01625,0.0625,0.0,0.09246575342465754,0.0275,0.5587842465753423,5
0.05875,0.07375,0.04625,0.03875,0.0625,0.0,0.08732876712328767,0.045,0.5876712328767123,1
0.06,0.0775,0.065,0.0375,0.0625,0.0,0.08732876712328767,0.04625,0.5639212328767123,1
0.06625,0.07625,0.06375,0.06125,0.0625,0.0,0.09246575342465754,0.03375,0.5437842465753424,0
0.06,0.0675,0.06625,0.075,0.0625,0.0,0.09075342465753425,0.03875,0.5392465753424658,1
0.04125,0.0575,0.06625,0.03625,0.0625,0.0,0.08561643835616438,0.06875,0.5818835616438356,1
0.045,0.055,0.06375,0.02125,0.0625,0.0,0.10273972602739725,0.02375,0.6260102739726028,1
0.04875,0.0425,0.085,0.0375,0.0625,0.0,0.08561643835616438,0.03625,0.6018835616438356,1
0.01375,0.05125,0.08375,0.01625,0.0625,0.0,0.07705479452054795,0.03625,0.6591952054794521,1
0.05,0.06625,0.055,0.0225,0.0625,0.0,0.09246575342465754,0.03875,0.6125342465753425,1
0.05875,0.0625,0.06875,0.02375,0.0625,0.0,0.10616438356164384,0.0275,0.5900856164383561,2
0.04375,0.0625,0.055,0.03375,0.0625,0.0,0.08732876712328767,0.0275,0.6276712328767122,2
0.045,0.0375,0.0625,0.02375,0.0625,0.0,0.09417808219178084,0.0375,0.6370719178082191,1
0.06125,0.055,0.06375,0.0225,0.0625,0.0,0.08904109589041097,0.03375,0.6122089041095891,2
0.04375,0.055,0.0675,0.0325,0.0625,0.0,0.08904109589041097,0.0325,0.6172089041095891,1
0.05375,0.035,0.06625,0.0425,0.0625,0.0,0.09417808219178084,0.07125,0.5745719178082191,1
0.04125,0.06,0.06875,0.02,0.0625,0.0,0.09075342465753425,0.09375,0.5629965753424657,1
0.05625,0.02625,0.06125,0.03,0.0625,0.0,0.07876712328767124,0.03875,0.6462328767123288,1
0.055,0.0425,0.07625,0.01625,0.0625,0.0,0.0839041095890411,0.0325,0.6310958904109589,1
0.10875,0.05875,0.075,0.05875,0.0625,0.0,0.10102739726027397,0.0275,0.5077226027397259,1
0.0375,0.06875,0.0725,0.02,0.0625,0.0,0.10445205479452055,0.035,0.5992979452054794,1
0.03625,0.0425,0.06875,0.03,0.0625,0.0,0.08732876712328767,0.0275,0.6451712328767123,2
0.09375,0.08375,0.06375,0.03625,0.0625,0.0,0.08904109589041097,0.045,0.5259589041095891,0
0.05875,0.05875,0.0625,0.01875,0.0625,0.0,0.08561643835616438,0.06,0.5931335616438356,1
0.06375,0.0425,0.06125,0.02,0.0625,0.0,0.09075342465753425,0.02625,0.6329965753424658,1
0.08,0.095,0.06375,0.0225,0.0625,0.0,0.07876712328767124,0.0275,0.5699828767123287,1
0.05625,0.05125,0.0725,0.06,0.0625,0.0,0.09075342465753425,0.08,0.5267465753424658,1
0.1125,0.0675,0.07375,0.025,0.0625,0.0,0.0821917808219178,0.0275,0.5490582191780822,1
0.11,0.07375,0.0675,0.04875,0.0625,0.0,0.0702054794520548,0.0375,0.5297945205479453,1
0.0875,0.06375,0.05875,0.03,0.0625,0.0,0.09075342465753425,0.03125,0.5754965753424658,1
0.03125,0.045,0.0725,0.0375,0.0625,0.0,0.09931506849315068,0.03875,0.6131849315068494,1
0.08625,0.0775,0.06125,0.0,0.125,0.0,0.08047945205479452,0.0275,0.5420205479452055,1
0.10375,0.07125,0.0525,0.07125,0.0625,0.0,0.08561643835616438,0.04,0.5131335616438357,5
0.05375,0.0475,0.0475,0.015,0.0625,0.0,0.08561643835616438,0.0275,0.6606335616438356,5
0.0975,0.08125,0.05,0.02,0.0625,0.0,0.10787671232876712,0.0275,0.5533732876712328,0
0.065,0.08,0.0425,0.02,0.0625,0.0,0.09760273972602738,0.0275,0.6048972602739726,0
0.09375,0.0825,0.08,0.04875,0.0625,0.0,0.07876712328767124,0.04,0.5137328767123288,0
0.05125,0.06125,0.0725,0.0275,0.0625,0.0,0.08904109589041097,0.0275,0.6084589041095889,0
0.0725,0.06375,0.07,0.02,0.0625,0.0,0.058219178082191785,0.0275,0.6255308219178082,1
0.06,0.06125,0.05625,0.02875,0.0625,0.0,0.08732876712328767,0.0275,0.6164212328767122,6
0.04875,0.0525,0.06125,0.0125,0.0625,0.0,0.0839041095890411,0.08125,0.597345890410959,1
0.03875,0.0525,0.06,0.02125,0.0625,0.0,0.0839041095890411,0.06625,0.6148458904109589,1
0.04875,0.035,0.0675,0.0175,0.0625,0.0,0.10102739726027397,0.0275,0.640222602739726,0
0.095,0.08375,0.04625,0.0275,0.0625,0.0,0.09246575342465754,0.0275,0.5650342465753424,5
0.06125,0.03375,0.07125,0.0225,0.0625,0.125,0.09246575342465754,0.0275,0.5037842465753424,8
0.035,0.06,0.07,0.02,0.0625,0.0,0.0821917808219178,0.0325,0.6378082191780822,2
0.08625,0.04875,0.065,0.015,0.0625,0.0,0.06506849315068493,0.04375,0.6136815068493151,2
0.08,0.065,0.0625,0.0325,0.0625,0.0,0.08732876712328767,0.03875,0.5714212328767123,1
0.07,0.06,0.0625,0.0375,0.0625,0.0,0.08732876712328767,0.0275,0.5926712328767123,2
0.0625,0.0625,0.0675,0.02,0.0625,0.0,0.0839041095890411,0.0275,0.6135958904109589,8
0.05875,0.05375,0.07375,0.03375,0.0625,0.0,0.09417808219178084,0.0275,0.5958219178082191,8
0.085,0.07375,0.055,0.06125,0.0625,0.0,0.06849315068493152,0.0325,0.5615068493150684,8
0.0625,0.06375,0.07125,0.03375,0.0625,0.0,0.0821917808219178,0.0275,0.5965582191780822,8
0.05625,0.0575,0.07625,0.025,0.0625,0.0,0.10616438356164384,0.0275,0.5888356164383561,2
0.06625,0.06375,0.045,0.01625,0.0625,0.0,0.08904109589041097,0.0275,0.629708904109589,6
0.075,0.0675,0.0675,0.06625,0.0625,0.0,0.08904109589041097,0.03375,0.5384589041095891,0
0.06125,0.065,0.06625,0.0875,0.0625,0.0,0.08732876712328767,0.0275,0.5426712328767123,0
0.06125,0.05625,0.06625,0.02,0.0625,0.0,0.0839041095890411,0.03875,0.6110958904109589,2
0.06375,0.0575,0.07125,0.03125,0.0625,0.0,0.09075342465753425,0.0275,0.5954965753424657,2
0.06125,0.05625,0.0575,0.0225,0.0625,0.0,0.0839041095890411,0.03875,0.6173458904109589,2
0.065,0.0575,0.06375,0.0225,0.0625,0.0,0.08561643835616438,0.0275,0.6156335616438355,2
0.06875,0.07375,0.065,0.0125,0.0625,0.0,0.09075342465753425,0.0275,0.5992465753424656,2
0.04875,0.0725,0.0625,0.0125,0.0625,0.0,0.08732876712328767,0.03125,0.6226712328767123,2
0.0875,0.105,0.06125,0.035,0.125,0.0,0.09931506849315068,0.0275,0.45943493150684933,9
0.04125,0.0475,0.05625,0.02375,0.0625,0.0,0.09246575342465754,0.04625,0.6300342465753425,1
0.07625,0.0575,0.055,0.05875,0.0625,0.0,0.08561643835616438,0.04625,0.5581335616438357,1
0.05125,0.06,0.0475,0.01625,0.0625,0.0,0.08732876712328767,0.04375,0.6314212328767124,6
0.04625,0.0525,0.075,0.01625,0.0625,0.0,0.08732876712328767,0.0275,0.6326712328767123,1
0.05625,0.0725,0.07375,0.055,0.0625,0.0,0.09589041095890412,0.0275,0.5566095890410958,0
0.0925,0.11125,0.04,0.03,0.0625,0.0,0.09246575342465754,0.04,0.5312842465753425,3
0.035,0.0575,0.0325,0.0225,0.0625,0.0,0.06678082191780822,0.0275,0.6957191780821917,7
0.06375,0.0575,0.06125,0.02625,0.0625,0.0,0.09417808219178084,0.0275,0.6070719178082191,7
0.1,0.1025,0.07125,0.0325,0.0625,0.0,0.09760273972602738,0.03375,0.49989726027397263,7
0.0575,0.06125,0.05625,0.035,0.0625,0.0,0.09417808219178084,0.0275,0.6058219178082191,7
0.05,0.045,0.06875,0.01875,0.0625,0.0,0.09075342465753425,0.0275,0.6367465753424657,7
0.08375,0.0575,0.0725,0.0375,0.0625,0.0,0.09760273972602738,0.03375,0.5548972602739726,1
0.0625,0.04,0.06125,0.06125,0.0625,0.0,0.0821917808219178,0.04,0.5903082191780822,0
0.05625,0.06625,0.05875,0.05375,0.0625,0.0,0.08561643835616438,0.03375,0.5831335616438356,0
0.09375,0.075,0.05375,0.04375,0.0625,0.0,0.07705479452054795,0.03375,0.560445205479452,0
0.07,0.085,0.065,0.04875,0.0625,0.0,0.06164383561643835,0.0275,0.5796061643835615,0
0.06,0.05625,0.07375,0.04375,0.0625,0.0,0.09417808219178084,0.0375,0.5720719178082192,0
0.0325,0.035,0.075,0.025,0.0625,0.0,0.09246575342465754,0.03875,0.6387842465753424,0
0.07375,0.05625,0.0725,0.02625,0.0625,0.0,0.0839041095890411,0.0275,0.5973458904109589,0
0.06,0.065,0.06125,0.04375,0.0625,0.07530120481927711,0.08732876712328767,0.0275,0.5173700280574351,0
0.07375,0.0725,0.05875,0.07625,0.0625,0.0,0.07534246575342465,0.0375,0.5434075342465754,0
0.0625,0.07125,0.0775,0.03125,0.0625,0.0,0.08732876712328767,0.0275,0.5801712328767124,0
0.07125,0.06125,0.0625,0.025,0.0625,0.0,0.08732876712328767,0.035,0.5951712328767124,2
0.0775,0.05375,0.06125,0.03625,0.0625,0.0,0.08561643835616438,0.03375,0.5893835616438357,2
0.05625,0.05125,0.06125,0.0175,0.125,0.0,0.09075342465753425,0.0375,0.5604965753424658,2
0.05875,0.06125,0.075,0.01875,0.0625,0.0,0.06506849315068493,0.0275,0.6311815068493151,2
0.05125,0.06,0.0675,0.03,0.0625,0.0,0.06335616438356165,0.06375,0.6016438356164384,1
0.0575,0.0575,0.06625,0.02875,0.0625,0.0,0.08732876712328767,0.0275,0.6126712328767123,2
0.06,0.0525,0.06,0.02375,0.0625,0.0,0.09931506849315068,0.0275,0.6144349315068494,2
0.05375,0.05625,0.06625,0.02375,0.0625,0.0,0.09589041095890412,0.0275,0.6141095890410959,2
0.035,0.045,0.06875,0.01875,0.0625,0.0,0.09760273972602738,0.0275,0.6448972602739727,2
0.06,0.0575,0.0725,0.0325,0.0625,0.0,0.07534246575342465,0.0275,0.6121575342465753,1
0.0925,0.09,0.0625,0.035,0.0625,0.0,0.08561643835616438,0.03375,0.5381335616438356,4
0.0925,0.09,0.0625,0.035,0.0625,0.0,0.0839041095890411,0.03375,0.5398458904109589,4
0.0475,0.0775,0.065,0.0175,0.0625,0.0,0.09075342465753425,0.0275,0.6117465753424658,2
0.09625,0.09,0.06,0.0325,0.0625,0.0,0.08732876712328767,0.0275,0.5439212328767122,4
0.055,0.0525,0.07125,0.0275,0.0625,0.0,0.08561643835616438,0.03125,0.6143835616438356,1
0.0925,0.0925,0.06375,0.03375,0.0625,0.0,0.08561643835616438,0.0275,0.5418835616438356,4
0.04875,0.10125,0.04375,0.035,0.0625,0.0,0.08732876712328767,0.05625,0.5651712328767122,6
0.06625,0.0675,0.05375,0.0225,0.0625,0.0,0.09075342465753425,0.03875,0.5979965753424659,1
0.0475,0.05625,0.04625,0.02375,0.0625,0.0,0.08904109589041097,0.0375,0.637208904109589,6
0.05,0.04625,0.0675,0.01625,0.0625,0.0,0.0821917808219178,0.0275,0.6478082191780822,1
0.03875,0.0375,0.0425,0.02375,0.0625,0.0,0.09417808219178084,0.0375,0.6633219178082193,6
0.0625,0.0525,0.07125,0.06125,0.0625,0.0,0.0821917808219178,0.03375,0.5740582191780823,1
0.07375,0.07625,0.06375,0.0775,0.0625,0.0,0.08732876712328767,0.0475,0.5114212328767123,0
0.05625,0.05,0.05375,0.0275,0.0625,0.0,0.08732876712328767,0.06,0.6026712328767123,1
0.05875,0.0675,0.06625,0.09625,0.0625,0.0,0.08904109589041097,0.045,0.514708904109589,0
0.09625,0.0975,0.06375,0.035,0.0625,0.0,0.0565068493150685,0.0275,0.5609931506849315,4
0.0925,0.08875,0.065,0.0375,0.0625,0.0,0.04623287671232877,0.0275,0.5800171232876712,4
0.09625,0.09125,0.06375,0.03375,0.0625,0.0,0.058219178082191785,0.0275,0.5667808219178082,4
0.05875,0.07625,0.0625,0.02875,0.0625,0.0,0.0839041095890411,0.0275,0.5998458904109589,6
0.0975,0.08625,0.055,0.0325,0.0625,0.0,0.09246575342465754,0.0275,0.5462842465753424,3
0.06125,0.075,0.0375,0.0425,0.0625,0.0,0.08561643835616438,0.05375,0.5818835616438356,6
0.03375,0.07,0.0375,0.0175,0.0625,0.0,0.08904109589041097,0.04875,0.640958904109589,6
0.05,0.04875,0.04125,0.02125,0.0625,0.0,0.08732876712328767,0.03875,0.6501712328767123,7
0.06875,0.06375,0.0675,0.025,0.0625,0.0,0.09589041095890412,0.0275,0.5891095890410959,2
0.11875,0.08875,0.03375,0.04875,0.0625,0.0,0.05308219178082192,0.0275,0.5669178082191781,5
0.12125,0.08875,0.03625,0.0525,0.0625,0.0,0.059931506849315065,0.0275,0.5513184931506849,5
0.055,0.05375,0.0425,0.02625,0.0625,0.0,0.09417808219178084,0.05,0.6158219178082192,6
0.04875,0.06125,0.0375,0.02375,0.0625,0.0,0.08904109589041097,0.03875,0.638458904109589,6
0.0475,0.06,0.06375,0.01625,0.0625,0.0,0.08561643835616438,0.04,0.6243835616438356,1
0.04625,0.06375,0.04875,0.0225,0.0625,0.0,0.08732876712328767,0.03375,0.6351712328767123,6
0.03375,0.06125,0.045,0.0325,0.0625,0.0,0.0839041095890411,0.0325,0.6485958904109589,6
0.06125,0.06,0.065,0.025,0.0625,0.0,0.09417808219178084,0.0275,0.6045719178082192,1
0.045,0.04875,0.0675,0.02,0.0625,0.0,0.08561643835616438,0.035,0.6356335616438357,1
0.0675,0.06625,0.06,0.0175,0.0625,0.0,0.0839041095890411,0.04125,0.6010958904109589,1
0.04625,0.06,0.0625,0.0325,0.0625,0.0,0.08904109589041097,0.04875,0.5984589041095889,1
0.03125,0.04875,0.0625,0.02875,0.0625,0.0,0.08561643835616438,0.035,0.6456335616438356,1
0.06125,0.08875,0.0675,0.01625,0.0625,0.0,0.09931506849315068,0.0275,0.5769349315068493,1
0.07,0.0625,0.07,0.0325,0.0625,0.0,0.09075342465753425,0.03375,0.5779965753424658,1
0.05125,0.06625,0.05125,0.01875,0.0625,0.0,0.09246575342465754,0.03125,0.6262842465753424,1
0.0625,0.05625,0.06625,0.02625,0.0625,0.0,0.04794520547945206,0.0275,0.650804794520548,1
0.0575,0.04625,0.06,0.045,0.0625,0.0,0.0821917808219178,0.0275,0.6190582191780822,8
0.0825,0.06875,0.0425,0.025,0.0625,0.0,0.10616438356164384,0.0275,0.5850856164383562,6
0.0525,0.08125,0.0725,0.0425,0.0625,0.0,0.08561643835616438,0.0275,0.5756335616438355,0
0.05625,0.05875,0.06625,0.01875,0.0625,0.0,0.08904109589041097,0.03375,0.614708904109589,2
0.0525,0.035,0.06375,0.02875,0.0625,0.0,0.09075342465753425,0.03375,0.6329965753424658,1
0.06375,0.06,0.0575,0.03625,0.0625,0.0,0.09246575342465754,0.0275,0.6000342465753423,2
0.09375,0.08625,0.06,0.01625,0.0625,0.0,0.09760273972602738,0.05,0.5336472602739726,7
0.08625,0.0875,0.0625,0.0375,0.0625,0.0,0.09246575342465754,0.0275,0.5437842465753424,7
0.07875,0.06875,0.06625,0.06375,0.0625,0.0,0.09417808219178084,0.0275,0.538321917808219,7
0.06875,0.07875,0.0675,0.02,0.0625,0.0,0.07705479452054795,0.03375,0.591695205479452,2
0.0575,0.0775,0.0675,0.03125,0.0625,0.0,0.07876712328767124,0.0275,0.5974828767123288,2
0.06625,0.07375,0.06,0.0175,0.0625,0.0,0.08732876712328767,0.0275,0.6051712328767123,2
0.0525,0.06625,0.07125,0.02125,0.0625,0.0,0.0839041095890411,0.0275,0.6148458904109588,2
0.065,0.0575,0.07,0.025,0.0625,0.0,0.08561643835616438,0.0275,0.6068835616438355,2
0.06625,0.05375,0.07125,0.03,0.0625,0.0,0.06678082191780822,0.035,0.6144691780821918,2
0.04125,0.04375,0.07,0.02375,0.0625,0.0,0.08561643835616438,0.0275,0.6456335616438356,1
0.05625,0.06,0.07,0.07,0.0625,0.0,0.08047945205479452,0.0275,0.5732705479452055,1
0.07,0.06,0.0625,0.02125,0.0625,0.0,0.08732876712328767,0.0325,0.6039212328767123,2
0.09625,0.07125,0.05625,0.02125,0.0625,0.0,0.09075342465753425,0.0275,0.5742465753424657,2
0.07,0.07375,0.0675,0.0225,0.0625,0.0,0.0821917808219178,0.0575,0.5640582191780822,1
0.04125,0.04875,0.065,0.01125,0.0625,0.0,0.08047945205479452,0.035,0.6557705479452055,1
0.06,0.05125,0.0675,0.04875,0.0625,0.0,0.08732876712328767,0.0275,0.5951712328767123,1
0.0375,0.0375,0.0575,0.04,0.0625,0.0,0.07705479452054795,0.0275,0.6604452054794521,1
0.0475,0.0325,0.075,0.0125,0.0625,0.0,0.0821917808219178,0.055,0.6328082191780822,1
0.085,0.04875,0.0625,0.01875,0.0625,0.0,0.0821917808219178,0.04625,0.5940582191780822,1
0.0775,0.05125,0.065,0.02125,0.0625,0.0,0.0821917808219178,0.0275,0.6128082191780821,1
0.065,0.04625,0.06,0.01625,0.0625,0.0,0.09417808219178084,0.0275,0.6283219178082191,1
0.04,0.06,0.06125,0.02125,0.0625,0.0,0.08047945205479452,0.0275,0.6470205479452055,1
0.0425,0.04375,0.0725,0.025,0.0625,0.0,0.07876712328767124,0.04,0.6349828767123288,1
0.04125,0.02625,0.06625,0.01875,0.125,0.0,0.08904109589041097,0.0625,0.570958904109589,1
0.06125,0.05625,0.07125,0.03,0.0625,0.0,0.08047945205479452,0.0475,0.5907705479452054,1
0.05,0.035,0.06,0.0075,0.0625,0.0,0.0839041095890411,0.0525,0.6485958904109589,1
0.06375,0.04875,0.07,0.03125,0.0625,0.0,0.08732876712328767,0.04125,0.5951712328767123,1
0.05625,0.05625,0.065,0.02125,0.0625,0.0,0.09246575342465754,0.0275,0.6187842465753424,2
0.035,0.06375,0.06875,0.02375,0.0625,0.0,0.09760273972602738,0.0275,0.6211472602739725,2
0.06375,0.06375,0.07,0.035,0.0625,0.0,0.09246575342465754,0.03375,0.5787842465753423,2
0.06,0.07,0.06125,0.04,0.0625,0.0,0.08561643835616438,0.0275,0.5931335616438356,2
0.07375,0.0575,0.06,0.0575,0.0625,0.0,0.0839041095890411,0.0275,0.5773458904109589,2
0.06375,0.0575,0.05,0.08125,0.0625,0.0,0.0839041095890411,0.0275,0.5735958904109588,0
0.04625,0.055,0.06375,0.07,0.0625,0.0,0.08561643835616438,0.0475,0.5693835616438356,1
0.10125,0.06875,0.04375,0.0425,0.0625,0.0,0.08732876712328767,0.0275,0.5664212328767123,5
0.06625,0.05625,0.06625,0.0225,0.0625,0.0,0.07191780821917808,0.0275,0.626832191780822,2
0.05625,0.03375,0.0625,0.04125,0.0625,0.0,0.09075342465753425,0.0325,0.6204965753424658,2
0.045,0.04125,0.0475,0.01875,0.0625,0.0,0.09417808219178084,0.045,0.6458219178082192,6
0.06,0.0625,0.07,0.01375,0.0625,0.0,0.0565068493150685,0.0275,0.6472431506849314,2
0.04375,0.05875,0.06625,0.02375,0.0625,0.0,0.0821917808219178,0.0275,0.6353082191780821,2
0.06,0.06,0.07,0.0225,0.0625,0.0,0.09931506849315068,0.0275,0.5981849315068493,2
0.075,0.07375,0.05875,0.05875,0.0625,0.0,0.09075342465753425,0.0275,0.5529965753424657,0
0.05625,0.06625,0.06375,0.0525,0.0625,0.0,0.08904109589041097,0.0275,0.582208904109589,0
0.03625,0.05,0.05125,0.06,0.0625,0.0,0.09075342465753425,0.0375,0.6117465753424658,1
0.0725,0.06625,0.04125,0.0325,0.0625,0.0,0.08732876712328767,0.0275,0.6101712328767123,6
0.0575,0.05375,0.0625,0.03,0.0625,0.0,0.0821917808219178,0.03875,0.6128082191780821,2
0.05375,0.0575,0.0625,0.02625,0.0625,0.0,0.0839041095890411,0.0425,0.6110958904109589,2
0.07625,0.06875,0.06375,0.0325,0.0625,0.0,0.08904109589041097,0.0275,0.579708904109589,2
0.0625,0.0775,0.065,0.0375,0.0625,0.0,0.09589041095890412,0.0275,0.5716095890410958,0
0.06125,0.05625,0.0675,0.05,0.0625,0.0,0.09417808219178084,0.0275,0.5808219178082192,0
0.08,0.06625,0.07375,0.0175,0.0625,0.0,0.09075342465753425,0.0275,0.5817465753424658,0
0.07125,0.075,0.0675,0.02125,0.0625,0.0,0.08904109589041097,0.0275,0.585958904109589,0
0.0475,0.03875,0.07375,0.02375,0.0625,0.0,0.07876712328767124,0.0275,0.6474828767123288,0
0.085,0.06625,0.055,0.03875,0.0625,0.0,0.08732876712328767,0.0275,0.5776712328767123,0
0.03,0.05125,0.05875,0.02,0.0625,0.0,0.08732876712328767,0.0475,0.6426712328767124,1
0.07625,0.04875,0.06625,0.0175,0.0625,0.0,0.07363013698630137,0.0325,0.6226198630136986,1
0.04875,0.02,0.07375,0.01,0.0625,0.0,0.08732876712328767,0.03375,0.6639212328767123,1
0.04125,0.035,0.0625,0.05,0.0625,0.0,0.07876712328767124,0.07625,0.5937328767123287,1
0.06375,0.06875,0.07,0.0225,0.0625,0.0,0.08561643835616438,0.0475,0.5793835616438356,1
0.04875,0.055,0.0675,0.03,0.0625,0.0,0.08732876712328767,0.06125,0.5876712328767123,1
0.05375,0.06,0.06625,0.0225,0.0625,0.0,0.07876712328767124,0.0275,0.6287328767123288,1
0.05875,0.05375,0.06,0.02,0.0625,0.0,0.07876712328767124,0.03375,0.6324828767123287,1
0.065,0.0625,0.06375,0.025,0.0625,0.0,0.08732876712328767,0.0275,0.6064212328767122,1
0.04125,0.035,0.065,0.01875,0.0625,0.0,0.08732876712328767,0.1075,0.5826712328767123,1
0.045,0.06,0.0625,0.01625,0.0625,0.0,0.0839041095890411,0.075,0.5948458904109589,1
0.05625,0.0675,0.06125,0.03625,0.0625,0.0,0.0839041095890411,0.03125,0.6010958904109589,1
0.06875,0.07375,0.06625,0.01875,0.0625,0.0,0.0839041095890411,0.0275,0.5985958904109588,1
0.03875,0.04875,0.06875,0.035,0.0625,0.0,0.07876712328767124,0.03875,0.6287328767123288,1
0.05375,0.05125,0.06375,0.0425,0.0625,0.0,0.0839041095890411,0.035,0.6073458904109589,1
0.08,0.0625,0.06625,0.0125,0.0625,0.0,0.08732876712328767,0.0275,0.6014212328767122,1
0.05125,0.065,0.07,0.0325,0.0625,0.0,0.0821917808219178,0.04,0.5965582191780823,1
0.06,0.05875,0.07375,0.05125,0.0625,0.0,0.09589041095890412,0.03375,0.5641095890410959,1
0.06125,0.06125,0.06375,0.03625,0.0625,0.0,0.08904109589041097,0.08875,0.537208904109589,1
0.05125,0.065,0.06375,0.0275,0.0625,0.0,0.08904109589041097,0.055,0.585958904109589,1
0.06375,0.07625,0.0625,0.02875,0.0625,0.0,0.08904109589041097,0.07625,0.540958904109589,1
0.07375,0.05875,0.06375,0.06625,0.0625,0.0,0.09075342465753425,0.0325,0.5517465753424657,2
0.05,0.075,0.0625,0.02,0.0625,0.0,0.08732876712328767,0.0275,0.6151712328767123,2
0.0675,0.06625,0.06625,0.02125,0.0625,0.0,0.08732876712328767,0.04875,0.5801712328767124,1
0.07625,0.0575,0.0675,0.01375,0.0625,0.0,0.08047945205479452,0.0275,0.6145205479452054,2
0.0825,0.06875,0.0675,0.0225,0.0625,0.0,0.07363013698630137,0.0275,0.5951198630136987,2
0.06625,0.0575,0.0675,0.04625,0.0625,0.0,0.08732876712328767,0.0375,0.5751712328767123,1
0.05125,0.05125,0.05375,0.07625,0.0625,0.0,0.09075342465753425,0.0275,0.5867465753424657,0
0.0725,0.03875,0.075,0.015,0.0625,0.0,0.08047945205479452,0.04125,0.6145205479452055,1
0.06125,0.08375,0.0625,0.035,0.0625,0.0,0.07363013698630137,0.0275,0.5938698630136985,1
0.055,0.04125,0.06875,0.02,0.0625,0.0,0.0839041095890411,0.0275,0.6410958904109589,1
0.055,0.05625,0.06625,0.02375,0.0625,0.0,0.0702054794520548,0.035,0.6310445205479452,1
0.07125,0.06875,0.065,0.02,0.0625,0.0,0.0839041095890411,0.04875,0.5798458904109589,1
0.05625,0.0825,0.04875,0.01375,0.0625,0.0,0.09246575342465754,0.0275,0.6162842465753424,6
0.04,0.06125,0.06625,0.035,0.0625,0.0,0.08561643835616438,0.0625,0.5868835616438356,1
0.04375,0.0525,0.07,0.035,0.0625,0.0,0.08047945205479452,0.0275,0.6282705479452054,1
0.0575,0.05125,0.0725,0.0125,0.0625,0.0,0.0821917808219178,0.0275,0.6340582191780821,1
0.07125,0.06375,0.0725,0.0275,0.0625,0.0,0.08732876712328767,0.0275,0.5876712328767123,1
0.05875,0.05875,0.0675,0.02375,0.0625,0.0,0.08732876712328767,0.04125,0.6001712328767124,1
0.0425,0.0725,0.0625,0.0325,0.0625,0.0,0.08732876712328767,0.0275,0.6126712328767123,1
0.06875,0.05625,0.0725,0.03125,0.0625,0.0,0.0839041095890411,0.0275,0.5973458904109589,1
0.05,0.0825,0.0425,0.02625,0.0625,0.0,0.08904109589041097,0.0325,0.614708904109589,1
0.0525,0.02625,0.07375,0.0375,0.0625,0.0,0.08047945205479452,0.03375,0.6332705479452054,1
0.075,0.06,0.0575,0.04,0.0625,0.0,0.06849315068493152,0.04125,0.5952568493150685,2
0.08,0.055,0.06375,0.04375,0.0625,0.0,0.09075342465753425,0.0275,0.5767465753424657,2
0.04375,0.05,0.055,0.03125,0.0625,0.0,0.09075342465753425,0.07125,0.5954965753424657,1
0.06875,0.0475,0.08,0.0525,0.0625,0.0,0.08047945205479452,0.0275,0.5807705479452054,0
0.05625,0.05375,0.0625,0.03125,0.0625,0.0,0.08047945205479452,0.0275,0.6257705479452055,0
0.05875,0.06625,0.06,0.06375,0.0625,0.0,0.09246575342465754,0.0275,0.5687842465753423,0
0.05625,0.06125,0.07125,0.03125,0.0625,0.0,0.0821917808219178,0.0275,0.6078082191780823,1
0.05625,0.065,0.0625,0.015,0.0625,0.0,0.10273972602739725,0.0275,0.6085102739726027,2
0.07,0.06375,0.04,0.06125,0.0625,0.0,0.0821917808219178,0.0275,0.5928082191780821,1
0.04625,0.0725,0.0625,0.0275,0.0625,0.0,0.08047945205479452,0.0275,0.6207705479452055,1
0.05875,0.05625,0.06375,0.04125,0.0625,0.0,0.07876712328767124,0.0325,0.6062328767123288,1
0.0625,0.045,0.08,0.04625,0.0625,0.0,0.06335616438356165,0.04125,0.5991438356164384,1
0.05375,0.055,0.08,0.02375,0.0625,0.0,0.06506849315068493,0.04125,0.618681506849315,1
0.0475,0.05,0.07375,0.03125,0.0625,0.0,0.07534246575342465,0.0275,0.6321575342465753,2
0.04875,0.04875,0.07375,0.03125,0.0625,0.0,0.07705479452054795,0.0275,0.630445205479452,2
0.0675,0.06875,0.07,0.0175,0.0625,0.0,0.08561643835616438,0.03125,0.5968835616438356,2
0.05625,0.0625,0.07125,0.03625,0.0625,0.0,0.07534246575342465,0.01375,0.6221575342465753,2
0.05625,0.0625,0.07125,0.03625,0.0625,0.0,0.07534246575342465,0.01375,0.6221575342465753,2
0.07625,0.0475,0.07125,0.045,0.0625,0.0,0.07534246575342465,0.02625,0.5959075342465754,2
0.07625,0.0475,0.07125,0.045,0.0625,0.0,0.07534246575342465,0.02625,0.5959075342465754,2
0.05375,0.04125,0.0675,0.04625,0.0625,0.0,0.06506849315068493,0.02,0.6436815068493151,2
0.05375,0.04125,0.0675,0.04625,0.0625,0.0,0.06506849315068493,0.02,0.6436815068493151,2
0.06375,0.04875,0.0725,0.02375,0.0625,0.0,0.08047945205479452,0.0275,0.6207705479452055,2
0.09,0.06375,0.065,0.01,0.0625,0.0,0.09246575342465754,0.0275,0.5887842465753423,1
0.04375,0.05125,0.06625,0.03375,0.0625,0.0,0.08047945205479452,0.03625,0.6257705479452055,1
0.07,0.06125,0.0675,0.01875,0.0625,0.0,0.08561643835616438,0.04375,0.5906335616438356,1
0.07125,0.04625,0.05375,0.03375,0.0625,0.0,0.09075342465753425,0.035,0.6067465753424658,1
0.07125,0.06125,0.07625,0.0325,0.0625,0.0,0.08904109589041097,0.0275,0.5797089041095891,1
0.06,0.05625,0.07875,0.02375,0.0625,0.0,0.09931506849315068,0.0275,0.5919349315068493,1
0.0425,0.06,0.05875,0.02375,0.0625,0.0,0.08561643835616438,0.0375,0.6293835616438357,1
0.0675,0.07125,0.06875,0.0225,0.0625,0.0,0.08561643835616438,0.0275,0.5943835616438355,1
0.0475,0.055,0.06875,0.055,0.0625,0.0,0.08047945205479452,0.06375,0.5670205479452055,1
0.05,0.0375,0.07125,0.01625,0.0625,0.0,0.07876712328767124,0.0275,0.6562328767123287,1
0.03375,0.03875,0.06875,0.01625,0.0625,0.0,0.08561643835616438,0.0275,0.6668835616438356,1
0.065,0.0575,0.07,0.03125,0.0625,0.0,0.08904109589041097,0.0275,0.5972089041095889,1
0.055,0.0625,0.06875,0.03,0.0625,0.0,0.0821917808219178,0.0275,0.6115582191780822,1
0.0425,0.05875,0.06,0.04,0.0625,0.0,0.07191780821917808,0.0275,0.6368321917808218,1
0.0625,0.07,0.07875,0.03125,0.0625,0.0,0.07191780821917808,0.0275,0.595582191780822,1
0.0575,0.06625,0.05875,0.04625,0.0625,0.0,0.08732876712328767,0.045,0.5764212328767123,1
0.03875,0.075,0.08125,0.0225,0.0625,0.0,0.07876712328767124,0.0275,0.6137328767123287,1
0.07125,0.0525,0.07875,0.0275,0.0625,0.0,0.11643835616438357,0.04,0.5510616438356164,1
0.04625,0.05625,0.06625,0.0175,0.0625,0.0,0.0839041095890411,0.0275,0.6398458904109589,1
0.0475,0.0475,0.0675,0.03,0.0625,0.0,0.09246575342465754,0.0275,0.6250342465753425,1
0.045,0.06125,0.06875,0.02625,0.0625,0.0,0.09417808219178084,0.04125,0.6008219178082191,1
0.03625,0.05,0.0625,0.02,0.0625,0.0,0.08732876712328767,0.0425,0.6389212328767124,1
0.04625,0.0375,0.06375,0.01875,0.0625,0.0,0.09931506849315068,0.0325,0.6394349315068494,1
0.04375,0.04125,0.06,0.0525,0.0625,0.0,0.08047945205479452,0.05375,0.6057705479452055,2
0.0575,0.04375,0.08625,0.0225,0.0625,0.0,0.05136986301369863,0.03125,0.6448801369863014,2
0.0575,0.04375,0.08625,0.0225,0.0625,0.0,0.05136986301369863,0.03125,0.6448801369863014,2
0.07125,0.05375,0.065,0.0375,0.0625,0.0,0.06335616438356165,0.01375,0.6328938356164384,2
0.07125,0.05375,0.065,0.0375,0.0625,0.0,0.06335616438356165,0.01375,0.6328938356164384,2
0.07375,0.06375,0.06,0.015,0.0625,0.0,0.09246575342465754,0.03875,0.5937842465753425,2
0.07375,0.06375,0.06,0.015,0.0625,0.0,0.09246575342465754,0.03875,0.5937842465753425,2
0.07625,0.06625,0.07375,0.02125,0.0625,0.0,0.07534246575342465,0.035,0.5896575342465753,2
0.07625,0.06,0.07,0.02375,0.0625,0.0,0.09075342465753425,0.03875,0.5779965753424658,2
0.07625,0.06,0.07,0.02375,0.0625,0.0,0.09075342465753425,0.03875,0.5779965753424658,2
0.055,0.07,0.065,0.0225,0.0625,0.0,0.08561643835616438,0.01375,0.6256335616438355,2
0.045,0.07,0.065,0.0225,0.0625,0.0,0.07705479452054795,0.02,0.637945205479452,2
0.04625,0.055,0.08,0.06,0.0625,0.0,0.06164383561643835,0.03375,0.6008561643835617,2
0.09,0.04625,0.07875,0.0475,0.0625,0.0,0.06849315068493152,0.0175,0.5890068493150685,2
0.09,0.04625,0.07875,0.0475,0.0625,0.0,0.06849315068493152,0.0175,0.5890068493150685,2
0.055,0.045,0.08,0.05625,0.0625,0.0,0.09075342465753425,0.01375,0.5967465753424659,2
0.0725,0.05625,0.06875,0.03375,0.0625,0.0,0.0821917808219178,0.01375,0.6103082191780822,2
0.07875,0.08,0.05625,0.0325,0.0625,0.0,0.07363013698630137,0.0275,0.5888698630136986,2
0.07875,0.08,0.05625,0.0325,0.0625,0.0,0.07363013698630137,0.0275,0.5888698630136986,2
0.05375,0.04125,0.08375,0.015,0.0625,0.0,0.07705479452054795,0.02875,0.6379452054794521,2
0.05375,0.04125,0.08375,0.015,0.0625,0.0,0.07363013698630137,0.02875,0.6413698630136986,2
0.0725,0.055,0.0625,0.0325,0.0625,0.0,0.08904109589041097,0.0275,0.5984589041095889,2
0.0475,0.05375,0.06625,0.0275,0.0625,0.0,0.0821917808219178,0.01375,0.6465582191780822,2
0.05,0.05625,0.07625,0.03625,0.0625,0.0,0.07534246575342465,0.0275,0.6159075342465754,2
0.05,0.05625,0.07625,0.03625,0.0625,0.0,0.07534246575342465,0.0275,0.6159075342465754,2
0.0425,0.0425,0.08125,0.05,0.0625,0.0,0.05479452054794521,0.02,0.6464554794520547,2
0.0425,0.0425,0.08125,0.05,0.0625,0.0,0.05479452054794521,0.02,0.6464554794520547,2
0.05375,0.0275,0.09875,0.09875,0.0625,0.0,0.03767123287671233,0.0,0.6210787671232877,2
0.04375,0.02625,0.125,0.1,0.0625,0.0,0.022260273972602742,0.00125,0.6189897260273973,2
0.04375,0.02625,0.125,0.1,0.0625,0.0,0.022260273972602742,0.00125,0.6189897260273973,2
0.07,0.04375,0.05875,0.05125,0.0625,0.0,0.08561643835616438,0.0275,0.6006335616438356,2
0.07,0.04375,0.05875,0.04375,0.0625,0.0,0.08904109589041097,0.0275,0.604708904109589,2
0.0675,0.055,0.06875,0.06,0.0625,0.0,0.08047945205479452,0.0275,0.5782705479452055,2
0.04375,0.04875,0.07,0.025,0.0625,0.0,0.0839041095890411,0.05125,0.6148458904109588,2
0.06,0.0575,0.0725,0.02,0.0625,0.0,0.07705479452054795,0.0275,0.622945205479452,2
0.06,0.06875,0.06,0.0125,0.0625,0.0,0.09417808219178084,0.0275,0.6145719178082192,2
0.0825,0.075,0.065,0.02375,0.0625,0.0,0.11815068493150685,0.0275,0.5455993150684932,2
0.08625,0.0675,0.06875,0.02875,0.0625,0.0,0.125,0.0275,0.53375,2
0.09125,0.075,0.05875,0.025,0.0625,0.0,0.1232876712328767,0.0275,0.5367123287671233,2
0.0975,0.1025,0.07,0.02625,0.0625,0.0,0.11815068493150685,0.0275,0.4955993150684932,2
0.0525,0.06125,0.06125,0.045,0.0625,0.0,0.09760273972602738,0.0325,0.5873972602739727,0
0.055,0.0775,0.06625,0.03375,0.0625,0.0,0.0839041095890411,0.0275,0.5935958904109588,1
0.07,0.07625,0.065,0.02375,0.0625,0.0,0.08904109589041097,0.04,0.573458904109589,1
0.05875,0.07,0.0575,0.0625,0.0625,0.0,0.08732876712328767,0.0275,0.5739212328767123,0
0.0575,0.04125,0.05625,0.0275,0.0625,0.0,0.0702054794520548,0.04625,0.6385445205479452,2
0.065,0.05375,0.07625,0.0275,0.0625,0.0,0.07705479452054795,0.0275,0.610445205479452,2
0.065,0.05375,0.07625,0.0275,0.0625,0.0,0.07705479452054795,0.0275,0.610445205479452,2
0.04,0.055,0.0675,0.02625,0.0625,0.0,0.06849315068493152,0.02375,0.6565068493150685,2
0.04,0.055,0.0675,0.02625,0.0625,0.0,0.06849315068493152,0.02375,0.6565068493150685,2
0.06,0.05125,0.065,0.04125,0.0625,0.0,0.08732876712328767,0.0325,0.6001712328767123,2
0.0575,0.04875,0.0675,0.0275,0.0625,0.0,0.0821917808219178,0.03125,0.6228082191780822,2
0.0575,0.04875,0.0675,0.0275,0.0625,0.0,0.0821917808219178,0.03125,0.6228082191780822,2
0.0525,0.0625,0.08,0.01625,0.0625,0.0,0.0839041095890411,0.0275,0.6148458904109588,2
0.0575,0.0675,0.07375,0.05125,0.0625,0.0,0.09075342465753425,0.02625,0.5704965753424658,2
0.0575,0.0675,0.07375,0.05125,0.0625,0.0,0.09075342465753425,0.02625,0.5704965753424658,2
0.04875,0.08125,0.07125,0.02375,0.0625,0.0,0.07534246575342465,0.03125,0.6059075342465754,2
0.04875,0.08125,0.07125,0.02375,0.0625,0.0,0.07363013698630137,0.03125,0.6076198630136986,2
0.0475,0.0625,0.065,0.055,0.0625,0.0,0.09246575342465754,0.01375,0.6012842465753425,2
0.0475,0.0625,0.065,0.055,0.0625,0.0,0.09246575342465754,0.01375,0.6012842465753425,2
0.06375,0.065,0.0725,0.02125,0.0625,0.0,0.08047945205479452,0.035,0.5995205479452055,2
0.07125,0.06,0.0675,0.0275,0.0625,0.0,0.08561643835616438,0.01375,0.6118835616438356,2
0.0625,0.0625,0.0775,0.02875,0.0625,0.0,0.059931506849315065,0.01375,0.632568493150685,2
0.05125,0.06125,0.08125,0.035,0.0625,0.0,0.10102739726027397,0.07125,0.536472602739726,2
0.06625,0.07125,0.075,0.045,0.0625,0.0,0.08561643835616438,0.0275,0.5668835616438356,2
0.06625,0.07125,0.075,0.045,0.0625,0.0,0.08561643835616438,0.0275,0.5668835616438356,2
0.04625,0.0375,0.0775,0.05375,0.0625,0.0,0.07534246575342465,0.04875,0.5984075342465753,2
0.04625,0.0375,0.0775,0.05375,0.0625,0.0,0.07534246575342465,0.04875,0.5984075342465753,2
0.075,0.07125,0.065,0.0175,0.0625,0.0,0.07876712328767124,0.06,0.5699828767123287,1
0.0525,0.0475,0.065,0.03625,0.0625,0.0,0.07191780821917808,0.0275,0.6368321917808218,1
0.05125,0.0575,0.0725,0.01,0.0625,0.0,0.08732876712328767,0.035,0.6239212328767123,1
0.06125,0.05,0.0725,0.02875,0.0625,0.0,0.08047945205479452,0.03375,0.6107705479452055,2
0.04625,0.04625,0.06375,0.0475,0.0625,0.0,0.07534246575342465,0.0275,0.6309075342465753,2
0.07125,0.0625,0.05,0.01,0.0625,0.0,0.08047945205479452,0.0275,0.6357705479452055,6
0.06375,0.05,0.0625,0.035,0.0625,0.0,0.0821917808219178,0.03375,0.6103082191780822,2
0.0425,0.03125,0.06875,0.035,0.0625,0.0,0.08732876712328767,0.06125,0.6114212328767124,2
0.09625,0.1075,0.055,0.03375,0.0625,0.0,0.0821917808219178,0.0275,0.5353082191780822,3
0.07375,0.0675,0.06625,0.0175,0.0625,0.0,0.0821917808219178,0.0275,0.6028082191780821,2
0.0625,0.06,0.06,0.02875,0.0625,0.0,0.09075342465753425,0.085,0.5504965753424658,2
0.04875,0.125,0.0475,0.05125,0.0625,0.0,0.08561643835616438,0.03375,0.5456335616438356,0
0.07,0.0525,0.065,0.0175,0.0625,0.0,0.08732876712328767,0.0275,0.6176712328767122,2
0.04875,0.0575,0.04125,0.0225,0.0625,0.0,0.09075342465753425,0.0275,0.6492465753424657,6
0.065,0.0675,0.05875,0.06125,0.0625,0.0,0.09246575342465754,0.0275,0.5650342465753424,0
0.0575,0.06125,0.06875,0.0225,0.0625,0.0,0.09589041095890412,0.0275,0.6041095890410959,1
0.07,0.08125,0.06125,0.07,0.0625,0.0,0.0839041095890411,0.0275,0.5435958904109589,0
0.06625,0.06375,0.06875,0.07125,0.0625,0.0,0.07876712328767124,0.0275,0.5612328767123287,0
0.0675,0.08,0.05,0.07,0.0625,0.0,0.08732876712328767,0.0275,0.5551712328767122,0
0.05875,0.0725,0.05875,0.065,0.0625,0.0,0.09246575342465754,0.0275,0.5625342465753425,0
0.0575,0.0525,0.06375,0.02,0.0625,0.0,0.09589041095890412,0.0275,0.6203595890410959,2
0.075,0.06375,0.06125,0.0225,0.0625,0.0,0.09075342465753425,0.0475,0.5767465753424658,2
0.10625,0.0825,0.06125,0.0225,0.0625,0.0,0.08732876712328767,0.0275,0.5501712328767123,3
0.06875,0.065,0.055,0.025,0.0625,0.0,0.09589041095890412,0.0275,0.6003595890410959,5
0.06125,0.0475,0.07,0.01125,0.0625,0.0,0.07876712328767124,0.0275,0.6412328767123288,2
0.0475,0.05,0.06625,0.015,0.0625,0.0,0.09417808219178084,0.0275,0.6370719178082191,2
0.06875,0.06875,0.065,0.01625,0.0625,0.0,0.09075342465753425,0.03125,0.5967465753424658,2
0.0575,0.055,0.0725,0.02125,0.0625,0.0,0.09417808219178084,0.0275,0.6095719178082191,2
0.0425,0.0575,0.065,0.02375,0.0625,0.0,0.09075342465753425,0.0325,0.6254965753424658,2
0.0725,0.07,0.0575,0.0175,0.0625,0.0,0.08732876712328767,0.0275,0.6051712328767123,2
0.0575,0.05875,0.055,0.0225,0.125,0.0,0.07876712328767124,0.0275,0.5749828767123288,5
0.055,0.08875,0.0625,0.02625,0.0625,0.0,0.09246575342465754,0.03375,0.5787842465753426,2
0.07,0.06125,0.04,0.0275,0.0625,0.0,0.08561643835616438,0.0275,0.6256335616438355,5
0.05125,0.06125,0.05875,0.01125,0.0625,0.0,0.0839041095890411,0.0275,0.6435958904109589,2
0.055,0.06375,0.06625,0.0375,0.0625,0.0,0.09075342465753425,0.0275,0.5967465753424657,2
0.0675,0.06375,0.07,0.01875,0.0625,0.0,0.09246575342465754,0.03875,0.5862842465753424,2
0.06375,0.06375,0.04,0.03375,0.0625,0.0,0.09246575342465754,0.0275,0.6162842465753424,6
0.0575,0.0475,0.06375,0.025,0.0625,0.0,0.08732876712328767,0.0275,0.6289212328767123,2
0.06875,0.09,0.04375,0.0325,0.0625,0.0,0.0839041095890411,0.0275,0.5910958904109589,6
0.0675,0.055,0.04375,0.02375,0.0625,0.0,0.08732876712328767,0.03375,0.6264212328767123,6
0.08125,0.0825,0.04625,0.015,0.0625,0.0,0.08904109589041097,0.03375,0.589708904109589,6
0.05125,0.05,0.07,0.02125,0.0625,0.0,0.09589041095890412,0.0275,0.6216095890410959,2
0.04875,0.08875,0.0475,0.0175,0.0625,0.0,0.08561643835616438,0.0275,0.6218835616438356,5
0.04625,0.0525,0.0575,0.01875,0.0625,0.0,0.08732876712328767,0.03875,0.6364212328767123,5
0.07375,0.06875,0.07125,0.0225,0.0625,0.0,0.08732876712328767,0.0275,0.5864212328767123,2
0.06,0.06375,0.0625,0.03,0.0625,0.0,0.09246575342465754,0.0475,0.5812842465753425,2
0.04875,0.0375,0.07875,0.025,0.0625,0.0,0.07363013698630137,0.05875,0.6151198630136987,2
0.05875,0.065,0.0675,0.03125,0.0625,0.0,0.09246575342465754,0.03625,0.5862842465753424,0
0.09625,0.1025,0.05,0.045,0.0625,0.0,0.06506849315068493,0.0275,0.5511815068493151,3
0.065,0.06875,0.04875,0.01125,0.125,0.0,0.09417808219178084,0.03125,0.5558219178082192,6
0.0525,0.035,0.04125,0.02875,0.0625,0.0,0.06678082191780822,0.0325,0.6807191780821917,6
0.05875,0.04625,0.0575,0.035,0.0625,0.0,0.08904109589041097,0.12375,0.527208904109589,1
0.06,0.0625,0.05875,0.03625,0.0625,0.0,0.07876712328767124,0.03375,0.6074828767123288,1
0.0375,0.04125,0.06875,0.015,0.0625,0.0,0.09075342465753425,0.0475,0.6367465753424657,2
0.06125,0.06125,0.065,0.0225,0.0625,0.0,0.08732876712328767,0.03125,0.6089212328767124,1
0.0675,0.07375,0.07125,0.0425,0.0625,0.0,0.0839041095890411,0.0275,0.5710958904109589,1
0.0875,0.0975,0.06625,0.03,0.0625,0.0,0.0821917808219178,0.0275,0.5465582191780822,7
0.10625,0.08625,0.0425,0.03875,0.0625,0.0,0.09760273972602738,0.0375,0.5286472602739727,3
0.07,0.07375,0.05625,0.01875,0.0625,0.0,0.09246575342465754,0.0275,0.5987842465753423,0
0.05875,0.07,0.06625,0.055,0.0625,0.0,0.09075342465753425,0.0275,0.5692465753424658,0
0.06625,0.06125,0.05875,0.02625,0.0625,0.0,0.09075342465753425,0.0275,0.6067465753424657,2
0.0875,0.07125,0.0425,0.02375,0.0625,0.0,0.09075342465753425,0.03375,0.5879965753424659,5
0.0525,0.05375,0.08375,0.0875,0.0625,0.0,0.07191780821917808,0.03125,0.5568321917808219,2
0.05875,0.055,0.06625,0.0225,0.0625,0.0,0.08047945205479452,0.03625,0.6182705479452055,1
0.05,0.06125,0.06625,0.02875,0.0625,0.0,0.07534246575342465,0.0325,0.6234075342465754,1
0.05625,0.08125,0.06375,0.02125,0.0625,0.0,0.0839041095890411,0.0275,0.6035958904109588,1
0.0525,0.0525,0.06875,0.03875,0.0625,0.0,0.07363013698630137,0.0275,0.6238698630136985,1
0.05625,0.05125,0.06625,0.06125,0.0625,0.0,0.0839041095890411,0.03875,0.5798458904109589,1
0.0525,0.035,0.06125,0.0275,0.0625,0.0,0.09417808219178084,0.0425,0.6245719178082192,1
0.05875,0.0625,0.05875,0.0275,0.0625,0.0,0.09075342465753425,0.05625,0.5829965753424657,1
0.04125,0.0525,0.06875,0.02875,0.0625,0.0,0.08904109589041097,0.05375,0.603458904109589,1
0.07,0.06875,0.07125,0.01875,0.0625,0.0,0.09246575342465754,0.03125,0.5850342465753424,2
0.04625,0.05875,0.06125,0.015,0.0625,0.0,0.08047945205479452,0.03875,0.6370205479452055,1
0.04,0.075,0.06,0.01625,0.0625,0.0,0.09075342465753425,0.0275,0.6279965753424657,1
0.0475,0.0525,0.03875,0.04375,0.0625,0.0,0.08904109589041097,0.0275,0.6384589041095889,6
0.0575,0.07,0.07,0.03125,0.0625,0.0,0.07363013698630137,0.0275,0.6076198630136986,1
0.05875,0.06875,0.07125,0.02125,0.0625,0.0,0.08904109589041097,0.0825,0.545958904109589,1
0.04625,0.06875,0.065,0.01625,0.0625,0.0,0.07191780821917808,0.1,0.569332191780822,2
0.0575,0.06,0.0475,0.0275,0.0625,0.0,0.06678082191780822,0.05625,0.6219691780821918,6
0.1,0.08625,0.06625,0.04125,0.0625,0.0,0.08732876712328767,0.0275,0.5289212328767123,5
0.065,0.08125,0.045,0.04625,0.0625,0.0,0.08904109589041097,0.0425,0.5684589041095891,6
0.02375,0.02,0.085,0.045,0.0625,0.0,0.0839041095890411,0.02625,0.6535958904109589,1
0.08,0.03875,0.06625,0.01875,0.0625,0.0,0.09075342465753425,0.03875,0.6042465753424657,2
0.05,0.05375,0.045,0.04125,0.0625,0.0,0.08732876712328767,0.0275,0.6326712328767123,6
0.05875,0.07,0.06375,0.025,0.0625,0.0,0.08904109589041097,0.07375,0.557208904109589,1
0.05,0.09375,0.055,0.015,0.0625,0.0,0.0839041095890411,0.0275,0.6123458904109589,1
0.06,0.06875,0.0725,0.0225,0.0625,0.0,0.06506849315068493,0.08625,0.5624315068493151,1
0.07125,0.06375,0.0425,0.01625,0.0625,0.0,0.09075342465753425,0.03375,0.6192465753424656,0
0.02875,0.04625,0.04,0.01625,0.0625,0.0,0.09075342465753425,0.0275,0.6879965753424657,0
0.0675,0.0625,0.06375,0.0325,0.0625,0.0,0.08904109589041097,0.0275,0.594708904109589,2
0.075,0.08,0.07,0.045,0.0625,0.0,0.07876712328767124,0.03375,0.5549828767123288,2
0.03375,0.05125,0.03,0.025,0.0625,0.0,0.0839041095890411,0.0275,0.6860958904109589,6
0.03125,0.04375,0.0275,0.0225,0.0625,0.0,0.07876712328767124,0.0275,0.7062328767123287,6
0.04875,0.05625,0.06375,0.03625,0.0625,0.0,0.09246575342465754,0.0275,0.6125342465753425,2
0.04125,0.05875,0.06875,0.03,0.0625,0.0,0.07705479452054795,0.08375,0.577945205479452,1
0.04625,0.05,0.0475,0.0225,0.0625,0.0,0.08732876712328767,0.0275,0.6564212328767123,6
0.05375,0.05875,0.05875,0.0225,0.0625,0.0,0.08047945205479452,0.0275,0.6357705479452055,2
0.0825,0.05375,0.07125,0.075,0.0625,0.0,0.032534246575342464,0.04125,0.5812157534246575,1
0.06875,0.05,0.0775,0.0275,0.0625,0.0,0.06335616438356165,0.035,0.6153938356164383,1
0.04125,0.0575,0.075,0.0225,0.0625,0.0,0.08732876712328767,0.0325,0.6214212328767122,1
0.06375,0.0625,0.0675,0.01375,0.0625,0.0,0.10273972602739725,0.0275,0.5997602739726027,1
0.0675,0.075,0.07125,0.02125,0.0625,0.0,0.07534246575342465,0.0275,0.5996575342465753,1
0.05625,0.07125,0.0475,0.035,0.0625,0.0,0.09075342465753425,0.03875,0.5979965753424659,6
0.06875,0.07125,0.06375,0.00875,0.0625,0.0,0.09417808219178084,0.0275,0.6033219178082192,2
0.0675,0.05875,0.0725,0.05,0.0625,0.0,0.07876712328767124,0.03375,0.5762328767123288,0
0.045,0.04,0.06875,0.03375,0.0625,0.0,0.08047945205479452,0.05375,0.6157705479452055,1
0.0575,0.05125,0.05625,0.02875,0.0625,0.0,0.0821917808219178,0.0275,0.6340582191780821,1
0.05,0.04875,0.075,0.02875,0.0625,0.0,0.08904109589041097,0.03875,0.6072089041095889,1
0.065,0.05875,0.0725,0.0225,0.0625,0.0,0.058219178082191785,0.01375,0.6467808219178082,2
0.065,0.05875,0.0725,0.0225,0.0625,0.0,0.058219178082191785,0.01375,0.6467808219178082,2
0.0625,0.05625,0.06375,0.02375,0.0625,0.0,0.09075342465753425,0.03125,0.6092465753424657,2
0.07125,0.06875,0.06375,0.0225,0.0625,0.0,0.08732876712328767,0.05375,0.5701712328767123,1
0.055,0.05375,0.0575,0.035,0.0625,0.0,0.07705479452054795,0.03625,0.622945205479452,1
0.0575,0.0625,0.0625,0.035,0.0625,0.0,0.08561643835616438,0.04625,0.5881335616438356,1
0.0825,0.08125,0.0675,0.05,0.0625,0.0,0.08732876712328767,0.0275,0.5414212328767123,4
0.09625,0.09125,0.06125,0.0575,0.0625,0.0,0.06506849315068493,0.0275,0.538681506849315,4
0.0475,0.0725,0.0575,0.02625,0.0625,0.0,0.08904109589041097,0.0275,0.617208904109589,1
0.04,0.085,0.06375,0.02,0.0625,0.125,0.09417808219178084,0.0275,0.48207191780821923,8
0.03375,0.0575,0.065,0.02125,0.0625,0.0,0.0839041095890411,0.055,0.6210958904109589,1
0.065,0.05625,0.05625,0.01625,0.0625,0.0,0.0821917808219178,0.0275,0.6340582191780821,1
0.04625,0.03625,0.05625,0.01875,0.0625,0.0,0.0839041095890411,0.0275,0.6685958904109589,1
0.04625,0.06,0.08375,0.04625,0.0625,0.0,0.09589041095890412,0.0775,0.5278595890410959,1
0.055,0.07375,0.0675,0.0225,0.0625,0.0,0.0839041095890411,0.0275,0.6073458904109589,1
0.06,0.08125,0.045,0.03,0.0625,0.0,0.09246575342465754,0.03875,0.5900342465753425,1
0.07375,0.06125,0.05625,0.0275,0.0625,0.0,0.07705479452054795,0.03875,0.602945205479452,1
0.09125,0.065,0.07375,0.03125,0.0625,0.0,0.08732876712328767,0.0275,0.5614212328767123,1
0.0625,0.05375,0.0625,0.02125,0.0625,0.0,0.07876712328767124,0.05875,0.5999828767123289,1
0.02875,0.01625,0.06375,0.02,0.0625,0.0,0.09075342465753425,0.06375,0.6542465753424658,1
0.06125,0.075,0.0675,0.04375,0.0625,0.0,0.09075342465753425,0.0575,0.5417465753424657,1
0.065,0.03875,0.07,0.02,0.0625,0.0,0.09417808219178084,0.0275,0.6220719178082192,1
0.06125,0.06,0.06375,0.02625,0.0625,0.0,0.09075342465753425,0.0275,0.6079965753424657,1
0.06125,0.075,0.0525,0.0225,0.0625,0.0,0.09931506849315068,0.035,0.5919349315068494,1
0.075,0.0775,0.0675,0.01375,0.0625,0.0,0.08732876712328767,0.0275,0.5889212328767123,1
0.06875,0.05875,0.06625,0.025,0.0625,0.0,0.06849315068493152,0.0275,0.6227568493150685,1
0.05875,0.04,0.06375,0.03,0.0625,0.0,0.09246575342465754,0.03375,0.6187842465753424,1
0.06625,0.03125,0.07375,0.03375,0.0625,0.0,0.07705479452054795,0.0325,0.6229452054794521,1
0.03875,0.0625,0.0675,0.04,0.0625,0.0,0.09075342465753425,0.03875,0.5992465753424658,1
0.03125,0.04125,0.06,0.0225,0.0625,0.0,0.07191780821917808,0.04125,0.6693321917808219,1
0.06875,0.0575,0.05875,0.01875,0.0625,0.0,0.08047945205479452,0.0275,0.6257705479452055,6
0.07625,0.0625,0.07625,0.02625,0.0625,0.0,0.09417808219178084,0.0675,0.5345719178082192,2
0.0625,0.065,0.06375,0.0275,0.0625,0.0,0.07876712328767124,0.04625,0.5937328767123288,2
0.0775,0.04125,0.06125,0.03,0.0625,0.0,0.08732876712328767,0.0525,0.5876712328767124,2
0.07,0.065,0.0575,0.02125,0.0625,0.0,0.0839041095890411,0.09125,0.5485958904109589,2
0.065,0.07,0.06875,0.02,0.0625,0.0,0.09075342465753425,0.04875,0.5742465753424657,2
0.06625,0.06,0.06375,0.0225,0.0625,0.0,0.08904109589041097,0.03375,0.602208904109589,2
0.06375,0.06,0.06375,0.02375,0.0625,0.0,0.08732876712328767,0.03375,0.6051712328767123,2
0.06375,0.06,0.06375,0.0325,0.0625,0.0,0.08732876712328767,0.03375,0.5964212328767123,2
0.06625,0.06,0.06375,0.0225,0.0625,0.0,0.08732876712328767,0.03375,0.6039212328767123,2
0.075,0.0575,0.06375,0.0125,0.0625,0.0,0.0821917808219178,0.03875,0.6078082191780823,2
0.075,0.0575,0.06375,0.0125,0.0625,0.0,0.0821917808219178,0.03875,0.6078082191780823,2
0.055,0.04875,0.07875,0.01375,0.0625,0.0,0.0839041095890411,0.0325,0.6248458904109588,1
0.06375,0.0625,0.06125,0.05625,0.0625,0.0,0.0821917808219178,0.0275,0.5840582191780821,0
0.05625,0.05625,0.06375,0.0375,0.0625,0.0,0.0821917808219178,0.055,0.5865582191780823,2
0.0475,0.0525,0.05875,0.015,0.0625,0.0,0.08047945205479452,0.06625,0.6170205479452054,1
0.02375,0.0825,0.075,0.0175,0.0625,0.0,0.03424657534246576,0.03125,0.6732534246575341,1
0.05125,0.0525,0.02875,0.02,0.0625,0.0,0.06849315068493152,0.0275,0.6890068493150685,6
0.03125,0.0525,0.02625,0.0175,0.0625,0.0,0.0702054794520548,0.0275,0.7122945205479452,6
0.0875,0.0725,0.06625,0.04875,0.0625,0.0,0.10102739726027397,0.0275,0.533972602739726,4
0.06125,0.03875,0.05375,0.03,0.0625,0.0,0.09246575342465754,0.0275,0.6337842465753425,6
0.0575,0.05125,0.05375,0.0225,0.0625,0.0,0.09246575342465754,0.0275,0.6325342465753425,6
0.10375,0.10125,0.05625,0.0475,0.0625,0.0,0.06849315068493152,0.0325,0.5277568493150685,4
0.0475,0.06375,0.07,0.02625,0.0625,0.0,0.0821917808219178,0.03875,0.6090582191780822,1
0.04,0.045,0.035,0.0475,0.0625,0.0,0.08561643835616438,0.05,0.6343835616438356,6
0.05,0.08125,0.0475,0.02125,0.0625,0.0,0.09760273972602738,0.0275,0.6123972602739726,6
0.045,0.04625,0.07875,0.03125,0.0625,0.0,0.05136986301369863,0.0275,0.6573801369863014,2
0.06125,0.06875,0.05125,0.02375,0.0625,0.0,0.0821917808219178,0.03875,0.6115582191780822,6
0.0375,0.05625,0.06875,0.02375,0.0625,0.0,0.09075342465753425,0.05,0.6104965753424658,2
0.11,0.09,0.04,0.0375,0.0625,0.0,0.08904109589041097,0.04125,0.529708904109589,3
0.055,0.05,0.06625,0.02375,0.0625,0.0,0.0821917808219178,0.03375,0.6265582191780822,2
0.05625,0.07125,0.065,0.02625,0.0625,0.0,0.09246575342465754,0.0475,0.5787842465753424,1
0.0575,0.07625,0.0475,0.04375,0.0625,0.0,0.0839041095890411,0.0275,0.6010958904109589,6
0.06875,0.05125,0.08375,0.07625,0.0625,0.0,0.0839041095890411,0.0175,0.556095890410959,0
0.035,0.0225,0.09,0.0325,0.0625,0.0,0.0839041095890411,0.03125,0.6423458904109589,0
0.0825,0.08125,0.06625,0.02125,0.0625,0.0,0.08047945205479452,0.0825,0.5232705479452054,1
0.045,0.0625,0.04875,0.02875,0.0625,0.0,0.08561643835616438,0.0275,0.6393835616438356,6
0.06,0.0675,0.07,0.03625,0.0625,0.0,0.08732876712328767,0.05375,0.5626712328767123,1
0.04125,0.04625,0.06125,0.0275,0.0625,0.0,0.09417808219178084,0.0275,0.6395719178082191,2
0.0725,0.05375,0.04,0.01375,0.0625,0.0,0.0839041095890411,0.0275,0.6460958904109588,7
0.0725,0.08,0.0525,0.0375,0.0625,0.0,0.09246575342465754,0.0275,0.5750342465753424,1
0.0925,0.1025,0.0575,0.03,0.0625,0.0,0.08561643835616438,0.03875,0.5306335616438356,4
0.0925,0.1025,0.0575,0.03,0.0625,0.0,0.0821917808219178,0.0275,0.5453082191780823,4
0.09375,0.095,0.0725,0.0275,0.0625,0.0,0.0839041095890411,0.0275,0.5373458904109589,4
0.0725,0.04625,0.0725,0.02,0.0625,0.0,0.08732876712328767,0.0275,0.6114212328767124,1
0.04875,0.04875,0.08125,0.02,0.0625,0.0,0.07705479452054795,0.0275,0.634195205479452,2
0.06375,0.07375,0.06875,0.02625,0.0625,0.0,0.08904109589041097,0.0275,0.5884589041095889,2
0.05125,0.04375,0.075,0.0275,0.0625,0.0,0.09589041095890412,0.09875,0.5453595890410958,2
0.05375,0.035,0.05125,0.04,0.0625,0.0,0.08904109589041097,0.0275,0.640958904109589,6
0.05125,0.06125,0.06875,0.01625,0.0625,0.0,0.09417808219178084,0.0275,0.6183219178082191,2
0.02875,0.03625,0.0575,0.0,0.0625,0.0,0.07363013698630137,0.03875,0.7026198630136986,2
0.03125,0.06,0.05625,0.04,0.0625,0.0,0.06849315068493152,0.0275,0.6540068493150685,2
0.0475,0.0425,0.06875,0.055,0.0625,0.0,0.0821917808219178,0.0325,0.6090582191780822,2
0.07625,0.0675,0.0675,0.0475,0.0625,0.0,0.09246575342465754,0.03625,0.5500342465753425,0
0.06,0.02125,0.04625,0.04125,0.0625,0.0,0.07534246575342465,0.045,0.6484075342465754,1
0.05875,0.05875,0.0625,0.02375,0.0625,0.0,0.08732876712328767,0.0325,0.6139212328767123,1
0.06875,0.0475,0.065,0.02,0.0625,0.0,0.0839041095890411,0.08,0.5723458904109588,1
0.05125,0.04875,0.07625,0.02125,0.0625,0.0,0.08561643835616438,0.07625,0.5781335616438357,1
0.05125,0.07,0.06625,0.02,0.0625,0.0,0.09417808219178084,0.0325,0.6033219178082192,1
0.0975,0.09125,0.03375,0.035,0.0625,0.0,0.09589041095890412,0.0275,0.5566095890410958,3
0.03875,0.06375,0.0475,0.0225,0.0625,0.0,0.07876712328767124,0.03875,0.6474828767123287,6
0.07875,0.08,0.06125,0.025,0.0625,0.0,0.08904109589041097,0.03125,0.572208904109589,2
0.03875,0.05,0.03875,0.02125,0.0625,0.0,0.08904109589041097,0.0275,0.672208904109589,6
0.055,0.08125,0.06125,0.02,0.0625,0.0,0.0821917808219178,0.03875,0.5990582191780822,1
0.06,0.055,0.0575,0.04625,0.0625,0.0,0.07876712328767124,0.045,0.5949828767123289,2
0.0625,0.06125,0.0575,0.0275,0.0625,0.0,0.09075342465753425,0.03125,0.6067465753424658,2
0.0775,0.0525,0.05875,0.02,0.0625,0.0,0.08904109589041097,0.0275,0.6122089041095891,2
0.0625,0.05625,0.065,0.0225,0.0625,0.0,0.08904109589041097,0.0275,0.614708904109589,2
0.07375,0.06375,0.05875,0.02625,0.0625,0.0,0.08047945205479452,0.0275,0.6070205479452054,2
0.04875,0.05875,0.06125,0.025,0.0625,0.0,0.09075342465753425,0.0325,0.6204965753424658,2
0.06125,0.06,0.065,0.03,0.0625,0.0,0.08561643835616438,0.0275,0.6081335616438356,2
0.07375,0.06,0.06125,0.0525,0.0625,0.0,0.08904109589041097,0.0275,0.573458904109589,2
0.07125,0.04375,0.0625,0.05375,0.0625,0.0,0.09075342465753425,0.0275,0.5879965753424659,2
0.07625,0.065,0.0625,0.055,0.0625,0.0,0.09075342465753425,0.0275,0.5604965753424658,2
0.06125,0.06375,0.065,0.01625,0.0625,0.0,0.08732876712328767,0.04125,0.6026712328767123,1
0.05625,0.05,0.07,0.01875,0.0625,0.0,0.08904109589041097,0.0275,0.625958904109589,1
0.07875,0.05375,0.06,0.01375,0.0625,0.0,0.08732876712328767,0.0275,0.6164212328767122,2
0.07875,0.05375,0.06,0.01375,0.0625,0.0,0.08732876712328767,0.0275,0.6164212328767122,2
0.065,0.05625,0.06625,0.0425,0.0625,0.0,0.08904109589041097,0.055,0.563458904109589,2
0.0675,0.06,0.06875,0.04125,0.0625,0.0,0.09417808219178084,0.05,0.5558219178082191,2
0.06875,0.09875,0.05625,0.03125,0.0625,0.0,0.08732876712328767,0.0275,0.5676712328767123,1
0.0725,0.06375,0.07875,0.025,0.0625,0.0,0.08561643835616438,0.0525,0.5593835616438356,1
0.07875,0.0725,0.07125,0.0125,0.0625,0.0,0.08904109589041097,0.04125,0.572208904109589,1
0.0675,0.08375,0.07,0.01875,0.0625,0.0,0.09760273972602738,0.04125,0.5586472602739726,1
0.05125,0.07375,0.08125,0.0175,0.0625,0.0,0.0839041095890411,0.04125,0.5885958904109589,1
0.05875,0.0475,0.0625,0.01875,0.0625,0.0,0.0839041095890411,0.05875,0.6073458904109589,1
0.04125,0.02125,0.065,0.01625,0.0625,0.0,0.08732876712328767,0.09375,0.6126712328767123,1
0.0525,0.0625,0.07375,0.02125,0.0625,0.0,0.08732876712328767,0.0275,0.6126712328767123,2
0.0675,0.06875,0.06875,0.05,0.0625,0.0,0.09075342465753425,0.0275,0.5642465753424657,2
0.03875,0.03875,0.07125,0.01875,0.0625,0.0,0.08561643835616438,0.0275,0.6568835616438355,2
0.0475,0.0525,0.0625,0.02375,0.0625,0.0,0.07534246575342465,0.0275,0.6484075342465754,2
0.04125,0.045,0.0775,0.0325,0.0625,0.0,0.09417808219178084,0.0275,0.6195719178082191,2
0.0475,0.0525,0.0625,0.02375,0.0625,0.0,0.07534246575342465,0.0275,0.6484075342465754,2
0.05875,0.07,0.0725,0.02375,0.0625,0.0,0.07534246575342465,0.08,0.5571575342465753,2
0.04,0.04,0.065,0.0225,0.0625,0.0,0.0821917808219178,0.0425,0.6453082191780822,2
0.035,0.03375,0.0625,0.0175,0.0625,0.0,0.08561643835616438,0.035,0.6681335616438356,2
0.05125,0.0575,0.07125,0.03125,0.0625,0.0,0.09760273972602738,0.0475,0.5811472602739727,2
0.055,0.0675,0.06375,0.02,0.0625,0.0,0.09931506849315068,0.0275,0.6044349315068493,2
0.055,0.06875,0.06375,0.02,0.0625,0.0,0.10273972602739725,0.0275,0.5997602739726027,2
0.09625,0.0875,0.055,0.03625,0.0625,0.0,0.09589041095890412,0.0275,0.539109589041096,3
0.05,0.07,0.06625,0.01875,0.0625,0.0,0.0839041095890411,0.0275,0.6210958904109589,2
0.09875,0.09875,0.0525,0.0325,0.0625,0.0,0.10273972602739725,0.0275,0.5247602739726027,3
0.1,0.10375,0.05375,0.03,0.0625,0.0,0.09246575342465754,0.0275,0.5300342465753425,3
0.0725,0.06875,0.06375,0.01625,0.0625,0.0,0.08904109589041097,0.0275,0.599708904109589,2
0.06875,0.08625,0.06375,0.015,0.0625,0.0,0.08732876712328767,0.0275,0.5889212328767123,2
0.05875,0.0575,0.06625,0.015,0.0625,0.0,0.08732876712328767,0.03125,0.6214212328767124,1
0.07125,0.03625,0.07875,0.0275,0.0625,0.0,0.0839041095890411,0.03375,0.6060958904109589,1
0.065,0.06125,0.07375,0.02625,0.0625,0.0,0.08047945205479452,0.0275,0.6032705479452054,1
0.05125,0.0525,0.06625,0.02125,0.0625,0.0,0.0821917808219178,0.0725,0.5915582191780822,1
0.05625,0.045,0.0625,0.02375,0.0625,0.0,0.09075342465753425,0.0875,0.5717465753424658,1
0.06625,0.06375,0.0675,0.02625,0.0625,0.0,0.07705479452054795,0.0275,0.609195205479452,1
0.06125,0.0625,0.0525,0.05375,0.0625,0.0,0.08561643835616438,0.045,0.5768835616438357,7
0.055,0.06125,0.06125,0.03375,0.0625,0.0,0.08904109589041097,0.0275,0.609708904109589,2
0.03125,0.0325,0.06625,0.02125,0.0625,0.0,0.07705479452054795,0.0275,0.6816952054794521,2
0.06125,0.0575,0.0675,0.0225,0.0625,0.0,0.059931506849315065,0.0275,0.6413184931506849,2
0.0525,0.04625,0.0675,0.02125,0.0625,0.0,0.08732876712328767,0.0275,0.6351712328767123,2
0.0525,0.05625,0.09375,0.02625,0.0625,0.0,0.0821917808219178,0.0275,0.5990582191780822,2
0.04875,0.05625,0.09375,0.02125,0.0625,0.0,0.08732876712328767,0.0275,0.6026712328767123,2
0.07875,0.0675,0.06625,0.03375,0.0625,0.0,0.0839041095890411,0.0275,0.5798458904109589,2
0.0675,0.05375,0.06,0.03375,0.0625,0.0,0.07534246575342465,0.05125,0.5959075342465754,2
0.05,0.055,0.0625,0.01625,0.0625,0.0,0.08904109589041097,0.04875,0.615958904109589,2
0.06875,0.04875,0.04875,0.05875,0.0625,0.0,0.08561643835616438,0.10375,0.5231335616438356,6
0.07375,0.06,0.05125,0.06625,0.0625,0.0,0.0821917808219178,0.07,0.5340582191780823,6
0.06125,0.0475,0.06125,0.01875,0.0625,0.0,0.09075342465753425,0.03125,0.6267465753424658,1
0.06625,0.05625,0.065,0.03625,0.0625,0.0,0.09417808219178084,0.0475,0.5720719178082192,0
0.0775,0.075,0.0675,0.0275,0.0625,0.0,0.09246575342465754,0.03375,0.5637842465753424,2
0.04125,0.0575,0.06625,0.015,0.0625,0.0,0.08561643835616438,0.03375,0.6381335616438356,2
0.07125,0.045,0.06375,0.03125,0.0625,0.0,0.09246575342465754,0.03125,0.6025342465753425,2
0.05625,0.095,0.06375,0.03125,0.0625,0.0,0.10102739726027397,0.0275,0.5627226027397261,2
0.06,0.055,0.06375,0.03,0.0625,0.0,0.0839041095890411,0.0275,0.6173458904109589,2
0.07375,0.08,0.055,0.0325,0.0625,0.0,0.08561643835616438,0.0275,0.5831335616438356,2
0.09875,0.07,0.06625,0.02375,0.0625,0.0,0.08047945205479452,0.04375,0.5545205479452054,2
0.0625,0.0625,0.06,0.0425,0.0625,0.0,0.08904109589041097,0.03375,0.5872089041095889,1
0.09875,0.0775,0.04375,0.04375,0.0625,0.0,0.10273972602739725,0.035,0.5360102739726027,5
0.065,0.0625,0.075,0.025,0.0625,0.0,0.08904109589041097,0.0275,0.593458904109589,2
0.07375,0.0575,0.07125,0.02125,0.0625,0.0,0.08904109589041097,0.0275,0.5972089041095889,2
0.06625,0.0525,0.06625,0.02375,0.0625,0.0,0.08047945205479452,0.0275,0.6207705479452055,2
0.07375,0.0575,0.06875,0.02125,0.0625,0.0,0.08904109589041097,0.03125,0.595958904109589,2
0.07625,0.09125,0.0625,0.0725,0.0625,0.0,0.08561643835616438,0.0275,0.5218835616438355,0
0.0625,0.05375,0.07,0.02125,0.0625,0.0,0.059931506849315065,0.0275,0.6425684931506849,1
0.045,0.065,0.07625,0.04125,0.0625,0.0,0.08904109589041097,0.04625,0.574708904109589,1
0.0825,0.0675,0.06625,0.02125,0.0625,0.0,0.09246575342465754,0.0275,0.5800342465753423,2
0.065,0.06375,0.06,0.015,0.0625,0.0,0.09246575342465754,0.03875,0.6025342465753425,2
0.07,0.0575,0.06375,0.03125,0.0625,0.0,0.09246575342465754,0.0275,0.5950342465753424,2
0.05875,0.0575,0.06125,0.03375,0.0625,0.0,0.10102739726027397,0.0275,0.597722602739726,2
0.0625,0.0575,0.06125,0.03375,0.0625,0.0,0.10273972602739725,0.0275,0.5922602739726028,2
0.05375,0.06,0.045,0.0325,0.0625,0.0,0.08904109589041097,0.0275,0.6297089041095889,6
0.0625,0.055,0.07125,0.035,0.0625,0.0,0.09760273972602738,0.0275,0.5886472602739725,2
0.0575,0.05875,0.0775,0.0375,0.0625,0.0,0.06506849315068493,0.0275,0.6136815068493151,2
0.07375,0.0875,0.0575,0.02375,0.0625,0.0,0.09246575342465754,0.055,0.5475342465753426,2
0.02375,0.05125,0.06875,0.01625,0.0625,0.0,0.08904109589041097,0.03125,0.657208904109589,2
0.03375,0.05375,0.0625,0.01625,0.0625,0.0,0.09246575342465754,0.03875,0.6400342465753424,2
0.0525,0.0575,0.055,0.02125,0.0625,0.0,0.08732876712328767,0.0525,0.6114212328767124,2
0.06125,0.045,0.05875,0.035,0.0625,0.0,0.09589041095890412,0.0675,0.5741095890410959,1
0.0525,0.06375,0.04125,0.02,0.0625,0.0,0.09246575342465754,0.0275,0.6400342465753424,6
0.0425,0.0525,0.06,0.02375,0.0625,0.0,0.07876712328767124,0.03875,0.6412328767123288,1
0.075,0.07125,0.07875,0.0275,0.0625,0.0,0.08561643835616438,0.06125,0.5381335616438356,1
0.06625,0.055,0.0675,0.065,0.0625,0.0,0.0839041095890411,0.0475,0.5523458904109588,1
0.06,0.04875,0.07,0.02875,0.0625,0.0,0.10273972602739725,0.0275,0.5997602739726027,2
0.07,0.06125,0.05875,0.01625,0.0625,0.0,0.08904109589041097,0.0275,0.614708904109589,1
0.05875,0.07375,0.07,0.01125,0.0625,0.0,0.08561643835616438,0.0275,0.6106335616438356,2
0.05,0.035,0.0725,0.055,0.0625,0.0,0.0702054794520548,0.0275,0.6272945205479452,2
0.0675,0.04375,0.06875,0.02375,0.0625,0.0,0.05136986301369863,0.0275,0.6548801369863013,2
0.0625,0.05875,0.05625,0.0175,0.0625,0.0,0.09075342465753425,0.04,0.6117465753424658,6
0.06875,0.06125,0.075,0.0225,0.0625,0.0,0.08732876712328767,0.0275,0.5951712328767123,1
0.06875,0.055,0.0625,0.01125,0.0625,0.0,0.09417808219178084,0.0275,0.6183219178082191,7
0.0825,0.04625,0.075,0.03125,0.0625,0.0,0.11815068493150685,0.0275,0.5568493150684932,0
0.06375,0.06125,0.06,0.06875,0.0625,0.0,0.08904109589041097,0.0725,0.522208904109589,2
0.045,0.06375,0.06375,0.02125,0.0625,0.0,0.08904109589041097,0.0275,0.627208904109589,7
0.085,0.085,0.04375,0.02,0.0625,0.0,0.10616438356164384,0.0275,0.5700856164383561,7
0.055,0.04375,0.06875,0.0175,0.0625,0.0,0.08904109589041097,0.0275,0.635958904109589,7
0.09125,0.07375,0.04375,0.01875,0.0625,0.0,0.09246575342465754,0.0275,0.5900342465753425,7
0.075,0.04625,0.065,0.01875,0.0625,0.0,0.09417808219178084,0.0325,0.6058219178082193,7
0.08,0.07625,0.07,0.01875,0.0625,0.0,0.09246575342465754,0.0275,0.5725342465753425,7
0.06,0.0725,0.0725,0.015,0.0625,0.0,0.0839041095890411,0.0275,0.6060958904109588,7
0.08125,0.0725,0.06625,0.02625,0.0625,0.0,0.08732876712328767,0.0275,0.5764212328767123,7
0.06,0.06125,0.06125,0.0325,0.0625,0.0,0.06678082191780822,0.03375,0.6219691780821919,7
0.07125,0.0675,0.04,0.01875,0.0625,0.0,0.08904109589041097,0.03125,0.619708904109589,7
0.05,0.045,0.04,0.02,0.0625,0.0,0.08732876712328767,0.03375,0.6614212328767124,7
0.0625,0.06875,0.065,0.02,0.0625,0.0,0.08732876712328767,0.03875,0.5951712328767123,2
0.08125,0.07875,0.05875,0.0275,0.0625,0.0,0.08904109589041097,0.03375,0.5684589041095891,2
0.05125,0.06,0.06375,0.025,0.0625,0.0,0.08732876712328767,0.0275,0.6226712328767123,2
0.03125,0.05,0.0675,0.02,0.0625,0.0,0.07363013698630137,0.0275,0.6676198630136987,2
0.07875,0.07,0.065,0.02625,0.0625,0.0,0.08561643835616438,0.0275,0.5843835616438355,2
0.07,0.085,0.0525,0.045,0.0625,0.0,0.0839041095890411,0.0275,0.5735958904109588,2
0.07125,0.05875,0.06,0.02125,0.0625,0.0,0.08904109589041097,0.0325,0.604708904109589,7
0.0575,0.065,0.06375,0.01625,0.0625,0.0,0.08047945205479452,0.0275,0.6270205479452055,2
0.0625,0.05,0.07125,0.02125,0.0625,0.0,0.10102739726027397,0.0275,0.6039726027397261,2
0.0975,0.08875,0.04375,0.03125,0.0625,0.0,0.0839041095890411,0.0275,0.5648458904109589,3
0.08,0.07,0.065,0.02125,0.0625,0.0,0.09246575342465754,0.05875,0.5500342465753425,1
0.125,0.1,0.03625,0.045,0.0625,0.0,0.08904109589041097,0.0275,0.514708904109589,3
0.06375,0.04875,0.07,0.06875,0.0625,0.0,0.07876712328767124,0.08,0.5274828767123287,0
0.08625,0.0825,0.045,0.01125,0.0625,0.0,0.09589041095890412,0.0275,0.5891095890410959,3
0.05,0.05625,0.05625,0.01875,0.0625,0.0,0.09075342465753425,0.06,0.6054965753424657,1
0.06125,0.06625,0.045,0.01875,0.0625,0.0,0.08904109589041097,0.03375,0.623458904109589,6
0.04875,0.07875,0.05125,0.03375,0.0625,0.0,0.0839041095890411,0.0275,0.6135958904109589,6
0.05625,0.06375,0.05375,0.0275,0.0625,0.0,0.09760273972602738,0.0275,0.6111472602739726,1
0.09625,0.0975,0.03375,0.04625,0.0625,0.0,0.0839041095890411,0.0275,0.5523458904109588,3
0.11,0.09375,0.05125,0.045,0.0625,0.0,0.07363013698630137,0.0275,0.5363698630136986,5
0.06125,0.06125,0.05,0.025,0.0625,0.0,0.0821917808219178,0.0325,0.6253082191780822,6
0.07125,0.06625,0.075,0.035,0.0625,0.0,0.08904109589041097,0.05625,0.5447089041095889,1
0.06625,0.065,0.06125,0.03375,0.0625,0.0,0.08732876712328767,0.0275,0.5964212328767122,2
0.0625,0.05875,0.07,0.03875,0.0625,0.0,0.09589041095890412,0.0325,0.5791095890410959,2
0.08875,0.09875,0.05125,0.0475,0.0625,0.0,0.09246575342465754,0.0275,0.5312842465753425,3
0.04125,0.06125,0.0575,0.0275,0.0625,0.0,0.09075342465753425,0.04125,0.6179965753424658,6
0.05875,0.05125,0.0575,0.0225,0.0625,0.0,0.09075342465753425,0.0275,0.6292465753424659,6
0.05625,0.04875,0.0575,0.03625,0.0625,0.0,0.07191780821917808,0.0275,0.6393321917808219,0
0.07375,0.07,0.0625,0.06,0.0625,0.0,0.07876712328767124,0.0275,0.5649828767123288,0
0.04,0.0375,0.07125,0.0475,0.0625,0.0,0.08561643835616438,0.03125,0.6243835616438356,1
0.0325,0.0375,0.04625,0.01875,0.0625,0.0,0.09075342465753425,0.03125,0.6804965753424658,6
0.035,0.05125,0.0575,0.0225,0.0625,0.0,0.08047945205479452,0.04875,0.6420205479452055,1
0.05625,0.0625,0.05375,0.02,0.0625,0.0,0.08904109589041097,0.035,0.620958904109589,6
0.03,0.03125,0.07125,0.035,0.0625,0.0,0.08732876712328767,0.01375,0.6689212328767123,2
0.0575,0.07625,0.06875,0.03625,0.0625,0.0,0.0839041095890411,0.0275,0.5873458904109589,0
0.0675,0.055,0.0475,0.0275,0.0625,0.0,0.09246575342465754,0.0375,0.6100342465753424,6
0.0275,0.06625,0.045,0.0275,0.0625,0.0,0.09246575342465754,0.03875,0.6400342465753425,6
0.03125,0.05125,0.05875,0.0175,0.0625,0.0,0.09589041095890412,0.085,0.5978595890410958,1
0.05375,0.05125,0.04625,0.0225,0.0625,0.0,0.09246575342465754,0.03875,0.6325342465753425,6
0.05,0.055,0.05875,0.03125,0.0625,0.0,0.09246575342465754,0.07,0.5800342465753425,1
0.0575,0.07375,0.0475,0.015,0.0625,0.0,0.08561643835616438,0.0275,0.6306335616438355,6
0.1,0.1025,0.05,0.03875,0.0625,0.0,0.09760273972602738,0.03125,0.5173972602739726,3
0.03625,0.04875,0.0575,0.045,0.0625,0.0,0.08732876712328767,0.0275,0.6351712328767123,1
0.05,0.05,0.05375,0.02375,0.0625,0.125,0.0821917808219178,0.0275,0.5253082191780822,8
0.07125,0.065,0.0575,0.025,0.0625,0.125,0.08904109589041097,0.05125,0.453458904109589,8
0.05375,0.075,0.05,0.015,0.0625,0.0,0.0839041095890411,0.03625,0.6235958904109589,6
0.07,0.08875,0.05875,0.02625,0.0625,0.0,0.08904109589041097,0.0275,0.5772089041095889,0
0.08125,0.0775,0.0325,0.04125,0.0625,0.0,0.09417808219178084,0.0275,0.5833219178082192,6
0.09625,0.0875,0.04625,0.015,0.0625,0.0,0.0839041095890411,0.0325,0.5760958904109589,3
0.05875,0.07625,0.04,0.03375,0.0625,0.0,0.08561643835616438,0.0375,0.6056335616438356,6
0.08875,0.06375,0.06125,0.02875,0.0625,0.0,0.05136986301369863,0.04,0.6036301369863014,5
0.07375,0.06,0.06125,0.06125,0.0625,0.0,0.06164383561643835,0.04,0.5796061643835617,2
0.0725,0.07875,0.065,0.0875,0.0625,0.0,0.07876712328767124,0.0275,0.5274828767123287,0
0.0375,0.085,0.05125,0.02125,0.0625,0.0,0.08732876712328767,0.0275,0.6276712328767123,6
0.0925,0.09125,0.04,0.025,0.0625,0.0,0.09417808219178084,0.0275,0.5670719178082191,3
0.06875,0.04375,0.045,0.03625,0.0625,0.0,0.08732876712328767,0.0275,0.6289212328767123,6
0.04375,0.04,0.03875,0.02,0.0625,0.0,0.09589041095890412,0.0275,0.6716095890410958,6
0.08375,0.07625,0.04875,0.03,0.0625,0.0,0.08732876712328767,0.0275,0.5839212328767123,6
0.08625,0.07125,0.04875,0.02375,0.0625,0.0,0.0821917808219178,0.04875,0.5765582191780823,5
0.05875,0.05125,0.06625,0.03375,0.0625,0.0,0.08047945205479452,0.03125,0.6157705479452056,0
0.04875,0.07,0.0425,0.0225,0.0625,0.0,0.0839041095890411,0.0275,0.6423458904109589,6
0.06375,0.0475,0.0525,0.02625,0.0625,0.0,0.07876712328767124,0.0425,0.6262328767123287,6
0.04,0.05625,0.04875,0.0175,0.0625,0.0,0.07705479452054795,0.0275,0.6704452054794521,6
0.09375,0.09125,0.04375,0.04125,0.0625,0.0,0.0839041095890411,0.035,0.5485958904109589,3
0.0675,0.0675,0.07,0.0225,0.0625,0.0,0.07876712328767124,0.03625,0.5949828767123287,1
0.08875,0.08,0.0525,0.035,0.0625,0.0,0.07363013698630137,0.0275,0.5801198630136986,4
0.035,0.06,0.045,0.02,0.0625,0.0,0.09075342465753425,0.0275,0.6592465753424657,6
0.0725,0.055,0.05625,0.04,0.0625,0.0,0.08904109589041097,0.04625,0.578458904109589,1
0.065,0.08125,0.045,0.0325,0.0625,0.0,0.07534246575342465,0.0275,0.6109075342465753,6
0.08,0.055,0.07,0.01875,0.0625,0.0,0.09589041095890412,0.0275,0.5903595890410959,2
0.06,0.0725,0.05875,0.02125,0.0625,0.0,0.09075342465753425,0.0925,0.5417465753424657,2
0.0525,0.08875,0.05625,0.01875,0.0625,0.0,0.0821917808219178,0.0275,0.6115582191780822,6
0.0475,0.04625,0.045,0.0175,0.0625,0.0,0.09246575342465754,0.0275,0.6612842465753423,6
0.05,0.05,0.055,0.04625,0.0625,0.0,0.09075342465753425,0.03125,0.6142465753424657,1
0.0475,0.07,0.0475,0.02,0.0625,0.0,0.09075342465753425,0.0275,0.6342465753424658,6
0.1,0.09875,0.05375,0.03125,0.0625,0.0,0.08904109589041097,0.0275,0.537208904109589,4
0.07875,0.08125,0.0525,0.0225,0.0625,0.0,0.09246575342465754,0.03375,0.5762842465753424,6
0.05875,0.05,0.07875,0.02375,0.0625,0.0,0.08904109589041097,0.04,0.597208904109589,1
0.10375,0.1175,0.04,0.02625,0.0625,0.0,0.08732876712328767,0.0275,0.5351712328767123,3
0.07625,0.095,0.0375,0.02,0.0625,0.0,0.07705479452054795,0.05125,0.580445205479452,6
0.04125,0.0475,0.05875,0.0175,0.0625,0.0,0.08732876712328767,0.05875,0.6264212328767124,1
0.0475,0.08375,0.04125,0.02125,0.0625,0.0,0.08732876712328767,0.0275,0.6289212328767123,6
0.04875,0.04125,0.04125,0.02875,0.0625,0.0,0.08047945205479452,0.0275,0.6695205479452054,6
0.0625,0.07875,0.05625,0.01625,0.0625,0.0,0.07705479452054795,0.04,0.6066952054794521,6
0.025,0.075,0.0625,0.03625,0.0625,0.0,0.08732876712328767,0.0275,0.6239212328767123,6
0.03625,0.0325,0.05375,0.02125,0.0625,0.0,0.09417808219178084,0.0375,0.6620719178082192,6
0.06375,0.0575,0.05125,0.045,0.0625,0.0,0.0839041095890411,0.0275,0.608595890410959,6
0.115,0.0825,0.065,0.02875,0.0625,0.0,0.09075342465753425,0.0275,0.5279965753424658,3
0.06125,0.07,0.04625,0.025,0.0625,0.0,0.09075342465753425,0.0275,0.6167465753424657,6
0.1075,0.0975,0.0425,0.01875,0.0625,0.0,0.09075342465753425,0.0275,0.5529965753424657,5
0.0475,0.055,0.07125,0.0175,0.0625,0.0,0.09075342465753425,0.065,0.5904965753424658,1
0.09,0.09125,0.05125,0.035,0.0625,0.0,0.07534246575342465,0.0275,0.5671575342465753,3
0.1,0.09125,0.05875,0.02375,0.0625,0.0,0.0839041095890411,0.0275,0.5523458904109588,3
0.06125,0.06875,0.04375,0.02875,0.0625,0.0,0.09760273972602738,0.0275,0.6098972602739725,6
0.07875,0.08875,0.055,0.06625,0.0625,0.0,0.08904109589041097,0.0275,0.532208904109589,5
0.075,0.085,0.0375,0.03375,0.0625,0.0,0.09417808219178084,0.0275,0.5845719178082192,6
0.05,0.05375,0.06125,0.02125,0.0625,0.0,0.08732876712328767,0.045,0.6189212328767124,1
0.1025,0.07875,0.05875,0.0225,0.0625,0.0,0.08561643835616438,0.0275,0.5618835616438356,8
0.09625,0.085,0.04375,0.02375,0.0625,0.0,0.09075342465753425,0.05375,0.5442465753424657,3
0.06375,0.07375,0.0575,0.01625,0.0625,0.0,0.0821917808219178,0.0275,0.6165582191780822,0
0.065,0.0575,0.0425,0.025,0.0625,0.0,0.08732876712328767,0.03125,0.6289212328767123,6
0.05875,0.0625,0.075,0.07875,0.0625,0.0,0.06506849315068493,0.02,0.5774315068493151,2
0.0425,0.03,0.06375,0.01875,0.0625,0.0,0.09246575342465754,0.05,0.6400342465753425,1
0.04375,0.03625,0.0575,0.0175,0.0625,0.0,0.09246575342465754,0.0825,0.6075342465753425,1
0.0725,0.08375,0.06125,0.02,0.0625,0.0,0.08047945205479452,0.035,0.5845205479452055,0
0.10625,0.10625,0.0375,0.03875,0.0625,0.0,0.09417808219178084,0.0525,0.5020719178082191,3
0.045,0.06,0.07625,0.0325,0.0625,0.0,0.08561643835616438,0.02,0.6181335616438356,1
0.05125,0.03125,0.07375,0.055,0.0625,0.0,0.10273972602739725,0.08625,0.5372602739726027,1
0.0375,0.04625,0.05,0.05625,0.0625,0.0,0.0821917808219178,0.05125,0.6140582191780822,6
0.07125,0.07375,0.06125,0.1075,0.0625,0.0,0.08047945205479452,0.0275,0.5157705479452055,1
0.0475,0.05,0.04875,0.02375,0.0625,0.0,0.07876712328767124,0.0775,0.6112328767123287,1
0.09625,0.0925,0.04625,0.03625,0.0625,0.0,0.07705479452054795,0.0275,0.561695205479452,3
0.05875,0.0475,0.0725,0.02375,0.0625,0.0,0.09760273972602738,0.0275,0.6098972602739725,2
0.0625,0.07625,0.055,0.025,0.0625,0.0,0.0839041095890411,0.0275,0.6073458904109589,0
0.05125,0.05625,0.0575,0.02875,0.0625,0.0,0.08561643835616438,0.0875,0.5706335616438356,2
0.0575,0.0775,0.0575,0.0675,0.0625,0.0,0.08732876712328767,0.03375,0.5564212328767123,0
0.0925,0.09375,0.05625,0.055,0.0625,0.0,0.08904109589041097,0.0275,0.523458904109589,8
0.065,0.06625,0.0725,0.08625,0.0625,0.0,0.08561643835616438,0.0275,0.5343835616438356,0
0.05125,0.05875,0.0625,0.0175,0.0625,0.0,0.09075342465753425,0.04625,0.6104965753424657,1
0.03125,0.05,0.065,0.01875,0.0625,0.0,0.09589041095890412,0.035,0.6416095890410959,1
0.0725,0.07,0.0475,0.04875,0.0625,0.0,0.09246575342465754,0.07125,0.5350342465753424,1
0.04,0.03625,0.03625,0.01,0.0625,0.0,0.08904109589041097,0.0275,0.698458904109589,6
0.0475,0.06,0.07125,0.0375,0.0625,0.0,0.0702054794520548,0.01375,0.6372945205479452,2
0.04875,0.0725,0.05875,0.0225,0.0625,0.0,0.0821917808219178,0.0275,0.6253082191780821,0
0.0475,0.05875,0.05875,0.0225,0.0625,0.0,0.07534246575342465,0.0325,0.6421575342465754,0
0.07875,0.07125,0.0625,0.06,0.0625,0.0,0.08732876712328767,0.0275,0.5501712328767123,0
0.06375,0.05625,0.0775,0.03125,0.0625,0.0,0.10102739726027397,0.0275,0.5802226027397259,0
0.07375,0.08375,0.0675,0.02375,0.0625,0.0,0.0821917808219178,0.075,0.5315582191780821,1
0.075,0.07625,0.0675,0.01375,0.0625,0.0,0.07876712328767124,0.0275,0.5987328767123288,2
0.06,0.07625,0.07125,0.02125,0.0625,0.0,0.07705479452054795,0.0275,0.6041952054794522,2
0.08875,0.0625,0.0625,0.0225,0.0625,0.0,0.07876712328767124,0.0275,0.5949828767123289,2
0.07625,0.06,0.0675,0.03125,0.0625,0.0,0.08561643835616438,0.0275,0.5893835616438357,2
0.0475,0.04,0.08,0.05125,0.0625,0.0,0.07534246575342465,0.01375,0.6296575342465753,2
0.0475,0.05,0.0825,0.04375,0.0625,0.0,0.07363013698630137,0.01375,0.6263698630136987,2
0.10125,0.0775,0.05375,0.02125,0.0625,0.0,0.09075342465753425,0.0275,0.5654965753424657,5
0.05875,0.05375,0.07625,0.05,0.0625,0.0,0.0821917808219178,0.05875,0.5578082191780822,1
0.08375,0.07125,0.045,0.02375,0.0625,0.0,0.09589041095890412,0.0275,0.5903595890410959,5
0.05375,0.05,0.075,0.02,0.0625,0.0,0.09075342465753425,0.04875,0.5992465753424658,1
0.08125,0.0675,0.0675,0.01625,0.0625,0.0,0.09075342465753425,0.0275,0.5867465753424657,2
