Length,Diameter,Height,Whole weight,Shucked weight,Viscera weight,Shell weight,Sex_F,Sex_I,Sex_M,Adjusted_p,Rings
0.055828220858895716,0.05615384615384615,0.0084070796460177,0.018191470536188286,0.015087365591397851,0.013289473684210528,0.01492537313432836,0.0,0.0,0.1,0.7181171703951155,15
0.04294478527607362,0.04076923076923077,0.007964601769911504,0.007980888338347196,0.0066868279569892485,0.006381578947368421,0.006965174129353235,0.0,0.0,0.1,0.780306912812726,7
0.06503067484662578,0.06461538461538462,0.011946902654867258,0.023960360998053445,0.017237903225806452,0.01861842105263158,0.020895522388059702,0.1,0.0,0.0,0.6776948302185711,9
0.0539877300613497,0.05615384615384615,0.011061946902654869,0.018262254468235713,0.01448252688172043,0.015000000000000001,0.015422885572139305,0.0,0.0,0.1,0.7156288099600538,10
0.04049079754601228,0.03923076923076923,0.007079646017699116,0.007255353034861086,0.006014784946236559,0.005197368421052632,0.005472636815920398,0.0,0.1,0.0,0.7892586439874487,7
0.05214723926380369,0.04615384615384615,0.0084070796460177,0.012440276057334984,0.009475806451612903,0.010197368421052632,0.011940298507462687,0.0,0.1,0.0,0.7492380854988693,8
0.06503067484662578,0.06384615384615384,0.013274336283185842,0.02751725358343656,0.01592741935483871,0.01861842105263158,0.032835820895522394,0.1,0.0,0.0,0.6629499201376052,20
0.0668711656441718,0.06538461538461539,0.011061946902654869,0.027181029906211292,0.019758064516129034,0.019671052631578947,0.025870646766169157,0.1,0.0,0.0,0.6642014782484695,16
0.058282208588957066,0.05692307692307692,0.011061946902654869,0.01803220668908158,0.0145497311827957,0.01480263157894737,0.016417910447761197,0.0,0.0,0.1,0.7099302876867253,9
0.06748466257668713,0.06769230769230769,0.013274336283185842,0.031658113608210935,0.021135752688172044,0.01986842105263158,0.0318407960199005,0.1,0.0,0.0,0.6470456100789043,19
0.06441717791411045,0.05846153846153846,0.012389380530973453,0.021465227393381706,0.013037634408602151,0.019407894736842107,0.020895522388059702,0.1,0.0,0.0,0.689925624166492,14
0.052760736196319026,0.05384615384615384,0.009734513274336285,0.014369138205627324,0.011256720430107529,0.010657894736842106,0.013432835820895524,0.0,0.0,0.1,0.7339420074897183,10
0.060122699386503074,0.05846153846153846,0.011946902654867258,0.01916474960184038,0.014616935483870969,0.0125,0.018905472636815922,0.0,0.0,0.1,0.704281701774564,11
0.06564417177914111,0.062307692307692314,0.012831858407079646,0.024225800743231288,0.018313172043010754,0.022500000000000003,0.020398009950248756,0.1,0.0,0.0,0.6737792947695962,10
0.057668711656441725,0.054615384615384614,0.008849557522123895,0.01682887984427535,0.011256720430107529,0.010592105263157896,0.018407960199004977,0.1,0.0,0.0,0.7217806804695039,10
0.061349693251533756,0.06153846153846154,0.011504424778761064,0.023517961422757035,0.017338709677419357,0.0175,0.023880597014925373,0.0,0.0,0.1,0.683370152316142,12
0.04355828220858896,0.04307692307692308,0.007522123893805311,0.010281366129888515,0.006384408602150538,0.005197368421052632,0.011442786069651743,0.0,0.1,0.0,0.7725367415979392,7
0.0539877300613497,0.05230769230769231,0.008849557522123895,0.015961776676694392,0.01263440860215054,0.011447368421052631,0.012935323383084578,0.1,0.0,0.0,0.7318761430258519,10
0.04478527607361964,0.045384615384615384,0.007079646017699116,0.009042647319058574,0.006518817204301076,0.005657894736842105,0.009950248756218907,0.0,0.0,0.1,0.7715808545076452,7
0.05521472392638038,0.04923076923076923,0.008849557522123895,0.013484339055034508,0.011458333333333334,0.009868421052631578,0.011442786069651743,0.0,0.0,0.1,0.7404510698100752,9
0.04355828220858896,0.04307692307692308,0.0084070796460177,0.008688727658821447,0.006418010752688172,0.008157894736842105,0.00746268656716418,0.0,0.0,0.1,0.7742303953529543,11
0.04662576687116565,0.04230769230769231,0.008849557522123895,0.007980888338347196,0.005376344086021506,0.006447368421052632,0.008457711442786071,0.0,0.1,0.0,0.7739546710108107,10
0.06932515337423313,0.06769230769230769,0.013716814159292037,0.033250752079278,0.02872983870967742,0.028157894736842107,0.026865671641791048,0.1,0.0,0.0,0.6322615676065786,12
0.06748466257668713,0.06384615384615384,0.011946902654867258,0.02702176605910458,0.021370967741935486,0.02763157894736842,0.019900497512437814,0.1,0.0,0.0,0.6607974706614455,9
0.07546012269938651,0.07384615384615384,0.014601769911504426,0.0411077685365422,0.034475806451612905,0.03960526315789474,0.030348258706467665,0.1,0.0,0.0,0.5905548566904377,10
0.06871165644171781,0.06769230769230769,0.012389380530973453,0.032861440453017164,0.025705645161290324,0.024736842105263158,0.02985074626865672,0.1,0.0,0.0,0.6380519813467737,11
0.07116564417177915,0.06923076923076923,0.016371681415929203,0.035232702176605915,0.026512096774193552,0.03578947368421053,0.028358208955223882,0.1,0.0,0.0,0.6173394235912886,11
0.07239263803680983,0.06846153846153846,0.012389380530973453,0.03294992036807645,0.0239247311827957,0.03078947368421053,0.02786069651741294,0.0,0.0,0.1,0.6312316212181825,12
0.07423312883435584,0.07307692307692307,0.01592920353982301,0.033144576181206864,0.026478494623655917,0.02881578947368421,0.029353233830845774,0.0,0.0,0.1,0.6189686504395053,15
0.07055214723926381,0.06538461538461539,0.012389380530973453,0.030560962661475847,0.026411290322580647,0.029868421052631582,0.019900497512437814,0.0,0.0,0.1,0.6449326852960214,11
0.07116564417177915,0.07230769230769231,0.014601769911504426,0.03530348610865334,0.026444892473118282,0.031842105263157894,0.032835820895522394,0.0,0.0,0.1,0.6154985888685722,10
0.08343558282208591,0.08615384615384616,0.014601769911504426,0.05800743231286498,0.04069220430107527,0.03690789473684211,0.04577114427860697,0.1,0.0,0.0,0.5344301254831743,15
0.08159509202453989,0.08076923076923077,0.014601769911504426,0.047354450539727484,0.03706317204301075,0.04703947368421053,0.03482587064676617,0.0,0.0,0.1,0.55675094038101,18
0.08343558282208591,0.08461538461538462,0.015486725663716814,0.06363475491063529,0.054771505376344086,0.05164473684210527,0.045273631840796025,0.1,0.0,0.0,0.501137677928932,19
0.08650306748466259,0.08461538461538462,0.01769911504424779,0.06050256591753672,0.04254032258064516,0.05414473684210526,0.04875621890547264,0.1,0.0,0.0,0.5052385886099452,13
0.05705521472392639,0.054615384615384614,0.009292035398230088,0.0169704477083702,0.015255376344086023,0.01631578947368421,0.012437810945273632,0.0,0.0,0.1,0.7180579407910448,8
0.06625766871165646,0.07307692307692307,0.013716814159292037,0.04307202265085826,0.03565188172043011,0.040460526315789475,0.033830845771144286,0.1,0.0,0.0,0.5939333175939063,16
0.05521472392638038,0.054615384615384614,0.009292035398230088,0.018492302247389843,0.01592741935483871,0.015328947368421055,0.014427860696517414,0.1,0.0,0.0,0.7167013263928379,8
0.07055214723926381,0.06846153846153846,0.011946902654867258,0.03125110599893824,0.025604838709677422,0.026776315789473683,0.025870646766169157,0.1,0.0,0.0,0.6395365043800719,11
0.04355828220858896,0.04461538461538461,0.007964601769911504,0.011590868872765883,0.009005376344086023,0.01131578947368421,0.008955223880597015,0.0,0.0,0.1,0.7629944728349818,9
0.05521472392638038,0.05153846153846154,0.009292035398230088,0.015041585560077862,0.012533602150537636,0.011973684210526315,0.011442786069651743,0.1,0.0,0.0,0.7329631211461345,9
0.06748466257668713,0.06538461538461539,0.011946902654867258,0.030136259069191297,0.024327956989247314,0.02578947368421053,0.026865671641791048,0.1,0.0,0.0,0.64806445799939,14
0.0294478527607362,0.02692307692307692,0.003982300884955752,0.0024774376216598836,0.002116935483870968,0.0030921052631578947,0.0019900497512437814,0.0,0.1,0.0,0.8299702413112986,5
0.02515337423312884,0.023076923076923075,0.004867256637168142,0.00148646257299593,0.0017137096774193549,0.001973684210526316,0.0011940298507462689,0.0,0.1,0.0,0.840534559741092,5
0.025766871165644176,0.023076923076923075,0.004424778761061948,0.00148646257299593,0.0011760752688172046,0.0016447368421052633,0.0014925373134328358,0.0,0.1,0.0,0.8409316149990196,4
0.04785276073619633,0.045384615384615384,0.0084070796460177,0.007184569102813662,0.0058803763440860215,0.0059210526315789476,0.00746268656716418,0.0,0.1,0.0,0.7719068595875278,7
0.057668711656441725,0.05692307692307692,0.010619469026548672,0.020509644310741464,0.019690860215053764,0.029868421052631582,0.01393034825870647,0.0,0.0,0.1,0.6907894685567995,9
0.05644171779141106,0.057692307692307696,0.010619469026548672,0.01629800035391966,0.011928763440860215,0.014473684210526316,0.01492537313432836,0.1,0.0,0.0,0.7176206843500981,7
0.03987730061349694,0.03769230769230769,0.0061946902654867264,0.005698106529817732,0.005073924731182796,0.0033552631578947366,0.004477611940298508,0.0,0.1,0.0,0.7976307950695148,6
0.06441717791411045,0.06538461538461539,0.014159292035398232,0.029569987612811894,0.023823924731182795,0.028092105263157894,0.02437810945273632,0.1,0.0,0.0,0.650174787605987,9
0.06380368098159511,0.06307692307692307,0.010619469026548672,0.021058219784109006,0.016028225806451614,0.014605263157894737,0.018905472636815922,0.0,0.1,0.0,0.6919027455296618,8
0.049079754601227,0.04923076923076923,0.0084070796460177,0.010723765705184922,0.008971774193548387,0.007894736842105263,0.009950248756218907,0.0,0.0,0.1,0.7557418710249286,7
0.05950920245398774,0.05538461538461538,0.011504424778761064,0.01916474960184038,0.01743951612903226,0.012631578947368423,0.01592039800995025,0.0,0.0,0.1,0.7084455146944445,10
0.057668711656441725,0.05538461538461538,0.010619469026548672,0.016899663776322776,0.014146505376344086,0.013881578947368422,0.01492537313432836,0.1,0.0,0.0,0.7164740826980306,10
0.04969325153374234,0.047692307692307694,0.008849557522123895,0.013625906919129358,0.011626344086021506,0.012039473684210527,0.010945273631840797,0.0,0.0,0.1,0.7455278849306238,7
0.061349693251533756,0.06153846153846154,0.012389380530973453,0.023411785524685896,0.017237903225806452,0.023092105263157893,0.021890547263681594,0.1,0.0,0.0,0.6790901234016994,8
0.05460122699386504,0.05384615384615384,0.010619469026548672,0.015660944965492835,0.012903225806451615,0.01256578947368421,0.013432835820895524,0.0,0.0,0.1,0.7263703540669082,8
0.057668711656441725,0.05923076923076923,0.011946902654867258,0.02086356397097859,0.01858198924731183,0.015789473684210527,0.016915422885572143,0.0,0.0,0.1,0.6990031666698486,8
0.030061349693251537,0.02923076923076923,0.005309734513274336,0.003043709078039285,0.0028225806451612906,0.001842105263157895,0.0024875621890547268,0.0,0.1,0.0,0.8252021893872916,4
0.06196319018404909,0.06153846153846154,0.011061946902654869,0.020633516191824457,0.01653225806451613,0.017105263157894738,0.017412935323383085,0.1,0.0,0.0,0.6937524286372161,7
0.05521472392638038,0.05307692307692307,0.009292035398230088,0.014563794018757742,0.012096774193548387,0.01480263157894737,0.013432835820895524,0.0,0.0,0.1,0.7275202819863175,7
0.06196319018404909,0.062307692307692314,0.009734513274336285,0.022119978764820386,0.020497311827956992,0.02105263157894737,0.017412935323383085,0.0,0.0,0.1,0.6849117467388145,9
0.06503067484662578,0.06307692307692307,0.011504424778761064,0.024650504335515838,0.020295698924731185,0.025460526315789475,0.019900497512437814,0.1,0.0,0.0,0.6700807502092158,10
0.05214723926380369,0.05,0.0084070796460177,0.013395859139975225,0.011458333333333334,0.010526315789473686,0.009950248756218907,0.0,0.0,0.1,0.7441149240711774,7
0.06380368098159511,0.06153846153846154,0.010619469026548672,0.02052734029375332,0.015725806451612905,0.01730263157894737,0.018407960199004977,0.0,0.0,0.1,0.6920746499300761,8
0.058282208588957066,0.054615384615384614,0.010619469026548672,0.016988143691382056,0.015725806451612905,0.013355263157894738,0.013432835820895524,0.0,0.0,0.1,0.7169808886473245,8
0.06932515337423313,0.06769230769230769,0.014159292035398232,0.032383648911697045,0.023790322580645163,0.025460526315789475,0.0318407960199005,0.1,0.0,0.0,0.6353479530700288,12
0.07300613496932516,0.07615384615384616,0.016371681415929203,0.04547867634047071,0.02795698924731183,0.02947368421052632,0.04825870646766169,0.1,0.0,0.0,0.5833002811949289,13
0.058282208588957066,0.060000000000000005,0.010619469026548672,0.018775437975579543,0.014348118279569893,0.015197368421052633,0.016915422885572143,0.1,0.0,0.0,0.7058619748227201,10
0.03803680981595093,0.036153846153846154,0.0061946902654867264,0.005344186869580605,0.004233870967741936,0.005328947368421053,0.004477611940298508,0.0,0.1,0.0,0.8002300366186741,6
0.06809815950920248,0.06538461538461539,0.011504424778761064,0.02712794195717572,0.01774193548387097,0.02210526315789474,0.027363184079601994,0.0,0.0,0.1,0.6606744756488776,13
0.049079754601227,0.04923076923076923,0.009734513274336285,0.012493364006370553,0.00944220430107527,0.012960526315789474,0.009950248756218907,0.1,0.0,0.0,0.7471086195142133,8
0.07300613496932516,0.07307692307692307,0.015044247787610623,0.04413378163156964,0.03225806451612903,0.02960526315789474,0.04228855721393035,0.1,0.0,0.0,0.5905870276466174,20
0.06993865030674848,0.07384615384615384,0.015486725663716814,0.04193947973809945,0.03185483870967742,0.034342105263157896,0.037810945273631845,0.0,0.0,0.1,0.5947811011988143,11
0.07423312883435584,0.06923076923076923,0.017256637168141596,0.03886037869403646,0.0323252688172043,0.03809210526315789,0.03134328358208956,0.1,0.0,0.0,0.5986584284102451,13
0.0736196319018405,0.07307692307692307,0.013274336283185842,0.03565740576889047,0.029737903225806453,0.029078947368421055,0.02786069651741294,0.1,0.0,0.0,0.6176941558575197,15
0.07300613496932516,0.07307692307692307,0.012389380530973453,0.03341001592638471,0.024361559139784945,0.02486842105263158,0.03134328358208956,0.0,0.0,0.1,0.6275442817218876,9
0.0736196319018405,0.07230769230769231,0.013274336283185842,0.03263139267386304,0.02439516129032258,0.025526315789473685,0.030348258706467665,0.1,0.0,0.0,0.6278972110471545,10
0.06809815950920248,0.06538461538461539,0.012389380530973453,0.027888869226685545,0.018951612903225806,0.020986842105263158,0.028358208955223882,0.1,0.0,0.0,0.6579423113848103,11
0.07546012269938651,0.07307692307692307,0.015044247787610623,0.039019642541143165,0.03155241935483871,0.030986842105263156,0.034328358208955224,0.1,0.0,0.0,0.6005314442258796,14
0.07055214723926381,0.06846153846153846,0.012389380530973453,0.033303840028313575,0.02584005376344086,0.03315789473684211,0.028358208955223882,0.1,0.0,0.0,0.6279369362844038,9
0.07607361963190186,0.07846153846153846,0.015486725663716814,0.057158025128295875,0.03430779569892473,0.025263157894736845,0.06716417910447763,0.0,0.0,0.1,0.5460849584164078,12
0.06380368098159511,0.06538461538461539,0.014601769911504426,0.03498495841443992,0.026612903225806454,0.02960526315789474,0.0318407960199005,0.1,0.0,0.0,0.6331660129042435,16
0.07300613496932516,0.07307692307692307,0.014159292035398232,0.046628915236241374,0.027419354838709678,0.03078947368421053,0.057711442786069655,0.0,0.0,0.1,0.5772084633731223,21
0.07116564417177915,0.06923076923076923,0.012389380530973453,0.03585206158202088,0.025537634408602152,0.028421052631578948,0.03582089552238806,0.0,0.0,0.1,0.6215825619218881,14
0.06993865030674848,0.07153846153846154,0.01592920353982301,0.04583259600070784,0.02278225806451613,0.029276315789473685,0.04378109452736319,0.1,0.0,0.0,0.6009214202329062,12
0.0766871165644172,0.07153846153846154,0.012389380530973453,0.04229339939833658,0.0324260752688172,0.026973684210526316,0.03980099502487563,0.0,0.0,0.1,0.5978908874635921,13
0.06871165644171781,0.06769230769230769,0.014159292035398232,0.030596354627499562,0.022211021505376346,0.02730263157894737,0.025870646766169157,0.0,0.0,0.1,0.6434560893525838,10
0.05644171779141106,0.054615384615384614,0.011504424778761064,0.018297646434259424,0.014818548387096776,0.015000000000000001,0.016417910447761197,0.1,0.0,0.0,0.7129043675453258,9
0.07055214723926381,0.06923076923076923,0.014159292035398232,0.034595646788179085,0.021068548387096774,0.030394736842105266,0.032835820895522394,0.1,0.0,0.0,0.6271630385816652,12
0.06932515337423313,0.06538461538461539,0.011946902654867258,0.02872058042824279,0.02291666666666667,0.02203947368421053,0.02537313432835821,0.0,0.0,0.1,0.654293473478806,15
0.06809815950920248,0.06769230769230769,0.013274336283185842,0.026720934347903028,0.02063172043010753,0.02006578947368421,0.025870646766169157,0.0,0.0,0.1,0.6576461054974401,12
0.07300613496932516,0.07153846153846154,0.015486725663716814,0.03946204211643957,0.026982526881720433,0.03342105263157895,0.038805970149253737,0.0,0.0,0.1,0.6012970860495038,13
0.0766871165644172,0.07615384615384616,0.014601769911504426,0.044664661121925325,0.03407258064516129,0.041842105263157896,0.038805970149253737,0.1,0.0,0.0,0.573171950190734,10
0.08527607361963191,0.08615384615384616,0.0168141592920354,0.05287559723942665,0.03951612903225807,0.04506578947368422,0.04825870646766169,0.0,0.0,0.1,0.526039698721456,15
0.08159509202453989,0.08230769230769232,0.017256637168141596,0.05683949743408247,0.03867607526881721,0.05105263157894737,0.04776119402985075,0.0,0.0,0.1,0.5245111801879284,14
0.06564417177914111,0.06692307692307692,0.013274336283185842,0.025659175367191648,0.018077956989247315,0.01822368421052632,0.024875621890547265,0.0,0.0,0.1,0.6673219765570836,9
0.057668711656441725,0.057692307692307696,0.011504424778761064,0.0185099982304017,0.014381720430107528,0.01736842105263158,0.014427860696517414,0.0,0.0,0.1,0.7084465554628313,8
0.057668711656441725,0.05692307692307692,0.011504424778761064,0.018492302247389843,0.013508064516129034,0.0175,0.016417910447761197,0.0,0.0,0.1,0.7079855094304401,7
0.058282208588957066,0.057692307692307696,0.011061946902654869,0.02047425234471775,0.0186491935483871,0.011184210526315791,0.015422885572139305,0.1,0.0,0.0,0.7072329948245204,10
0.0441717791411043,0.04076923076923077,0.0084070796460177,0.00819324013448947,0.007056451612903226,0.0060526315789473685,0.00746268656716418,0.0,0.1,0.0,0.777886900550143,7
0.06748466257668713,0.06692307692307692,0.012831858407079646,0.029835427357989736,0.022043010752688174,0.02519736842105263,0.02537313432835821,0.0,0.0,0.1,0.6503114612330676,15
0.06503067484662578,0.06692307692307692,0.014159292035398232,0.03125110599893824,0.02123655913978495,0.021578947368421055,0.03333333333333334,0.0,0.0,0.1,0.6464870103544215,15
0.06503067484662578,0.06384615384615384,0.012389380530973453,0.025623783401167936,0.02086693548387097,0.02203947368421053,0.020398009950248756,0.0,0.0,0.1,0.6698055882567487,10
0.07423312883435584,0.07230769230769231,0.014159292035398232,0.041532472128826756,0.03343413978494624,0.03164473684210526,0.034328358208955224,0.0,0.0,0.1,0.59836017985772,12
0.06380368098159511,0.06307692307692307,0.013716814159292037,0.02572995929923907,0.019556451612903227,0.024144736842105264,0.023383084577114428,0.1,0.0,0.0,0.6665883494508278,12
0.0668711656441718,0.06615384615384615,0.014601769911504426,0.028384356751017522,0.0197244623655914,0.024078947368421054,0.02786069651741294,0.1,0.0,0.0,0.6523247552880347,11
0.061349693251533756,0.06153846153846154,0.011061946902654869,0.023624137320828173,0.017540322580645164,0.01730263157894737,0.021890547263681594,0.1,0.0,0.0,0.6856922595632475,10
0.06257668711656443,0.060000000000000005,0.011946902654867258,0.022420810476021943,0.015524193548387098,0.02355263157894737,0.019900497512437814,0.1,0.0,0.0,0.684078277112774,9
0.05337423312883437,0.06076923076923077,0.009292035398230088,0.012864979649619536,0.009139784946236561,0.012894736842105264,0.012935323383084578,0.1,0.0,0.0,0.7287296758826588,9
0.060736196319018415,0.06076923076923077,0.011061946902654869,0.01916474960184038,0.015961021505376344,0.017697368421052635,0.015422885572139305,0.0,0.0,0.1,0.6991866009086873,9
0.05705521472392639,0.05538461538461538,0.009292035398230088,0.015253937356220139,0.011559139784946236,0.014078947368421054,0.017412935323383085,0.0,0.0,0.1,0.7199631746602576,9
0.05337423312883437,0.04923076923076923,0.007079646017699116,0.011767828702884446,0.009979838709677419,0.008355263157894737,0.010447761194029851,0.0,0.1,0.0,0.7497646598582108,9
0.05214723926380369,0.05384615384615384,0.009292035398230088,0.01390904264731906,0.008736559139784947,0.008289473684210527,0.016417910447761197,0.0,0.0,0.1,0.7373615855727367,9
0.0668711656441718,0.06307692307692307,0.011061946902654869,0.024544328437444703,0.019993279569892473,0.019210526315789473,0.020895522388059702,0.1,0.0,0.0,0.674346307665064,11
0.06503067484662578,0.06384615384615384,0.01017699115044248,0.020934347903026014,0.015658602150537635,0.020855263157894738,0.01791044776119403,0.1,0.0,0.0,0.6855875191841255,11
0.060122699386503074,0.057692307692307696,0.011946902654867258,0.02167757918952398,0.017170698924731186,0.013421052631578946,0.021890547263681594,0.1,0.0,0.0,0.6960782122568063,11
0.0539877300613497,0.05230769230769231,0.009292035398230088,0.014227570341532474,0.008770161290322582,0.01256578947368421,0.016417910447761197,0.0,0.0,0.1,0.7324311106794275,10
0.06871165644171781,0.06615384615384615,0.013274336283185842,0.031233410015926385,0.023286290322580644,0.02263157894736842,0.03084577114427861,0.1,0.0,0.0,0.6438631106910961,9
0.04969325153374234,0.04692307692307692,0.007522123893805311,0.009219607149177137,0.007694892473118281,0.007828947368421053,0.008457711442786071,0.0,0.0,0.1,0.7626603892158729,8
0.057668711656441725,0.05615384615384615,0.009292035398230088,0.014882321712971155,0.010954301075268819,0.013618421052631578,0.01393034825870647,0.1,0.0,0.0,0.723500014691904,9
0.04723926380368099,0.045384615384615384,0.007522123893805311,0.008971863387011149,0.006922043010752688,0.0075657894736842115,0.008457711442786071,0.0,0.1,0.0,0.7679365896036642,7
0.06319018404907976,0.06538461538461539,0.012389380530973453,0.027110245974163866,0.02043010752688172,0.02269736842105263,0.02537313432835821,0.1,0.0,0.0,0.6634249637848749,14
0.04539877300613498,0.04076923076923077,0.006637168141592921,0.0075738807290745,0.006048387096774193,0.006710526315789473,0.006965174129353235,0.0,0.0,0.1,0.7798968598120499,6
0.0441717791411043,0.04307692307692308,0.007079646017699116,0.006211290037161564,0.005443548387096775,0.006644736842105264,0.006965174129353235,0.0,0.1,0.0,0.7804069023685567,6
0.03312883435582823,0.030000000000000002,0.005309734513274336,0.002583613519731021,0.0019153225806451614,0.0030921052631578947,0.0029850746268656717,0.0,0.1,0.0,0.8209853151404977,5
0.04601226993865031,0.04230769230769231,0.007964601769911504,0.008423287913643603,0.007224462365591398,0.007171052631578948,0.006965174129353235,0.0,0.1,0.0,0.7739314589435786,6
0.04723926380368099,0.04461538461538461,0.007522123893805311,0.00886568748894001,0.007526881720430108,0.008026315789473685,0.007960199004975126,0.0,0.1,0.0,0.7682441436833102,8
0.08588957055214724,0.08230769230769232,0.014159292035398232,0.06106883737391612,0.04233870967741936,0.03467105263157895,0.053731343283582096,0.0,0.0,0.1,0.5258335021382657,19
0.08711656441717792,0.08307692307692308,0.014601769911504426,0.06933286144045302,0.05151209677419355,0.034342105263157896,0.07761194029850747,0.0,0.0,0.1,0.4824057388180826,18
0.07300613496932516,0.07384615384615384,0.014601769911504426,0.044664661121925325,0.03249327956989247,0.03723684210526316,0.04079601990049751,0.0,0.0,0.1,0.5833551385754381,17
0.0539877300613497,0.05384615384615384,0.011061946902654869,0.014280658290568042,0.011760752688172043,0.008289473684210527,0.01283582089552239,0.1,0.0,0.0,0.7339374636313686,9
0.03987730061349694,0.04,0.007964601769911504,0.006777561493540966,0.0057123655913978505,0.004736842105263157,0.006169154228855722,0.1,0.0,0.0,0.7887621741975339,7
0.04294478527607362,0.04,0.0084070796460177,0.007467704831003362,0.005779569892473118,0.00736842105263158,0.006766169154228857,0.0,0.1,0.0,0.7812662701475718,7
0.03251533742331289,0.03076923076923077,0.005752212389380532,0.0034507166873119803,0.002688172043010753,0.002697368421052632,0.0027860696517412937,0.0,0.1,0.0,0.8193408926149591,7
0.05214723926380369,0.050769230769230775,0.01017699115044248,0.014369138205627324,0.010987903225806452,0.010657894736842106,0.013482587064676619,0.1,0.0,0.0,0.7374090155835705,8
0.03742331288343559,0.03538461538461539,0.007079646017699116,0.005521146699699169,0.0045362903225806455,0.004539473684210527,0.0047761194029850755,0.1,0.0,0.0,0.8007393956047745,7
0.04233128834355829,0.03923076923076923,0.007964601769911504,0.0070960891877543805,0.00631720430107527,0.0038815789473684212,0.006268656716417911,0.0,0.0,0.1,0.786909811503145,9
0.04969325153374234,0.05,0.009734513274336285,0.012581843921429836,0.010147849462365592,0.008289473684210527,0.01164179104477612,0.1,0.0,0.0,0.7479112770791393,9
0.04601226993865031,0.04384615384615384,0.0084070796460177,0.008954167403999293,0.006451612903225807,0.0075657894736842115,0.009203980099502488,0.0,0.0,0.1,0.7695589466887663,9
0.06932515337423313,0.06846153846153846,0.013716814159292037,0.02923376393558662,0.02291666666666667,0.027039473684210526,0.024626865671641792,0.1,0.0,0.0,0.6446797240468307,10
0.06748466257668713,0.06923076923076923,0.012831858407079646,0.02622544682357105,0.0198252688172043,0.01888157894736842,0.02651741293532339,0.1,0.0,0.0,0.6590030022619968,10
0.07975460122699388,0.08,0.0168141592920354,0.04758449831888162,0.03487903225806452,0.04026315789473684,0.04442786069651742,0.0,0.0,0.1,0.5562766903127704,16
0.06871165644171781,0.07,0.013716814159292037,0.028207396920898957,0.022849462365591402,0.025,0.024129353233830846,0.0,0.0,0.1,0.647385316878669,11
0.058282208588957066,0.057692307692307696,0.011504424778761064,0.01831534241727128,0.01394489247311828,0.015328947368421055,0.016915422885572143,0.0,0.0,0.1,0.7080164537955914,10
0.060122699386503074,0.05846153846153846,0.011061946902654869,0.01943018934701823,0.01646505376344086,0.014144736842105264,0.017313432835820895,0.1,0.0,0.0,0.7030004024609183,10
0.05644171779141106,0.05384615384615384,0.010619469026548672,0.018226862502211998,0.015053763440860216,0.014210526315789474,0.015572139303482588,0.0,0.0,0.1,0.7160293677735421,10
0.034355828220858906,0.031538461538461536,0.007079646017699116,0.004494779685011502,0.0034946236559139786,0.005131578947368421,0.004179104477611941,0.0,0.1,0.0,0.8097259774570746,9
0.02147239263803681,0.02,0.004867256637168142,0.0011148469297469475,0.0007056451612903226,0.0008552631578947369,0.0012437810945273634,0.0,0.1,0.0,0.8497408143813356,5
0.020858895705521477,0.02,0.0084070796460177,0.0010617589807113785,0.0008736559139784947,0.0010526315789473684,0.0009950248756218907,0.0,0.1,0.0,0.8467509532992017,4
0.07239263803680983,0.07307692307692307,0.012831858407079646,0.03726774022296939,0.029670698924731186,0.034473684210526316,0.03233830845771145,0.0,0.0,0.1,0.6079481486632491,15
0.07423312883435584,0.07692307692307693,0.016371681415929203,0.039585913997522565,0.031518817204301074,0.03401315789473684,0.03333333333333334,0.1,0.0,0.0,0.5940208903967442,9
0.07791411042944786,0.07923076923076923,0.0168141592920354,0.048540081401521856,0.03403897849462365,0.04013157894736842,0.04477611940298508,0.1,0.0,0.0,0.5585542028012485,10
0.07423312883435584,0.07461538461538461,0.014159292035398232,0.03739161210405238,0.024865591397849465,0.030986842105263156,0.035323383084577116,0.1,0.0,0.0,0.6084247658231192,10
0.06932515337423313,0.06923076923076923,0.011946902654867258,0.03498495841443992,0.026008064516129036,0.019671052631578947,0.03084577114427861,0.1,0.0,0.0,0.6379873280337038,12
0.06319018404907976,0.062307692307692314,0.011504424778761064,0.02555299946912051,0.021505376344086023,0.017236842105263158,0.020895522388059702,0.0,0.0,0.1,0.6778069585579375,10
0.07055214723926381,0.07076923076923078,0.0168141592920354,0.03517961422757034,0.02634408602150538,0.03190789473684211,0.033830845771144286,0.1,0.0,0.0,0.614602021942408,13
0.07914110429447854,0.07461538461538461,0.019026548672566375,0.0535834365599009,0.03669354838709678,0.03440789473684211,0.06318407960199006,0.0,0.0,0.1,0.5393480031317406,16
0.07116564417177915,0.07,0.015044247787610623,0.0321182091665192,0.025134408602150538,0.028092105263157894,0.028358208955223882,0.1,0.0,0.0,0.6300871760535587,13
0.07055214723926381,0.07076923076923078,0.014601769911504426,0.039780569810652984,0.020060483870967743,0.023486842105263157,0.04378109452736319,0.1,0.0,0.0,0.6169678617657539,13
0.07423312883435584,0.07153846153846154,0.014601769911504426,0.037373916121040525,0.028326612903225808,0.032565789473684215,0.033830845771144286,0.0,0.0,0.1,0.6075294754465834,13
0.07423312883435584,0.07461538461538461,0.014159292035398232,0.04324898248097682,0.035618279569892476,0.03388157894736842,0.02786069651741294,0.1,0.0,0.0,0.5963826569992107,13
0.07484662576687118,0.07461538461538461,0.015486725663716814,0.04404530171651035,0.036559139784946244,0.03907894736842105,0.034328358208955224,0.0,0.0,0.1,0.5810395168751945,12
0.08895705521472394,0.08615384615384616,0.018584070796460177,0.07577419925676872,0.043682795698924734,0.052368421052631585,0.1,0.1,0.0,0.0,0.43447961182664474,18
0.07975460122699388,0.08384615384615385,0.02035398230088496,0.06200672447354451,0.03766801075268818,0.03809210526315789,0.08109452736318408,0.1,0.0,0.0,0.49718389477339275,16
0.08895705521472394,0.08769230769230768,0.0168141592920354,0.09024951336046717,0.07194220430107527,0.06355263157894737,0.07213930348258707,0.0,0.0,0.1,0.40865282507785605,14
0.08895705521472394,0.08846153846153845,0.015486725663716814,0.0751725358343656,0.05141129032258065,0.05940789473684211,0.0845771144278607,0.1,0.0,0.0,0.4365258453383718,20
0.08343558282208591,0.08769230769230768,0.018141592920353982,0.06519200141567864,0.042002688172043015,0.053684210526315786,0.0646766169154229,0.1,0.0,0.0,0.48517499953579213,20
0.08650306748466259,0.08615384615384616,0.01946902654867257,0.07011148469297471,0.054939516129032265,0.040592105263157895,0.07562189054726369,0.0,0.0,0.1,0.4666090631803901,14
0.08343558282208591,0.07923076923076923,0.015486725663716814,0.05728189700937888,0.034442204301075266,0.05381578947368421,0.06169154228855722,0.1,0.0,0.0,0.5146154892107325,12
0.08527607361963191,0.08461538461538462,0.019026548672566375,0.06924438152539374,0.04788306451612904,0.0711842105263158,0.05870646766169155,0.0,0.0,0.1,0.464063868862887,14
0.06503067484662578,0.06076923076923077,0.012831858407079646,0.02742877366837728,0.020698924731182795,0.02223684210526316,0.02537313432835821,0.1,0.0,0.0,0.6656305611438823,7
0.06441717791411045,0.06692307692307692,0.013716814159292037,0.03769244381525394,0.032661290322580645,0.03065789473684211,0.028358208955223882,0.0,0.0,0.1,0.62557309317362,8
0.06380368098159511,0.062307692307692314,0.01017699115044248,0.027464165634400992,0.021505376344086023,0.024276315789473684,0.021890547263681594,0.1,0.0,0.0,0.6685752305286278,8
0.028834355828220862,0.024615384615384615,0.003539823008849558,0.0016988143691382058,0.0012432795698924732,0.0023684210526315787,0.0014925373134328358,0.0,0.1,0.0,0.8362073842424499,5
0.0441717791411043,0.04,0.007964601769911504,0.0063174659352327025,0.004334677419354839,0.004868421052631579,0.00746268656716418,0.0,0.1,0.0,0.7848803681146008,7
0.038650306748466264,0.03230769230769231,0.005309734513274336,0.004423995752964077,0.004032258064516129,0.004934210526315789,0.0034825870646766175,0.0,0.1,0.0,0.8068592150220945,5
0.038650306748466264,0.03769230769230769,0.007522123893805311,0.0050787471244027604,0.0035618279569892474,0.00625,0.0049751243781094535,0.0,0.1,0.0,0.7962695622059193,8
0.02760736196319019,0.024615384615384615,0.003982300884955752,0.0016457264201026368,0.0016801075268817207,0.001973684210526316,0.0014925373134328358,0.0,0.1,0.0,0.8370028970655259,4
0.07116564417177915,0.07307692307692307,0.013274336283185842,0.034330207043001236,0.025873655913978496,0.028486842105263158,0.03482587064676617,0.0,0.0,0.1,0.6189665207591029,11
0.06993865030674848,0.07384615384615384,0.01592920353982301,0.033250752079278,0.02681451612903226,0.026315789473684213,0.029353233830845774,0.0,0.0,0.1,0.6245517007944345,14
0.07852760736196321,0.07846153846153846,0.015486725663716814,0.04841620952043887,0.034610215053763445,0.035,0.056716417910447764,0.0,0.0,0.1,0.5527812860281315,21
0.06871165644171781,0.06923076923076923,0.014159292035398232,0.03622367722526987,0.028830645161290323,0.035263157894736843,0.02985074626865672,0.1,0.0,0.0,0.617730055742161,10
0.07607361963190186,0.07307692307692307,0.015486725663716814,0.035975933463103876,0.029267473118279572,0.028157894736842107,0.03233830845771145,0.1,0.0,0.0,0.6096231218515212,10
0.07914110429447854,0.07846153846153846,0.01769911504424779,0.05547690674216953,0.04173387096774194,0.04828947368421053,0.04577114427860697,0.1,0.0,0.0,0.5334268465270062,12
0.07607361963190186,0.07538461538461538,0.0168141592920354,0.043107414616881966,0.03665994623655914,0.03901315789473684,0.035323383084577116,0.0,0.0,0.1,0.5776237038586923,13
0.07730061349693253,0.07384615384615384,0.013274336283185842,0.03725004423995753,0.02634408602150538,0.04421052631578948,0.028358208955223882,0.1,0.0,0.0,0.5994160308412515,12
0.07730061349693253,0.07692307692307693,0.016371681415929203,0.04894708901079455,0.036290322580645164,0.043618421052631584,0.037810945273631845,0.1,0.0,0.0,0.5627378502463583,10
0.07730061349693253,0.07384615384615384,0.014159292035398232,0.042434967262431435,0.035383064516129034,0.04407894736842106,0.03134328358208956,0.1,0.0,0.0,0.5814536778924444,11
0.07177914110429448,0.07076923076923078,0.015044247787610623,0.03300300831711202,0.02452956989247312,0.03565789473684211,0.028855721393034828,0.1,0.0,0.0,0.620361185999402,9
0.07546012269938651,0.07384615384615384,0.01592920353982301,0.04103698460449478,0.032560483870967744,0.028486842105263158,0.03233830845771145,0.0,0.0,0.1,0.6003419008761994,13
0.07484662576687118,0.07461538461538461,0.015044247787610623,0.03618828525924615,0.028158602150537636,0.03164473684210526,0.03582089552238806,0.0,0.0,0.1,0.6036812220558565,12
0.07116564417177915,0.06923076923076923,0.013274336283185842,0.0328083525039816,0.018548387096774196,0.02388157894736842,0.03582089552238806,0.0,0.0,0.1,0.6352700362437536,14
0.04355828220858896,0.04230769230769231,0.007522123893805311,0.007786232525216776,0.006182795698924731,0.007894736842105263,0.01492537313432836,0.0,0.1,0.0,0.7698227633893383,8
0.06257668711656443,0.06153846153846154,0.012389380530973453,0.02882675632631393,0.03084677419354839,0.02585526315789474,0.019402985074626868,0.1,0.0,0.0,0.6585636920616167,10
0.061349693251533756,0.062307692307692314,0.013716814159292037,0.027322597770306142,0.023252688172043012,0.02019736842105263,0.02437810945273632,0.0,0.0,0.1,0.6674750364653438,12
0.06196319018404909,0.06307692307692307,0.013274336283185842,0.022792426119270928,0.019153225806451613,0.019078947368421053,0.020895522388059702,0.1,0.0,0.0,0.6797654287736387,11
0.07852760736196321,0.07692307692307693,0.016371681415929203,0.046133427711909404,0.029872311827956993,0.03467105263157895,0.046268656716417916,0.0,0.0,0.1,0.5712321854111674,16
0.06871165644171781,0.06923076923076923,0.014159292035398232,0.03263139267386304,0.02903225806451613,0.023421052631578947,0.025870646766169157,0.0,0.0,0.1,0.6369429321559874,15
0.07177914110429448,0.07076923076923078,0.016371681415929203,0.03263139267386304,0.024428763440860216,0.028026315789473684,0.028358208955223882,0.0,0.0,0.1,0.6276352658511247,10
0.05521472392638038,0.05307692307692307,0.010619469026548672,0.014740753848876305,0.01112231182795699,0.0125,0.013432835820895524,0.1,0.0,0.0,0.729292982472419,9
0.061349693251533756,0.06153846153846154,0.014601769911504426,0.02919837196956291,0.01706989247311828,0.026973684210526316,0.028358208955223882,0.0,0.0,0.1,0.6609099176900689,13
0.061349693251533756,0.06153846153846154,0.012831858407079646,0.02229693859493895,0.015725806451612905,0.019276315789473683,0.022885572139303485,0.1,0.0,0.0,0.684095353827596,12
0.06503067484662578,0.06692307692307692,0.015044247787610623,0.02886214829233764,0.020060483870967743,0.020394736842105264,0.027363184079601994,0.1,0.0,0.0,0.6563214473576741,13
0.05153374233128835,0.05153846153846154,0.01017699115044248,0.013059635462749956,0.01149193548387097,0.009342105263157895,0.011940298507462687,0.0,0.0,0.1,0.7409168302625662,8
0.0539877300613497,0.05230769230769231,0.012389380530973453,0.017058927623429483,0.0125,0.014276315789473686,0.01592039800995025,0.1,0.0,0.0,0.721559555677131,9
0.049079754601227,0.04615384615384615,0.009734513274336285,0.011148469297469476,0.007325268817204302,0.008815789473684211,0.011940298507462687,0.0,0.1,0.0,0.7558020598747699,9
0.05337423312883437,0.05230769230769231,0.009734513274336285,0.013431251105998939,0.010047043010752689,0.011184210526315791,0.011940298507462687,0.0,0.1,0.0,0.7379807581386069,8
0.06441717791411045,0.06384615384615384,0.015044247787610623,0.029463811714740756,0.01851478494623656,0.02217105263157895,0.03084577114427861,0.1,0.0,0.0,0.6556970000152902,13
0.04539877300613498,0.04307692307692308,0.0084070796460177,0.0093965669792957,0.008198924731182796,0.006842105263157895,0.007960199004975126,0.0,0.1,0.0,0.7707194282923128,7
0.060122699386503074,0.05615384615384615,0.012831858407079646,0.022456202442045655,0.01340725806451613,0.02138157894736842,0.021890547263681594,0.1,0.0,0.0,0.6917560093349593,10
0.04110429447852762,0.038461538461538464,0.007964601769911504,0.006405945850291984,0.005073924731182796,0.005460526315789474,0.005970149253731343,0.0,0.0,0.1,0.7895590191390268,7
0.05092024539877301,0.05,0.009292035398230088,0.013448947089010795,0.010719086021505377,0.010328947368421054,0.011940298507462687,0.1,0.0,0.0,0.743350440216597,12
0.061349693251533756,0.062307692307692314,0.012389380530973453,0.021783755087595117,0.016196236559139786,0.017828947368421055,0.020398009950248756,0.0,0.0,0.1,0.6877462849443957,9
0.05950920245398774,0.06076923076923077,0.014159292035398232,0.02335869757565033,0.016633064516129035,0.016842105263157894,0.023383084577114428,0.1,0.0,0.0,0.6853453228093316,14
0.06748466257668713,0.062307692307692314,0.012389380530973453,0.028402052734029376,0.016397849462365593,0.021513157894736845,0.02537313432835821,0.0,0.0,0.1,0.6661320701651571,10
0.05521472392638038,0.05384615384615384,0.011504424778761064,0.016280304370907807,0.011693548387096775,0.014605263157894737,0.013432835820895524,0.0,0.0,0.1,0.7234227457119099,8
0.04969325153374234,0.04615384615384615,0.010619469026548672,0.011466996991682889,0.008501344086021507,0.009210526315789475,0.010945273631840797,0.0,0.1,0.0,0.7534092922605281,7
0.057668711656441725,0.05538461538461538,0.011946902654867258,0.01773137497788002,0.011189516129032259,0.015131578947368423,0.016417910447761197,0.0,0.0,0.1,0.7145293898020337,10
0.05092024539877301,0.04692307692307692,0.011504424778761064,0.011325429127588039,0.008770161290322582,0.00993421052631579,0.010447761194029851,0.1,0.0,0.0,0.7501746907611327,8
0.05460122699386504,0.05,0.011061946902654869,0.016103344540789242,0.011995967741935483,0.01480263157894737,0.01393034825870647,0.1,0.0,0.0,0.7275045339831014,9
0.057668711656441725,0.05384615384615384,0.012831858407079646,0.01831534241727128,0.012567204301075269,0.01625,0.01791044776119403,0.1,0.0,0.0,0.7106102816107842,11
0.060122699386503074,0.057692307692307696,0.013274336283185842,0.02036807644664661,0.01478494623655914,0.01894736842105263,0.018905472636815922,0.1,0.0,0.0,0.6959047928969291,9
0.05460122699386504,0.054615384615384614,0.013274336283185842,0.017165103521500618,0.012163978494623657,0.01644736842105263,0.015422885572139305,0.1,0.0,0.0,0.7163097160982483,11
0.05214723926380369,0.05846153846153846,0.009292035398230088,0.011555476906742171,0.008635752688172044,0.010328947368421054,0.009950248756218907,0.0,0.1,0.0,0.7396287611568736,10
0.061349693251533756,0.05692307692307692,0.011946902654867258,0.01592638471067068,0.011525537634408604,0.013881578947368422,0.015422885572139305,0.1,0.0,0.0,0.7130239403059351,9
0.04785276073619633,0.04461538461538461,0.011061946902654869,0.010812245620244205,0.008131720430107528,0.010789473684210528,0.008955223880597015,0.1,0.0,0.0,0.7577812441306049,7
0.04478527607361964,0.04153846153846154,0.007522123893805311,0.007255353034861086,0.005241935483870968,0.006381578947368421,0.006965174129353235,0.0,0.1,0.0,0.7803100968986598,7
0.07116564417177915,0.07153846153846154,0.014601769911504426,0.03898425057511944,0.027150537634408604,0.02756578947368421,0.03482587064676617,0.1,0.0,0.0,0.6141676760482765,11
0.06503067484662578,0.06384615384615384,0.014159292035398232,0.02771190939656698,0.0197244623655914,0.020789473684210528,0.02437810945273632,0.1,0.0,0.0,0.664359924372717,15
0.06809815950920248,0.06846153846153846,0.011946902654867258,0.029587683595823748,0.022580645161290325,0.02138157894736842,0.027363184079601994,0.0,0.0,0.1,0.6505803075903073,13
0.06932515337423313,0.06769230769230769,0.015486725663716814,0.031941249336400634,0.020833333333333336,0.025394736842105265,0.03233830845771145,0.0,0.0,0.1,0.6369881853001916,14
0.0766871165644172,0.0776923076923077,0.019026548672566375,0.05115908688727659,0.03333333333333333,0.03776315789473684,0.04328358208955224,0.0,0.0,0.1,0.5610548668658097,22
0.033742331288343565,0.03307692307692307,0.006637168141592921,0.0040877720757388075,0.003259408602150538,0.0038157894736842108,0.0034825870646766175,0.0,0.1,0.0,0.8118980202768902,7
0.0539877300613497,0.05384615384615384,0.011946902654867258,0.015395505220314989,0.01219758064516129,0.010921052631578948,0.012437810945273632,0.0,0.1,0.0,0.7292672639953004,12
0.036196319018404914,0.03461538461538462,0.007079646017699116,0.004388603786940365,0.003259408602150538,0.004210526315789474,0.003980099502487563,0.0,0.1,0.0,0.8062700121411435,9
0.009202453987730062,0.008461538461538461,0.0008849557522123895,7.078393204742525e-05,6.720430107526882e-05,6.578947368421052e-05,0.0001492537313432836,0.0,0.1,0.0,0.8810980203603689,1
0.015950920245398778,0.015384615384615385,0.002654867256637168,0.00046009555830826403,0.0003024193548387097,0.0003947368421052632,0.00039800995024875626,0.0,0.1,0.0,0.8644543354078477,3
0.013496932515337425,0.013846153846153845,0.002654867256637168,0.000283135728189701,0.00016801075268817206,0.0002631578947368421,0.0002985074626865672,0.0,0.1,0.0,0.8689892345435702,3
0.019631901840490802,0.01846153846153846,0.0030973451327433632,0.000743231286497965,0.0005040322580645161,0.0005921052631578947,0.0004975124378109454,0.0,0.1,0.0,0.8564723333196961,5
0.06932515337423313,0.06538461538461539,0.014159292035398232,0.03335692797734914,0.02348790322580645,0.02875,0.027363184079601994,0.0,0.0,0.1,0.6381729239229956,17
0.03312883435582823,0.03076923076923077,0.0061946902654867264,0.003539196602371262,0.0022849462365591403,0.003223684210526316,0.0034825870646766175,0.0,0.1,0.0,0.817376830495321,5
0.02822085889570553,0.02692307692307692,0.005752212389380532,0.002282781808529464,0.0017473118279569893,0.0013815789473684212,0.0019900497512437814,0.0,0.1,0.0,0.8317021294567384,5
0.03680981595092025,0.03538461538461539,0.007079646017699116,0.004512475668023359,0.0029233870967741936,0.003486842105263158,0.003980099502487563,0.0,0.1,0.0,0.8058231182742169,8
0.04049079754601228,0.03923076923076923,0.007522123893805311,0.0058573703769244385,0.004233870967741936,0.005131578947368421,0.005970149253731343,0.0,0.1,0.0,0.791563339783647,8
0.04294478527607362,0.04,0.007522123893805311,0.006158202088125995,0.004737903225806452,0.004539473684210527,0.005970149253731343,0.0,0.1,0.0,0.7881273625782468,10
0.039263803680981604,0.03769230769230769,0.007079646017699116,0.00560962661475845,0.00426747311827957,0.0042763157894736845,0.0049751243781094535,0.0,0.1,0.0,0.7968357027083904,13
0.0441717791411043,0.04230769230769231,0.007522123893805311,0.006989913289683242,0.005006720430107527,0.005460526315789474,0.006965174129353235,0.0,0.1,0.0,0.7815760704924646,9
0.03742331288343559,0.03769230769230769,0.006637168141592921,0.005521146699699169,0.0045362903225806455,0.005,0.004477611940298508,0.0,0.1,0.0,0.7987121623200855,7
0.04233128834355829,0.04153846153846154,0.009734513274336285,0.007556184746062644,0.0055107526881720435,0.007171052631578948,0.006965174129353235,0.0,0.1,0.0,0.779192572648477,7
0.04049079754601228,0.038461538461538464,0.009292035398230088,0.006069722173066714,0.004401881720430108,0.004605263157894737,0.005970149253731343,0.0,0.1,0.0,0.7907086122890963,7
0.07239263803680983,0.07230769230769231,0.01592920353982301,0.039762873827641126,0.028259408602150538,0.03690789473684211,0.03582089552238806,0.0,0.0,0.1,0.598619393426653,13
0.07300613496932516,0.07,0.013716814159292037,0.03753317996814723,0.034509408602150536,0.028486842105263158,0.02985074626865672,0.1,0.0,0.0,0.6128968739271652,12
0.07055214723926381,0.07076923076923078,0.016371681415929203,0.03871881082994161,0.030141129032258067,0.02855263157894737,0.034328358208955224,0.1,0.0,0.0,0.6105660109254739,15
0.0736196319018405,0.07615384615384616,0.014601769911504426,0.043939125818439215,0.032594086021505375,0.036513157894736845,0.033830845771144286,0.0,0.0,0.1,0.5887475365269832,15
0.06871165644171781,0.06923076923076923,0.015486725663716814,0.03578127764997345,0.025772849462365594,0.027171052631578946,0.03681592039800995,0.0,0.0,0.1,0.6210297485218682,15
0.06871165644171781,0.06923076923076923,0.016371681415929203,0.0378694036453725,0.025571236559139787,0.023026315789473683,0.04079601990049751,0.0,0.0,0.1,0.6184229170171003,19
0.0668711656441718,0.07076923076923078,0.014159292035398232,0.03176428950628207,0.02291666666666667,0.021776315789473685,0.034328358208955224,0.0,0.0,0.1,0.6374146813798215,10
0.07791411042944786,0.0776923076923077,0.015044247787610623,0.05007963192355336,0.04065860215053763,0.03907894736842105,0.03631840796019901,0.1,0.0,0.0,0.5632137446879227,15
0.07239263803680983,0.07307692307692307,0.014159292035398232,0.03898425057511944,0.03209005376344086,0.03361842105263158,0.029353233830845774,0.1,0.0,0.0,0.6063251876288313,13
0.06625766871165646,0.07307692307692307,0.013716814159292037,0.032843744470005314,0.026478494623655917,0.025526315789473685,0.025870646766169157,0.1,0.0,0.0,0.6362293924028243,11
0.06993865030674848,0.06769230769230769,0.011061946902654869,0.030614050610511416,0.024697580645161293,0.02269736842105263,0.026865671641791048,0.1,0.0,0.0,0.6464324237797726,12
0.06503067484662578,0.06461538461538462,0.014601769911504426,0.031658113608210935,0.021438172043010753,0.031447368421052634,0.02437810945273632,0.0,0.0,0.1,0.6468304071014745,11
0.030061349693251537,0.030000000000000002,0.005309734513274336,0.0033622367722526986,0.0029905913978494625,0.003223684210526316,0.0025870646766169157,0.0,0.1,0.0,0.8224653387362287,4
0.03312883435582823,0.03076923076923077,0.007079646017699116,0.004264731905857371,0.003125,0.00368421052631579,0.003980099502487563,0.0,0.0,0.1,0.8139682469225812,6
0.05644171779141106,0.05846153846153846,0.011504424778761064,0.022615466289152363,0.020161290322580645,0.02006578947368421,0.01592039800995025,0.1,0.0,0.0,0.694829374872922,11
0.06380368098159511,0.06923076923076923,0.013274336283185842,0.03167580959122279,0.02429435483870968,0.024473684210526318,0.023383084577114428,0.0,0.0,0.1,0.6498642802868766,14
0.04294478527607362,0.04230769230769231,0.009734513274336285,0.01035215006193594,0.00823252688172043,0.008355263157894737,0.00900497512437811,0.0,0.0,0.1,0.7690680939159685,8
0.057668711656441725,0.060000000000000005,0.013274336283185842,0.022491594408069367,0.014684139784946237,0.011644736842105263,0.02537313432835821,0.0,0.0,0.1,0.6948633466968933,9
0.05521472392638038,0.05538461538461538,0.011061946902654869,0.017678287028844452,0.013676075268817204,0.013157894736842106,0.016915422885572143,0.1,0.0,0.0,0.7169110338662734,13
0.07852760736196321,0.08076923076923077,0.019026548672566375,0.06296230755618475,0.03047715053763441,0.03756578947368421,0.05472636815920399,0.1,0.0,0.0,0.5359449974695323,22
0.07239263803680983,0.07692307692307693,0.01769911504424779,0.04201026367014688,0.02768817204301075,0.0355921052631579,0.03681592039800995,0.0,0.0,0.1,0.59087870862154,16
0.07607361963190186,0.07461538461538461,0.018141592920353982,0.04314280658290569,0.026041666666666668,0.032960526315789475,0.03830845771144279,0.0,0.0,0.1,0.590715945555555,14
0.07730061349693253,0.0776923076923077,0.019911504424778764,0.05397274818616174,0.037634408602150546,0.043881578947368424,0.04477611940298508,0.0,0.0,0.1,0.5448307192473152,15
0.07730061349693253,0.07923076923076923,0.013716814159292037,0.04455848522385418,0.02758736559139785,0.02592105263157895,0.04079601990049751,0.0,0.0,0.1,0.5908888797656777,13
0.08036809815950922,0.08307692307692308,0.019026548672566375,0.06526278534772607,0.0498991935483871,0.04302631578947369,0.0582089552238806,0.0,0.0,0.1,0.5011311801815339,22
0.08098159509202456,0.08153846153846155,0.016371681415929203,0.047726066182976465,0.03313172043010753,0.03223684210526316,0.04875621890547264,0.1,0.0,0.0,0.5592574143297648,12
0.07484662576687118,0.07692307692307693,0.021238938053097345,0.05811360821093611,0.035752688172043016,0.044013157894736844,0.06865671641791045,0.0,0.0,0.1,0.5204551885613281,18
0.07791411042944786,0.08076923076923077,0.018141592920353982,0.052521677579189525,0.03696236559139786,0.04098684210526316,0.042786069651741296,0.0,0.0,0.1,0.5499181109533755,20
0.06319018404907976,0.06538461538461539,0.011946902654867258,0.025199079808883383,0.017909946236559143,0.02111842105263158,0.024875621890547265,0.1,0.0,0.0,0.6703752289228162,11
0.06564417177914111,0.06384615384615384,0.016371681415929203,0.02978233940895417,0.02110215053763441,0.020855263157894738,0.02985074626865672,0.1,0.0,0.0,0.6525474935856358,15
0.0441717791411043,0.04384615384615384,0.009292035398230088,0.008547159794726597,0.006149193548387097,0.007500000000000001,0.00746268656716418,0.0,0.1,0.0,0.7730309917042338,7
0.055828220858895716,0.054615384615384614,0.010619469026548672,0.015908688727658823,0.011895161290322582,0.01368421052631579,0.01492537313432836,0.1,0.0,0.0,0.7225234918205454,9
0.05950920245398774,0.06076923076923077,0.012389380530973453,0.02227924261192709,0.015356182795698926,0.016710526315789474,0.02238805970149254,0.0,0.0,0.1,0.6905981748209,14
0.06319018404907976,0.05846153846153846,0.015486725663716814,0.03385241550168112,0.021841397849462367,0.020789473684210528,0.03084577114427861,0.0,0.0,0.1,0.6555324936460323,14
0.06564417177914111,0.06384615384615384,0.015044247787610623,0.031109538134843392,0.0198252688172043,0.02585526315789474,0.028358208955223882,0.1,0.0,0.0,0.6503171475219282,10
0.06503067484662578,0.06692307692307692,0.013716814159292037,0.02473898425057512,0.01935483870967742,0.020986842105263158,0.020398009950248756,0.0,0.0,0.1,0.6688507590552408,10
0.060736196319018415,0.06153846153846154,0.013716814159292037,0.02281012210228278,0.016263440860215056,0.01743421052631579,0.020398009950248756,0.1,0.0,0.0,0.6871027445441655,17
0.0539877300613497,0.054615384615384614,0.011061946902654869,0.016899663776322776,0.008870967741935486,0.010723684210526316,0.018905472636815922,0.0,0.0,0.1,0.7249351500550103,9
0.06564417177914111,0.06692307692307692,0.014159292035398232,0.028685188462219076,0.021202956989247315,0.02361842105263158,0.023880597014925373,0.1,0.0,0.0,0.6558862957433604,10
0.06625766871165646,0.06692307692307692,0.01592920353982301,0.035250398159617766,0.025772849462365594,0.02973684210526316,0.03233830845771145,0.0,0.0,0.1,0.6277916526404856,17
0.06932515337423313,0.0776923076923077,0.018584070796460177,0.04517784462926916,0.03366935483870968,0.03671052631578948,0.035323383084577116,0.1,0.0,0.0,0.5835173592686536,12
0.07484662576687118,0.07307692307692307,0.014601769911504426,0.039497434082463284,0.028763440860215057,0.029013157894736845,0.03134328358208956,0.0,0.0,0.1,0.6088573648251966,15
0.06932515337423313,0.07,0.015486725663716814,0.03585206158202088,0.02298387096774194,0.027236842105263157,0.03482587064676617,0.1,0.0,0.0,0.6242894756602579,19
0.0736196319018405,0.07615384615384616,0.017256637168141596,0.0374270040700761,0.02580645161290323,0.025,0.0373134328358209,0.0,0.0,0.1,0.6074229962573715,26
0.036196319018404914,0.03307692307692307,0.007522123893805311,0.004530171651035216,0.0032930107526881725,0.004473684210526316,0.003980099502487563,0.0,0.1,0.0,0.8069276678941295,6
0.033742331288343565,0.031538461538461536,0.006637168141592921,0.003910812245620244,0.0030241935483870967,0.0037500000000000003,0.0034825870646766175,0.0,0.1,0.0,0.813914446172918,6
0.034355828220858906,0.03230769230769231,0.007522123893805311,0.003769244381525394,0.002620967741935484,0.0038815789473684212,0.0029850746268656717,0.0,0.1,0.0,0.8125574898799485,4
0.060122699386503074,0.06076923076923077,0.012389380530973453,0.01943018934701823,0.014885752688172044,0.016776315789473684,0.01492537313432836,0.0,0.0,0.1,0.7007010583543003,11
0.04539877300613498,0.04307692307692308,0.009292035398230088,0.008281720049548753,0.0060819892473118285,0.0076973684210526324,0.00746268656716418,0.0,0.0,0.1,0.7727085042336345,9
0.04969325153374234,0.04692307692307692,0.0084070796460177,0.012334100159263848,0.009778225806451614,0.011776315789473685,0.009950248756218907,0.1,0.0,0.0,0.751137701385755,9
0.06625766871165646,0.06692307692307692,0.015486725663716814,0.031569633693151654,0.02163978494623656,0.022894736842105263,0.03333333333333334,0.1,0.0,0.0,0.641895039886723,13
0.04539877300613498,0.04307692307692308,0.008849557522123895,0.00891877543797558,0.007157258064516129,0.007828947368421053,0.007363184079601991,0.0,0.0,0.1,0.7714065814443033,8
0.0441717791411043,0.04153846153846154,0.008849557522123895,0.007680056627145639,0.005947580645161291,0.006513157894736843,0.007114427860696518,0.0,0.0,0.1,0.7781849787705699,6
0.057668711656441725,0.05538461538461538,0.011504424778761064,0.016705007963192357,0.012231182795698925,0.015000000000000001,0.01492537313432836,0.1,0.0,0.0,0.7165806842869622,10
0.0245398773006135,0.022307692307692306,0.005309734513274336,0.0013095027428773668,0.0008400537634408603,0.00125,0.0010945273631840797,0.0,0.1,0.0,0.8433486120089175,4
0.02024539877300614,0.01846153846153846,0.002654867256637168,0.0007609272695098213,0.00047043010752688175,0.0006578947368421054,0.0004975124378109454,0.0,0.1,0.0,0.8562514309571285,3
0.07914110429447854,0.07923076923076923,0.021238938053097345,0.054556715625553004,0.031653225806451614,0.04855263157894737,0.05323383084577115,0.0,0.0,0.1,0.5323927845649318,13
0.06748466257668713,0.06307692307692307,0.011061946902654869,0.026915590161033443,0.01683467741935484,0.021513157894736845,0.019402985074626868,0.0,0.0,0.1,0.6737100568939829,14
0.06993865030674848,0.06692307692307692,0.012831858407079646,0.03204742523447177,0.026377688172043015,0.030986842105263156,0.027363184079601994,0.0,0.0,0.1,0.633531274771715,10
0.07730061349693253,0.07461538461538461,0.0168141592920354,0.044009909750486645,0.0311491935483871,0.040197368421052634,0.038805970149253737,0.1,0.0,0.0,0.5771074007264674,21
0.06871165644171781,0.06769230769230769,0.012389380530973453,0.03436559900902495,0.029771505376344088,0.026907894736842106,0.026368159203980102,0.0,0.0,0.1,0.6337934970088098,14
0.07300613496932516,0.07,0.017256637168141596,0.04708901079454964,0.030880376344086025,0.04256578947368422,0.034328358208955224,0.0,0.0,0.1,0.5848736930412581,19
0.07607361963190186,0.07230769230769231,0.01769911504424779,0.043372854362059815,0.025604838709677422,0.03552631578947369,0.04328358208955224,0.1,0.0,0.0,0.5861319820653949,23
0.07730061349693253,0.07461538461538461,0.015486725663716814,0.04600955583082641,0.029133064516129036,0.03875,0.04577114427860697,0.0,0.0,0.1,0.5729335115984037,23
0.05521472392638038,0.054615384615384614,0.009734513274336285,0.016227216421872238,0.013037634408602151,0.008815789473684211,0.01393034825870647,0.0,0.1,0.0,0.7284243896210336,8
0.07791411042944786,0.08230769230769232,0.0168141592920354,0.04395682180145107,0.03870967741935484,0.032565789473684215,0.038805970149253737,0.1,0.0,0.0,0.5689257791270805,14
0.05521472392638038,0.05384615384615384,0.008849557522123895,0.013006547513714387,0.009845430107526882,0.013355263157894738,0.011940298507462687,0.0,0.0,0.1,0.7339420254187432,10
0.07116564417177915,0.07,0.013716814159292037,0.029605379578835606,0.02116935483870968,0.01822368421052632,0.0318407960199005,0.1,0.0,0.0,0.6442783270209567,18
0.04049079754601228,0.03923076923076923,0.0084070796460177,0.00608741815607857,0.004435483870967743,0.0033552631578947366,0.005970149253731343,0.0,0.1,0.0,0.7920230391385283,6
0.03251533742331289,0.03230769230769231,0.005309734513274336,0.003415324721288268,0.0028561827956989252,0.0028947368421052633,0.0029850746268656717,0.0,0.1,0.0,0.8177159167697623,5
0.023312883435582826,0.022307692307692306,0.003539823008849558,0.0013448947089010795,0.0011088709677419357,0.0008552631578947369,0.0014925373134328358,0.0,0.1,0.0,0.8460380350999047,4
0.04723926380368099,0.047692307692307694,0.008849557522123895,0.010069014333746238,0.007157258064516129,0.009868421052631578,0.009950248756218907,0.0,0.0,0.1,0.7591739287747745,11
0.03251533742331289,0.031538461538461536,0.0061946902654867264,0.003733852415501681,0.002620967741935484,0.005394736842105264,0.0034825870646766175,0.0,0.1,0.0,0.8145193667085198,5
0.04110429447852762,0.04076923076923077,0.009292035398230088,0.007857016457264202,0.0062836021505376346,0.00736842105263158,0.00746268656716418,0.0,0.0,0.1,0.7798627131264139,7
0.04355828220858896,0.04230769230769231,0.007964601769911504,0.008883383471951868,0.006518817204301076,0.006973684210526316,0.007960199004975126,0.0,0.1,0.0,0.7758333398220528,7
0.039263803680981604,0.03923076923076923,0.008849557522123895,0.006211290037161564,0.0049059139784946235,0.005460526315789474,0.006467661691542289,0.0,0.1,0.0,0.7896104775431374,7
0.06257668711656443,0.06153846153846154,0.011504424778761064,0.02277473013625907,0.018145161290322582,0.02190789473684211,0.020398009950248756,0.0,0.0,0.1,0.6811546304525404,12
0.0441717791411043,0.045384615384615384,0.009292035398230088,0.008529463811714742,0.005813172043010753,0.006973684210526316,0.009452736318407961,0.0,0.0,0.1,0.7703825136923904,8
0.0441717791411043,0.04307692307692308,0.007964601769911504,0.007980888338347196,0.005947580645161291,0.005263157894736843,0.008955223880597015,0.0,0.1,0.0,0.7766398452532187,8
0.061349693251533756,0.05846153846153846,0.013716814159292037,0.021075915767120864,0.014348118279569893,0.02118421052631579,0.019900497512437814,0.0,0.0,0.1,0.6899632120421915,12
0.049079754601227,0.05,0.010619469026548672,0.01127234117855247,0.009005376344086023,0.00743421052631579,0.009452736318407961,0.1,0.0,0.0,0.7531361120048621,8
0.03680981595092025,0.033846153846153845,0.007079646017699116,0.004282427888869227,0.003192204301075269,0.005526315789473685,0.0034825870646766175,0.0,0.1,0.0,0.805780849141132,5
0.028834355828220862,0.02692307692307692,0.003539823008849558,0.0024951336046717394,0.0022513440860215056,0.001973684210526316,0.0019900497512437814,0.0,0.1,0.0,0.8319925325873894,5
0.09079754601226996,0.0923076923076923,0.017256637168141596,0.0698637409308087,0.040188172043010756,0.05375,0.07064676616915423,0.1,0.0,0.0,0.46518944536892237,16
0.07607361963190186,0.07153846153846154,0.0168141592920354,0.04747832242081047,0.038340053763440865,0.04177631578947369,0.035323383084577116,0.0,0.0,0.1,0.572655684479299,11
0.0736196319018405,0.07307692307692307,0.0168141592920354,0.03848876305078747,0.027083333333333338,0.03493421052631579,0.03233830845771145,0.0,0.0,0.1,0.603644670361053,14
0.07239263803680983,0.06923076923076923,0.016371681415929203,0.04540789240842329,0.031787634408602154,0.03631578947368422,0.04228855721393035,0.0,0.0,0.1,0.5862050378118517,16
0.07607361963190186,0.07307692307692307,0.016371681415929203,0.046894354981419216,0.04062500000000001,0.04276315789473684,0.032835820895522394,0.0,0.0,0.1,0.5713594421035674,13
0.06932515337423313,0.06923076923076923,0.017256637168141596,0.035515837904795615,0.027284946236559145,0.032960526315789475,0.028358208955223882,0.1,0.0,0.0,0.6200679208144879,15
0.07055214723926381,0.07,0.012831858407079646,0.041231640417625205,0.039045698924731184,0.029934210526315792,0.02985074626865672,0.0,0.0,0.1,0.6065536982163277,14
0.07607361963190186,0.07846153846153846,0.018141592920353982,0.04769067421695275,0.03209005376344086,0.03375,0.04776119402985075,0.1,0.0,0.0,0.5660313269759614,14
0.07607361963190186,0.07153846153846154,0.016371681415929203,0.04508936471420988,0.038911290322580644,0.040328947368421054,0.0318407960199005,0.0,0.0,0.1,0.5798458389885953,12
0.06196319018404909,0.057692307692307696,0.01592920353982301,0.020102636701468765,0.015625000000000003,0.019671052631578947,0.016915422885572143,0.1,0.0,0.0,0.6921011863652003,12
0.05644171779141106,0.06538461538461539,0.013716814159292037,0.026402406653689613,0.02019489247311828,0.02,0.023880597014925373,0.1,0.0,0.0,0.6739789565229483,8
0.060122699386503074,0.060000000000000005,0.012389380530973453,0.02502211997876482,0.018783602150537638,0.02875,0.01791044776119403,0.0,0.0,0.1,0.6770217501920269,13
0.06441717791411045,0.06461538461538462,0.014159292035398232,0.02675632631392674,0.018447580645161294,0.022763157894736843,0.027363184079601994,0.1,0.0,0.0,0.6614778965016798,9
0.041717791411042954,0.04,0.007079646017699116,0.007078393204742524,0.005376344086021506,0.007302631578947369,0.005472636815920398,0.0,0.1,0.0,0.7859725568856262,6
0.04601226993865031,0.04692307692307692,0.01017699115044248,0.009608918775437977,0.006182795698924731,0.009736842105263158,0.008955223880597015,0.0,0.1,0.0,0.7624038815276074,8
0.07484662576687118,0.07384615384615384,0.013274336283185842,0.04247035922845514,0.037634408602150546,0.03230263157894737,0.02786069651741294,0.0,0.0,0.1,0.5977647881768231,14
0.07484662576687118,0.07615384615384616,0.016371681415929203,0.04080693682534065,0.03602150537634409,0.03822368421052631,0.02437810945273632,0.1,0.0,0.0,0.593197610798406,8
0.07177914110429448,0.06923076923076923,0.015044247787610623,0.030737922491594412,0.022345430107526883,0.021513157894736845,0.026865671641791048,0.1,0.0,0.0,0.6424836597416764,22
0.06993865030674848,0.07076923076923078,0.012389380530973453,0.03374623960360998,0.03000672043010753,0.027171052631578946,0.02437810945273632,0.0,0.0,0.1,0.6316006162750145,12
0.07116564417177915,0.07,0.015044247787610623,0.03291452840205274,0.027419354838709678,0.034078947368421056,0.021890547263681594,0.0,0.0,0.1,0.6274867301677451,9
0.07791411042944786,0.07923076923076923,0.015044247787610623,0.04512475668023359,0.03420698924731183,0.03763157894736842,0.033830845771144286,0.0,0.0,0.1,0.5770167019061142,16
0.08588957055214724,0.08923076923076922,0.018141592920353982,0.07538488763050788,0.04983198924731184,0.06447368421052632,0.057711442786069655,0.0,0.0,0.1,0.4593360634223139,20
0.08282208588957057,0.08076923076923077,0.016371681415929203,0.05616705007963192,0.046606182795698926,0.04421052631578948,0.03930348258706468,0.0,0.0,0.1,0.5337497601470844,13
0.07914110429447854,0.08076923076923077,0.0168141592920354,0.06400637055388426,0.047278225806451614,0.051118421052631584,0.03930348258706468,0.1,0.0,0.0,0.5215690056442231,18
0.09141104294478529,0.09,0.019026548672566375,0.08844452309325784,0.062264784946236565,0.06210526315789474,0.06965174129353234,0.0,0.0,0.1,0.4170960958917269,17
0.08404907975460124,0.08384615384615385,0.01592920353982301,0.06257299592992391,0.050369623655913985,0.05157894736842106,0.04825870646766169,0.1,0.0,0.0,0.5033952894375012,16
0.07423312883435584,0.07538461538461538,0.01592920353982301,0.04342594231109539,0.03225806451612903,0.03776315789473684,0.03482587064676617,0.0,0.0,0.1,0.5861800168724783,18
0.07239263803680983,0.07153846153846154,0.013274336283185842,0.03528579012564148,0.02634408602150538,0.03236842105263158,0.033830845771144286,0.1,0.0,0.0,0.6149654211706201,12
0.07975460122699388,0.08076923076923077,0.015486725663716814,0.0503450716687312,0.040994623655913984,0.03940789473684211,0.04427860696517413,0.1,0.0,0.0,0.5489632453133971,20
0.0736196319018405,0.07384615384615384,0.013274336283185842,0.03641833303840028,0.027452956989247313,0.0355921052631579,0.029353233830845774,0.1,0.0,0.0,0.6104432488471686,16
0.07607361963190186,0.07692307692307693,0.015486725663716814,0.041974871704123166,0.033501344086021505,0.03967105263157895,0.03482587064676617,0.1,0.0,0.0,0.5815434387128146,12
0.07730061349693253,0.07923076923076923,0.014159292035398232,0.03595823748009202,0.028326612903225808,0.03210526315789474,0.035323383084577116,0.0,0.0,0.1,0.5975958286111104,19
0.07116564417177915,0.07153846153846154,0.012831858407079646,0.03139267386303309,0.029603494623655916,0.021776315789473685,0.026368159203980102,0.0,0.0,0.1,0.6353233924025369,11
0.07116564417177915,0.07,0.010619469026548672,0.03799327552645549,0.03219086021505376,0.035986842105263164,0.026368159203980102,0.1,0.0,0.0,0.6156757497509197,10
0.07730061349693253,0.07538461538461538,0.01592920353982301,0.039992921606795254,0.030779569892473123,0.036381578947368425,0.03134328358208956,0.0,0.0,0.1,0.5928882135499027,12
0.08466257668711658,0.08615384615384616,0.019026548672566375,0.060838789594761994,0.045698924731182804,0.039342105263157894,0.046766169154228855,0.1,0.0,0.0,0.5175110397431393,17
0.07975460122699388,0.08384615384615385,0.014601769911504426,0.05542381879313396,0.044657258064516134,0.04546052631578947,0.04129353233830846,0.1,0.0,0.0,0.5349623395035998,16
0.08098159509202456,0.08692307692307691,0.017256637168141596,0.062307556184746066,0.046505376344086025,0.04296052631578948,0.04975124378109453,0.1,0.0,0.0,0.5133139881910409,16
0.08343558282208591,0.08923076923076922,0.01769911504424779,0.06324544328437445,0.03931451612903226,0.059605263157894744,0.05970149253731344,0.1,0.0,0.0,0.48776781779428213,19
0.08588957055214724,0.08846153846153845,0.015044247787610623,0.04636347549106353,0.03424059139784946,0.041315789473684215,0.041791044776119404,0.1,0.0,0.0,0.5468937420599871,14
0.08404907975460124,0.08,0.013274336283185842,0.047531410369846046,0.0311491935483871,0.038421052631578946,0.03980099502487563,0.0,0.0,0.1,0.5657739323875252,13
0.08282208588957057,0.08384615384615385,0.017256637168141596,0.061387365068129536,0.04600134408602151,0.04861842105263158,0.060199004975124384,0.1,0.0,0.0,0.49986898791422696,20
0.07730061349693253,0.07538461538461538,0.0168141592920354,0.04167403999292161,0.03316532258064516,0.04427631578947369,0.028358208955223882,0.0,0.0,0.1,0.5830267245081524,11
0.07177914110429448,0.06923076923076923,0.014159292035398232,0.038117147407538486,0.033568548387096775,0.03782894736842105,0.024875621890547265,0.1,0.0,0.0,0.6104405325759344,10
0.06932515337423313,0.07153846153846154,0.015486725663716814,0.03521500619359406,0.026176075268817208,0.024078947368421054,0.03681592039800995,0.0,0.0,0.1,0.6213637101947462,15
0.07484662576687118,0.07615384615384616,0.016371681415929203,0.03923199433728544,0.0248991935483871,0.04125,0.032835820895522394,0.1,0.0,0.0,0.5944108378821585,12
0.07423312883435584,0.07230769230769231,0.01592920353982301,0.04036453725004424,0.025235215053763443,0.03690789473684211,0.03830845771144279,0.0,0.0,0.1,0.5967138705660362,15
0.06564417177914111,0.06461538461538462,0.012831858407079646,0.027995045124756684,0.02217741935483871,0.02486842105263158,0.024875621890547265,0.0,0.0,0.1,0.6569920777756204,10
0.05950920245398774,0.06153846153846154,0.011946902654867258,0.02346487347372147,0.021034946236559143,0.018026315789473685,0.019900497512437814,0.0,0.0,0.1,0.6845788003404913,10
0.057668711656441725,0.057692307692307696,0.010619469026548672,0.019695629092196073,0.015188172043010754,0.01605263157894737,0.019402985074626868,0.0,0.0,0.1,0.7036800938359208,12
0.0668711656441718,0.06538461538461539,0.011946902654867258,0.02988851530702531,0.02506720430107527,0.02763157894736842,0.023383084577114428,0.0,0.0,0.1,0.6498269331837622,10
0.055828220858895716,0.05692307692307692,0.009292035398230088,0.017430543266678464,0.014516129032258065,0.01638157894736842,0.013432835820895524,0.1,0.0,0.0,0.7161955797525967,9
0.06625766871165646,0.06461538461538462,0.013716814159292037,0.02613696690851177,0.023622311827956988,0.02,0.021393034825870648,0.0,0.0,0.1,0.6642578189513275,12
0.05644171779141106,0.05846153846153846,0.011946902654867258,0.017058927623429483,0.013911290322580646,0.01611842105263158,0.014427860696517414,0.0,0.0,0.1,0.711633341397024,10
0.060122699386503074,0.06461538461538462,0.011061946902654869,0.021553707308440983,0.01606182795698925,0.01888157894736842,0.021890547263681594,0.0,0.0,0.1,0.6858123076189773,14
0.05705521472392639,0.057692307692307696,0.010619469026548672,0.01666961599716864,0.014919354838709679,0.015657894736842107,0.01393034825870647,0.0,0.1,0.0,0.7134557947257903,9
0.05092024539877301,0.05,0.008849557522123895,0.011378517076623608,0.010315860215053764,0.007828947368421053,0.010447761194029851,0.0,0.1,0.0,0.7502591112249748,10
0.058282208588957066,0.057692307692307696,0.011061946902654869,0.020987435852061583,0.018615591397849466,0.015131578947368423,0.01791044776119403,0.0,0.0,0.1,0.7003184828576069,10
0.057668711656441725,0.057692307692307696,0.011061946902654869,0.019872588922314634,0.016935483870967744,0.018026315789473685,0.01791044776119403,0.1,0.0,0.0,0.7008321974046456,10
0.04478527607361964,0.045384615384615384,0.0084070796460177,0.008847991505928155,0.007224462365591398,0.007171052631578948,0.007960199004975126,0.0,0.1,0.0,0.7702193233876736,9
0.04233128834355829,0.04230769230769231,0.0084070796460177,0.007060697221730668,0.005073924731182796,0.007039473684210527,0.006965174129353235,0.0,0.1,0.0,0.7808146699362545,6
0.04785276073619633,0.047692307692307694,0.008849557522123895,0.01068837373916121,0.007795698924731183,0.008421052631578947,0.011442786069651743,0.0,0.1,0.0,0.757257462684249,11
0.061349693251533756,0.06076923076923077,0.012389380530973453,0.02532295168996638,0.02127016129032258,0.023157894736842106,0.023880597014925373,0.1,0.0,0.0,0.6718600907162056,10
0.057668711656441725,0.05846153846153846,0.012831858407079646,0.020757388072907453,0.016028225806451614,0.01894736842105263,0.018407960199004977,0.0,0.0,0.1,0.6968969489755235,8
0.06564417177914111,0.06769230769230769,0.013274336283185842,0.023942665015041584,0.017204301075268817,0.01828947368421053,0.025870646766169157,0.0,0.0,0.1,0.6680820977046753,12
0.07177914110429448,0.07,0.013274336283185842,0.03493187046540435,0.029267473118279572,0.02730263157894737,0.03084577114427861,0.0,0.0,0.1,0.6225987763056098,11
0.05950920245398774,0.05615384615384615,0.010619469026548672,0.020828172004954876,0.018145161290322582,0.017236842105263158,0.017412935323383085,0.1,0.0,0.0,0.7000943716416937,9
0.06319018404907976,0.07,0.011946902654867258,0.025570695452132367,0.0198252688172043,0.02138157894736842,0.023383084577114428,0.0,0.0,0.1,0.6647022855022334,9
0.05337423312883437,0.05,0.009734513274336285,0.01534241727127942,0.01196236559139785,0.012960526315789474,0.015422885572139305,0.1,0.0,0.0,0.7312030588462233,7
0.06319018404907976,0.06384615384615384,0.012389380530973453,0.024544328437444703,0.020934139784946237,0.02,0.019900497512437814,0.1,0.0,0.0,0.6751953158389642,10
0.0539877300613497,0.05307692307692307,0.010619469026548672,0.012918067598655105,0.01112231182795699,0.010921052631578948,0.010945273631840797,0.0,0.1,0.0,0.7364091721451467,7
0.06441717791411045,0.06769230769230769,0.013274336283185842,0.029817731374977882,0.02476478494623656,0.026118421052631582,0.023880597014925373,0.1,0.0,0.0,0.6500346437216247,12
0.05521472392638038,0.054615384615384614,0.01017699115044248,0.016952751725358345,0.014280913978494625,0.01375,0.01492537313432836,0.0,0.0,0.1,0.7200838614696111,8
0.07239263803680983,0.07461538461538461,0.010619469026548672,0.0322420810476022,0.02620967741935484,0.02394736842105263,0.028855721393034828,0.0,0.0,0.1,0.6311176600402124,16
0.06809815950920248,0.06923076923076923,0.012831858407079646,0.032383648911697045,0.02688172043010753,0.03236842105263158,0.028358208955223882,0.0,0.0,0.1,0.6298472135032886,11
0.06993865030674848,0.06769230769230769,0.0084070796460177,0.029269155901610333,0.022815860215053767,0.029144736842105265,0.023383084577114428,0.0,0.0,0.1,0.6493491248190424,8
0.07239263803680983,0.07692307692307693,0.014601769911504426,0.03909042647319059,0.030678763440860218,0.03190789473684211,0.033830845771144286,0.0,0.0,0.1,0.6005745847065717,15
0.07177914110429448,0.07307692307692307,0.010619469026548672,0.03344540789240842,0.027553763440860215,0.027828947368421054,0.02786069651741294,0.0,0.0,0.1,0.6278356515731311,14
0.07116564417177915,0.07076923076923078,0.010619469026548672,0.035161918244558485,0.03108198924731183,0.03138157894736842,0.02786069651741294,0.1,0.0,0.0,0.6219594730757897,11
0.0668711656441718,0.06769230769230769,0.010619469026548672,0.03031321889930986,0.023353494623655914,0.022565789473684213,0.023880597014925373,0.0,0.0,0.1,0.6547039576253965,12
0.07423312883435584,0.07615384615384616,0.015044247787610623,0.043832949920368076,0.03548387096774194,0.03243421052631579,0.038805970149253737,0.1,0.0,0.0,0.5840117756605078,14
0.07607361963190186,0.07230769230769231,0.012389380530973453,0.036542204919483276,0.02422715053763441,0.02947368421052632,0.03582089552238806,0.1,0.0,0.0,0.6131653723394003,15
0.07730061349693253,0.07692307692307693,0.015044247787610623,0.04648734737214652,0.03760080645161291,0.03513157894736842,0.03980099502487563,0.1,0.0,0.0,0.5717113339963765,20
0.07730061349693253,0.07923076923076923,0.014601769911504426,0.04784993806405946,0.032795698924731186,0.045921052631578946,0.04477611940298508,0.0,0.0,0.1,0.5575240383374391,20
0.07730061349693253,0.07692307692307693,0.013716814159292037,0.03556892585383118,0.024663978494623658,0.026184210526315792,0.03582089552238806,0.1,0.0,0.0,0.6098214850235398,16
0.0668711656441718,0.06307692307692307,0.012389380530973453,0.022119978764820386,0.014986559139784947,0.02105263157894737,0.023383084577114428,0.0,0.0,0.1,0.6761202766872645,13
0.08220858895705524,0.08307692307692308,0.014601769911504426,0.0531410369846045,0.03481182795698925,0.04710526315789474,0.050248756218905476,0.1,0.0,0.0,0.5348058337361233,14
0.060122699386503074,0.05846153846153846,0.010619469026548672,0.018722350026543978,0.0145497311827957,0.01828947368421053,0.015422885572139305,0.0,0.1,0.0,0.7038118526597202,11
0.060122699386503074,0.060000000000000005,0.011946902654867258,0.02047425234471775,0.016565860215053765,0.01618421052631579,0.019900497512437814,0.1,0.0,0.0,0.6948055773601045,13
0.03558282208588957,0.03461538461538462,0.0061946902654867264,0.003574588568394975,0.0024193548387096775,0.0030921052631578947,0.0034825870646766175,0.0,0.1,0.0,0.8110384672982999,8
0.031901840490797556,0.03076923076923077,0.0061946902654867264,0.0032560608741815608,0.0024865591397849464,0.0026315789473684214,0.0029850746268656717,0.0,0.1,0.0,0.8197749648862843,6
0.07116564417177915,0.06923076923076923,0.015486725663716814,0.03779861971332508,0.02856182795698925,0.026710526315789476,0.0318407960199005,0.0,0.0,0.1,0.6192050909277306,13
0.07484662576687118,0.07461538461538461,0.014601769911504426,0.03863033091488232,0.026444892473118282,0.03203947368421053,0.032835820895522394,0.1,0.0,0.0,0.6059857017385063,18
0.0736196319018405,0.07692307692307693,0.014159292035398232,0.035922845514068304,0.026848118279569896,0.022828947368421053,0.032835820895522394,0.0,0.0,0.1,0.6168622670821027,19
0.06871165644171781,0.07,0.011061946902654869,0.033374623960361,0.023118279569892472,0.016973684210526318,0.0373134328358209,0.1,0.0,0.0,0.6394463760790267,21
0.07055214723926381,0.06923076923076923,0.015044247787610623,0.037073084409838974,0.02536962365591398,0.022434210526315793,0.03830845771144279,0.1,0.0,0.0,0.6219874594388448,18
0.06993865030674848,0.06923076923076923,0.015486725663716814,0.03381702353565741,0.025537634408602152,0.02190789473684211,0.029353233830845774,0.1,0.0,0.0,0.634728068286818,18
0.0736196319018405,0.07230769230769231,0.013716814159292037,0.03666607680056627,0.02940188172043011,0.02578947368421053,0.03233830845771145,0.0,0.0,0.1,0.6161601209682568,20
0.06932515337423313,0.07,0.015044247787610623,0.03208281720049549,0.02298387096774194,0.020526315789473684,0.0318407960199005,0.0,0.0,0.1,0.6381967988605447,18
0.0668711656441718,0.06461538461538462,0.012389380530973453,0.026561670500796317,0.016633064516129035,0.017105263157894738,0.02537313432835821,0.0,0.0,0.1,0.6704509367062919,22
0.0539877300613497,0.05307692307692307,0.008849557522123895,0.012953459564678818,0.008198924731182796,0.011907894736842105,0.011940298507462687,0.0,0.1,0.0,0.7390852117994369,13
0.061349693251533756,0.06307692307692307,0.013274336283185842,0.023429481507697754,0.01891801075268817,0.018026315789473685,0.021890547263681594,0.0,0.0,0.1,0.6800346920748161,11
0.0441717791411043,0.04230769230769231,0.0084070796460177,0.007680056627145639,0.005645161290322581,0.005723684210526316,0.008955223880597015,0.0,0.1,0.0,0.7771093228965942,7
0.04723926380368099,0.04692307692307692,0.0084070796460177,0.00891877543797558,0.006149193548387097,0.007236842105263158,0.008955223880597015,0.0,0.1,0.0,0.7661705446550016,14
0.04785276073619633,0.04615384615384615,0.007964601769911504,0.010812245620244205,0.00961021505376344,0.008486842105263159,0.008457711442786071,0.0,0.0,0.1,0.7606617771179891,9
0.061349693251533756,0.06384615384615384,0.014601769911504426,0.024367368607326138,0.016733870967741937,0.01815789473684211,0.024875621890547265,0.0,0.0,0.1,0.6760676267883505,13
0.0441717791411043,0.04230769230769231,0.009734513274336285,0.008264024066536898,0.006384408602150538,0.006907894736842105,0.008457711442786071,0.0,0.1,0.0,0.7737719764285516,10
0.04110429447852762,0.04,0.008849557522123895,0.006795257476552823,0.005275537634408602,0.0076973684210526324,0.006965174129353235,0.0,0.1,0.0,0.7833128103379812,8
0.06196319018404909,0.06538461538461539,0.012389380530973453,0.030083171120155724,0.01848118279569893,0.02138157894736842,0.028358208955223882,0.1,0.0,0.0,0.6619586720819151,19
0.04846625766871167,0.045384615384615384,0.008849557522123895,0.009608918775437977,0.009005376344086023,0.0042763157894736845,0.008457711442786071,0.0,0.1,0.0,0.7659512470727653,10
0.05030674846625768,0.05,0.009292035398230088,0.012864979649619536,0.010685483870967743,0.010131578947368422,0.011940298507462687,0.1,0.0,0.0,0.7447788751600938,10
0.06871165644171781,0.07,0.0168141592920354,0.02526986374093081,0.019018817204301076,0.016973684210526318,0.027363184079601994,0.1,0.0,0.0,0.6558486350308865,9
0.06932515337423313,0.06692307692307692,0.016371681415929203,0.03473721465227394,0.022110215053763444,0.017894736842105265,0.038805970149253737,0.0,0.0,0.1,0.6338319515893643,13
0.06932515337423313,0.07,0.016371681415929203,0.03279065652096974,0.023790322580645163,0.020723684210526318,0.0373134328358209,0.0,0.0,0.1,0.6296850690618755,16
0.07423312883435584,0.07692307692307693,0.015486725663716814,0.03886037869403646,0.03202284946236559,0.030526315789473686,0.0373134328358209,0.0,0.0,0.1,0.5946340917971538,12
0.06932515337423313,0.07,0.013274336283185842,0.029039108122456202,0.02452956989247312,0.020921052631578948,0.025870646766169157,0.1,0.0,0.0,0.6470401329299036,18
0.08895705521472394,0.08692307692307691,0.019026548672566375,0.06692620775084056,0.04687500000000001,0.062171052631578946,0.057711442786069655,0.0,0.0,0.1,0.4714096160211436,16
0.08282208588957057,0.08230769230769232,0.014159292035398232,0.04990267209343479,0.03978494623655914,0.04177631578947369,0.041791044776119404,0.1,0.0,0.0,0.5474559508717519,16
0.08159509202453989,0.08538461538461539,0.017256637168141596,0.0509113431251106,0.039045698924731184,0.04657894736842105,0.03582089552238806,0.1,0.0,0.0,0.5434067704820522,17
0.06932515337423313,0.07538461538461538,0.013716814159292037,0.03271987258892232,0.027217741935483875,0.02888157894736842,0.02537313432835821,0.1,0.0,0.0,0.6273810892817266,11
0.07914110429447854,0.08461538461538462,0.015486725663716814,0.04570872411962485,0.038306451612903226,0.040065789473684214,0.032835820895522394,0.1,0.0,0.0,0.5638399993246853,14
0.07055214723926381,0.07230769230769231,0.012389380530973453,0.029640771544859317,0.023420698924731184,0.022828947368421053,0.023880597014925373,0.0,0.0,0.1,0.6449797650691335,11
0.07852760736196321,0.08307692307692308,0.015486725663716814,0.04321359051495311,0.0342741935483871,0.034078947368421056,0.038805970149253737,0.1,0.0,0.0,0.5725360423163819,15
0.0441717791411043,0.04307692307692308,0.009292035398230088,0.007043001238718811,0.004670698924731183,0.0059210526315789476,0.007960199004975126,0.0,0.1,0.0,0.7778643105837384,9
0.05092024539877301,0.047692307692307694,0.009734513274336285,0.010493717926030792,0.008266129032258065,0.007500000000000001,0.009900497512437812,0.0,0.1,0.0,0.7554925891638563,10
0.06441717791411045,0.06307692307692307,0.011946902654867258,0.02507520792780039,0.019690860215053764,0.02006578947368421,0.023383084577114428,0.1,0.0,0.0,0.6723440541604464,11
0.04662576687116565,0.04384615384615384,0.008849557522123895,0.009431958945319414,0.007728494623655915,0.008026315789473685,0.00746268656716418,0.0,0.0,0.1,0.7680290658349433,11
0.07177914110429448,0.07153846153846154,0.015044247787610623,0.03509113431251106,0.0259744623655914,0.02947368421052632,0.026368159203980102,0.1,0.0,0.0,0.6247307094770245,12
0.0294478527607362,0.02846153846153846,0.0061946902654867264,0.002530525570695452,0.0017473118279569893,0.0023684210526315787,0.0024875621890547268,0.0,0.1,0.0,0.8267620978718999,6
0.02699386503067485,0.025384615384615387,0.004867256637168142,0.0019288621482923378,0.0014448924731182795,0.0015789473684210528,0.0019900497512437814,0.0,0.1,0.0,0.8358115112064661,5
0.031288343558282215,0.030000000000000002,0.0061946902654867264,0.0026013095027428773,0.0017137096774193549,0.0026315789473684214,0.0024875621890547268,0.0,0.1,0.0,0.8230828058596457,6
0.02147239263803681,0.019230769230769232,0.004424778761061948,0.0008317112015572465,0.0005376344086021505,0.00046052631578947373,0.0007960199004975125,0.0,0.1,0.0,0.8522461675436857,5
0.08220858895705524,0.08461538461538462,0.0168141592920354,0.0492125287559724,0.036458333333333336,0.03993421052631579,0.03980099502487563,0.1,0.0,0.0,0.5509557994950276,12
0.08036809815950922,0.08153846153846155,0.017256637168141596,0.04912404884091311,0.038104838709677416,0.035986842105263164,0.04079601990049751,0.0,0.0,0.1,0.5568250535775364,13
0.08343558282208591,0.08461538461538462,0.018584070796460177,0.06174128472836666,0.040154569892473124,0.04013157894736842,0.06218905472636817,0.1,0.0,0.0,0.509148473471493,17
0.08282208588957057,0.08538461538461539,0.01769911504424779,0.0509113431251106,0.03662634408602151,0.03506578947368422,0.046268656716417916,0.0,0.0,0.1,0.545222050280332,21
0.06503067484662578,0.06769230769230769,0.011946902654867258,0.027729605379578835,0.021034946236559143,0.022565789473684213,0.02174129353233831,0.1,0.0,0.0,0.6622584801840388,9
0.06319018404907976,0.062307692307692314,0.010619469026548672,0.02286321005131835,0.019455645161290322,0.01848684210526316,0.017611940298507465,0.1,0.0,0.0,0.6854650170002999,10
0.052760736196319026,0.05230769230769231,0.010619469026548672,0.01265262785347726,0.010147849462365592,0.008486842105263159,0.010398009950248756,0.0,0.1,0.0,0.7426267730980852,9
0.06380368098159511,0.062307692307692314,0.010619469026548672,0.022190762696867813,0.017775537634408603,0.01861842105263158,0.01800995024875622,0.1,0.0,0.0,0.6866744860514997,11
0.0668711656441718,0.06384615384615384,0.014159292035398232,0.027304901787294285,0.018279569892473122,0.019144736842105263,0.02751243781094528,0.1,0.0,0.0,0.6628817421414581,10
0.06503067484662578,0.06384615384615384,0.015486725663716814,0.026172358874535482,0.017540322580645164,0.01835526315789474,0.02631840796019901,0.0,0.0,0.1,0.6672500930702292,17
0.05705521472392639,0.05384615384615384,0.01017699115044248,0.014900017695983012,0.010517473118279571,0.011973684210526315,0.01338308457711443,0.1,0.0,0.0,0.728147380677574,9
0.08159509202453989,0.08307692307692308,0.015486725663716814,0.0476729782339409,0.0332997311827957,0.03342105263157895,0.04129353233830846,0.0,0.0,0.1,0.5641539648481962,17
0.09018404907975462,0.09076923076923077,0.019911504424778764,0.062148292337639355,0.04280913978494624,0.04480263157894737,0.057711442786069655,0.0,0.0,0.1,0.49166370923863323,21
0.08098159509202456,0.08384615384615385,0.016371681415929203,0.04671739515130066,0.03565188172043011,0.03467105263157895,0.045273631840796025,0.0,0.0,0.1,0.5564866083017866,16
0.08588957055214724,0.09,0.016371681415929203,0.06397097858786056,0.047412634408602154,0.04230263157894737,0.0472636815920398,0.1,0.0,0.0,0.5067888218644736,29
0.07055214723926381,0.06153846153846154,0.013716814159292037,0.03300300831711202,0.02422715053763441,0.03217105263157895,0.02985074626865672,0.0,0.0,0.1,0.6349406193080005,17
0.06993865030674848,0.07153846153846154,0.011061946902654869,0.030047779154132013,0.02543682795698925,0.023223684210526317,0.023880597014925373,0.0,0.0,0.1,0.6448720529155622,15
0.07116564417177915,0.07076923076923078,0.013274336283185842,0.035232702176605915,0.028830645161290323,0.027894736842105264,0.025870646766169157,0.1,0.0,0.0,0.6269620578296335,19
0.07730061349693253,0.07384615384615384,0.012831858407079646,0.035798973632985315,0.028461021505376344,0.03118421052631579,0.030348258706467665,0.0,0.0,0.1,0.6102289098786888,12
0.07177914110429448,0.07153846153846154,0.012389380530973453,0.03213590514953106,0.025604838709677422,0.02125,0.03134328358208956,0.1,0.0,0.0,0.6339589893849725,13
0.06748466257668713,0.06923076923076923,0.011504424778761064,0.032560608741815614,0.025403225806451615,0.03138157894736842,0.028855721393034828,0.0,0.0,0.1,0.6335790085251121,11
0.0766871165644172,0.07923076923076923,0.013274336283185842,0.043939125818439215,0.035181451612903224,0.040328947368421054,0.03582089552238806,0.1,0.0,0.0,0.5755373575994762,15
0.06625766871165646,0.06461538461538462,0.011946902654867258,0.028579012564147938,0.023420698924731184,0.02361842105263158,0.023383084577114428,0.0,0.0,0.1,0.6581788268994666,11
0.06993865030674848,0.07,0.014601769911504426,0.03749778800212352,0.02956989247311828,0.02888157894736842,0.028358208955223882,0.1,0.0,0.0,0.621152111403913,14
0.07239263803680983,0.07,0.012831858407079646,0.03797557954344364,0.03192204301075269,0.025,0.028358208955223882,0.0,0.0,0.1,0.6215196720466902,14
0.07116564417177915,0.07076923076923078,0.011504424778761064,0.03259600070783932,0.023991935483870967,0.02381578947368421,0.028855721393034828,0.0,0.0,0.1,0.6373012532217996,13
0.08036809815950922,0.07846153846153846,0.013716814159292037,0.04563794018757743,0.03592069892473118,0.03756578947368421,0.04079601990049751,0.1,0.0,0.0,0.5675331007331699,11
0.08036809815950922,0.08153846153846155,0.015486725663716814,0.0447177490709609,0.032661290322580645,0.03467105263157895,0.04129353233830846,0.0,0.0,0.1,0.5692630902748834,15
0.0766871165644172,0.07692307692307693,0.017256637168141596,0.048451601486462575,0.03948252688172044,0.02875,0.03681592039800995,0.0,0.0,0.1,0.5756331205781713,17
0.0766871165644172,0.07692307692307693,0.013274336283185842,0.03372854362059812,0.023151881720430107,0.02940789473684211,0.030348258706467665,0.1,0.0,0.0,0.616478891444982,15
0.07852760736196321,0.08,0.015486725663716814,0.04416917359759335,0.028528225806451615,0.03414473684210526,0.04776119402985075,0.1,0.0,0.0,0.5713823366983191,12
0.07423312883435584,0.07461538461538461,0.014601769911504426,0.0357635816669616,0.029233870967741937,0.0275,0.02985074626865672,0.1,0.0,0.0,0.6142015177353949,19
0.07546012269938651,0.08076923076923077,0.013716814159292037,0.03675455671562555,0.028696236559139787,0.030460526315789476,0.034328358208955224,0.1,0.0,0.0,0.5998141545725806,11
0.06809815950920248,0.06923076923076923,0.015486725663716814,0.030932578304724827,0.02200940860215054,0.026578947368421056,0.030348258706467665,0.0,0.0,0.1,0.6373151526145474,10
0.07116564417177915,0.06769230769230769,0.01592920353982301,0.030224738984250574,0.024630376344086023,0.021513157894736845,0.02437810945273632,0.1,0.0,0.0,0.6444664619202803,12
0.07607361963190186,0.08,0.019911504424778764,0.041886391789063886,0.025403225806451615,0.03552631578947369,0.03930348258706468,0.1,0.0,0.0,0.5818954599712655,23
0.07607361963190186,0.07230769230769231,0.019911504424778764,0.03946204211643957,0.025403225806451615,0.028223684210526317,0.03582089552238806,0.1,0.0,0.0,0.6027973359798215,15
0.0736196319018405,0.0776923076923077,0.0168141592920354,0.039957529640771546,0.02946908602150538,0.03368421052631579,0.03582089552238806,0.1,0.0,0.0,0.5929421794028357,13
0.0766871165644172,0.07461538461538461,0.0168141592920354,0.04156786409485047,0.02946908602150538,0.030328947368421056,0.041791044776119404,0.1,0.0,0.0,0.5887263972672665,17
0.0736196319018405,0.07230769230769231,0.015486725663716814,0.039108122456202446,0.032694892473118284,0.0325,0.03134328358208956,0.0,0.0,0.1,0.60293965161534,15
0.06871165644171781,0.07076923076923078,0.02079646017699115,0.029711555476906744,0.022345430107526883,0.020657894736842108,0.030348258706467665,0.0,0.0,0.1,0.6366595135843168,12
0.07177914110429448,0.07,0.019911504424778764,0.03733852415501681,0.025638440860215057,0.029078947368421055,0.03631840796019901,0.0,0.0,0.1,0.6099350341270748,15
0.06871165644171781,0.06692307692307692,0.01592920353982301,0.031463457795080516,0.024193548387096774,0.026842105263157893,0.024875621890547265,0.0,0.0,0.1,0.6410613297594998,11
0.06871165644171781,0.06846153846153846,0.013716814159292037,0.030914882321712973,0.02019489247311828,0.0275,0.027363184079601994,0.0,0.1,0.0,0.6431370320630184,16
0.08343558282208591,0.08153846153846155,0.016371681415929203,0.03926738630330915,0.029502688172043014,0.03223684210526316,0.033830845771144286,0.0,0.1,0.0,0.5838165118717638,10
0.055828220858895716,0.05384615384615384,0.012389380530973453,0.01835073438329499,0.014852150537634409,0.016644736842105264,0.013432835820895524,0.1,0.0,0.0,0.7146557871800467,10
0.060122699386503074,0.05846153846153846,0.012831858407079646,0.023801097150946735,0.016733870967741937,0.02381578947368421,0.020895522388059702,0.1,0.0,0.0,0.6833376237644462,10
0.03803680981595093,0.033846153846153845,0.007522123893805311,0.005167227039462042,0.004099462365591398,0.004802631578947368,0.004477611940298508,0.0,0.0,0.1,0.8020479795197906,6
0.033742331288343565,0.030000000000000002,0.0061946902654867264,0.0028313572818970097,0.0020833333333333333,0.0028289473684210524,0.0024875621890547268,0.1,0.0,0.0,0.8198317782734635,5
0.03312883435582823,0.030000000000000002,0.007079646017699116,0.003539196602371262,0.0025873655913978494,0.0025657894736842105,0.0029850746268656717,0.0,0.0,0.1,0.8181140933321536,6
0.049079754601227,0.04461538461538461,0.01017699115044248,0.009892054503627679,0.007493279569892474,0.0075657894736842115,0.00746268656716418,0.0,0.0,0.1,0.7637140595185774,9
0.034355828220858906,0.03076923076923077,0.007079646017699116,0.0032383648911697045,0.0022177419354838714,0.0028289473684210524,0.0029850746268656717,0.0,0.0,0.1,0.8165251661702709,5
0.03987730061349694,0.03538461538461539,0.007964601769911504,0.0052026190054857546,0.004032258064516129,0.004473684210526316,0.004477611940298508,0.0,0.0,0.1,0.7985873090111495,4
0.04233128834355829,0.038461538461538464,0.007964601769911504,0.007184569102813662,0.005241935483870968,0.0077631578947368425,0.005472636815920398,0.1,0.0,0.0,0.7855802721276499,6
0.025766871165644176,0.023076923076923075,0.004424778761061948,0.0013625906919129357,0.0010416666666666667,0.001118421052631579,0.0009950248756218907,0.0,0.0,0.1,0.8422137237095377,3
0.0441717791411043,0.04153846153846154,0.007964601769911504,0.006671385595469829,0.005678763440860215,0.005065789473684211,0.005472636815920398,0.1,0.0,0.0,0.783436582224588,5
0.04478527607361964,0.04,0.01017699115044248,0.007715448593169351,0.0062836021505376346,0.005855263157894737,0.006965174129353235,0.0,0.1,0.0,0.7782182447449829,9
0.0245398773006135,0.02153846153846154,0.004867256637168142,0.0012387188108299418,0.0009744623655913979,0.0010526315789473684,0.0009950248756218907,0.0,0.0,0.1,0.8447935668927662,5
0.028834355828220862,0.024615384615384615,0.005309734513274336,0.0019288621482923378,0.0017809139784946237,0.00125,0.0014925373134328358,0.0,0.0,0.1,0.8347882116029004,4
0.02147239263803681,0.019230769230769232,0.003539823008849558,0.0008494071845691029,0.0006384408602150538,0.0007894736842105264,0.0004975124378109454,0.0,0.0,0.1,0.8529821809555388,4
0.019018404907975465,0.016923076923076923,0.003539823008849558,0.0005485754733675456,0.0004368279569892473,0.0003947368421052632,0.0004975124378109454,0.0,0.0,0.1,0.858641042449825,3
0.06993865030674848,0.06846153846153846,0.013716814159292037,0.025942311095381348,0.018951612903225806,0.020921052631578948,0.023383084577114428,0.1,0.0,0.0,0.6586849358651204,14
0.06993865030674848,0.06923076923076923,0.014159292035398232,0.03438329499203681,0.02664650537634409,0.03355263157894737,0.025870646766169157,0.1,0.0,0.0,0.6262182097135867,12
0.04723926380368099,0.04615384615384615,0.0084070796460177,0.008494071845691028,0.005947580645161291,0.0077631578947368425,0.008457711442786071,0.0,0.0,0.1,0.7675372885680799,9
0.06503067484662578,0.06461538461538462,0.016371681415929203,0.02661475844983189,0.020094086021505378,0.020526315789473684,0.020398009950248756,0.0,0.1,0.0,0.6663490889110006,20
0.05644171779141106,0.054615384615384614,0.011504424778761064,0.01620952043886038,0.012903225806451615,0.013881578947368422,0.012935323383084578,0.1,0.0,0.0,0.7215088242386782,13
0.057668711656441725,0.05692307692307692,0.010619469026548672,0.016651920014156787,0.012399193548387097,0.013881578947368422,0.015422885572139305,0.0,0.1,0.0,0.7164331643118811,12
0.05337423312883437,0.05153846153846154,0.009734513274336285,0.013448947089010795,0.011391129032258066,0.01131578947368421,0.010945273631840797,0.1,0.0,0.0,0.7382516528315739,9
0.057668711656441725,0.05692307692307692,0.012389380530973453,0.01764289506282074,0.014079301075268818,0.01611842105263158,0.014427860696517414,0.0,0.1,0.0,0.7107503530022693,10
0.05705521472392639,0.05846153846153846,0.011504424778761064,0.01606795257476553,0.012735215053763441,0.010526315789473686,0.015422885572139305,0.0,0.1,0.0,0.7182264530456322,11
0.06380368098159511,0.062307692307692314,0.012389380530973453,0.020438860378694038,0.013440860215053765,0.019078947368421053,0.01781094527363184,0.0,0.1,0.0,0.6907296329439384,11
0.03558282208588957,0.03538461538461539,0.006637168141592921,0.00412316404176252,0.002889784946236559,0.0033552631578947366,0.003980099502487563,0.0,0.0,0.1,0.8080470827395208,7
0.033742331288343565,0.031538461538461536,0.0061946902654867264,0.003326844806228986,0.0022513440860215056,0.0026315789473684214,0.0032338308457711446,0.0,0.0,0.1,0.8170809182223181,5
0.04601226993865031,0.04461538461538461,0.01017699115044248,0.009573526809414264,0.00625,0.00868421052631579,0.008805970149253732,0.1,0.0,0.0,0.7658816468105387,10
0.061349693251533756,0.057692307692307696,0.012389380530973453,0.02137674747832242,0.016263440860215056,0.01861842105263158,0.01781094527363184,0.1,0.0,0.0,0.6944990638603842,15
0.0539877300613497,0.054615384615384614,0.01017699115044248,0.014687665899840736,0.010651881720430108,0.012171052631578947,0.013034825870646768,0.1,0.0,0.0,0.7306744680503267,11
0.05153374233128835,0.05,0.01017699115044248,0.01021058219784109,0.006720430107526883,0.007500000000000001,0.01129353233830846,0.0,0.0,0.1,0.7525647218745928,15
0.05460122699386504,0.05384615384615384,0.01017699115044248,0.01279419571757211,0.010517473118279571,0.009144736842105265,0.01164179104477612,0.0,0.0,0.1,0.7372774312868056,8
0.04662576687116565,0.04461538461538461,0.009292035398230088,0.009095735268094143,0.006653225806451613,0.006710526315789473,0.008457711442786071,0.1,0.0,0.0,0.7685496142820983,10
0.039263803680981604,0.03769230769230769,0.006637168141592921,0.005503450716687312,0.003931451612903226,0.005,0.0048756218905472645,0.0,0.0,0.1,0.79709619626498,11
0.031288343558282215,0.030000000000000002,0.005752212389380532,0.0028313572818970097,0.002116935483870968,0.0023684210526315787,0.0026865671641791047,0.0,0.0,0.1,0.8229561630697586,8
0.02515337423312884,0.023846153846153847,0.003982300884955752,0.0015041585560077865,0.0011424731182795701,0.0007236842105263158,0.0015422885572139305,0.0,0.0,0.1,0.8421055665937339,7
0.06932515337423313,0.06923076923076923,0.014159292035398232,0.028136612988851534,0.02422715053763441,0.020460526315789474,0.022885572139303485,0.1,0.0,0.0,0.6515749233780205,12
0.06809815950920248,0.06538461538461539,0.01592920353982301,0.030967970270748543,0.02483198924731183,0.026381578947368423,0.02537313432835821,0.0,0.1,0.0,0.6430333487725721,11
0.07975460122699388,0.07923076923076923,0.014159292035398232,0.041143160502565924,0.03326612903225807,0.026710526315789476,0.032835820895522394,0.0,0.1,0.0,0.5928997007607028,17
0.07546012269938651,0.07538461538461538,0.013716814159292037,0.03498495841443992,0.027856182795698924,0.02565789473684211,0.034328358208955224,0.0,0.1,0.0,0.6126110536007698,13
0.06871165644171781,0.06769230769230769,0.014601769911504426,0.028313572818970095,0.022513440860215058,0.022828947368421053,0.024875621890547265,0.0,0.1,0.0,0.6504626830163166,12
0.0588957055214724,0.05692307692307692,0.010619469026548672,0.018191470536188286,0.01394489247311828,0.017236842105263158,0.015422885572139305,0.0,0.1,0.0,0.708765657842193,13
0.05950920245398774,0.060000000000000005,0.011061946902654869,0.020916651920014157,0.01928763440860215,0.01855263157894737,0.011940298507462687,0.0,0.1,0.0,0.698731634228331,9
0.061349693251533756,0.05923076923076923,0.013274336283185842,0.022173066713855955,0.01750672043010753,0.02190789473684211,0.01592039800995025,0.0,0.1,0.0,0.6886371213437553,10
0.06441717791411045,0.062307692307692314,0.013274336283185842,0.028136612988851534,0.020665322580645164,0.026973684210526316,0.02537313432835821,0.0,0.1,0.0,0.6588520393866302,14
0.08098159509202456,0.07692307692307693,0.014601769911504426,0.04213413555122987,0.030813172043010754,0.03921052631578947,0.03681592039800995,0.1,0.0,0.0,0.5785198037653541,12
0.08098159509202456,0.08153846153846155,0.015044247787610623,0.04692974694744294,0.03487903225806452,0.03453947368421053,0.04378109452736319,0.1,0.0,0.0,0.5623063481648221,13
0.06380368098159511,0.06153846153846154,0.012831858407079646,0.02335869757565033,0.017943548387096775,0.013881578947368422,0.021890547263681594,0.0,0.1,0.0,0.6847516268990665,13
0.0539877300613497,0.05230769230769231,0.009292035398230088,0.012882675632631393,0.009946236559139785,0.010592105263157896,0.011691542288557214,0.1,0.0,0.0,0.7392999824892416,8
0.06319018404907976,0.06153846153846154,0.010619469026548672,0.023323305609626616,0.018178763440860217,0.02355263157894737,0.016915422885572143,0.0,0.1,0.0,0.6826817618709037,13
0.058282208588957066,0.05384615384615384,0.01017699115044248,0.015997168642718104,0.011525537634408604,0.012105263157894737,0.015422885572139305,0.1,0.0,0.0,0.7226437914072859,11
0.0668711656441718,0.06384615384615384,0.013274336283185842,0.02596000707839321,0.018783602150537638,0.02144736842105263,0.02174129353233831,0.1,0.0,0.0,0.6680760730441667,11
0.057668711656441725,0.054615384615384614,0.011504424778761064,0.019341709431958946,0.013474462365591399,0.016578947368421054,0.018407960199004977,0.1,0.0,0.0,0.7084083995844361,14
0.04294478527607362,0.03923076923076923,0.005752212389380532,0.006335161918244558,0.004737903225806452,0.005065789473684211,0.005970149253731343,0.0,0.0,0.1,0.78996322923231,10
0.05950920245398774,0.054615384615384614,0.011504424778761064,0.02056273225977703,0.01646505376344086,0.01736842105263158,0.016716417910447763,0.0,0.1,0.0,0.7032583631655693,12
0.05337423312883437,0.050769230769230775,0.011061946902654869,0.014369138205627324,0.011323924731182797,0.013881578947368422,0.009552238805970151,0.0,0.1,0.0,0.7356677085091313,12
0.034355828220858906,0.03230769230769231,0.007079646017699116,0.0038400283135728193,0.0027553763440860217,0.003486842105263158,0.003432835820895523,0.0,0.0,0.1,0.8127417508699322,7
0.05030674846625768,0.04923076923076923,0.01017699115044248,0.013696690851176785,0.011088709677419355,0.013223684210526318,0.009800995024875624,0.1,0.0,0.0,0.7424754113885326,11
0.05521472392638038,0.05384615384615384,0.012389380530973453,0.01677579189523978,0.014112903225806451,0.014342105263157896,0.012686567164179105,0.0,0.1,0.0,0.7206323741481091,16
0.05521472392638038,0.05307692307692307,0.011946902654867258,0.01567864094850469,0.013272849462365593,0.011513157894736841,0.011691542288557214,0.0,0.1,0.0,0.727605259747665,14
0.07239263803680983,0.07,0.013716814159292037,0.037727835781277655,0.02567204301075269,0.029934210526315792,0.04129353233830846,0.1,0.0,0.0,0.6092629261472435,20
0.06993865030674848,0.06769230769230769,0.012389380530973453,0.03374623960360998,0.02543682795698925,0.026447368421052636,0.030348258706467665,0.1,0.0,0.0,0.6340009667818508,17
0.07484662576687118,0.07307692307692307,0.013274336283185842,0.03420633516191825,0.027856182795698924,0.026315789473684213,0.034328358208955224,0.0,0.1,0.0,0.6160954492327633,10
0.07484662576687118,0.07307692307692307,0.012389380530973453,0.0400990975048664,0.035450268817204304,0.030986842105263156,0.03482587064676617,0.1,0.0,0.0,0.5983249915511323,11
0.06871165644171781,0.06538461538461539,0.012389380530973453,0.032472128826756326,0.026915322580645166,0.02598684210526316,0.025870646766169157,0.0,0.1,0.0,0.6422694073638595,10
0.07177914110429448,0.06692307692307692,0.015486725663716814,0.03475491063528579,0.02725134408602151,0.032828947368421055,0.026865671641791048,0.1,0.0,0.0,0.6241101825773924,10
0.07116564417177915,0.06846153846153846,0.013274336283185842,0.031374977880021235,0.02573924731182796,0.0275,0.02537313432835821,0.0,0.1,0.0,0.6371111215632891,11
0.07730061349693253,0.07384615384615384,0.015486725663716814,0.048398513537427,0.03370295698924731,0.03993421052631579,0.05124378109452737,0.1,0.0,0.0,0.5600870448456794,17
0.0766871165644172,0.07538461538461538,0.015486725663716814,0.043638294107237664,0.0373991935483871,0.0325,0.03631840796019901,0.1,0.0,0.0,0.5825856467714269,11
0.06748466257668713,0.06538461538461539,0.013274336283185842,0.028525924615112372,0.02526881720430108,0.022500000000000003,0.02437810945273632,0.0,0.1,0.0,0.6531835344833619,14
0.07914110429447854,0.08076923076923077,0.0168141592920354,0.051796142275703415,0.04445564516129032,0.04519736842105264,0.04328358208955224,0.1,0.0,0.0,0.5385427676966567,19
0.05644171779141106,0.054615384615384614,0.012389380530973453,0.017465935232702175,0.014516129032258065,0.0175,0.011442786069651743,0.0,0.1,0.0,0.7156286667276188,13
0.05030674846625768,0.04692307692307692,0.008849557522123895,0.01284728366660768,0.01165994623655914,0.008552631578947369,0.010945273631840797,0.1,0.0,0.0,0.7499154819745866,11
0.060736196319018415,0.060000000000000005,0.011061946902654869,0.023553353388780746,0.019086021505376343,0.02131578947368421,0.019900497512437814,0.0,0.1,0.0,0.6843461948980476,11
0.06380368098159511,0.06538461538461539,0.015044247787610623,0.024084232879136438,0.018817204301075273,0.022894736842105263,0.019402985074626868,0.0,0.1,0.0,0.670568296749235,10
0.06748466257668713,0.06307692307692307,0.012831858407079646,0.029322243850645906,0.0207997311827957,0.02506578947368421,0.024875621890547265,0.1,0.0,0.0,0.656543169541637,13
0.05521472392638038,0.05153846153846154,0.012389380530973453,0.016368784285967088,0.011021505376344087,0.01,0.01492537313432836,0.0,0.0,0.1,0.728541771207545,14
0.04969325153374234,0.047692307692307694,0.010619469026548672,0.010953813484339055,0.009274193548387098,0.0076315789473684215,0.009452736318407961,0.1,0.0,0.0,0.7546826494488987,13
0.06257668711656443,0.06153846153846154,0.013274336283185842,0.0263670146876659,0.019254032258064515,0.02203947368421053,0.023383084577114428,0.0,0.1,0.0,0.6715669098547328,13
0.04539877300613498,0.04461538461538461,0.01017699115044248,0.008847991505928155,0.0074596774193548395,0.007500000000000001,0.00746268656716418,0.1,0.0,0.0,0.7685384957355907,9
0.06441717791411045,0.06307692307692307,0.015486725663716814,0.030932578304724827,0.024092741935483872,0.027236842105263157,0.020398009950248756,0.0,0.1,0.0,0.654359001049529,18
0.08098159509202456,0.08,0.01592920353982301,0.0535834365599009,0.0353494623655914,0.03914473684210526,0.041791044776119404,0.1,0.0,0.0,0.5532205208244355,19
0.06564417177914111,0.06461538461538462,0.013274336283185842,0.024756680233586976,0.017305107526881722,0.02013157894736842,0.023880597014925373,0.0,0.0,0.1,0.6703921435995259,12
0.07055214723926381,0.07,0.01592920353982301,0.03017165103521501,0.02026209677419355,0.024013157894736844,0.02985074626865672,0.0,0.1,0.0,0.6392209972481111,13
0.06748466257668713,0.06615384615384615,0.012389380530973453,0.025252167757918956,0.017237903225806452,0.024473684210526318,0.02238805970149254,0.1,0.0,0.0,0.664620295842749,9
0.07423312883435584,0.07230769230769231,0.012389380530973453,0.033233056096266145,0.022748655913978497,0.026447368421052636,0.0318407960199005,0.0,0.1,0.0,0.6267999218757806,13
0.07423312883435584,0.07615384615384616,0.012831858407079646,0.0373031321889931,0.024798387096774194,0.02967105263157895,0.03582089552238806,0.0,0.1,0.0,0.609187699164984,12
0.06871165644171781,0.06846153846153846,0.017256637168141596,0.03471951866926208,0.020497311827956992,0.02953947368421053,0.03333333333333334,0.1,0.0,0.0,0.6274805304138391,16
0.06564417177914111,0.06461538461538462,0.012831858407079646,0.03277296053795788,0.026747311827956994,0.02585526315789474,0.024875621890547265,0.0,0.1,0.0,0.6466574277840377,17
0.04723926380368099,0.04846153846153846,0.009734513274336285,0.010122102282781808,0.00823252688172043,0.008355263157894737,0.008308457711442787,0.1,0.0,0.0,0.7595463344266045,10
0.04785276073619633,0.04615384615384615,0.008849557522123895,0.009378870996283845,0.007224462365591398,0.007894736842105263,0.008606965174129353,0.1,0.0,0.0,0.7640388002097238,13
0.057668711656441725,0.05307692307692307,0.01017699115044248,0.017288975402583614,0.013474462365591399,0.014210526315789474,0.016517412935323387,0.0,0.1,0.0,0.7175859970969048,11
0.06319018404907976,0.060000000000000005,0.012389380530973453,0.019660237126172358,0.013440860215053765,0.014934210526315791,0.022238805970149256,0.0,0.1,0.0,0.6941463215822556,12
0.05214723926380369,0.05307692307692307,0.011061946902654869,0.015041585560077862,0.010752688172043012,0.010460526315789474,0.015323383084577116,0.0,0.1,0.0,0.7321357076241309,13
0.04233128834355829,0.04153846153846154,0.007964601769911504,0.0069014333746239605,0.005241935483870968,0.005986842105263158,0.005870646766169154,0.0,0.0,0.1,0.7841647906181415,9
0.05950920245398774,0.05692307692307692,0.011504424778761064,0.01620952043886038,0.012163978494623657,0.01486842105263158,0.013532338308457714,0.0,0.1,0.0,0.7152890375496009,10
0.04539877300613498,0.04384615384615384,0.008849557522123895,0.008069368253406477,0.0045362903225806455,0.008881578947368423,0.008059701492537314,0.0,0.0,0.1,0.7723585766096944,10
0.04294478527607362,0.04076923076923077,0.007964601769911504,0.006282073969208989,0.0038642473118279575,0.005526315789473685,0.006766169154228857,0.0,0.0,0.1,0.7858825759600446,12
0.0539877300613497,0.05307692307692307,0.015044247787610623,0.014457618120686603,0.010080645161290322,0.010855263157894738,0.015074626865671643,0.1,0.0,0.0,0.7274229457685732,12
0.023926380368098164,0.022307692307692306,0.004424778761061948,0.001132542912758804,0.0006720430107526882,0.0010526315789473684,0.0011940298507462689,0.0,0.0,0.1,0.8452899012099424,4
0.03987730061349694,0.03692307692307692,0.006637168141592921,0.005485754733675456,0.003192204301075269,0.004671052631578947,0.005970149253731343,0.0,0.0,0.1,0.7972432934017721,9
0.060736196319018415,0.05692307692307692,0.011061946902654869,0.016899663776322776,0.012432795698924732,0.009276315789473685,0.016815920398009953,0.0,0.1,0.0,0.7158540841925187,18
0.05521472392638038,0.05384615384615384,0.012831858407079646,0.018580782162449124,0.01401209677419355,0.013157894736842106,0.01646766169154229,0.0,0.1,0.0,0.7158888284553591,15
0.05092024539877301,0.05307692307692307,0.011946902654867258,0.013678994868164927,0.008602150537634409,0.009210526315789475,0.014726368159203982,0.0,0.0,0.1,0.7378378889886439,13
0.057668711656441725,0.054615384615384614,0.012389380530973453,0.015324721288267564,0.010248655913978496,0.0125,0.015124378109452738,0.1,0.0,0.0,0.7221287678855014,12
0.039263803680981604,0.03692307692307692,0.007522123893805311,0.006016634224031146,0.004401881720430108,0.0061842105263157894,0.0048756218905472645,0.0,0.0,0.1,0.7948126471408119,7
0.03803680981595093,0.03461538461538462,0.006637168141592921,0.004583259600070784,0.0030577956989247313,0.0044078947368421054,0.004378109452736319,0.0,0.0,0.1,0.8042835779384976,9
0.028834355828220862,0.026153846153846156,0.004867256637168142,0.0018226862502211997,0.0012096774193548388,0.0013815789473684212,0.0019402985074626867,0.0,0.0,0.1,0.8337903002563577,7
0.04233128834355829,0.03923076923076923,0.007079646017699116,0.005981242258007433,0.004032258064516129,0.005592105263157896,0.0053731343283582094,0.0,0.0,0.1,0.7903795564939338,10
0.05950920245398774,0.05846153846153846,0.012389380530973453,0.023818793133958592,0.014616935483870969,0.017105263157894738,0.019402985074626868,0.0,0.1,0.0,0.6946959017031491,18
0.061349693251533756,0.05923076923076923,0.01017699115044248,0.02401344894708901,0.019791666666666666,0.01815789473684211,0.019402985074626868,0.1,0.0,0.0,0.6878765509420299,12
0.061349693251533756,0.05923076923076923,0.009292035398230088,0.017625199079808883,0.012063172043010753,0.014407894736842106,0.016915422885572143,0.1,0.0,0.0,0.709115813374233,17
0.05705521472392639,0.05538461538461538,0.009292035398230088,0.017625199079808883,0.014381720430107528,0.015263157894736843,0.01393034825870647,0.0,0.1,0.0,0.7170677088298684,15
0.06441717791411045,0.062307692307692314,0.014159292035398232,0.023287913643602904,0.017842741935483873,0.01480263157894737,0.02238805970149254,0.1,0.0,0.0,0.6807944908832723,12
0.05214723926380369,0.05153846153846154,0.0084070796460177,0.011396213059635464,0.008098118279569893,0.008026315789473685,0.012437810945273632,0.1,0.0,0.0,0.7479487614777645,10
0.04662576687116565,0.04692307692307692,0.0084070796460177,0.009962838435675102,0.008434139784946237,0.006907894736842105,0.008955223880597015,0.1,0.0,0.0,0.7637839797216792,8
0.06503067484662578,0.06384615384615384,0.012831858407079646,0.03341001592638471,0.02584005376344086,0.024342105263157894,0.026368159203980102,0.0,0.1,0.0,0.6483309787431771,21
0.041717791411042954,0.04076923076923077,0.007522123893805311,0.006494425765351266,0.005174731182795699,0.0060526315789473685,0.006467661691542289,0.0,0.0,0.1,0.7858014037072844,10
0.058282208588957066,0.05615384615384615,0.01017699115044248,0.017342063351619183,0.014986559139784947,0.01625,0.013283582089552241,0.0,0.1,0.0,0.7135247495257979,9
0.052760736196319026,0.05230769230769231,0.010619469026548672,0.013838258715271634,0.010450268817204301,0.0125,0.013980099502487565,0.1,0.0,0.0,0.7335434754344765,7
0.05644171779141106,0.05615384615384615,0.011061946902654869,0.016528048133073795,0.012735215053763441,0.01243421052631579,0.01572139303482587,0.0,0.0,0.1,0.718923622404109,10
0.057668711656441725,0.05538461538461538,0.011504424778761064,0.018492302247389843,0.013306451612903227,0.014013157894736842,0.016417910447761197,0.0,0.1,0.0,0.7132124259773907,9
0.0441717791411043,0.045384615384615384,0.008849557522123895,0.007450008847991506,0.004435483870967743,0.006907894736842105,0.00746268656716418,0.0,0.0,0.1,0.7753379739291909,9
0.04355828220858896,0.04076923076923077,0.007964601769911504,0.00594585029198372,0.0033602150537634413,0.005394736842105264,0.006268656716417911,0.0,0.0,0.1,0.7867384263479984,8
0.04662576687116565,0.036153846153846154,0.008849557522123895,0.009131127234117856,0.007090053763440861,0.007105263157894737,0.007960199004975126,0.0,0.0,0.1,0.7770841862924357,7
0.04355828220858896,0.04,0.007522123893805311,0.006742169527517254,0.005443548387096775,0.006381578947368421,0.005472636815920398,0.0,0.0,0.1,0.7848796602197028,6
0.0539877300613497,0.05307692307692307,0.010619469026548672,0.017235887453548045,0.013205645161290323,0.014210526315789474,0.01592039800995025,0.0,0.1,0.0,0.7217434208946004,14
0.06257668711656443,0.06153846153846154,0.011504424778761064,0.020297292514599188,0.014717741935483872,0.017960526315789475,0.019402985074626868,0.1,0.0,0.0,0.6920018807257136,13
0.03987730061349694,0.03692307692307692,0.007522123893805311,0.0061228101221022825,0.005342741935483872,0.005,0.0049751243781094535,0.0,0.0,0.1,0.7942368221339252,7
0.07607361963190186,0.07461538461538461,0.01592920353982301,0.041709431958945324,0.03141801075268818,0.03493421052631579,0.038805970149253737,0.0,0.1,0.0,0.5865141688256874,13
0.07239263803680983,0.06923076923076923,0.014159292035398232,0.03185276942134136,0.024059139784946237,0.020526315789473684,0.03134328358208956,0.1,0.0,0.0,0.6364357921191719,19
0.04049079754601228,0.03923076923076923,0.0084070796460177,0.006635993629446116,0.0049395161290322585,0.0059210526315789476,0.005970149253731343,0.0,0.0,0.1,0.7884046419334121,7
0.05521472392638038,0.05230769230769231,0.011504424778761064,0.013148115377809237,0.010786290322580647,0.010460526315789474,0.010447761194029851,0.0,0.0,0.1,0.7361304657769571,9
0.05460122699386504,0.050769230769230775,0.010619469026548672,0.012281012210228278,0.008064516129032258,0.01105263157894737,0.010447761194029851,0.0,0.1,0.0,0.7421641520981177,11
0.04049079754601228,0.03307692307692307,0.006637168141592921,0.004052380109715095,0.0030241935483870967,0.003486842105263158,0.0034825870646766175,0.0,0.0,0.1,0.8057491084074297,6
0.0588957055214724,0.057692307692307696,0.012831858407079646,0.027499557600424704,0.014516129032258065,0.017105263157894738,0.016915422885572143,0.0,0.0,0.1,0.6945437557029907,9
0.05644171779141106,0.05384615384615384,0.010619469026548672,0.017288975402583614,0.012970430107526883,0.01381578947368421,0.015422885572139305,0.0,0.1,0.0,0.7195945787799525,11
0.058282208588957066,0.05538461538461538,0.011061946902654869,0.015820208812599542,0.011391129032258066,0.010657894736842106,0.01393034825870647,0.1,0.0,0.0,0.7234716482833665,9
0.031288343558282215,0.02769230769230769,0.005752212389380532,0.002795965315873297,0.0022849462365591403,0.001842105263157895,0.0024875621890547268,0.0,0.0,0.1,0.8258565573553844,5
0.04110429447852762,0.03769230769230769,0.007964601769911504,0.005892762342948151,0.003998655913978495,0.005263157894736843,0.005970149253731343,0.0,0.1,0.0,0.7921140706538583,6
0.057668711656441725,0.05384615384615384,0.011504424778761064,0.01649265616705008,0.012399193548387097,0.013026315789473686,0.014427860696517414,0.0,0.1,0.0,0.720634683517215,11
0.03803680981595093,0.03461538461538462,0.007079646017699116,0.004760219430189347,0.0036290322580645163,0.0031578947368421056,0.0049751243781094535,0.0,0.0,0.1,0.8037458887477599,7
0.04539877300613498,0.04307692307692308,0.009734513274336285,0.00815784816846576,0.006350806451612904,0.006118421052631579,0.00746268656716418,0.1,0.0,0.0,0.7737000284027312,10
0.036196319018404914,0.03307692307692307,0.006637168141592921,0.004565563617058928,0.0033602150537634413,0.0038815789473684212,0.003980099502487563,0.0,0.0,0.1,0.8083021326424007,7
0.06809815950920248,0.06692307692307692,0.014601769911504426,0.034330207043001236,0.022580645161290325,0.030460526315789476,0.029353233830845774,0.1,0.0,0.0,0.6336523813052893,17
0.07546012269938651,0.07923076923076923,0.015044247787610623,0.040346841267032384,0.02893145161290323,0.02953947368421053,0.041791044776119404,0.1,0.0,0.0,0.5896560489419681,16
0.07116564417177915,0.07538461538461538,0.017256637168141596,0.046593523270217665,0.03565188172043011,0.03342105263157895,0.04079601990049751,0.0,0.1,0.0,0.5797306257527396,18
0.07177914110429448,0.07307692307692307,0.016371681415929203,0.03392319943372855,0.027856182795698924,0.02125,0.032835820895522394,0.1,0.0,0.0,0.6229070512779034,11
0.07975460122699388,0.08076923076923077,0.01592920353982301,0.05754733675455671,0.040120967741935486,0.04532894736842105,0.052736318407960205,0.0,0.1,0.0,0.5278133941910789,18
0.06564417177914111,0.06923076923076923,0.015044247787610623,0.027641125464519557,0.020530913978494623,0.020460526315789474,0.029353233830845774,0.0,0.1,0.0,0.6520950116128296,11
0.05092024539877301,0.05230769230769231,0.011504424778761064,0.013006547513714387,0.009811827956989247,0.011644736842105263,0.011940298507462687,0.1,0.0,0.0,0.738864226694502,10
0.04662576687116565,0.04692307692307692,0.009292035398230088,0.009945142452663246,0.007022849462365591,0.008092105263157895,0.008955223880597015,0.1,0.0,0.0,0.7631437997487436,12
0.05521472392638038,0.054615384615384614,0.010619469026548672,0.014581490001769597,0.007694892473118281,0.00875,0.01592039800995025,0.0,0.1,0.0,0.7326036419468482,19
0.04846625766871167,0.045384615384615384,0.0084070796460177,0.007945496372323483,0.005241935483870968,0.007105263157894737,0.007960199004975126,0.1,0.0,0.0,0.769489153281591,10
0.055828220858895716,0.05384615384615384,0.010619469026548672,0.01711201557246505,0.01219758064516129,0.01894736842105263,0.01592039800995025,0.0,0.0,0.1,0.7155287936197725,11
0.05950920245398774,0.05846153846153846,0.013274336283185842,0.021412139444346133,0.01448252688172043,0.01842105263157895,0.01791044776119403,0.1,0.0,0.0,0.6965287560824485,15
0.06748466257668713,0.06538461538461539,0.013716814159292037,0.032472128826756326,0.0186491935483871,0.031973684210526314,0.03333333333333334,0.0,0.0,0.1,0.6369855679604024,13
0.05521472392638038,0.05384615384615384,0.012831858407079646,0.019200141567864096,0.011861559139784946,0.01618421052631579,0.017412935323383085,0.1,0.0,0.0,0.7134484172630382,13
0.058282208588957066,0.05923076923076923,0.012831858407079646,0.021854539019642544,0.015793010752688172,0.014210526315789474,0.021393034825870648,0.0,0.0,0.1,0.6964040528592031,14
0.061349693251533756,0.05846153846153846,0.013716814159292037,0.023181737745531766,0.01616263440860215,0.01881578947368421,0.020398009950248756,0.1,0.0,0.0,0.6879137825495689,17
0.06503067484662578,0.06307692307692307,0.014601769911504426,0.02872058042824279,0.016129032258064516,0.02223684210526316,0.023880597014925373,0.1,0.0,0.0,0.6663235803584509,19
0.060122699386503074,0.060000000000000005,0.013274336283185842,0.02027959653158733,0.015120967741935486,0.01631578947368421,0.016915422885572143,0.0,0.0,0.1,0.6979711876975319,21
0.060122699386503074,0.05923076923076923,0.013274336283185842,0.027835781277649973,0.016196236559139786,0.01842105263157895,0.023880597014925373,0.1,0.0,0.0,0.6810385276162478,23
0.06380368098159511,0.06076923076923077,0.01592920353982301,0.022650858255176078,0.010618279569892475,0.014473684210526316,0.02437810945273632,0.1,0.0,0.0,0.6873769532210199,22
0.06625766871165646,0.06384615384615384,0.012831858407079646,0.026190054857547336,0.017708333333333336,0.02210526315789474,0.02437810945273632,0.0,0.0,0.1,0.6666825582335983,12
0.061349693251533756,0.057692307692307696,0.01017699115044248,0.021040523801097152,0.012432795698924732,0.019473684210526317,0.018905472636815922,0.1,0.0,0.0,0.698928531558352,11
0.05521472392638038,0.05846153846153846,0.014601769911504426,0.028897540258361352,0.016801075268817207,0.02519736842105263,0.026368159203980102,0.1,0.0,0.0,0.6744578245483654,23
0.04539877300613498,0.04230769230769231,0.008849557522123895,0.007874712440276058,0.00625,0.0034210526315789475,0.007960199004975126,0.1,0.0,0.0,0.7779380130872187,8
0.04539877300613498,0.04230769230769231,0.008849557522123895,0.008122456202442046,0.005947580645161291,0.006118421052631579,0.006965174129353235,0.0,0.1,0.0,0.7762903451344607,7
0.05950920245398774,0.05692307692307692,0.012389380530973453,0.020261900548575476,0.013709677419354839,0.01861842105263158,0.017412935323383085,0.0,0.0,0.1,0.7011754057480168,10
0.05337423312883437,0.05,0.01017699115044248,0.01385595469828349,0.010349462365591398,0.012368421052631579,0.011940298507462687,0.1,0.0,0.0,0.737934639096754,7
0.06564417177914111,0.062307692307692314,0.016371681415929203,0.029534595646788182,0.02133736559139785,0.02269736842105263,0.028855721393034828,0.0,0.0,0.1,0.6532514034449639,16
0.06257668711656443,0.06153846153846154,0.012389380530973453,0.02305786586444877,0.016498655913978495,0.02190789473684211,0.018407960199004977,0.0,0.0,0.1,0.6836230940997262,10
0.06932515337423313,0.06769230769230769,0.016371681415929203,0.03217129711555477,0.023118279569892472,0.030592105263157896,0.02537313432835821,0.0,0.0,0.1,0.6353560412405665,15
0.06564417177914111,0.06153846153846154,0.013274336283185842,0.028472836666076803,0.022479838709677423,0.027960526315789474,0.020895522388059702,0.1,0.0,0.0,0.6597343063196082,13
0.06564417177914111,0.062307692307692314,0.011061946902654869,0.0328083525039816,0.017473118279569894,0.01875,0.034328358208955224,0.1,0.0,0.0,0.657626360018005,16
0.06441717791411045,0.06153846153846154,0.015044247787610623,0.02585383118032207,0.018750000000000003,0.027039473684210526,0.019402985074626868,0.0,0.0,0.1,0.667953822820658,11
0.07239263803680983,0.06769230769230769,0.013274336283185842,0.03381702353565741,0.024596774193548387,0.03190789473684211,0.029353233830845774,0.0,0.0,0.1,0.626965791690803,11
0.061349693251533756,0.057692307692307696,0.013274336283185842,0.022509290391081224,0.017036290322580645,0.019078947368421053,0.018905472636815922,0.0,0.0,0.1,0.6901536620540738,10
0.031288343558282215,0.02923076923076923,0.006637168141592921,0.0030614050610511413,0.0023185483870967745,0.002697368421052632,0.0024875621890547268,0.0,0.1,0.0,0.8222788350111003,5
0.052760736196319026,0.05,0.01017699115044248,0.013678994868164927,0.00991263440860215,0.014013157894736842,0.010945273631840797,0.1,0.0,0.0,0.7385122118498938,11
0.04662576687116565,0.04461538461538461,0.010619469026548672,0.010015926384710671,0.007896505376344086,0.008618421052631579,0.008457711442786071,0.0,0.0,0.1,0.7631508152304287,9
0.02024539877300614,0.016923076923076923,0.001769911504424779,0.0006724473544505397,0.0004368279569892473,0.0003289473684210527,0.0004975124378109454,0.0,0.1,0.0,0.8591258776818204,4
0.038650306748466264,0.03538461538461539,0.007964601769911504,0.0045478676340470715,0.002889784946236559,0.005263157894736843,0.003980099502487563,0.0,0.1,0.0,0.8013195661194987,7
0.019018404907975465,0.016153846153846154,0.004424778761061948,0.0006193594054149709,0.0003360215053763441,0.00046052631578947373,0.0004975124378109454,0.0,0.1,0.0,0.8584895505127247,4
0.034355828220858906,0.031538461538461536,0.008849557522123895,0.00412316404176252,0.003662634408602151,0.0037500000000000003,0.0029850746268656717,0.0,0.0,0.1,0.8107352796413253,5
0.052760736196319026,0.05153846153846154,0.010619469026548672,0.015714032914528404,0.010416666666666668,0.015065789473684211,0.01393034825870647,0.1,0.0,0.0,0.729954495925085,13
0.04846625766871167,0.04846153846153846,0.009292035398230088,0.012440276057334984,0.007963709677419354,0.011973684210526315,0.011890547263681593,0.1,0.0,0.0,0.7495119512625575,16
0.04723926380368099,0.04384615384615384,0.009292035398230088,0.010281366129888515,0.008165322580645161,0.009013157894736843,0.008706467661691543,0.0,0.0,0.1,0.763456232684973,12
0.0588957055214724,0.05923076923076923,0.011946902654867258,0.018970093788709966,0.012735215053763441,0.01868421052631579,0.017213930348258705,0.1,0.0,0.0,0.7023231728758432,14
0.05460122699386504,0.050769230769230775,0.009292035398230088,0.01601486462572996,0.012096774193548387,0.013552631578947368,0.012238805970149255,0.1,0.0,0.0,0.7314344304702991,9
0.04846625766871167,0.045384615384615384,0.01017699115044248,0.011183861263493187,0.008098118279569893,0.007828947368421053,0.010995024875621892,0.0,0.0,0.1,0.7578661840091244,12
0.049079754601227,0.04615384615384615,0.011061946902654869,0.01475844983188816,0.012836021505376344,0.011842105263157895,0.011691542288557214,0.0,0.0,0.1,0.7425763334532923,9
0.05092024539877301,0.05,0.012389380530973453,0.01475844983188816,0.010315860215053764,0.013355263157894738,0.014328358208955224,0.0,0.0,0.1,0.7339324426564616,10
0.038650306748466264,0.038461538461538464,0.007964601769911504,0.007184569102813662,0.004133064516129032,0.004868421052631579,0.00791044776119403,0.0,0.0,0.1,0.7908270505873154,11
0.04233128834355829,0.04,0.007964601769911504,0.007326136966908512,0.005208333333333334,0.005723684210526316,0.007611940298507464,0.1,0.0,0.0,0.7838340150772546,10
0.0441717791411043,0.045384615384615384,0.011504424778761064,0.00978587860555654,0.006014784946236559,0.007500000000000001,0.010000000000000002,0.0,0.0,0.1,0.7656385171437261,10
0.036196319018404914,0.03461538461538462,0.007964601769911504,0.003910812245620244,0.0027217741935483875,0.003223684210526316,0.00318407960199005,0.0,0.1,0.0,0.808183344344614,7
0.03987730061349694,0.038461538461538464,0.007079646017699116,0.006228986020173421,0.003998655913978495,0.004671052631578947,0.006268656716417911,0.0,0.1,0.0,0.7934141636251166,7
0.04601226993865031,0.04615384615384615,0.008849557522123895,0.00872411962484516,0.006989247311827957,0.00625,0.008258706467661693,0.0,0.0,0.1,0.7687622529810448,11
0.034355828220858906,0.031538461538461536,0.004867256637168142,0.0040169881436913826,0.0030241935483870967,0.003618421052631579,0.003333333333333334,0.0,0.1,0.0,0.815245517525468,7
0.04355828220858896,0.04076923076923077,0.007522123893805311,0.007113785170766237,0.004637096774193549,0.006973684210526316,0.006915422885572141,0.0,0.0,0.1,0.7825103740873167,8
0.04294478527607362,0.03923076923076923,0.007079646017699116,0.006777561493540966,0.005376344086021506,0.005065789473684211,0.006268656716417911,0.0,0.0,0.1,0.7872564477057934,9
0.033742331288343565,0.03076923076923077,0.005752212389380532,0.003663068483454256,0.003192204301075269,0.002697368421052632,0.0029850746268656717,0.0,0.1,0.0,0.8171985097205974,7
0.03558282208588957,0.031538461538461536,0.0061946902654867264,0.0034507166873119803,0.0024193548387096775,0.0025,0.0034825870646766175,0.0,0.1,0.0,0.8148313675194638,8
0.030674846625766878,0.02923076923076923,0.005309734513274336,0.002707485400814015,0.0024193548387096775,0.0015131578947368421,0.0024378109452736323,0.0,0.1,0.0,0.8257068405506554,6
0.02208588957055215,0.019230769230769232,0.0030973451327433632,0.0009378870996283844,0.0006384408602150538,0.0007236842105263158,0.0008457711442786071,0.0,0.1,0.0,0.8524402127512869,4
0.018404907975460124,0.015384615384615385,0.002212389380530974,0.0005308794903556893,0.0003024193548387097,0.0005263157894736842,0.0004975124378109454,0.0,0.1,0.0,0.8621409601869144,2
0.019631901840490802,0.016923076923076923,0.002212389380530974,0.000637055388426827,0.0004368279569892473,0.0007236842105263158,0.0004975124378109454,0.0,0.1,0.0,0.8589375518621479,3
0.06809815950920248,0.07,0.014159292035398232,0.0374270040700761,0.026377688172043015,0.030000000000000002,0.029154228855721394,0.0,0.0,0.1,0.6247836273575588,13
0.06809815950920248,0.06769230769230769,0.013274336283185842,0.038648026897894185,0.02795698924731183,0.027894736842105264,0.04383084577114428,0.0,0.0,0.1,0.6126045977568485,15
0.06441717791411045,0.06307692307692307,0.011504424778761064,0.03503804636347549,0.0259744623655914,0.031973684210526314,0.029353233830845774,0.0,0.0,0.1,0.6386620474597664,15
0.05705521472392639,0.05538461538461538,0.007079646017699116,0.017271279419571756,0.012836021505376344,0.01644736842105263,0.015422885572139305,0.0,0.0,0.1,0.718502968955619,11
0.060122699386503074,0.05538461538461538,0.009734513274336285,0.017713678994868164,0.01081989247311828,0.014078947368421054,0.019402985074626868,0.1,0.0,0.0,0.7127426680435109,17
0.049079754601227,0.04692307692307692,0.007522123893805311,0.010511413909042647,0.007258064516129033,0.009276315789473685,0.009950248756218907,0.0,0.0,0.1,0.7594790016110264,10
0.0588957055214724,0.057692307692307696,0.009292035398230088,0.018580782162449124,0.014684139784946237,0.015723684210526317,0.015422885572139305,0.1,0.0,0.0,0.7097084596579288,12
0.06196319018404909,0.06153846153846154,0.011061946902654869,0.027251813838258716,0.018380376344086024,0.020921052631578948,0.02537313432835821,0.0,0.0,0.1,0.6735100242325526,13
0.06380368098159511,0.06153846153846154,0.010619469026548672,0.02305786586444877,0.017540322580645164,0.026513157894736846,0.016417910447761197,0.1,0.0,0.0,0.6805091316658027,15
0.06441717791411045,0.06153846153846154,0.011504424778761064,0.029357635816669617,0.01616263440860215,0.024013157894736844,0.027363184079601994,0.0,0.0,0.1,0.6656433235690563,11
0.0668711656441718,0.06461538461538462,0.011504424778761064,0.031109538134843392,0.025134408602150538,0.022302631578947373,0.022885572139303485,0.0,0.0,0.1,0.6555768745064376,13
0.06380368098159511,0.06153846153846154,0.010619469026548672,0.029127588037515483,0.020026881720430108,0.02375,0.026368159203980102,0.0,0.0,0.1,0.664765759491469,15
0.06196319018404909,0.05846153846153846,0.011504424778761064,0.023217129711555477,0.015255376344086023,0.023486842105263157,0.021890547263681594,0.0,0.0,0.1,0.6842209511510651,13
0.06441717791411045,0.06538461538461539,0.010619469026548672,0.030667138559546985,0.01898521505376344,0.023157894736842106,0.028855721393034828,0.0,0.0,0.1,0.6579127679315382,18
0.06257668711656443,0.060000000000000005,0.011061946902654869,0.02323482569456733,0.01760752688172043,0.024144736842105264,0.017412935323383085,0.0,0.0,0.1,0.6839613412390045,10
0.06380368098159511,0.05923076923076923,0.01017699115044248,0.023677225269863742,0.016028225806451614,0.02263157894736842,0.020398009950248756,0.0,0.0,0.1,0.6840535186632606,12
0.06380368098159511,0.062307692307692314,0.011061946902654869,0.02277473013625907,0.01622983870967742,0.022828947368421053,0.020895522388059702,0.1,0.0,0.0,0.6800976412056404,12
0.06564417177914111,0.06307692307692307,0.011946902654867258,0.030507874712440278,0.01918682795698925,0.02006578947368421,0.0318407960199005,0.0,0.0,0.1,0.6577307143260543,14
0.05460122699386504,0.05307692307692307,0.007964601769911504,0.013431251105998939,0.00961021505376344,0.009736842105263158,0.012437810945273632,0.0,0.0,0.1,0.7391411289490012,10
0.06503067484662578,0.06769230769230769,0.018141592920353982,0.029552291629800036,0.021505376344086023,0.02861842105263158,0.02437810945273632,0.0,0.0,0.1,0.6450812260614586,14
0.0441717791411043,0.04076923076923077,0.007964601769911504,0.007308440983896655,0.005241935483870968,0.007500000000000001,0.005970149253731343,0.1,0.0,0.0,0.7810738625982544,8
0.06564417177914111,0.06461538461538462,0.013274336283185842,0.026066182976464344,0.018716397849462368,0.024473684210526318,0.021393034825870648,0.1,0.0,0.0,0.6658168074599647,14
0.06380368098159511,0.062307692307692314,0.012389380530973453,0.028932932224385064,0.018783602150537638,0.024078947368421054,0.025870646766169157,0.1,0.0,0.0,0.6638331176702261,17
0.06503067484662578,0.06384615384615384,0.011504424778761064,0.029817731374977882,0.01848118279569893,0.025592105263157895,0.026368159203980102,0.0,0.0,0.1,0.6593595678906445,20
0.06503067484662578,0.06461538461538462,0.011504424778761064,0.03542735798973633,0.022849462365591402,0.02973684210526316,0.026368159203980102,0.1,0.0,0.0,0.6444676940946575,17
0.08098159509202456,0.08,0.01769911504424779,0.05931693505574235,0.04522849462365592,0.06322368421052632,0.04477611940298508,0.1,0.0,0.0,0.508774056570818,17
0.06380368098159511,0.05923076923076923,0.012389380530973453,0.02334100159263847,0.0167002688172043,0.026776315789473683,0.01592039800995025,0.0,0.0,0.1,0.6818381850473955,9
0.06564417177914111,0.06461538461538462,0.011504424778761064,0.028508228632100514,0.020228494623655915,0.02381578947368421,0.02786069651741294,0.0,0.0,0.1,0.6578228095798596,14
0.08527607361963191,0.07923076923076923,0.015486725663716814,0.05367191647496018,0.038844086021505374,0.05401315789473684,0.038805970149253737,0.0,0.0,0.1,0.5346713009454259,15
0.06257668711656443,0.060000000000000005,0.009292035398230088,0.02165988320651212,0.012567204301075269,0.019736842105263157,0.019402985074626868,0.1,0.0,0.0,0.694764362797728,13
0.05950920245398774,0.054615384615384614,0.010619469026548672,0.019359405414970804,0.014448924731182797,0.02125,0.01393034825870647,0.0,0.0,0.1,0.7062672654992189,10
0.07423312883435584,0.07076923076923078,0.015044247787610623,0.03970978587860556,0.02331989247311828,0.040065789473684214,0.03134328358208956,0.1,0.0,0.0,0.6055146412013052,13
0.07116564417177915,0.07,0.014601769911504426,0.040222969385949395,0.024798387096774194,0.03953947368421053,0.027363184079601994,0.1,0.0,0.0,0.6123085716701803,13
0.07975460122699388,0.07923076923076923,0.015486725663716814,0.05239780569810653,0.03558467741935484,0.03578947368421053,0.05223880597014926,0.0,0.0,0.1,0.5495171411066989,20
0.07607361963190186,0.0776923076923077,0.016371681415929203,0.05406122810122103,0.046370967741935484,0.04842105263157895,0.03482587064676617,0.0,0.0,0.1,0.5461832721383596,13
0.07546012269938651,0.08076923076923077,0.013716814159292037,0.0402583613519731,0.024663978494623658,0.03105263157894737,0.03681592039800995,0.0,0.0,0.1,0.5972629405485366,20
0.07423312883435584,0.07615384615384616,0.0168141592920354,0.050858255176075035,0.031518817204301074,0.03493421052631579,0.04079601990049751,0.1,0.0,0.0,0.5746915629125732,15
0.06993865030674848,0.06769230769230769,0.013716814159292037,0.039497434082463284,0.03209005376344086,0.030460526315789476,0.026865671641791048,0.0,0.0,0.1,0.6197385420381671,13
0.06993865030674848,0.06615384615384615,0.010619469026548672,0.03756857193417095,0.02338709677419355,0.02197368421052632,0.03084577114427861,0.0,0.0,0.1,0.6395129104496873,15
0.07177914110429448,0.062307692307692314,0.013274336283185842,0.044470005308794906,0.029233870967741937,0.026578947368421056,0.03233830845771145,0.0,0.0,0.1,0.620017698202158,15
0.06748466257668713,0.06769230769230769,0.013716814159292037,0.033480799858432136,0.021034946236559143,0.024013157894736844,0.03333333333333334,0.1,0.0,0.0,0.6392439782486516,16
0.06625766871165646,0.06769230769230769,0.011946902654867258,0.0339408954167404,0.016028225806451614,0.029078947368421055,0.02985074626865672,0.1,0.0,0.0,0.6452043060808988,17
0.07852760736196321,0.07846153846153846,0.0168141592920354,0.05708724119624845,0.04176747311827957,0.0475,0.046766169154228855,0.0,0.0,0.1,0.533075811415706,14
0.07484662576687118,0.07230769230769231,0.012831858407079646,0.04080693682534065,0.027083333333333338,0.03894736842105263,0.0318407960199005,0.1,0.0,0.0,0.6013353889187297,14
0.0668711656441718,0.06923076923076923,0.013274336283185842,0.03461334277119094,0.02261424731182796,0.02506578947368421,0.02985074626865672,0.0,0.0,0.1,0.6384796030165133,11
0.07239263803680983,0.06846153846153846,0.011504424778761064,0.04008140152185454,0.025705645161290324,0.03078947368421053,0.0318407960199005,0.1,0.0,0.0,0.6192240823356348,13
0.04233128834355829,0.04153846153846154,0.0084070796460177,0.006972217306671386,0.004469086021505377,0.006578947368421053,0.006965174129353235,0.0,0.0,0.1,0.7827377456460114,9
0.06748466257668713,0.06615384615384615,0.013716814159292037,0.027782693328614407,0.019422043010752687,0.029868421052631582,0.023184079601990055,0.1,0.0,0.0,0.652387440116186,11
0.06503067484662578,0.06538461538461539,0.015044247787610623,0.033586975756503275,0.023420698924731184,0.03151315789473684,0.027661691542288563,0.1,0.0,0.0,0.6383579378628884,17
0.06503067484662578,0.07,0.014601769911504426,0.034701822686250224,0.021202956989247315,0.037039473684210525,0.029502487562189057,0.1,0.0,0.0,0.6279208143199727,11
0.05950920245398774,0.057692307692307696,0.012389380530973453,0.018439214298354274,0.013440860215053765,0.01618421052631579,0.016915422885572143,0.0,0.1,0.0,0.7054294013974352,8
0.04723926380368099,0.04230769230769231,0.01017699115044248,0.009502742877366839,0.00655241935483871,0.010855263157894738,0.008457711442786071,0.0,0.0,0.1,0.7649079159052978,8
0.055828220858895716,0.05230769230769231,0.011946902654867258,0.01635108830295523,0.011256720430107529,0.020789473684210528,0.011940298507462687,0.0,0.0,0.1,0.7195796032538088,9
0.060122699386503074,0.05846153846153846,0.012389380530973453,0.026915590161033443,0.01646505376344086,0.02197368421052632,0.018407960199004977,0.0,0.0,0.1,0.6852640932869793,10
0.06503067484662578,0.06307692307692307,0.014601769911504426,0.025906919129357636,0.012701612903225808,0.022368421052631583,0.03084577114427861,0.0,0.0,0.1,0.6654679079354531,11
0.06196319018404909,0.05923076923076923,0.012831858407079646,0.0239780569810653,0.015860215053763442,0.02355263157894737,0.019900497512437814,0.0,0.0,0.1,0.6826827810518881,15
0.060122699386503074,0.05846153846153846,0.012389380530973453,0.022597770306140505,0.015490591397849465,0.01868421052631579,0.019402985074626868,0.0,0.0,0.1,0.6928508243160523,13
0.05705521472392639,0.05384615384615384,0.012389380530973453,0.02036807644664661,0.013541666666666669,0.01980263157894737,0.018905472636815922,0.0,0.0,0.1,0.7040914035698698,15
0.057668711656441725,0.05538461538461538,0.012831858407079646,0.019005485754733677,0.011592741935483871,0.018092105263157895,0.019402985074626868,0.1,0.0,0.0,0.7060214965238609,15
0.06871165644171781,0.06307692307692307,0.014601769911504426,0.03291452840205274,0.02355510752688172,0.03118421052631579,0.02985074626865672,0.0,0.0,0.1,0.6361050578459477,13
0.06196319018404909,0.05923076923076923,0.013274336283185842,0.022703946204211643,0.01653225806451613,0.02,0.021393034825870648,0.0,0.0,0.1,0.6849024652073974,12
0.06319018404907976,0.06692307692307692,0.012831858407079646,0.03119801804990267,0.019623655913978494,0.027105263157894736,0.02537313432835821,0.0,0.0,0.1,0.6537548091706296,10
0.04723926380368099,0.04307692307692308,0.011061946902654869,0.008635639709785878,0.0068548387096774195,0.005,0.008457711442786071,0.0,0.1,0.0,0.7696736763544917,6
0.026380368098159513,0.023846153846153847,0.005309734513274336,0.0018580782162449124,0.0014112903225806453,0.0021710526315789477,0.0014925373134328358,0.0,0.1,0.0,0.8375307850585749,5
0.06748466257668713,0.06384615384615384,0.015486725663716814,0.03687842859670855,0.02214381720430108,0.030592105263157896,0.02890547263681592,0.0,0.0,0.1,0.6346626342124588,15
0.06319018404907976,0.060000000000000005,0.011504424778761064,0.02036807644664661,0.013272849462365593,0.017105263157894738,0.018358208955223883,0.1,0.0,0.0,0.6962009931500284,9
0.060736196319018415,0.05923076923076923,0.011946902654867258,0.025092903910812245,0.014180107526881721,0.018092105263157895,0.026069651741293536,0.0,0.0,0.1,0.6846513633531996,12
0.06196319018404909,0.060000000000000005,0.014159292035398232,0.022792426119270928,0.016633064516129035,0.026644736842105266,0.016268656716417914,0.1,0.0,0.0,0.6815386335866295,9
0.0736196319018405,0.07153846153846154,0.014601769911504426,0.03141036984604495,0.020766129032258066,0.03236842105263158,0.026069651741293536,0.1,0.0,0.0,0.6296255649759654,12
0.06993865030674848,0.07153846153846154,0.014159292035398232,0.031622721642187226,0.021135752688172044,0.03388157894736842,0.026169154228855726,0.1,0.0,0.0,0.6315543886128083,10
0.05950920245398774,0.057692307692307696,0.011946902654867258,0.01967793310918422,0.012936827956989248,0.01730263157894737,0.01676616915422886,0.1,0.0,0.0,0.7041680253994876,10
0.057668711656441725,0.05692307692307692,0.01592920353982301,0.018049902672093436,0.01286962365591398,0.016907894736842108,0.016169154228855724,0.0,0.0,0.1,0.7054824325869531,9
0.07055214723926381,0.06923076923076923,0.014601769911504426,0.03261369669085118,0.02200940860215054,0.02960526315789474,0.0254726368159204,0.0,0.0,0.1,0.6359143083516456,12
0.07116564417177915,0.07153846153846154,0.014159292035398232,0.036612988851530706,0.02116935483870968,0.034210526315789476,0.03616915422885572,0.0,0.0,0.1,0.6149745780194755,12
0.06319018404907976,0.062307692307692314,0.012831858407079646,0.02459741638648027,0.014448924731182797,0.021513157894736845,0.02328358208955224,0.0,0.0,0.1,0.6778271841341961,15
0.06503067484662578,0.06307692307692307,0.013716814159292037,0.02532295168996638,0.018850806451612908,0.02217105263157895,0.021293532338308458,0.0,0.0,0.1,0.6705372448056923,11
0.0539877300613497,0.05153846153846154,0.009734513274336285,0.013944434613342773,0.010551075268817205,0.012631578947368423,0.012139303482587066,0.0,0.0,0.1,0.735472902813737,9
0.06380368098159511,0.06461538461538462,0.014159292035398232,0.0263670146876659,0.01713709677419355,0.020657894736842108,0.028706467661691545,0.0,0.0,0.1,0.6645531685072289,11
0.05214723926380369,0.05307692307692307,0.009734513274336285,0.012971155547690674,0.008400537634408603,0.010657894736842106,0.01164179104477612,0.1,0.0,0.0,0.7413699454212195,11
0.05644171779141106,0.05230769230769231,0.011946902654867258,0.017519023181737745,0.01112231182795699,0.015394736842105265,0.018407960199004977,0.0,0.0,0.1,0.7168596551952244,10
0.05521472392638038,0.05153846153846154,0.011061946902654869,0.012351796142275703,0.00799731182795699,0.013881578947368422,0.011442786069651743,0.0,0.0,0.1,0.7365113946452504,10
0.05214723926380369,0.050769230769230775,0.011504424778761064,0.015590161033445408,0.01021505376344086,0.012302631578947369,0.015422885572139305,0.0,0.0,0.1,0.7320483732402315,9
0.04539877300613498,0.04230769230769231,0.008849557522123895,0.007786232525216776,0.00631720430107527,0.0059210526315789476,0.006467661691542289,0.0,0.1,0.0,0.7769518260146355,7
0.06319018404907976,0.05846153846153846,0.011946902654867258,0.023411785524685896,0.019321236559139785,0.02756578947368421,0.015422885572139305,0.0,0.0,0.1,0.6806796777048654,10
0.04969325153374234,0.04692307692307692,0.010619469026548672,0.01127234117855247,0.0082997311827957,0.011907894736842105,0.009452736318407961,0.0,0.0,0.1,0.7518314991000339,7
0.034355828220858906,0.031538461538461536,0.0061946902654867264,0.003592284551406831,0.0027553763440860217,0.003947368421052632,0.0029850746268656717,0.0,0.1,0.0,0.8146309160317817,6
0.0588957055214724,0.06153846153846154,0.011061946902654869,0.026862502211997877,0.014280913978494625,0.02355263157894737,0.023880597014925373,0.1,0.0,0.0,0.6799272412530459,15
0.0539877300613497,0.05230769230769231,0.011504424778761064,0.014846929746947443,0.01028225806451613,0.015197368421052633,0.012935323383084578,0.1,0.0,0.0,0.7289382732365961,10
0.06380368098159511,0.06307692307692307,0.01017699115044248,0.028561316581136083,0.01918682795698925,0.02355263157894737,0.023383084577114428,0.1,0.0,0.0,0.6682585440968521,12
0.06196319018404909,0.062307692307692314,0.012389380530973453,0.030967970270748543,0.017909946236559143,0.022894736842105263,0.028358208955223882,0.0,0.0,0.1,0.6632088746726483,12
0.060122699386503074,0.05615384615384615,0.011504424778761064,0.024190408777207576,0.011088709677419355,0.01730263157894737,0.020398009950248756,0.1,0.0,0.0,0.6992392696970666,21
0.028834355828220862,0.02692307692307692,0.004867256637168142,0.0023712617235887457,0.0018145161290322581,0.0016447368421052633,0.001791044776119403,0.0,0.1,0.0,0.8317537511406884,6
0.031288343558282215,0.02846153846153846,0.005309734513274336,0.0031144930100867104,0.0024529569892473117,0.0027631578947368424,0.0022885572139303484,0.0,0.1,0.0,0.8243212183589037,5
0.038650306748466264,0.03692307692307692,0.007522123893805311,0.006069722173066714,0.004771505376344086,0.004539473684210527,0.0053233830845771145,0.0,0.1,0.0,0.7962004081164531,7
0.03987730061349694,0.038461538461538464,0.007079646017699116,0.006140506105114139,0.005141129032258065,0.004539473684210527,0.0048756218905472645,0.0,0.1,0.0,0.7938847841951355,7
0.04110429447852762,0.038461538461538464,0.007079646017699116,0.006476729782339409,0.0049395161290322585,0.005263157894736843,0.005721393034825871,0.0,0.1,0.0,0.7909537242013004,6
0.04294478527607362,0.04153846153846154,0.007964601769911504,0.007273049017872943,0.005040322580645161,0.0075657894736842115,0.006169154228855722,0.0,0.1,0.0,0.7815038361144953,6
0.04294478527607362,0.038461538461538464,0.0061946902654867264,0.006370553884268271,0.004401881720430108,0.006315789473684211,0.0053731343283582094,0.0,0.1,0.0,0.7899376265901603,6
0.0441717791411043,0.04615384615384615,0.007522123893805311,0.009555830826402408,0.007963709677419354,0.008421052631578947,0.007412935323383085,0.0,0.1,0.0,0.7687987223524604,7
0.04478527607361964,0.04230769230769231,0.011946902654867258,0.008494071845691028,0.007258064516129033,0.005855263157894737,0.007313432835820896,0.0,0.1,0.0,0.7720392966082851,7
0.04539877300613498,0.04230769230769231,0.012389380530973453,0.007839320474252344,0.006518817204301076,0.005986842105263158,0.006119402985074627,0.0,0.1,0.0,0.773439771386308,6
0.04662576687116565,0.04230769230769231,0.0084070796460177,0.0048663953282604856,0.005779569892473118,0.0076973684210526324,0.006019900497512438,0.0,0.1,0.0,0.7782962270358257,7
0.04723926380368099,0.04461538461538461,0.0084070796460177,0.011042293399398337,0.00961021505376344,0.008355263157894737,0.00855721393034826,0.0,0.1,0.0,0.7621732863935119,6
0.04723926380368099,0.04615384615384615,0.008849557522123895,0.010245974163864802,0.008165322580645161,0.008289473684210527,0.008955223880597015,0.0,0.1,0.0,0.7621013382110314,7
0.04846625766871167,0.04461538461538461,0.0084070796460177,0.011290037161564325,0.009274193548387098,0.010526315789473686,0.008159203980099504,0.0,0.1,0.0,0.7592615275903614,7
0.04846625766871167,0.04461538461538461,0.0084070796460177,0.010759157671208636,0.00853494623655914,0.01105263157894737,0.007661691542288558,0.0,0.1,0.0,0.7605028510408823,6
0.049079754601227,0.047692307692307694,0.008849557522123895,0.01082994160325606,0.008736559139784947,0.007894736842105263,0.009353233830845771,0.0,0.1,0.0,0.7575639087683493,6
0.05030674846625768,0.05,0.008849557522123895,0.013944434613342773,0.013978494623655914,0.008618421052631579,0.010547263681592041,0.0,0.1,0.0,0.7437550800403961,6
0.05092024539877301,0.04923076923076923,0.009734513274336285,0.013218899309856662,0.011760752688172043,0.00993421052631579,0.010845771144278609,0.0,0.1,0.0,0.7443548384274984,7
0.05092024539877301,0.04692307692307692,0.008849557522123895,0.011502388957706602,0.010483870967741936,0.006644736842105264,0.009054726368159205,0.0,0.0,0.1,0.7556213970203132,6
0.05214723926380369,0.05,0.008849557522123895,0.014086002477437623,0.007963709677419354,0.008486842105263159,0.009402985074626866,0.0,0.1,0.0,0.7490636638793254,6
0.0539877300613497,0.05615384615384615,0.01017699115044248,0.01773137497788002,0.016364247311827958,0.01105263157894737,0.014577114427860697,0.0,0.1,0.0,0.7199560643378456,9
0.05460122699386504,0.05153846153846154,0.008849557522123895,0.017324367368607325,0.018447580645161294,0.01131578947368421,0.010995024875621892,0.0,0.1,0.0,0.7269279915824748,7
0.05460122699386504,0.05,0.008849557522123895,0.01337816315696337,0.012063172043010753,0.013157894736842106,0.008855721393034826,0.0,0.1,0.0,0.73909426415416,7
0.05521472392638038,0.05384615384615384,0.011504424778761064,0.019359405414970804,0.01646505376344086,0.01848684210526316,0.013980099502487565,0.0,0.1,0.0,0.7111432966625423,8
0.057668711656441725,0.057692307692307696,0.010619469026548672,0.020545036276765176,0.017876344086021508,0.012302631578947369,0.016815920398009953,0.0,0.0,0.1,0.7064795792849579,8
0.058282208588957066,0.05615384615384615,0.011061946902654869,0.019341709431958946,0.015389784946236561,0.015592105263157895,0.01711442786069652,0.0,0.1,0.0,0.707063970852492,9
0.0588957055214724,0.05615384615384615,0.011946902654867258,0.022633162272164217,0.019791666666666666,0.01486842105263158,0.017412935323383085,0.1,0.0,0.0,0.6982973603549687,8
0.05950920245398774,0.054615384615384614,0.009292035398230088,0.017625199079808883,0.014616935483870969,0.012631578947368423,0.015174129353233833,0.0,0.1,0.0,0.7165355346681155,9
0.060122699386503074,0.05923076923076923,0.011061946902654869,0.021553707308440983,0.020598118279569894,0.012631578947368423,0.017661691542288558,0.0,0.0,0.1,0.697139488402405,8
0.060736196319018415,0.06307692307692307,0.011061946902654869,0.02673863033091488,0.02254704301075269,0.016973684210526318,0.021293532338308458,0.1,0.0,0.0,0.6775720438109013,9
0.061349693251533756,0.06153846153846154,0.011061946902654869,0.02114669969916829,0.018145161290322582,0.016776315789473684,0.016517412935323387,0.0,0.0,0.1,0.6934643085930619,9
0.06196319018404909,0.06769230769230769,0.012389380530973453,0.02928685188462219,0.022950268817204304,0.024407894736842108,0.023781094527363187,0.0,0.0,0.1,0.657529011626638,8
0.06441717791411045,0.06076923076923077,0.011504424778761064,0.02702176605910458,0.02268145161290323,0.01875,0.02238805970149254,0.0,0.0,0.1,0.6724678891643974,8
0.06625766871165646,0.062307692307692314,0.011061946902654869,0.031534241727127946,0.03235887096774193,0.02519736842105263,0.020099502487562194,0.0,0.0,0.1,0.6511827084745117,9
0.06625766871165646,0.06461538461538462,0.012389380530973453,0.02849053264908866,0.024798387096774194,0.02269736842105263,0.020895522388059702,0.1,0.0,0.0,0.6598557555870103,11
0.0668711656441718,0.06769230769230769,0.011946902654867258,0.03250752079278004,0.028830645161290323,0.026513157894736846,0.0236318407960199,0.1,0.0,0.0,0.6420064593638262,10
0.06748466257668713,0.06615384615384615,0.011061946902654869,0.032666784639886745,0.027116935483870973,0.023026315789473683,0.028159203980099502,0.1,0.0,0.0,0.6443303044734809,8
0.06748466257668713,0.06923076923076923,0.013274336283185842,0.03590514953105645,0.027352150537634408,0.026513157894736846,0.028606965174129355,0.0,0.0,0.1,0.6316328087718007,10
0.06748466257668713,0.06923076923076923,0.013274336283185842,0.030967970270748543,0.024327956989247314,0.023092105263157893,0.02751243781094528,0.1,0.0,0.0,0.6441097615752588,10
0.06809815950920248,0.06692307692307692,0.012831858407079646,0.03427711909396567,0.033501344086021505,0.02210526315789474,0.02373134328358209,0.0,0.0,0.1,0.6385318355391769,9
0.06932515337423313,0.06923076923076923,0.013716814159292037,0.03749778800212352,0.031821236559139786,0.031578947368421054,0.026368159203980102,0.0,0.0,0.1,0.6204611321020411,10
0.06993865030674848,0.07,0.013274336283185842,0.03369315165457441,0.026176075268817208,0.028355263157894738,0.0273134328358209,0.0,0.0,0.1,0.6312490904929584,9
0.06993865030674848,0.06692307692307692,0.011504424778761064,0.026667846398867455,0.023454301075268816,0.023092105263157893,0.01930348258706468,0.0,0.0,0.1,0.6591161126670547,10
0.07055214723926381,0.07153846153846154,0.012389380530973453,0.03390550345071669,0.029704301075268818,0.02388157894736842,0.026915422885572145,0.1,0.0,0.0,0.6311132043323752,9
0.07239263803680983,0.07307692307692307,0.014601769911504426,0.038117147407538486,0.03054435483870968,0.03210526315789474,0.030796019900497514,0.0,0.0,0.1,0.6083658836701222,9
0.07239263803680983,0.07076923076923078,0.011504424778761064,0.03900194655813131,0.030577956989247316,0.027039473684210526,0.032835820895522394,0.0,0.0,0.1,0.6158785082880868,12
0.07300613496932516,0.07384615384615384,0.013274336283185842,0.03928508228632101,0.03346774193548387,0.030000000000000002,0.032835820895522394,0.1,0.0,0.0,0.6042847297840078,10
0.07300613496932516,0.07384615384615384,0.014159292035398232,0.042806582905680415,0.035114247311827954,0.03894736842105263,0.0318407960199005,0.1,0.0,0.0,0.5902794244906613,8
0.07300613496932516,0.07307692307692307,0.014159292035398232,0.04036453725004424,0.03676075268817205,0.030394736842105266,0.026965174129353238,0.1,0.0,0.0,0.6052724490086787,6
0.07300613496932516,0.07153846153846154,0.012389380530973453,0.039391258184392146,0.03477822580645161,0.03210526315789474,0.030348258706467665,0.1,0.0,0.0,0.6064430171060337,12
0.0736196319018405,0.07307692307692307,0.015486725663716814,0.04758449831888162,0.03689516129032259,0.03782894736842105,0.03582089552238806,0.0,0.0,0.1,0.5796872168575063,11
0.0736196319018405,0.07307692307692307,0.013716814159292037,0.042824278888692266,0.043884408602150544,0.022302631578947373,0.031890547263681596,0.1,0.0,0.0,0.5986847645284726,10
0.0736196319018405,0.07615384615384616,0.015486725663716814,0.04565563617058928,0.0407258064516129,0.03631578947368422,0.03427860696517413,0.0,0.0,0.1,0.577763957219536,11
0.07423312883435584,0.07307692307692307,0.015486725663716814,0.04891169704477084,0.040927419354838714,0.030592105263157896,0.03965174129353234,0.1,0.0,0.0,0.5771202594687045,10
0.07423312883435584,0.07,0.014159292035398232,0.03905503450716687,0.028293010752688173,0.03967105263157895,0.03233830845771145,0.0,0.0,0.1,0.6022501727811005,9
0.07546012269938651,0.07692307692307693,0.015486725663716814,0.048734737214652275,0.03753360215053764,0.04342105263157895,0.029054726368159204,0.1,0.0,0.0,0.5733859563488917,12
0.07546012269938651,0.08,0.013274336283185842,0.0475491063528579,0.04227150537634409,0.03427631578947369,0.034328358208955224,0.1,0.0,0.0,0.5728402552897967,10
0.07546012269938651,0.07846153846153846,0.013274336283185842,0.045867987966731555,0.03662634408602151,0.043618421052631584,0.0318407960199005,0.0,0.0,0.1,0.574850453430604,9
0.07546012269938651,0.0776923076923077,0.014601769911504426,0.047425234471774914,0.03571908602150538,0.037039473684210525,0.04079601990049751,0.0,0.0,0.1,0.571265985618813,12
0.07607361963190186,0.0776923076923077,0.014159292035398232,0.04857547336754557,0.04223790322580645,0.03618421052631579,0.03666666666666667,0.1,0.0,0.0,0.5684105268540577,11
0.07607361963190186,0.07692307692307693,0.014601769911504426,0.04625729959299239,0.042708333333333334,0.03348684210526316,0.03134328358208956,0.0,0.0,0.1,0.5786057749198383,9
0.0766871165644172,0.07538461538461538,0.013716814159292037,0.04277119093965669,0.03125000000000001,0.02131578947368421,0.040895522388059706,0.1,0.0,0.0,0.5979789510902748,11
0.0766871165644172,0.07538461538461538,0.01769911504424779,0.048929393027782694,0.03961693548387097,0.0375,0.03791044776119403,0.1,0.0,0.0,0.566272376733872,11
0.07730061349693253,0.0776923076923077,0.014601769911504426,0.0445938771898779,0.030409946236559144,0.036250000000000004,0.04039800995024876,0.0,0.0,0.1,0.5787534755225695,14
0.07791411042944786,0.07846153846153846,0.015044247787610623,0.04797380994514245,0.0415994623655914,0.04013157894736842,0.038805970149253737,0.0,0.0,0.1,0.560069281914047,9
0.07791411042944786,0.07692307692307693,0.013274336283185842,0.04869934524862856,0.043649193548387095,0.0475,0.03084577114427861,0.1,0.0,0.0,0.5611941664229951,10
0.07791411042944786,0.07461538461538461,0.014601769911504426,0.04581490001769598,0.044892473118279576,0.03427631578947369,0.027014925373134335,0.1,0.0,0.0,0.5808701207450795,9
0.07852760736196321,0.07846153846153846,0.014601769911504426,0.05259246151123695,0.051041666666666666,0.04368421052631579,0.03194029850746269,0.1,0.0,0.0,0.5491504470533118,8
0.07975460122699388,0.08076923076923077,0.015486725663716814,0.05207927800389312,0.04536290322580646,0.041447368421052636,0.03970149253731344,0.0,0.0,0.1,0.5453984001519929,11
0.08036809815950922,0.08,0.014601769911504426,0.04988497611042293,0.03938172043010753,0.038289473684210526,0.040298507462686574,0.0,0.0,0.1,0.5571754542415588,9
0.08036809815950922,0.08923076923076922,0.018141592920353982,0.0736329853123341,0.0644489247311828,0.04493421052631579,0.059800995024875625,0.0,0.0,0.1,0.4694424240946592,17
0.08098159509202456,0.08153846153846155,0.015044247787610623,0.0492125287559724,0.03968413978494624,0.027894736842105264,0.045074626865671645,0.0,0.0,0.1,0.5605696633332077,15
0.08098159509202456,0.08,0.0168141592920354,0.05514068306494426,0.05073924731182796,0.03921052631578947,0.03980099502487563,0.0,0.0,0.1,0.5373127938985027,10
0.08220858895705524,0.09,0.014159292035398232,0.046328083525039816,0.03659274193548387,0.03875,0.04109452736318408,0.1,0.0,0.0,0.5508667661838388,10
0.08282208588957057,0.08076923076923077,0.015044247787610623,0.064041762519908,0.05268817204301076,0.05144736842105264,0.045273631840796025,0.1,0.0,0.0,0.5079135007288207,12
0.08282208588957057,0.08076923076923077,0.013716814159292037,0.052327021766059106,0.04220430107526882,0.04480263157894737,0.041791044776119404,0.1,0.0,0.0,0.541566869985512,9
0.08343558282208591,0.08615384615384616,0.017256637168141596,0.06290921960714918,0.05786290322580646,0.04236842105263158,0.04129353233830846,0.1,0.0,0.0,0.5087198576320306,11
0.08404907975460124,0.08307692307692308,0.014159292035398232,0.05901610334454079,0.05598118279569893,0.04967105263157895,0.0472636815920398,0.1,0.0,0.0,0.506782684769219,11
0.08527607361963191,0.08615384615384616,0.01946902654867257,0.06490886568748895,0.056821236559139794,0.05552631578947369,0.045273631840796025,0.1,0.0,0.0,0.48657100380095086,11
0.08957055214723927,0.09153846153846154,0.02035398230088496,0.1,0.0770497311827957,0.05513157894736842,0.0892537313432836,0.0,0.0,0.1,0.37710196253996653,17
0.02515337423312884,0.02153846153846154,0.004424778761061948,0.0016280304370907804,0.0011088709677419357,0.0015789473684210528,0.0013432835820895524,0.0,0.1,0.0,0.8432242531120043,6
0.0294478527607362,0.02692307692307692,0.004867256637168142,0.0024951336046717394,0.0016801075268817207,0.001842105263157895,0.0020895522388059704,0.0,0.1,0.0,0.8306549150455014,5
0.0294478527607362,0.02692307692307692,0.005752212389380532,0.002353565740576889,0.0020833333333333333,0.0017763157894736842,0.0016915422885572142,0.0,0.1,0.0,0.8299721007748653,3
0.031288343558282215,0.02923076923076923,0.004424778761061948,0.0029375331799681476,0.0019825268817204303,0.0028289473684210524,0.0026865671641791047,0.0,0.1,0.0,0.8246205338555979,6
0.031288343558282215,0.02769230769230769,0.004867256637168142,0.0029375331799681476,0.0020833333333333333,0.0028289473684210524,0.0019900497512437814,0.0,0.1,0.0,0.8263122284792757,4
0.03251533742331289,0.030000000000000002,0.005309734513274336,0.0032560608741815608,0.0023185483870967745,0.0032894736842105266,0.0024378109452736323,0.0,0.1,0.0,0.8208730341726502,6
0.034355828220858906,0.01846153846153846,0.006637168141592921,0.004140860024774377,0.0030577956989247313,0.0038157894736842108,0.003432835820895523,0.0,0.1,0.0,0.8260981841577308,4
0.036196319018404914,0.03538461538461539,0.007079646017699116,0.005751194478853301,0.004368279569892474,0.006578947368421053,0.003830845771144279,0.0,0.1,0.0,0.8008101523909694,5
0.03680981595092025,0.036153846153846154,0.007079646017699116,0.004636347549106353,0.0033602150537634413,0.003486842105263158,0.00427860696517413,0.0,0.1,0.0,0.8041946802042275,4
0.03680981595092025,0.03538461538461539,0.0084070796460177,0.004901787294284198,0.003763440860215054,0.004802631578947368,0.0036815920398009954,0.0,0.1,0.0,0.802249037245199,6
0.03742331288343559,0.033846153846153845,0.0061946902654867264,0.004990267209343479,0.004166666666666667,0.004078947368421053,0.0036815920398009954,0.0,0.1,0.0,0.8056183697206916,5
0.038650306748466264,0.036153846153846154,0.006637168141592921,0.005255706954521324,0.003931451612903226,0.004934210526315789,0.004228855721393036,0.0,0.1,0.0,0.8002084541409613,6
0.038650306748466264,0.03538461538461539,0.0061946902654867264,0.005096443107414616,0.0035618279569892474,0.004013157894736843,0.003980099502487563,0.0,0.1,0.0,0.8031188591398033,8
0.039263803680981604,0.03692307692307692,0.007964601769911504,0.005574234648734738,0.004704301075268818,0.003486842105263158,0.004228855721393036,0.0,0.1,0.0,0.7978542840753702,5
0.03987730061349694,0.03692307692307692,0.006637168141592921,0.00661829764643426,0.005544354838709678,0.005855263157894737,0.0049751243781094535,0.0,0.1,0.0,0.7935694143006851,6
0.04049079754601228,0.04076923076923077,0.007522123893805311,0.006936825340647674,0.005208333333333334,0.004013157894736843,0.004427860696517413,0.0,0.1,0.0,0.7906316705257164,6
0.04110429447852762,0.038461538461538464,0.006637168141592921,0.006459033799327552,0.004737903225806452,0.005789473684210527,0.005472636815920398,0.0,0.1,0.0,0.7913379513930761,7
0.04110429447852762,0.038461538461538464,0.006637168141592921,0.006582905680410547,0.006350806451612904,0.005,0.004427860696517413,0.0,0.1,0.0,0.7914354260898001,7
0.041717791411042954,0.038461538461538464,0.006637168141592921,0.0063174659352327025,0.004469086021505377,0.005986842105263158,0.004477611940298508,0.0,0.1,0.0,0.7919324959835259,5
0.041717791411042954,0.038461538461538464,0.0061946902654867264,0.007874712440276058,0.006989247311827957,0.005592105263157896,0.005472636815920398,0.0,0.1,0.0,0.7876972780307495,7
0.04233128834355829,0.04076923076923077,0.008849557522123895,0.008688727658821447,0.0074596774193548395,0.007039473684210527,0.006467661691542289,0.0,0.1,0.0,0.7783943829111579,7
0.04539877300613498,0.04461538461538461,0.0084070796460177,0.008812599539904441,0.007022849462365591,0.0076315789473684215,0.006666666666666668,0.0,0.1,0.0,0.7714450681161575,6
0.04539877300613498,0.04307692307692308,0.0084070796460177,0.010139798265793665,0.010114247311827957,0.009078947368421054,0.00791044776119403,0.0,0.1,0.0,0.7658737835636875,7
0.04601226993865031,0.04307692307692308,0.007964601769911504,0.007609272695098213,0.005645161290322581,0.007894736842105263,0.005472636815920398,0.0,0.1,0.0,0.7763243975710686,6
0.04723926380368099,0.04076923076923077,0.007079646017699116,0.008883383471951868,0.008333333333333333,0.004868421052631579,0.006965174129353235,0.0,0.1,0.0,0.7758615474221191,6
0.05030674846625768,0.047692307692307694,0.007964601769911504,0.011997876482038579,0.010416666666666668,0.009144736842105265,0.008955223880597015,0.0,0.1,0.0,0.7535218382001156,7
0.05030674846625768,0.04692307692307692,0.007964601769911504,0.01251105998938241,0.010551075268817205,0.009802631578947368,0.009950248756218907,0.0,0.1,0.0,0.751990557247388,7
0.05030674846625768,0.047692307692307694,0.007964601769911504,0.01180322066890816,0.010987903225806452,0.008026315789473685,0.009054726368159205,0.0,0.1,0.0,0.7541641760191756,6
0.05092024539877301,0.050769230769230775,0.007964601769911504,0.012723411785524686,0.011424731182795701,0.010657894736842106,0.008955223880597015,0.0,0.1,0.0,0.7465846604763252,6
0.05153374233128835,0.04923076923076923,0.01017699115044248,0.013307379224915945,0.01135752688172043,0.012105263157894737,0.009950248756218907,0.0,0.1,0.0,0.7423380792667499,5
0.05153374233128835,0.04846153846153846,0.008849557522123895,0.012157140329145286,0.010551075268817205,0.010460526315789474,0.008955223880597015,0.0,0.1,0.0,0.7490311958907003,6
0.05214723926380369,0.05230769230769231,0.008849557522123895,0.013519731021058221,0.011021505376344087,0.012631578947368423,0.009950248756218907,0.0,0.1,0.0,0.7395724468053905,6
0.05214723926380369,0.04846153846153846,0.008849557522123895,0.013342771190939658,0.011055107526881722,0.009473684210526315,0.010447761194029851,0.0,0.1,0.0,0.7462223406301564,6
0.052760736196319026,0.05,0.008849557522123895,0.012900371615643249,0.01058467741935484,0.010855263157894738,0.010447761194029851,0.0,0.1,0.0,0.7436016328946344,7
0.052760736196319026,0.05,0.007964601769911504,0.015041585560077862,0.014583333333333334,0.011447368421052631,0.009452736318407961,0.0,0.1,0.0,0.7387496384008977,7
0.05337423312883437,0.05,0.010619469026548672,0.014139090426473192,0.01219758064516129,0.008026315789473685,0.01119402985074627,0.0,0.1,0.0,0.7404492811327625,8
0.05337423312883437,0.05230769230769231,0.01017699115044248,0.013891346664307204,0.01226478494623656,0.010263157894736842,0.011393034825870648,0.0,0.1,0.0,0.7363287590818796,6
0.0539877300613497,0.05307692307692307,0.011504424778761064,0.015908688727658823,0.014045698924731183,0.01098684210526316,0.013333333333333336,0.0,0.1,0.0,0.7271563589919796,6
0.0539877300613497,0.05,0.007964601769911504,0.012387188108299415,0.009946236559139785,0.008815789473684211,0.010447761194029851,0.0,0.1,0.0,0.7464506928335854,7
0.05460122699386504,0.05153846153846154,0.009734513274336285,0.015413201203326845,0.013608870967741937,0.014407894736842106,0.011890547263681593,0.1,0.0,0.0,0.7288052840217446,6
0.05460122699386504,0.05384615384615384,0.011504424778761064,0.014846929746947443,0.011391129032258066,0.01243421052631579,0.011890547263681593,0.0,0.1,0.0,0.7294853778120172,7
0.05521472392638038,0.05538461538461538,0.011504424778761064,0.01691735975933463,0.012836021505376344,0.016710526315789474,0.013631840796019904,0.0,0.1,0.0,0.7178004875337228,7
0.05521472392638038,0.054615384615384614,0.009292035398230088,0.015731728897540258,0.013239247311827958,0.012236842105263159,0.013283582089552241,0.0,0.1,0.0,0.7263864556558213,8
0.05521472392638038,0.05307692307692307,0.009734513274336285,0.01663422403114493,0.015826612903225807,0.011250000000000001,0.01129353233830846,0.0,0.1,0.0,0.726969470449681,7
0.05521472392638038,0.05153846153846154,0.009292035398230088,0.015820208812599542,0.01569220430107527,0.02013157894736842,0.011840796019900499,0.0,0.1,0.0,0.7204699910559843,7
0.055828220858895716,0.054615384615384614,0.011061946902654869,0.01884622190762697,0.015120967741935486,0.016578947368421054,0.014577114427860697,0.0,0.1,0.0,0.7133711961772206,7
0.055828220858895716,0.057692307692307696,0.010619469026548672,0.01758980711378517,0.015826612903225807,0.013881578947368422,0.012885572139303485,0.0,0.1,0.0,0.7156764313185651,6
0.05644171779141106,0.05538461538461538,0.008849557522123895,0.0164041762519908,0.015625000000000003,0.012236842105263159,0.011442786069651743,0.0,0.1,0.0,0.723615304874944,7
0.05644171779141106,0.05307692307692307,0.009292035398230088,0.015890992744646965,0.01317204301075269,0.01243421052631579,0.012587064676616917,0.0,0.1,0.0,0.7271050127751034,7
0.05705521472392639,0.05615384615384615,0.01017699115044248,0.016528048133073795,0.015557795698924733,0.012171052631578947,0.011243781094527365,0.0,0.1,0.0,0.7211132704136801,7
0.05705521472392639,0.05692307692307692,0.01017699115044248,0.01889930985666254,0.017540322580645164,0.012894736842105264,0.014228855721393036,0.0,0.1,0.0,0.7122814922017482,7
0.05705521472392639,0.05307692307692307,0.009734513274336285,0.01562555299946912,0.011794354838709678,0.011907894736842105,0.011940298507462687,0.0,0.1,0.0,0.7288652478423306,7
0.05705521472392639,0.05384615384615384,0.011061946902654869,0.017058927623429483,0.01545698924731183,0.013947368421052632,0.010895522388059702,0.1,0.0,0.0,0.7206778768474112,6
0.057668711656441725,0.05615384615384615,0.010619469026548672,0.02165988320651212,0.021975806451612904,0.019736842105263157,0.01393034825870647,0.0,0.0,0.1,0.6982550931410687,8
0.057668711656441725,0.05615384615384615,0.010619469026548672,0.02059812422580074,0.019489247311827957,0.012105263157894737,0.014527363184079602,0.1,0.0,0.0,0.7088379752835604,8
0.058282208588957066,0.05692307692307692,0.011061946902654869,0.019005485754733677,0.014919354838709679,0.015986842105263157,0.01492537313432836,0.0,0.0,0.1,0.7088957117522763,9
0.058282208588957066,0.05538461538461538,0.010619469026548672,0.020934347903026014,0.021807795698924732,0.014473684210526316,0.012636815920398012,0.1,0.0,0.0,0.7058610632670038,6
0.0588957055214724,0.057692307692307696,0.01017699115044248,0.023942665015041584,0.02153897849462366,0.014013157894736842,0.016915422885572143,0.0,0.0,0.1,0.6968247713458032,6
0.0588957055214724,0.05923076923076923,0.012831858407079646,0.022650858255176078,0.01965725806451613,0.01848684210526316,0.01567164179104478,0.0,0.0,0.1,0.6925750666246786,6
0.0588957055214724,0.05538461538461538,0.008849557522123895,0.015537073084409839,0.013037634408602151,0.013026315789473686,0.011442786069651743,0.0,0.0,0.1,0.7238263122196509,8
0.0588957055214724,0.05615384615384615,0.010619469026548672,0.02128826756326314,0.020967741935483872,0.015394736842105265,0.01393034825870647,0.0,0.0,0.1,0.702749884698574,7
0.05950920245398774,0.05692307692307692,0.01017699115044248,0.016935055742346487,0.01340725806451613,0.01256578947368421,0.01283582089552239,0.1,0.0,0.0,0.7176468052964237,7
0.060122699386503074,0.05923076923076923,0.011061946902654869,0.02296938594938949,0.021505376344086023,0.01631578947368421,0.016865671641791046,0.0,0.0,0.1,0.6919283610711221,8
0.060736196319018415,0.06076923076923077,0.011946902654867258,0.022420810476021943,0.020396505376344087,0.017039473684210528,0.014875621890547265,0.0,0.0,0.1,0.6918152588297597,8
0.060736196319018415,0.06153846153846154,0.011946902654867258,0.021589099274464698,0.018279569892473122,0.01888157894736842,0.014328358208955224,0.0,0.0,0.1,0.6926998331643913,7
0.061349693251533756,0.060000000000000005,0.011946902654867258,0.02334100159263847,0.021135752688172044,0.02019736842105263,0.015572139303482588,0.0,0.0,0.1,0.6864571420882533,6
0.061349693251533756,0.05923076923076923,0.010619469026548672,0.01981950097327907,0.019052419354838708,0.013552631578947368,0.013432835820895524,0.0,0.1,0.0,0.7029426807631877,8
0.061349693251533756,0.05923076923076923,0.011946902654867258,0.022739338170235355,0.021471774193548388,0.016973684210526318,0.01527363184079602,0.0,0.0,0.1,0.6910142064477236,7
0.061349693251533756,0.06153846153846154,0.011061946902654869,0.023801097150946735,0.022580645161290325,0.015789473684210527,0.018159203980099504,0.0,0.0,0.1,0.6857194783308027,7
0.06196319018404909,0.060000000000000005,0.011504424778761064,0.023854185099982307,0.02127016129032258,0.01855263157894737,0.017761194029850748,0.1,0.0,0.0,0.6850942130380868,9
0.06196319018404909,0.060000000000000005,0.013274336283185842,0.024243496726243145,0.024327956989247314,0.017236842105263158,0.015522388059701494,0.0,0.1,0.0,0.6834317896523099,8
0.06196319018404909,0.06307692307692307,0.011061946902654869,0.0227216421872235,0.019422043010752687,0.0175,0.015422885572139305,0.0,0.0,0.1,0.6888313690662575,9
0.06196319018404909,0.054615384615384614,0.011061946902654869,0.021270571580251283,0.016801075268817207,0.015855263157894737,0.018407960199004977,0.0,0.1,0.0,0.7000246080919432,8
0.06257668711656443,0.060000000000000005,0.011946902654867258,0.027216421872235004,0.026444892473118282,0.019144736842105263,0.018905472636815922,0.0,0.0,0.1,0.6737648864042938,8
0.06257668711656443,0.057692307692307696,0.008849557522123895,0.02047425234471775,0.01599462365591398,0.01611842105263158,0.017412935323383085,0.0,0.1,0.0,0.7008812152923576,7
0.06257668711656443,0.062307692307692314,0.011946902654867258,0.027216421872235004,0.024563172043010752,0.020855263157894738,0.01791044776119403,0.0,0.1,0.0,0.6726234130865415,7
0.06257668711656443,0.062307692307692314,0.013274336283185842,0.02489824809768183,0.02331989247311828,0.017631578947368422,0.01875621890547264,0.0,0.0,0.1,0.6772353458689162,8
0.06257668711656443,0.06307692307692307,0.012831858407079646,0.028172004954875245,0.0259744623655914,0.02388157894736842,0.01945273631840796,0.0,0.0,0.1,0.6640337488131898,8
0.06319018404907976,0.06615384615384615,0.012389380530973453,0.02951689966377632,0.024663978494623658,0.026315789473684213,0.022885572139303485,0.1,0.0,0.0,0.654884349494713,8
0.06319018404907976,0.060000000000000005,0.013716814159292037,0.02521677579189524,0.02483198924731183,0.018026315789473685,0.015422885572139305,0.0,0.0,0.1,0.6795950353908081,7
0.06441717791411045,0.06384615384615384,0.012389380530973453,0.025623783401167936,0.023353494623655914,0.022763157894736843,0.017412935323383085,0.1,0.0,0.0,0.6701939164658185,8
0.06441717791411045,0.06153846153846154,0.012389380530973453,0.025924615112369494,0.022446236559139788,0.020723684210526318,0.016915422885572143,0.0,0.0,0.1,0.6756450212488468,11
0.06503067484662578,0.06538461538461539,0.011504424778761064,0.02684480622898602,0.021841397849462367,0.02592105263157895,0.020398009950248756,0.1,0.0,0.0,0.6630750183297216,8
0.06503067484662578,0.06538461538461539,0.013274336283185842,0.03006547513714387,0.022043010752688174,0.030526315789473686,0.020099502487562194,0.1,0.0,0.0,0.6535760693187052,8
0.06503067484662578,0.062307692307692314,0.011061946902654869,0.02305786586444877,0.018245967741935487,0.02111842105263158,0.018507462686567167,0.0,0.0,0.1,0.680669968597444,7
0.06564417177914111,0.06153846153846154,0.011946902654867258,0.029074500088479917,0.026444892473118282,0.02578947368421053,0.020398009950248756,0.1,0.0,0.0,0.6591635878314726,8
0.06564417177914111,0.06615384615384615,0.012389380530973453,0.02535834365599009,0.01918682795698925,0.020986842105263158,0.021442786069651745,0.0,0.0,0.1,0.668837801748145,8
0.06564417177914111,0.06692307692307692,0.012389380530973453,0.030932578304724827,0.025100806451612903,0.030131578947368422,0.0218407960199005,0.0,0.0,0.1,0.6470376110432019,8
0.06748466257668713,0.06846153846153846,0.013716814159292037,0.035055742346487354,0.036559139784946244,0.023421052631578947,0.021691542288557217,0.1,0.0,0.0,0.6336095077509126,9
0.06748466257668713,0.06615384615384615,0.012389380530973453,0.028685188462219076,0.024731182795698924,0.02118421052631579,0.027363184079601994,0.1,0.0,0.0,0.6520083448746574,9
0.06871165644171781,0.07,0.014159292035398232,0.0342240311449301,0.030409946236559144,0.027236842105263157,0.027263681592039807,0.1,0.0,0.0,0.6279945504440918,9
0.06932515337423313,0.06153846153846154,0.011504424778761064,0.024685896301539553,0.020665322580645164,0.02190789473684211,0.01791044776119403,0.1,0.0,0.0,0.6724623989283234,8
0.06993865030674848,0.06923076923076923,0.013716814159292037,0.04229339939833658,0.03780241935483871,0.03375,0.029353233830845774,0.0,0.0,0.1,0.6039147137191692,10
0.06993865030674848,0.06923076923076923,0.013716814159292037,0.04224031144930101,0.034475806451612905,0.02763157894736842,0.03412935323383085,0.0,0.0,0.1,0.6086367162210771,10
0.06993865030674848,0.07,0.013274336283185842,0.03917890638824987,0.036290322580645164,0.03355263157894737,0.026865671641791048,0.1,0.0,0.0,0.6108994812204322,8
0.06993865030674848,0.06846153846153846,0.012389380530973453,0.03763935586621837,0.035383064516129034,0.02888157894736842,0.023880597014925373,0.0,0.0,0.1,0.6234258343560983,8
0.06993865030674848,0.07076923076923078,0.015044247787610623,0.03197664130242435,0.027385752688172043,0.025460526315789475,0.021293532338308458,0.0,0.0,0.1,0.6381314184917158,7
0.07055214723926381,0.07307692307692307,0.014159292035398232,0.03942665015041586,0.0332997311827957,0.036118421052631584,0.028855721393034828,0.0,0.0,0.1,0.6045111138695369,9
0.07055214723926381,0.07076923076923078,0.014159292035398232,0.039037338524155016,0.03615591397849463,0.029078947368421055,0.02477611940298508,0.1,0.0,0.0,0.6154710106820513,9
0.07116564417177915,0.07076923076923078,0.013274336283185842,0.03947973809945143,0.03746639784946237,0.02967105263157895,0.028855721393034828,0.1,0.0,0.0,0.6093178788022766,7
0.07116564417177915,0.07076923076923078,0.01592920353982301,0.03721465227393382,0.02752016129032258,0.03414473684210526,0.027462686567164184,0.1,0.0,0.0,0.6157936845456412,8
0.07116564417177915,0.07,0.013274336283185842,0.03581666961599717,0.033501344086021505,0.027828947368421054,0.0282089552238806,0.0,0.0,0.1,0.6202041032507146,10
0.07116564417177915,0.06923076923076923,0.012831858407079646,0.040240665368961245,0.03753360215053764,0.02894736842105263,0.028855721393034828,0.1,0.0,0.0,0.6111943708567856,8
0.07116564417177915,0.07538461538461538,0.011504424778761064,0.04011679348787825,0.03938172043010753,0.03375,0.023582089552238807,0.0,0.0,0.1,0.6051147121946199,9
0.07239263803680983,0.07153846153846154,0.013716814159292037,0.04020527340293753,0.035248655913978494,0.03440789473684211,0.027363184079601994,0.0,0.0,0.1,0.6051270781320764,11
0.07239263803680983,0.07230769230769231,0.014159292035398232,0.04268271102459742,0.03219086021505376,0.03190789473684211,0.03074626865671642,0.0,0.0,0.1,0.6036126429868899,8
0.07239263803680983,0.07,0.012831858407079646,0.03762165988320651,0.034643817204301076,0.03217105263157895,0.024875621890547265,0.1,0.0,0.0,0.6154633519464767,8
0.07300613496932516,0.07230769230769231,0.013716814159292037,0.039674393912581846,0.030342741935483874,0.023421052631578947,0.015422885572139305,0.1,0.0,0.0,0.6321082845119066,11
0.07300613496932516,0.06923076923076923,0.013274336283185842,0.03942665015041586,0.039415322580645167,0.029013157894736845,0.024875621890547265,0.1,0.0,0.0,0.6117580070003746,11
0.07300613496932516,0.07307692307692307,0.014601769911504426,0.04293045478676341,0.04173387096774194,0.03203947368421053,0.027263681592039807,0.0,0.0,0.1,0.5953476910114917,9
0.07300613496932516,0.07076923076923078,0.012389380530973453,0.03555122987081932,0.03128360215053764,0.02756578947368421,0.02502487562189055,0.1,0.0,0.0,0.6244097566135389,9
0.07300613496932516,0.07,0.013274336283185842,0.03694921252875597,0.03481182795698925,0.029013157894736845,0.026865671641791048,0.0,0.0,0.1,0.6160796587252159,9
0.07423312883435584,0.07538461538461538,0.013274336283185842,0.040152185453901965,0.035383064516129034,0.03480263157894737,0.029353233830845774,0.1,0.0,0.0,0.5974168041180188,9
0.07423312883435584,0.07307692307692307,0.013716814159292037,0.04109007255353035,0.03844086021505376,0.03230263157894737,0.027363184079601994,0.0,0.0,0.1,0.5997763855022956,9
0.07423312883435584,0.07230769230769231,0.014601769911504426,0.04358520615820209,0.04049059139784947,0.034473684210526316,0.0291044776119403,0.0,0.0,0.1,0.5912034495679293,11
0.07484662576687118,0.07230769230769231,0.013274336283185842,0.041143160502565924,0.03797043010752688,0.033947368421052636,0.030696517412935328,0.0,0.0,0.1,0.5958138691981699,11
0.07484662576687118,0.07307692307692307,0.013716814159292037,0.04133781631569634,0.03723118279569893,0.031447368421052634,0.0327860696517413,0.0,0.0,0.1,0.5955571998127245,10
0.07546012269938651,0.07384615384615384,0.014159292035398232,0.04432843744470005,0.03931451612903226,0.03414473684210526,0.032835820895522394,0.1,0.0,0.0,0.5859109201077014,8
0.07607361963190186,0.07846153846153846,0.01592920353982301,0.04712440276057335,0.039919354838709675,0.03631578947368422,0.03860696517412936,0.1,0.0,0.0,0.56756912611964,11
0.0766871165644172,0.07384615384615384,0.015044247787610623,0.04786763404707132,0.04190188172043011,0.03657894736842106,0.03631840796019901,0.1,0.0,0.0,0.5717556107056968,10
0.0766871165644172,0.07538461538461538,0.015486725663716814,0.047159794726597065,0.038340053763440865,0.03565789473684211,0.040298507462686574,0.0,0.0,0.1,0.570985291697684,10
0.0766871165644172,0.07307692307692307,0.015486725663716814,0.04047071314811538,0.031955645161290326,0.032565789473684215,0.034726368159203984,0.1,0.0,0.0,0.595030718752649,10
0.0766871165644172,0.07692307692307693,0.014601769911504426,0.045584852238541855,0.03850806451612903,0.03993421052631579,0.03134328358208956,0.1,0.0,0.0,0.5764176257379252,9
0.0766871165644172,0.07461538461538461,0.01769911504424779,0.04884091311272341,0.039280913978494626,0.03973684210526316,0.039900497512437814,0.1,0.0,0.0,0.5632392170670314,9
0.07730061349693253,0.07461538461538461,0.013716814159292037,0.045230932578304725,0.04280913978494624,0.03618421052631579,0.03084577114427861,0.0,0.0,0.1,0.5792971336945454,8
0.07730061349693253,0.07615384615384616,0.014601769911504426,0.04627499557600425,0.040255376344086026,0.03736842105263158,0.03134328358208956,0.1,0.0,0.0,0.5767016938829055,11
0.07730061349693253,0.07384615384615384,0.013274336283185842,0.041709431958945324,0.03484543010752688,0.03263157894736842,0.03218905472636816,0.0,0.0,0.1,0.594203400633519,8
0.07791411042944786,0.07538461538461538,0.015486725663716814,0.04866395328260485,0.041868279569892475,0.0355921052631579,0.03930348258706468,0.0,0.0,0.1,0.5657867278195,11
0.07791411042944786,0.08076923076923077,0.016371681415929203,0.0497788002123518,0.04596774193548388,0.039473684210526314,0.037263681592039806,0.0,0.0,0.1,0.5524610694349904,10
0.07852760736196321,0.0776923076923077,0.013716814159292037,0.04963723234825695,0.047379032258064516,0.03493421052631579,0.03333333333333334,0.0,0.0,0.1,0.5647794623204665,10
0.07852760736196321,0.07692307692307693,0.015044247787610623,0.053707308440983904,0.04657258064516129,0.04289473684210526,0.040696517412935326,0.1,0.0,0.0,0.5456339245861634,11
0.07852760736196321,0.07692307692307693,0.015486725663716814,0.04933640063705539,0.03316532258064516,0.038289473684210526,0.03980099502487563,0.1,0.0,0.0,0.5684703981244563,10
0.07914110429447854,0.07692307692307693,0.013716814159292037,0.04319589453194125,0.041297043010752696,0.03105263157894737,0.031691542288557216,0.1,0.0,0.0,0.5829818932129539,10
0.07914110429447854,0.08,0.015486725663716814,0.05790125641479384,0.052352150537634416,0.045000000000000005,0.042985074626865676,0.0,0.0,0.1,0.5271336884625107,11
0.07914110429447854,0.08,0.015486725663716814,0.05524685896301539,0.04764784946236559,0.04677631578947369,0.03980099502487563,0.0,0.0,0.1,0.5359001508020744,8
0.07914110429447854,0.0776923076923077,0.014601769911504426,0.05069899132896833,0.04596774193548388,0.04052631578947369,0.033432835820895526,0.1,0.0,0.0,0.5579389332268879,8
0.07914110429447854,0.07692307692307693,0.015486725663716814,0.04737214652273934,0.04254032258064516,0.039342105263157894,0.034726368159203984,0.0,0.0,0.1,0.5644681505929813,11
0.07914110429447854,0.07692307692307693,0.014159292035398232,0.044116085648557776,0.03679435483870968,0.04302631578947369,0.02985074626865672,0.1,0.0,0.0,0.5759890242016484,10
0.07914110429447854,0.07923076923076923,0.013274336283185842,0.04289506282073969,0.034610215053763445,0.027039473684210526,0.03830845771144279,0.1,0.0,0.0,0.5855005809214099,10
0.07975460122699388,0.07615384615384616,0.014159292035398232,0.046151123694921255,0.038306451612903226,0.04105263157894737,0.037064676616915426,0.0,0.0,0.1,0.5673573770800744,9
0.07975460122699388,0.08,0.018584070796460177,0.05940541497080164,0.04479166666666667,0.04052631578947369,0.04577114427860697,0.0,0.0,0.1,0.531166786270997,11
0.07975460122699388,0.08076923076923077,0.016371681415929203,0.057405768890461874,0.044657258064516134,0.04243421052631579,0.04746268656716418,0.0,0.0,0.1,0.5311445625393881,10
0.08036809815950922,0.07076923076923078,0.014159292035398232,0.05287559723942665,0.04633736559139785,0.04355263157894737,0.018159203980099504,0.1,0.0,0.0,0.5737785806459904,9
0.08036809815950922,0.07846153846153846,0.015486725663716814,0.05848522385418511,0.0572244623655914,0.04427631578947369,0.040099502487562194,0.1,0.0,0.0,0.5255981332184231,10
0.08098159509202456,0.0776923076923077,0.016371681415929203,0.054078924084232885,0.046370967741935484,0.03980263157894737,0.04388059701492538,0.1,0.0,0.0,0.5408212953796975,11
0.08098159509202456,0.08230769230769232,0.0168141592920354,0.05629092196071492,0.04317876344086022,0.03907894736842105,0.05149253731343284,0.0,0.0,0.1,0.5298553832248187,9
0.08098159509202456,0.07615384615384616,0.017256637168141596,0.057600424703592286,0.039919354838709675,0.04730263157894737,0.04825870646766169,0.0,0.0,0.1,0.5325268039970767,10
0.08098159509202456,0.07307692307692307,0.01592920353982301,0.048469297469474426,0.04307795698924732,0.038684210526315786,0.03333333333333334,0.1,0.0,0.0,0.5664474799728585,6
0.08220858895705524,0.08076923076923077,0.014601769911504426,0.05692797734914175,0.04583333333333334,0.04138157894736842,0.03985074626865672,0.0,0.0,0.1,0.5384267744637093,11
0.08282208588957057,0.08769230769230768,0.019911504424778764,0.05616705007963192,0.04966397849462366,0.03940789473684211,0.04328358208955224,0.1,0.0,0.0,0.5210515965926931,10
0.08282208588957057,0.08692307692307691,0.017256637168141596,0.06503273756857193,0.05137768817204301,0.047565789473684214,0.05502487562189056,0.1,0.0,0.0,0.4939971091830212,12
0.08343558282208591,0.08230769230769232,0.016371681415929203,0.056874889400106175,0.048689516129032266,0.04230263157894737,0.04955223880597016,0.0,0.0,0.1,0.5204657675402367,12
0.08466257668711658,0.08076923076923077,0.015486725663716814,0.060184038223323306,0.05547715053763441,0.04763157894736842,0.040298507462686574,0.0,0.0,0.1,0.5154901917089231,8
0.08466257668711658,0.0776923076923077,0.01769911504424779,0.06625376039639003,0.06001344086021506,0.05282894736842106,0.04776119402985075,0.0,0.0,0.1,0.49308865792145107,10
0.08527607361963191,0.08230769230769232,0.015486725663716814,0.06506812953459565,0.0539986559139785,0.052105263157894745,0.0500497512437811,0.1,0.0,0.0,0.49570770855870894,10
0.08650306748466259,0.08230769230769232,0.01592920353982301,0.059635462749955764,0.04657258064516129,0.05526315789473684,0.04024875621890548,0.1,0.0,0.0,0.5135400791590627,12
0.08711656441717792,0.08692307692307691,0.018141592920353982,0.07779154132012034,0.06801075268817205,0.06874999999999999,0.054477611940298515,0.0,0.0,0.1,0.4387888597908003,11
0.08773006134969326,0.08692307692307691,0.015486725663716814,0.06910281366129889,0.05137768817204301,0.055065789473684214,0.04114427860696518,0.0,0.0,0.1,0.4931695661495217,10
0.08773006134969326,0.08076923076923077,0.016371681415929203,0.055211466996991684,0.0447244623655914,0.05039473684210526,0.040298507462686574,0.1,0.0,0.0,0.5244998527977718,11
0.09018404907975462,0.0923076923076923,0.01946902654867257,0.09042647319058575,0.0761760752688172,0.05789473684210526,0.05970149253731344,0.1,0.0,0.0,0.4138404542250589,11
0.09386503067484664,0.0923076923076923,0.01946902654867257,0.08147230578658644,0.0676747311827957,0.06697368421052632,0.06174129353233832,0.0,0.0,0.1,0.4164962357565416,12
0.02269938650306749,0.02,0.003982300884955752,0.001026367014687666,0.0008064516129032259,0.000986842105263158,0.0009452736318407961,0.0,0.1,0.0,0.8495533782472819,4
0.023926380368098164,0.023076923076923075,0.003982300884955752,0.0013271987258892232,0.0012096774193548388,0.0007894736842105264,0.0010945273631840797,0.0,0.1,0.0,0.8445935184773843,3
0.023926380368098164,0.02076923076923077,0.003539823008849558,0.0011502388957706602,0.0009072580645161291,0.0006578947368421054,0.0009452736318407961,0.0,0.1,0.0,0.8481039005248519,4
0.0245398773006135,0.023846153846153847,0.003539823008849558,0.0015395505220314987,0.0010416666666666667,0.0011842105263157893,0.0006965174129353234,0.0,0.1,0.0,0.8436122007164338,4
0.02760736196319019,0.025384615384615387,0.004867256637168142,0.0020881259953990446,0.0018145161290322581,0.0016447368421052633,0.0014925373134328358,0.0,0.1,0.0,0.8351008497350569,4
0.030061349693251537,0.02769230769230769,0.005752212389380532,0.0025128295876835956,0.0020161290322580645,0.0017105263157894738,0.002139303482587065,0.0,0.1,0.0,0.8281153418067421,4
0.030674846625766878,0.02769230769230769,0.005752212389380532,0.0024243496726243144,0.0016465053763440863,0.0020394736842105263,0.002238805970149254,0.0,0.1,0.0,0.8275314985892167,5
0.03251533742331289,0.030000000000000002,0.004867256637168142,0.00297292514599186,0.0024529569892473117,0.0023026315789473686,0.0024875621890547268,0.0,0.1,0.0,0.8224013300362777,7
0.033742331288343565,0.030000000000000002,0.005752212389380532,0.0037515483985135377,0.0036290322580645163,0.0026315789473684214,0.0027860696517412937,0.0,0.1,0.0,0.8177072270665882,6
0.034355828220858906,0.03230769230769231,0.007522123893805311,0.0038046363475491064,0.0027889784946236564,0.0031578947368421056,0.0033830845771144285,0.0,0.1,0.0,0.8126797614215142,5
0.03496932515337424,0.033846153846153845,0.005752212389380532,0.0033976287382764116,0.0027217741935483875,0.002697368421052632,0.0029850746268656717,0.0,0.1,0.0,0.8136304626313483,5
0.03680981595092025,0.033846153846153845,0.007079646017699116,0.004441691735975934,0.003696236559139785,0.003486842105263158,0.0038805970149253734,0.0,0.1,0.0,0.8067590167699226,6
0.038650306748466264,0.036153846153846154,0.004867256637168142,0.005344186869580605,0.004368279569892474,0.0035526315789473684,0.0038805970149253734,0.0,0.1,0.0,0.8031828954271736,6
0.039263803680981604,0.03461538461538462,0.007522123893805311,0.0050079631923553355,0.0045362903225806455,0.0038815789473684212,0.004029850746268657,0.0,0.1,0.0,0.8011430046012554,6
0.041717791411042954,0.04076923076923077,0.007079646017699116,0.007131481153778093,0.006048387096774193,0.00625,0.005472636815920398,0.0,0.1,0.0,0.7855308267355545,5
0.04539877300613498,0.04307692307692308,0.008849557522123895,0.007821624491240489,0.007829301075268818,0.003486842105263158,0.006318407960199006,0.0,0.1,0.0,0.7772185707628465,6
0.04601226993865031,0.04307692307692308,0.007079646017699116,0.00829941603256061,0.007560483870967743,0.005986842105263158,0.006666666666666668,0.0,0.1,0.0,0.7753177522912693,6
0.04601226993865031,0.04230769230769231,0.008849557522123895,0.008228632100513184,0.007829301075268818,0.005526315789473685,0.006467661691542289,0.0,0.1,0.0,0.7747785695747356,6
0.04723926380368099,0.04461538461538461,0.007079646017699116,0.008794903556892586,0.008198924731182796,0.006513157894736843,0.006467661691542289,0.0,0.1,0.0,0.7710910576888808,7
0.049079754601227,0.04923076923076923,0.0084070796460177,0.01231640417625199,0.013037634408602151,0.006973684210526316,0.008656716417910448,0.0,0.1,0.0,0.7522979573086952,6
0.04969325153374234,0.04615384615384615,0.009734513274336285,0.011325429127588039,0.011559139784946236,0.005789473684210527,0.009253731343283583,0.0,0.1,0.0,0.7564906150980468,7
0.05030674846625768,0.04615384615384615,0.008849557522123895,0.009980534418686958,0.008434139784946237,0.007500000000000001,0.008706467661691543,0.0,0.1,0.0,0.7600687059924476,7
0.05030674846625768,0.05,0.008849557522123895,0.011484692974694745,0.008870967741935486,0.009473684210526315,0.010547263681592041,0.0,0.1,0.0,0.7504670854028699,6
0.05153374233128835,0.04615384615384615,0.009292035398230088,0.011183861263493187,0.008434139784946237,0.009210526315789475,0.010298507462686568,0.0,0.1,0.0,0.75389334128972,7
0.05153374233128835,0.04923076923076923,0.009734513274336285,0.012829587683595824,0.011693548387096775,0.008355263157894737,0.010447761194029851,0.0,0.1,0.0,0.746174814740989,7
0.05153374233128835,0.047692307692307694,0.0084070796460177,0.009874358520615821,0.008434139784946237,0.006710526315789473,0.008756218905472637,0.0,0.1,0.0,0.7585916268035621,6
0.05214723926380369,0.05,0.01017699115044248,0.013041939479738099,0.01088709677419355,0.011381578947368421,0.010398009950248756,0.0,0.1,0.0,0.741967144434205,7
0.052760736196319026,0.05153846153846154,0.010619469026548672,0.014050610511413911,0.013340053763440862,0.011381578947368421,0.010298507462686568,0.0,0.0,0.1,0.7360105825537611,7
0.05337423312883437,0.050769230769230775,0.009734513274336285,0.01461688196779331,0.013810483870967743,0.012631578947368423,0.009552238805970151,0.0,0.1,0.0,0.735510839235499,6
0.05337423312883437,0.05307692307692307,0.01017699115044248,0.014793841797911874,0.014919354838709679,0.009671052631578947,0.010547263681592041,0.0,0.1,0.0,0.7334403396940076,7
0.0539877300613497,0.050769230769230775,0.009734513274336285,0.013112723411785526,0.010383064516129033,0.01105263157894737,0.011940298507462687,0.0,0.1,0.0,0.7390198078807586,7
0.05460122699386504,0.05307692307692307,0.009292035398230088,0.01447531410369846,0.011256720430107529,0.013355263157894738,0.01164179104477612,0.0,0.1,0.0,0.7323007257945049,7
0.05460122699386504,0.05230769230769231,0.012831858407079646,0.015360113254291277,0.013071236559139787,0.011907894736842105,0.012935323383084578,0.0,0.1,0.0,0.7269846543580052,7
0.05460122699386504,0.05153846153846154,0.009734513274336285,0.014546098035745886,0.013340053763440862,0.012302631578947369,0.010845771144278609,0.0,0.1,0.0,0.7330912436709244,8
0.05521472392638038,0.05615384615384615,0.011061946902654869,0.01635108830295523,0.014348118279569893,0.012960526315789474,0.013084577114427863,0.0,0.1,0.0,0.7208251730043761,8
0.05521472392638038,0.05230769230769231,0.010619469026548672,0.017430543266678464,0.016196236559139786,0.014144736842105264,0.011940298507462687,0.0,0.1,0.0,0.7221462995639925,6
0.05521472392638038,0.050769230769230775,0.009292035398230088,0.013148115377809237,0.012533602150537636,0.010328947368421054,0.009701492537313434,0.0,0.1,0.0,0.7390118524720775,7
0.05521472392638038,0.050769230769230775,0.008849557522123895,0.014546098035745886,0.013071236559139787,0.013157894736842106,0.009751243781094529,0.0,0.1,0.0,0.7346400146694426,6
0.05521472392638038,0.050769230769230775,0.009734513274336285,0.013041939479738099,0.010752688172043012,0.011644736842105263,0.010149253731343283,0.0,0.1,0.0,0.7386929138048229,6
0.05644171779141106,0.05384615384615384,0.01017699115044248,0.014705361882852592,0.012096774193548387,0.012894736842105264,0.011691542288557214,0.0,0.1,0.0,0.7281467220049291,7
0.057668711656441725,0.05538461538461538,0.009292035398230088,0.019253229516899666,0.018145161290322582,0.01835526315789474,0.01283582089552239,0.0,0.0,0.1,0.7090651627000734,7
0.057668711656441725,0.05846153846153846,0.011061946902654869,0.017147407538488764,0.014180107526881721,0.014144736842105264,0.014129353233830846,0.0,0.1,0.0,0.7132061978380584,6
0.058282208588957066,0.05384615384615384,0.009734513274336285,0.01615643248982481,0.013844086021505376,0.013026315789473686,0.012935323383084578,0.0,0.1,0.0,0.7221749666066644,6
0.058282208588957066,0.05384615384615384,0.008849557522123895,0.016085648557777384,0.0145497311827957,0.014605263157894737,0.011442786069651743,0.0,0.1,0.0,0.7223386510746457,7
0.0588957055214724,0.05846153846153846,0.011061946902654869,0.022102282781808532,0.022815860215053767,0.014276315789473686,0.01656716417910448,0.0,0.1,0.0,0.6958191861488938,8
0.060122699386503074,0.07153846153846154,0.011061946902654869,0.018492302247389843,0.015793010752688172,0.017105263157894738,0.014029850746268656,0.0,0.0,0.1,0.6918564652681392,7
0.061349693251533756,0.057692307692307696,0.012389380530973453,0.019447885330030085,0.016666666666666666,0.01473684210526316,0.015771144278606968,0.0,0.1,0.0,0.7019460801446182,7
0.061349693251533756,0.057692307692307696,0.010619469026548672,0.01918244558485224,0.014448924731182797,0.015263157894736843,0.016915422885572143,0.0,0.1,0.0,0.7045285789332658,9
0.061349693251533756,0.05846153846153846,0.011061946902654869,0.01836843036630685,0.0167002688172043,0.014934210526315791,0.013333333333333336,0.0,0.1,0.0,0.7057905783411127,8
0.061349693251533756,0.060000000000000005,0.011061946902654869,0.01845691028136613,0.0167002688172043,0.015394736842105265,0.013034825870646768,0.0,0.0,0.1,0.7040016180344889,6
0.06196319018404909,0.060000000000000005,0.011061946902654869,0.01927092549991152,0.01653225806451613,0.019736842105263157,0.013980099502487565,0.1,0.0,0.0,0.6974547377411177,7
0.06257668711656443,0.062307692307692314,0.011061946902654869,0.024048840913112723,0.023286290322580644,0.01835526315789474,0.01810945273631841,0.0,0.1,0.0,0.6802538265431819,8
0.06257668711656443,0.06153846153846154,0.011061946902654869,0.019288621482923377,0.017540322580645164,0.015131578947368423,0.013781094527363187,0.1,0.0,0.0,0.699081286904019,6
0.06257668711656443,0.06153846153846154,0.011061946902654869,0.019731021058219785,0.017573924731182796,0.015723684210526317,0.015174129353233833,0.0,0.1,0.0,0.6966201450891565,9
0.06257668711656443,0.05846153846153846,0.01017699115044248,0.01824455848522385,0.014448924731182797,0.014934210526315791,0.016517412935323387,0.0,0.1,0.0,0.7046396765934088,8
0.06319018404907976,0.05923076923076923,0.011061946902654869,0.021642187223500267,0.02133736559139785,0.016644736842105264,0.01492537313432836,0.0,0.1,0.0,0.6919674370261644,8
0.06380368098159511,0.06153846153846154,0.012831858407079646,0.027481861617412846,0.023689516129032258,0.024276315789473684,0.018407960199004977,0.0,0.0,0.1,0.66797034533794,9
0.06380368098159511,0.05846153846153846,0.011946902654867258,0.019093965669792958,0.015423387096774195,0.0175,0.015621890547263683,0.0,0.1,0.0,0.6981486345881683,8
0.06380368098159511,0.05846153846153846,0.011061946902654869,0.019624845160148646,0.01935483870967742,0.017039473684210528,0.016616915422885573,0.0,0.1,0.0,0.6940367606772895,8
0.06380368098159511,0.07076923076923078,0.013274336283185842,0.03606441337816316,0.03514784946236559,0.026118421052631582,0.025273631840796024,0.1,0.0,0.0,0.6295484362320319,7
0.06441717791411045,0.06153846153846154,0.011504424778761064,0.022845514068306493,0.021841397849462367,0.01638157894736842,0.016915422885572143,0.0,0.1,0.0,0.6845560220179575,8
0.06441717791411045,0.06153846153846154,0.012389380530973453,0.021270571580251283,0.017641129032258066,0.016907894736842108,0.018258706467661694,0.0,0.1,0.0,0.6875766781994413,9
0.06441717791411045,0.062307692307692314,0.010619469026548672,0.02673863033091488,0.025235215053763443,0.020460526315789474,0.020000000000000004,0.0,0.0,0.1,0.6702212890511807,9
0.06441717791411045,0.06076923076923077,0.010619469026548672,0.02151831534241727,0.019959677419354838,0.01835526315789474,0.013980099502487565,0.0,0.1,0.0,0.6903807668679557,8
0.06503067484662578,0.06153846153846154,0.011061946902654869,0.021836843036630686,0.018750000000000003,0.016710526315789474,0.018905472636815922,0.0,0.1,0.0,0.6861660747230217,8
0.06564417177914111,0.060000000000000005,0.011061946902654869,0.021199787648203856,0.01743951612903226,0.019605263157894737,0.016815920398009953,0.0,0.1,0.0,0.6882333939850632,9
0.06625766871165646,0.06461538461538462,0.012389380530973453,0.023588745354804458,0.021001344086021508,0.01815789473684211,0.01885572139303483,0.0,0.1,0.0,0.6751338605712826,10
0.0668711656441718,0.060000000000000005,0.011946902654867258,0.027729605379578835,0.028393817204301078,0.02388157894736842,0.015522388059701494,0.0,0.0,0.1,0.6656545421100111,7
0.0668711656441718,0.06307692307692307,0.010619469026548672,0.028065829056804107,0.029166666666666667,0.01848684210526316,0.018905472636815922,0.0,0.0,0.1,0.6648076317868066,9
0.0668711656441718,0.06384615384615384,0.012389380530973453,0.029021412139444345,0.03101478494623656,0.016710526315789474,0.021691542288557217,0.0,0.0,0.1,0.6584550342886732,9
0.06748466257668713,0.06384615384615384,0.011946902654867258,0.02882675632631393,0.028696236559139787,0.024407894736842108,0.017412935323383085,0.1,0.0,0.0,0.6573784579766129,8
0.06748466257668713,0.06615384615384615,0.013274336283185842,0.029729251459918598,0.026545698924731187,0.02565789473684211,0.022189054726368163,0.1,0.0,0.0,0.6489652551384208,8
0.06748466257668713,0.06538461538461539,0.013274336283185842,0.029428419748717044,0.027620967741935485,0.023223684210526317,0.02154228855721393,0.0,0.0,0.1,0.6520410254971188,10
0.06871165644171781,0.06615384615384615,0.012831858407079646,0.031835073438329496,0.031182795698924733,0.023355263157894737,0.02328358208955224,0.0,0.0,0.1,0.6426459246126551,9
0.06871165644171781,0.06846153846153846,0.014159292035398232,0.03172889754025836,0.028225806451612902,0.02861842105263158,0.022039800995024877,0.0,0.0,0.1,0.6380545870218178,8
0.06871165644171781,0.06769230769230769,0.013716814159292037,0.02266855423818793,0.022580645161290325,0.023223684210526317,0.02437810945273632,0.1,0.0,0.0,0.6570282286439415,8
0.06871165644171781,0.06384615384615384,0.012831858407079646,0.03015395505220315,0.028897849462365593,0.02480263157894737,0.020398009950248756,0.0,0.0,0.1,0.6503578852612838,8
0.06932515337423313,0.07,0.013274336283185842,0.033958591399752255,0.030678763440860218,0.03151315789473684,0.022885572139303485,0.0,0.0,0.1,0.6283644254679283,9
0.06932515337423313,0.06692307692307692,0.013274336283185842,0.03503804636347549,0.03894489247311828,0.024013157894736844,0.020497512437810946,0.0,0.0,0.1,0.6319838242503626,8
0.06932515337423313,0.06923076923076923,0.015486725663716814,0.03572818970093789,0.030040322580645165,0.03125,0.02631840796019901,0.1,0.0,0.0,0.6226204314894987,9
0.06993865030674848,0.07076923076923078,0.013274336283185842,0.036719164749601844,0.036391129032258066,0.026776315789473683,0.024875621890547265,0.0,0.0,0.1,0.621255551178954,9
0.06993865030674848,0.06846153846153846,0.012831858407079646,0.03105645018580782,0.02768817204301075,0.02855263157894737,0.021890547263681594,0.1,0.0,0.0,0.6395801517531858,8
0.06993865030674848,0.06769230769230769,0.013274336283185842,0.026720934347903028,0.023017473118279574,0.02105263157894737,0.02228855721393035,0.0,0.1,0.0,0.6560151094586977,8
0.07055214723926381,0.07076923076923078,0.012831858407079646,0.0351973102105822,0.03131720430107527,0.030131578947368422,0.026368159203980102,0.1,0.0,0.0,0.6228325109214198,7
0.07055214723926381,0.06923076923076923,0.014159292035398232,0.03779861971332508,0.037365591397849465,0.028157894736842107,0.025621890547263684,0.1,0.0,0.0,0.6171137950992884,10
0.07055214723926381,0.06692307692307692,0.012389380530973453,0.02992390727304902,0.026948924731182797,0.02513157894736842,0.022089552238805973,0.0,0.0,0.1,0.6460414321162796,9
0.07055214723926381,0.07230769230769231,0.014601769911504426,0.030755618474606266,0.029233870967741937,0.02592105263157895,0.023681592039800997,0.1,0.0,0.0,0.6329462564278113,9
0.07055214723926381,0.07,0.011946902654867258,0.032100513183507345,0.028528225806451615,0.02592105263157895,0.025870646766169157,0.0,0.0,0.1,0.6350805117181618,9
0.07055214723926381,0.06692307692307692,0.011504424778761064,0.02849053264908866,0.021202956989247315,0.028355263157894738,0.02437810945273632,0.0,0.1,0.0,0.6485934888099312,10
0.07055214723926381,0.06846153846153846,0.015044247787610623,0.03618828525924615,0.03689516129032259,0.02861842105263158,0.02268656716417911,0.0,0.0,0.1,0.6215536317452076,9
0.07055214723926381,0.06846153846153846,0.012831858407079646,0.029976995222084586,0.02788978494623656,0.025592105263157895,0.021890547263681594,0.0,0.0,0.1,0.6428050231969574,9
0.07116564417177915,0.07,0.013274336283185842,0.03942665015041586,0.03202284946236559,0.028355263157894738,0.026368159203980102,0.0,0.0,0.1,0.6193870975703787,8
0.07116564417177915,0.07,0.017256637168141596,0.06579366483808176,0.06350806451612903,0.05605263157894737,0.04388059701492538,0.0,0.0,0.1,0.5123427607119957,9
0.07116564417177915,0.06846153846153846,0.011946902654867258,0.028809060343302068,0.02536962365591398,0.02519736842105263,0.021890547263681594,0.0,0.0,0.1,0.6471593150278648,9
0.07116564417177915,0.06923076923076923,0.012389380530973453,0.034029375331799686,0.032661290322580645,0.02388157894736842,0.025174129353233834,0.0,0.0,0.1,0.6314678321114956,9
0.07116564417177915,0.06923076923076923,0.012831858407079646,0.0354804459387719,0.03676075268817205,0.02598684210526316,0.022835820895522392,0.0,0.0,0.1,0.6257078665626424,8
0.07116564417177915,0.06923076923076923,0.013716814159292037,0.03291452840205274,0.025873655913978496,0.03236842105263158,0.026368159203980102,0.1,0.0,0.0,0.6283620078655167,9
0.07177914110429448,0.07076923076923078,0.012831858407079646,0.03303840028313573,0.0321236559139785,0.024013157894736844,0.023383084577114428,0.0,0.0,0.1,0.6320614710504295,9
0.07177914110429448,0.07153846153846154,0.014159292035398232,0.03381702353565741,0.030880376344086025,0.03105263157894737,0.026368159203980102,0.0,0.0,0.1,0.6204049146591748,7
0.07239263803680983,0.07230769230769231,0.013274336283185842,0.035232702176605915,0.0323252688172043,0.030526315789473686,0.023880597014925373,0.0,0.0,0.1,0.6200604495741027,8
0.0736196319018405,0.07307692307692307,0.014159292035398232,0.036329853123341,0.032594086021505375,0.032828947368421055,0.025522388059701497,0.1,0.0,0.0,0.6118688784128693,9
0.0736196319018405,0.07,0.015044247787610623,0.042169527517253586,0.0467741935483871,0.03151315789473684,0.023880597014925373,0.0,0.0,0.1,0.596998644335246,8
0.0736196319018405,0.07153846153846154,0.013274336283185842,0.039019642541143165,0.03665994623655914,0.034473684210526316,0.024875621890547265,0.1,0.0,0.0,0.6065386753977363,8
0.0736196319018405,0.07153846153846154,0.013716814159292037,0.035975933463103876,0.034408602150537634,0.03243421052631579,0.02238805970149254,0.0,0.0,0.1,0.6159182865589561,10
0.07423312883435584,0.07230769230769231,0.014601769911504426,0.04167403999292161,0.04106182795698925,0.029934210526315792,0.029054726368159204,0.1,0.0,0.0,0.5971326041020616,9
0.07423312883435584,0.07307692307692307,0.012389380530973453,0.03955052203149885,0.0372983870967742,0.033815789473684216,0.027263681592039807,0.0,0.0,0.1,0.6023721873637505,9
0.07423312883435584,0.07384615384615384,0.015044247787610623,0.041886391789063886,0.039112903225806454,0.03111842105263158,0.031542288557213936,0.0,0.0,0.1,0.5932164649071638,10
0.07423312883435584,0.07307692307692307,0.014601769911504426,0.037373916121040525,0.0290994623655914,0.02888157894736842,0.035522388059701496,0.1,0.0,0.0,0.6072108326835148,9
0.07484662576687118,0.07461538461538461,0.014159292035398232,0.03590514953105645,0.03571908602150538,0.027894736842105264,0.02402985074626866,0.0,0.0,0.1,0.6128298744414102,8
0.07484662576687118,0.07461538461538461,0.012831858407079646,0.04708901079454964,0.05262096774193549,0.02967105263157895,0.028507462686567165,0.0,0.0,0.1,0.5798176373560333,9
0.07484662576687118,0.07230769230769231,0.014601769911504426,0.03723234825694568,0.03346774193548387,0.031842105263157894,0.026567164179104482,0.0,0.0,0.1,0.6091345523792402,9
0.07546012269938651,0.07076923076923078,0.015044247787610623,0.03739161210405238,0.03235887096774193,0.03578947368421053,0.026865671641791048,0.0,0.0,0.1,0.6063207703459762,10
0.07546012269938651,0.07153846153846154,0.013274336283185842,0.032666784639886745,0.03101478494623656,0.024013157894736844,0.02402985074626866,0.1,0.0,0.0,0.6280025012518373,9
0.07546012269938651,0.07307692307692307,0.013716814159292037,0.03634754910635286,0.030040322580645165,0.03289473684210526,0.028358208955223882,0.1,0.0,0.0,0.6101053225800712,9
0.07607361963190186,0.07230769230769231,0.011946902654867258,0.036082109361175015,0.03571908602150538,0.026381578947368423,0.024626865671641792,0.0,0.0,0.1,0.616862145403848,8
0.07607361963190186,0.06923076923076923,0.01769911504424779,0.030366306848345428,0.02879704301075269,0.02006578947368421,0.02393034825870647,0.0,0.0,0.1,0.6338370085015923,8
0.07607361963190186,0.07384615384615384,0.014159292035398232,0.03937356220138029,0.03786962365591398,0.03217105263157895,0.02796019900497513,0.1,0.0,0.0,0.5985464969926977,8
0.0766871165644172,0.07461538461538461,0.015486725663716814,0.048646257299592995,0.049294354838709684,0.03572368421052632,0.033034825870646774,0.1,0.0,0.0,0.5665116509370056,9
0.0766871165644172,0.07384615384615384,0.016371681415929203,0.04270040700760927,0.0394489247311828,0.038157894736842106,0.028457711442786072,0.0,0.0,0.1,0.5843301102550795,8
0.07730061349693253,0.07230769230769231,0.013716814159292037,0.04008140152185454,0.03958333333333333,0.027763157894736844,0.028557213930348258,0.0,0.0,0.1,0.6006897733558101,8
0.07730061349693253,0.07692307692307693,0.015486725663716814,0.044753141036984606,0.03786962365591398,0.040328947368421054,0.03407960199004976,0.0,0.0,0.1,0.5732582698649044,10
0.07791411042944786,0.07615384615384616,0.001327433628318584,0.04093080870642365,0.034374999999999996,0.04052631578947369,0.028706467661691545,0.1,0.0,0.0,0.6000660176307985,9
0.07852760736196321,0.07923076923076923,0.014601769911504426,0.048451601486462575,0.0424731182795699,0.04493421052631579,0.03562189054726368,0.0,0.0,0.1,0.5561590326561512,10
0.07914110429447854,0.08153846153846155,0.017256637168141596,0.04919483277296054,0.04344758064516129,0.03875,0.03716417910447761,0.0,0.0,0.1,0.5535072044763188,10
0.07914110429447854,0.07384615384615384,0.015044247787610623,0.040152185453901965,0.03548387096774194,0.03342105263157895,0.030348258706467665,0.1,0.0,0.0,0.5925631263120664,10
0.07975460122699388,0.07692307692307693,0.0168141592920354,0.05181383825871527,0.04311155913978495,0.044605263157894745,0.04223880597014926,0.1,0.0,0.0,0.5447386960313496,9
0.07975460122699388,0.07692307692307693,0.013716814159292037,0.042541143160502566,0.03797043010752688,0.04125,0.029253731343283584,0.0,0.0,0.1,0.5785902030793241,11
0.08036809815950922,0.07923076923076923,0.014159292035398232,0.04636347549106353,0.03716397849462366,0.04855263157894737,0.034328358208955224,0.0,0.0,0.1,0.5598333968007335,11
0.08036809815950922,0.07846153846153846,0.015486725663716814,0.05007963192355336,0.0395497311827957,0.04901315789473684,0.03621890547263682,0.1,0.0,0.0,0.5508222112415128,10
0.08098159509202456,0.08153846153846155,0.016371681415929203,0.047637586267917184,0.03669354838709678,0.0355921052631579,0.047363184079601994,0.1,0.0,0.0,0.5538218379558109,11
0.08159509202453989,0.08076923076923077,0.014159292035398232,0.0482392496903203,0.04227150537634409,0.03671052631578948,0.033830845771144286,0.0,0.0,0.1,0.562424258017233,8
0.08159509202453989,0.07692307692307693,0.015044247787610623,0.04592107591576713,0.04055779569892474,0.038289473684210526,0.03577114427860697,0.0,0.1,0.0,0.5658980936872632,9
0.08220858895705524,0.0776923076923077,0.018141592920353982,0.04829233763935587,0.04082661290322581,0.03980263157894737,0.035124378109452736,0.1,0.0,0.0,0.5579115501993013,9
0.08404907975460124,0.08307692307692308,0.019026548672566375,0.06025482215537073,0.0446236559139785,0.048092105263157894,0.04711442786069652,0.1,0.0,0.0,0.5137624373027057,14
0.08404907975460124,0.08,0.014601769911504426,0.05376039639001946,0.0469758064516129,0.04848684210526316,0.03980099502487563,0.0,0.0,0.1,0.5323251103621232,10
0.08466257668711658,0.08307692307692308,0.013716814159292037,0.05145991859847814,0.041935483870967745,0.04085526315789474,0.038805970149253737,0.1,0.0,0.0,0.5454870503000739,9
0.08466257668711658,0.08153846153846155,0.018584070796460177,0.056025482215537076,0.049428763440860224,0.05328947368421053,0.03845771144278608,0.0,0.0,0.1,0.5180134601945677,12
0.08466257668711658,0.08153846153846155,0.015044247787610623,0.05498141921783756,0.05339381720430108,0.04585526315789474,0.03676616915422886,0.1,0.0,0.0,0.527758045252549,9
0.08527607361963191,0.08615384615384616,0.016371681415929203,0.061582020881259955,0.059475806451612906,0.04888157894736842,0.043532338308457715,0.0,0.0,0.1,0.4987266542218938,10
0.08588957055214724,0.08692307692307691,0.01592920353982301,0.06197133250752079,0.060147849462365593,0.04414473684210527,0.044378109452736327,0.0,0.0,0.1,0.5006161207202249,9
0.08588957055214724,0.08846153846153845,0.0168141592920354,0.08044593877189879,0.07358870967741936,0.055,0.06348258706467662,0.0,0.0,0.1,0.43631749618028415,12
0.08588957055214724,0.08076923076923077,0.0168141592920354,0.05827287205804283,0.05742607526881721,0.04039473684210526,0.039751243781094535,0.1,0.0,0.0,0.5206821114365268,9
0.08650306748466259,0.08461538461538462,0.015044247787610623,0.04314280658290569,0.04297715053763441,0.03105263157894737,0.02995024875621891,0.1,0.0,0.0,0.5667144626566357,9
0.08711656441717792,0.08615384615384616,0.01592920353982301,0.05846752787117324,0.049395161290322585,0.05013157894736842,0.04502487562189055,0.1,0.0,0.0,0.507781242158398,11
0.08773006134969326,0.08461538461538462,0.0168141592920354,0.07094319589453195,0.07032930107526882,0.053552631578947366,0.05049751243781095,0.0,0.0,0.1,0.46551775375632765,12
0.08773006134969326,0.08230769230769232,0.0168141592920354,0.05929923907273049,0.059744623655913986,0.04118421052631579,0.041791044776119404,0.0,0.0,0.1,0.5111289690194993,10
0.0883435582822086,0.08923076923076922,0.017256637168141596,0.07442930454786764,0.06898521505376344,0.06315789473684211,0.05348258706467662,0.1,0.0,0.0,0.4451140339157308,10
0.0883435582822086,0.08461538461538462,0.01769911504424779,0.07066006016634224,0.06071908602150538,0.06171052631578947,0.05189054726368159,0.1,0.0,0.0,0.4643617222908403,10
0.0883435582822086,0.08692307692307691,0.012831858407079646,0.04201026367014688,0.046438172043010754,0.025592105263157895,0.026716417910447765,0.0,0.0,0.1,0.5711445475008715,8
0.08895705521472394,0.0776923076923077,0.016371681415929203,0.07000530879490356,0.06895161290322581,0.05598684210526316,0.04482587064676617,0.0,0.0,0.1,0.4772093212268804,12
0.08957055214723927,0.08846153846153845,0.016371681415929203,0.06651920014156787,0.06256720430107528,0.05,0.04800995024875622,0.1,0.0,0.0,0.47849987328389376,12
0.09018404907975462,0.09,0.016371681415929203,0.0751725358343656,0.06397849462365592,0.07236842105263158,0.04975124378109453,0.0,0.0,0.1,0.44217357421256853,11
0.09141104294478529,0.08692307692307691,0.019026548672566375,0.06834188639178906,0.060215053763440864,0.06032894736842106,0.04975124378109453,0.0,0.0,0.1,0.46400220015482596,11
0.09202453987730062,0.08769230769230768,0.018584070796460177,0.07913643602902143,0.07452956989247313,0.06835526315789474,0.05422885572139304,0.1,0.0,0.0,0.4254489568331492,11
0.09263803680981597,0.09615384615384616,0.018584070796460177,0.0886568748894001,0.08040994623655914,0.0675,0.06751243781094528,0.1,0.0,0.0,0.38854478730297315,11
0.09263803680981597,0.08923076923076922,0.018141592920353982,0.07101397982657937,0.055745967741935486,0.05282894736842106,0.05920398009950249,0.0,0.0,0.1,0.4611967260026224,10
0.09570552147239265,0.09692307692307692,0.019026548672566375,0.09403645372500442,0.1,0.0655921052631579,0.05830845771144279,0.1,0.0,0.0,0.37040783623235896,11
0.02269938650306749,0.057692307692307696,0.010619469026548672,0.01643956821801451,0.01317204301075269,0.01375,0.01492537313432836,0.0,0.1,0.0,0.7507018524149806,6
0.030061349693251537,0.031538461538461536,0.005309734513274336,0.002707485400814015,0.0022849462365591403,0.001842105263157895,0.002139303482587065,0.0,0.1,0.0,0.8241166138718945,4
0.030674846625766878,0.02846153846153846,0.005752212389380532,0.0024243496726243144,0.0019825268817204303,0.001842105263157895,0.002238805970149254,0.0,0.1,0.0,0.8266236147356623,5
0.030674846625766878,0.02923076923076923,0.005752212389380532,0.002955229162980004,0.002620967741935484,0.001973684210526316,0.0024875621890547268,0.0,0.1,0.0,0.8243047284495868,5
0.033742331288343565,0.030000000000000002,0.007964601769911504,0.00398159617766767,0.003662634408602151,0.0038815789473684212,0.0035323383084577115,0.0,0.1,0.0,0.813234919099649,6
0.03742331288343559,0.03307692307692307,0.005752212389380532,0.0038046363475491064,0.002956989247311828,0.002697368421052632,0.0037810945273631844,0.0,0.1,0.0,0.8105074631069841,5
0.03803680981595093,0.03461538461538462,0.0061946902654867264,0.003733852415501681,0.029233870967741937,0.001973684210526316,0.003980099502487563,0.0,0.1,0.0,0.7822316082069202,5
0.038650306748466264,0.03538461538461539,0.007079646017699116,0.0048663953282604856,0.003662634408602151,0.004078947368421053,0.004427860696517413,0.0,0.1,0.0,0.8018495940474182,5
0.038650306748466264,0.03538461538461539,0.0061946902654867264,0.004052380109715095,0.0030913978494623655,0.0030921052631578947,0.003830845771144279,0.0,0.1,0.0,0.805703658607952,5
0.03987730061349694,0.03461538461538462,0.006637168141592921,0.004919483277296055,0.0037970430107526886,0.004210526315789474,0.008955223880597015,0.0,0.1,0.0,0.7969878701450903,6
0.04049079754601228,0.038461538461538464,0.0084070796460177,0.00737922491594408,0.0068548387096774195,0.005197368421052632,0.0051741293532338315,0.0,0.1,0.0,0.7880350229465236,7
0.04049079754601228,0.031538461538461536,0.0084070796460177,0.005645018580782163,0.005174731182795699,0.004210526315789474,0.004328358208955224,0.0,0.1,0.0,0.800205026981186,5
0.04110429447852762,0.03769230769230769,0.007964601769911504,0.007131481153778093,0.006451612903225807,0.005328947368421053,0.0047761194029850755,0.0,0.1,0.0,0.7895506352308431,7
0.041717791411042954,0.038461538461538464,0.007964601769911504,0.006335161918244558,0.005208333333333334,0.004342105263157895,0.005472636815920398,0.0,0.1,0.0,0.7904978310268509,6
0.04233128834355829,0.03923076923076923,0.0084070796460177,0.006883737391612105,0.006216397849462366,0.004868421052631579,0.005472636815920398,0.0,0.1,0.0,0.7865896696700283,6
0.04233128834355829,0.03923076923076923,0.007522123893805311,0.0070960891877543805,0.007056451612903226,0.004868421052631579,0.0049751243781094535,0.0,0.1,0.0,0.7869197323004685,5
0.04294478527607362,0.04153846153846154,0.006637168141592921,0.007609272695098213,0.006720430107526883,0.004736842105263157,0.006467661691542289,0.0,0.1,0.0,0.7833453784444413,6
0.04294478527607362,0.03923076923076923,0.007964601769911504,0.0063174659352327025,0.005745967741935485,0.004013157894736843,0.0052238805970149255,0.0,0.1,0.0,0.7885593715543256,8
0.0441717791411043,0.04153846153846154,0.007522123893805311,0.006936825340647674,0.0058803763440860215,0.004605263157894737,0.0063681592039801,0.0,0.1,0.0,0.7829770113800203,4
0.04478527607361964,0.04153846153846154,0.007522123893805311,0.006635993629446116,0.005443548387096775,0.005526315789473685,0.005771144278606966,0.0,0.1,0.0,0.78277713640949,6
0.04478527607361964,0.04153846153846154,0.007522123893805311,0.006936825340647674,0.005544354838709678,0.004934210526315789,0.005970149253731343,0.0,0.1,0.0,0.782768598534709,7
0.04478527607361964,0.04076923076923077,0.007522123893805311,0.007538488763050788,0.006350806451612904,0.006447368421052632,0.005970149253731343,0.0,0.1,0.0,0.7806165563738966,7
0.04539877300613498,0.04461538461538461,0.007964601769911504,0.008653335692797736,0.005981182795698925,0.008618421052631579,0.00746268656716418,0.0,0.1,0.0,0.7713056145002765,7
0.04539877300613498,0.04307692307692308,0.007522123893805311,0.007680056627145639,0.007358870967741936,0.004605263157894737,0.006169154228855722,0.0,0.1,0.0,0.7781888350414986,6
0.04601226993865031,0.04461538461538461,0.0084070796460177,0.007538488763050788,0.006451612903225807,0.005394736842105264,0.006069651741293533,0.0,0.1,0.0,0.7755107755502719,5
0.04601226993865031,0.04461538461538461,0.007522123893805311,0.008440983896655459,0.007930107526881721,0.0059210526315789476,0.006915422885572141,0.0,0.1,0.0,0.7726426546114715,7
0.04601226993865031,0.04230769230769231,0.007964601769911504,0.007715448593169351,0.00625,0.005328947368421053,0.007512437810945274,0.0,0.1,0.0,0.7769086022112102,6
0.04601226993865031,0.04230769230769231,0.0084070796460177,0.00872411962484516,0.00739247311827957,0.005460526315789474,0.007711442786069653,0.0,0.1,0.0,0.7739843962626558,6
0.04601226993865031,0.04307692307692308,0.007079646017699116,0.0071668731198018054,0.005544354838709678,0.006315789473684211,0.006467661691542289,0.0,0.1,0.0,0.7783364818429895,8
0.04601226993865031,0.04153846153846154,0.007522123893805311,0.007715448593169351,0.006350806451612904,0.005131578947368421,0.006965174129353235,0.0,0.1,0.0,0.7787641365075789,7
0.04662576687116565,0.04230769230769231,0.009734513274336285,0.009060343302070431,0.00739247311827957,0.007039473684210527,0.007512437810945274,0.0,0.1,0.0,0.7703272996313,6
0.04662576687116565,0.04153846153846154,0.007079646017699116,0.007450008847991506,0.005813172043010753,0.005526315789473685,0.006965174129353235,0.0,0.1,0.0,0.7790014547628445,8
0.04723926380368099,0.04461538461538461,0.007964601769911504,0.00925499911520085,0.0074596774193548395,0.007828947368421053,0.007412935323383085,0.0,0.1,0.0,0.7682241905846631,9
0.04723926380368099,0.04307692307692308,0.007522123893805311,0.007697752610157494,0.006518817204301076,0.005,0.006666666666666668,0.0,0.1,0.0,0.7762784527444654,8
0.04723926380368099,0.04615384615384615,0.0084070796460177,0.01068837373916121,0.01021505376344086,0.008092105263157895,0.007313432835820896,0.0,0.1,0.0,0.7618908447948742,7
0.04723926380368099,0.04307692307692308,0.007964601769911504,0.008069368253406477,0.006888440860215054,0.005526315789473685,0.006517412935323384,0.0,0.1,0.0,0.7747176735110658,5
0.04785276073619633,0.04615384615384615,0.0084070796460177,0.011555476906742171,0.011189516129032259,0.0075657894736842115,0.008855721393034826,0.0,0.1,0.0,0.7584198095614463,7
0.04846625766871167,0.04692307692307692,0.009292035398230088,0.010051318350734383,0.0076276881720430114,0.007828947368421053,0.009402985074626866,0.0,0.1,0.0,0.760407691044156,8
0.04846625766871167,0.045384615384615384,0.0084070796460177,0.009644310741461689,0.007728494623655915,0.008223684210526315,0.008457711442786071,0.0,0.1,0.0,0.7636878462822252,8
0.04846625766871167,0.04153846153846154,0.008849557522123895,0.010564501858078217,0.009711021505376343,0.008026315789473685,0.008159203980099504,0.0,0.1,0.0,0.7646846801376752,5
0.049079754601227,0.04461538461538461,0.008849557522123895,0.009467350911343125,0.008098118279569893,0.007960526315789473,0.007611940298507464,0.0,0.1,0.0,0.7643173674560546,5
0.04969325153374234,0.04384615384615384,0.007964601769911504,0.009361175013271989,0.008501344086021507,0.006644736842105264,0.00746268656716418,0.0,0.1,0.0,0.7665260503416294,6
0.05030674846625768,0.05153846153846154,0.009734513274336285,0.011679348787825165,0.010551075268817205,0.009276315789473685,0.016915422885572143,0.0,0.1,0.0,0.7399981139892563,7
0.05153374233128835,0.04692307692307692,0.007964601769911504,0.011608564855777739,0.011290322580645162,0.008092105263157895,0.008159203980099504,0.0,0.1,0.0,0.7544283822960429,6
0.05214723926380369,0.05,0.009734513274336285,0.01180322066890816,0.011626344086021506,0.0059210526315789476,0.009950248756218907,0.0,0.1,0.0,0.7488173813191324,7
0.05214723926380369,0.04923076923076923,0.008849557522123895,0.010812245620244205,0.008467741935483872,0.007894736842105263,0.010547263681592041,0.0,0.1,0.0,0.7520504459038778,7
0.05214723926380369,0.047692307692307694,0.007964601769911504,0.010652981773137497,0.009307795698924733,0.008552631578947369,0.007960199004975126,0.0,0.1,0.0,0.7557222432179924,7
0.052760736196319026,0.05230769230769231,0.0,0.015147761458149,0.013877688172043011,0.01131578947368421,0.011442786069651743,0.0,0.1,0.0,0.7431475463224607,8
0.052760736196319026,0.04846153846153846,0.0084070796460177,0.01337816315696337,0.011760752688172043,0.010526315789473686,0.010398009950248756,0.0,0.1,0.0,0.744307404111267,8
0.05337423312883437,0.04846153846153846,0.009734513274336285,0.013041939479738099,0.010853494623655915,0.009407894736842105,0.011940298507462687,0.0,0.1,0.0,0.743186087787592,7
0.0539877300613497,0.05230769230769231,0.010619469026548672,0.015501681118386127,0.014213709677419355,0.010921052631578948,0.011940298507462687,0.0,0.1,0.0,0.7305083666695622,9
0.05521472392638038,0.050769230769230775,0.009292035398230088,0.015855600778623254,0.013978494623655914,0.011710526315789473,0.011940298507462687,0.0,0.1,0.0,0.7312390896806273,9
0.055828220858895716,0.05307692307692307,0.009292035398230088,0.014174482392496905,0.011021505376344087,0.00993421052631579,0.012537313432835822,0.0,0.1,0.0,0.7341353089379585,8
0.055828220858895716,0.05615384615384615,0.01017699115044248,0.015236241373208281,0.012365591397849462,0.014210526315789474,0.01238805970149254,0.1,0.0,0.0,0.7236405230484759,8
0.055828220858895716,0.050769230769230775,0.008849557522123895,0.013165811360821095,0.024059139784946237,0.010197368421052632,0.010945273631840797,0.0,0.1,0.0,0.7261853976510888,8
0.05644171779141106,0.05538461538461538,0.009292035398230088,0.01649265616705008,0.014952956989247312,0.013026315789473686,0.010945273631840797,0.0,0.1,0.0,0.7234644288481316,7
0.05644171779141106,0.05384615384615384,0.009292035398230088,0.013112723411785526,0.01058467741935484,0.010131578947368422,0.011343283582089555,0.0,0.1,0.0,0.7352478296036067,9
0.05644171779141106,0.05615384615384615,0.011061946902654869,0.016935055742346487,0.013844086021505376,0.01375,0.014029850746268656,0.1,0.0,0.0,0.7177834966419674,8
0.05705521472392639,0.05230769230769231,0.009734513274336285,0.012245620244204565,0.009576612903225807,0.009605263157894737,0.011243781094527365,0.0,0.1,0.0,0.7382313022941925,11
0.057668711656441725,0.05615384615384615,0.008849557522123895,0.014546098035745886,0.011760752688172043,0.011250000000000001,0.013432835820895524,0.0,0.1,0.0,0.7263381981227748,8
0.057668711656441725,0.054615384615384614,0.01592920353982301,0.016988143691382056,0.013810483870967743,0.01381578947368421,0.014975124378109455,0.0,0.1,0.0,0.7121971587742072,8
0.057668711656441725,0.054615384615384614,0.010619469026548672,0.01390904264731906,0.011223118279569894,0.011644736842105263,0.011442786069651743,0.0,0.1,0.0,0.728876750862979,8
0.058282208588957066,0.054615384615384614,0.008849557522123895,0.017819854892939302,0.017036290322580645,0.011973684210526315,0.01393034825870647,0.0,0.1,0.0,0.7174926715887817,8
0.058282208588957066,0.05846153846153846,0.010619469026548672,0.015607857016457265,0.011995967741935483,0.011644736842105263,0.014975124378109455,0.0,0.1,0.0,0.7184130979443484,8
0.058282208588957066,0.05538461538461538,0.009734513274336285,0.01741284728366661,0.014180107526881721,0.014473684210526316,0.01492537313432836,0.0,0.1,0.0,0.7156066505966883,8
0.0588957055214724,0.05692307692307692,0.011061946902654869,0.019235533533887808,0.016397849462365593,0.013289473684210528,0.016417910447761197,0.0,0.1,0.0,0.7077785035245707,9
0.0588957055214724,0.054615384615384614,0.01017699115044248,0.01672270394620421,0.013877688172043011,0.01473684210526316,0.013134328358208958,0.0,0.1,0.0,0.7178403561309812,8
0.0588957055214724,0.05615384615384615,0.008849557522123895,0.01631569633693152,0.014818548387096776,0.01098684210526316,0.013432835820895524,0.0,0.1,0.0,0.7205469681523706,8
0.060736196319018415,0.054615384615384614,0.010619469026548672,0.017572111130773314,0.014381720430107528,0.01375,0.014875621890547265,0.0,0.1,0.0,0.7134494965876201,8
0.060736196319018415,0.05846153846153846,0.011504424778761064,0.018138382587152717,0.014684139784946237,0.015263157894736843,0.01592039800995025,0.0,0.1,0.0,0.705291762163896,7
0.060736196319018415,0.06076923076923077,0.010619469026548672,0.01957175721111308,0.015053763440860216,0.018092105263157895,0.016616915422885573,0.0,0.0,0.1,0.6985405625471854,8
0.061349693251533756,0.05846153846153846,0.011946902654867258,0.021022827818085295,0.019791666666666666,0.01368421052631579,0.015572139303482588,0.0,0.1,0.0,0.6981710213175102,9
0.061349693251533756,0.06461538461538462,0.011946902654867258,0.023942665015041584,0.020295698924731185,0.01861842105263158,0.02054726368159204,0.0,0.0,0.1,0.6786839708042179,9
0.061349693251533756,0.057692307692307696,0.012831858407079646,0.020509644310741464,0.01606182795698925,0.018092105263157895,0.018407960199004977,0.0,0.1,0.0,0.6950546029191853,9
0.061349693251533756,0.06307692307692307,0.012389380530973453,0.023411785524685896,0.017372311827956993,0.02138157894736842,0.019502487562189058,0.0,0.1,0.0,0.6815158392783693,9
0.061349693251533756,0.057692307692307696,0.011061946902654869,0.020155724650504338,0.017405913978494624,0.01631578947368421,0.015621890547263683,0.0,0.1,0.0,0.7003967335035568,7
0.061349693251533756,0.06076923076923077,0.012389380530973453,0.021996106883737394,0.01965725806451613,0.015855263157894737,0.019402985074626868,0.0,0.1,0.0,0.6885800822674869,9
0.06196319018404909,0.062307692307692314,0.011504424778761064,0.02128826756326314,0.02026209677419355,0.014473684210526316,0.01791044776119403,0.0,0.1,0.0,0.6902901964203205,8
0.06196319018404909,0.05846153846153846,0.010619469026548672,0.021022827818085295,0.01743951612903226,0.01888157894736842,0.01791044776119403,0.0,0.1,0.0,0.6937014316721838,7
0.06196319018404909,0.06076923076923077,0.009292035398230088,0.019500973279065654,0.016666666666666666,0.013552631578947368,0.017014925373134333,0.0,0.1,0.0,0.701240346750676,8
0.06319018404907976,0.05846153846153846,0.010619469026548672,0.022119978764820386,0.021942204301075272,0.017039473684210528,0.01592039800995025,0.0,0.1,0.0,0.6907067537027767,7
0.06319018404907976,0.06461538461538462,0.011946902654867258,0.02516368784285967,0.022647849462365595,0.01894736842105263,0.020398009950248756,0.0,0.1,0.0,0.6730906130041417,13
0.06319018404907976,0.06153846153846154,0.011946902654867258,0.024650504335515838,0.021505376344086023,0.016513157894736844,0.017412935323383085,0.0,0.1,0.0,0.6832424778598696,9
0.06380368098159511,0.06153846153846154,0.011504424778761064,0.020615820208812603,0.015658602150537635,0.017960526315789475,0.01791044776119403,0.0,0.1,0.0,0.6910080362648485,10
0.06380368098159511,0.06076923076923077,0.011061946902654869,0.02346487347372147,0.02019489247311828,0.017236842105263158,0.018955223880597016,0.0,0.1,0.0,0.6845133094138194,9
0.06441717791411045,0.06153846153846154,0.011061946902654869,0.024650504335515838,0.024798387096774194,0.01822368421052632,0.016318407960199007,0.0,0.1,0.0,0.6789914300417578,9
0.06441717791411045,0.06461538461538462,0.013716814159292037,0.029800035391966025,0.028763440860215057,0.01861842105263158,0.020348258706467663,0.0,0.0,0.1,0.6597204672999325,9
0.06503067484662578,0.06384615384615384,0.011504424778761064,0.024562024420456557,0.026243279569892475,0.014605263157894737,0.016616915422885573,0.0,0.1,0.0,0.67759126395733,9
0.06503067484662578,0.06461538461538462,0.013716814159292037,0.028667492479207222,0.031754032258064516,0.014605263157894737,0.019104477611940302,0.0,0.1,0.0,0.6625058608715908,10
0.06503067484662578,0.06384615384615384,0.009734513274336285,0.0203326844806229,0.01696908602150538,0.01625,0.018805970149253733,0.0,0.1,0.0,0.6890309173815021,9
0.06503067484662578,0.06538461538461539,0.011504424778761064,0.027163333923199435,0.028158602150537636,0.015855263157894737,0.020895522388059702,0.0,0.1,0.0,0.6660075633703062,9
0.06564417177914111,0.06153846153846154,0.011946902654867258,0.021323659529286852,0.019455645161290322,0.015921052631578947,0.015323383084577116,0.0,0.1,0.0,0.6888467236207969,9
0.06564417177914111,0.06384615384615384,0.013274336283185842,0.020403468412670326,0.024159946236559142,0.017763157894736845,0.02238805970149254,0.0,0.1,0.0,0.6725207058460604,8
0.06564417177914111,0.06307692307692307,0.011504424778761064,0.025287559723942667,0.022513440860215058,0.01894736842105263,0.02064676616915423,0.1,0.0,0.0,0.6723793451908101,9
0.06564417177914111,0.06692307692307692,0.013274336283185842,0.025376039639001948,0.023353494623655914,0.019013157894736843,0.01930348258706468,0.0,0.0,0.1,0.6671122402701367,9
0.06625766871165646,0.06461538461538462,0.012831858407079646,0.030631746593523274,0.028998655913978495,0.02144736842105263,0.02164179104477612,0.1,0.0,0.0,0.6535755262925488,10
0.06625766871165646,0.06461538461538462,0.012389380530973453,0.025712263316227217,0.02153897849462366,0.019013157894736843,0.022786069651741295,0.0,0.1,0.0,0.6676870967846564,9
0.0668711656441718,0.06692307692307692,0.011946902654867258,0.027304901787294285,0.025,0.019473684210526317,0.02258706467661692,0.0,0.1,0.0,0.6598932041034465,8
0.0668711656441718,0.06846153846153846,0.013274336283185842,0.028313572818970095,0.023756720430107528,0.02144736842105263,0.020597014925373136,0.1,0.0,0.0,0.6572782830156005,9
0.0668711656441718,0.06615384615384615,0.013274336283185842,0.025783047248274644,0.020295698924731185,0.01730263157894737,0.025323383084577118,0.0,0.1,0.0,0.6649958910822659,10
0.0668711656441718,0.062307692307692314,0.011946902654867258,0.021040523801097152,0.018145161290322582,0.015592105263157895,0.018407960199004977,0.0,0.1,0.0,0.6856884888396859,8
0.06748466257668713,0.06615384615384615,0.012831858407079646,0.02794195717572111,0.025168010752688173,0.022500000000000003,0.022189054726368163,0.0,0.1,0.0,0.6557306102076096,11
0.06748466257668713,0.062307692307692314,0.011061946902654869,0.023040169881436916,0.019926075268817206,0.018026315789473685,0.019900497512437814,0.1,0.0,0.0,0.6782526397608001,9
0.06748466257668713,0.06615384615384615,0.013274336283185842,0.03095027428773669,0.027755376344086022,0.02506578947368421,0.02467661691542289,0.0,0.0,0.1,0.644639097965351,9
0.06748466257668713,0.06692307692307692,0.012389380530973453,0.026667846398867455,0.02207661290322581,0.020460526315789474,0.023134328358208958,0.0,0.1,0.0,0.6608635659931708,10
0.06748466257668713,0.06538461538461539,0.011946902654867258,0.02585383118032207,0.022345430107526883,0.020328947368421054,0.021393034825870648,0.0,0.1,0.0,0.6652625759016896,9
0.06809815950920248,0.06769230769230769,0.012389380530973453,0.030808706423641835,0.027352150537634408,0.020526315789473684,0.02537313432835821,0.0,0.0,0.1,0.6477598451884082,9
0.06809815950920248,0.06615384615384615,0.013716814159292037,0.026172358874535482,0.021068548387096774,0.01888157894736842,0.02786069651741294,0.0,0.1,0.0,0.6580479974512458,10
0.06809815950920248,0.06615384615384615,0.012389380530973453,0.02712794195717572,0.02291666666666667,0.021710526315789475,0.022885572139303485,0.0,0.1,0.0,0.6587179067270426,9
0.06809815950920248,0.06538461538461539,0.012831858407079646,0.027977349141744823,0.023420698924731184,0.023223684210526317,0.02238805970149254,0.0,0.1,0.0,0.6566755747206077,9
0.06871165644171781,0.06538461538461539,0.011946902654867258,0.029039108122456202,0.024966397849462366,0.024342105263157894,0.023482587064676617,0.0,0.1,0.0,0.6521266272190465,9
0.06871165644171781,0.06538461538461539,0.012831858407079646,0.02434967262431428,0.0207997311827957,0.017171052631578948,0.02154228855721393,0.0,0.1,0.0,0.6692091247706843,9
0.06871165644171781,0.06846153846153846,0.013716814159292037,0.04331976641302424,0.0373991935483871,0.04243421052631579,0.026815920398009955,0.1,0.0,0.0,0.5991409000517146,10
0.06871165644171781,0.07,0.012831858407079646,0.03447177490709609,0.03676075268817205,0.02125,0.023383084577114428,0.0,0.1,0.0,0.63259087297882,9
0.06932515337423313,0.06769230769230769,0.015486725663716814,0.030914882321712973,0.027822580645161292,0.02763157894736842,0.020895522388059702,0.0,0.1,0.0,0.64023124896744,11
0.06932515337423313,0.06923076923076923,0.012831858407079646,0.03006547513714387,0.028326612903225808,0.02217105263157895,0.02238805970149254,0.1,0.0,0.0,0.6456610186144768,8
0.06932515337423313,0.06846153846153846,0.013274336283185842,0.028172004954875245,0.024428763440860216,0.024210526315789474,0.021791044776119404,0.0,0.0,0.1,0.6503366323933983,8
0.06932515337423313,0.060000000000000005,0.011061946902654869,0.02633162272164219,0.023655913978494623,0.017105263157894738,0.01676616915422886,0.0,0.0,0.1,0.6757539307108515,11
0.06993865030674848,0.06923076923076923,0.012831858407079646,0.026579366483808178,0.01898521505376344,0.02888157894736842,0.022039800995024877,0.0,0.1,0.0,0.6515127605754377,10
0.06993865030674848,0.06923076923076923,0.011946902654867258,0.028101221022827822,0.025638440860215057,0.01861842105263158,0.02437810945273632,0.0,0.1,0.0,0.6521474854192042,8
0.06993865030674848,0.07076923076923078,0.011946902654867258,0.03466643072022651,0.026680107526881724,0.033223684210526315,0.0264179104477612,0.1,0.0,0.0,0.6263570833637577,9
0.06993865030674848,0.06692307692307692,0.015044247787610623,0.030897186338701116,0.02567204301075269,0.024078947368421054,0.026915422885572145,0.0,0.0,0.1,0.640530425379117,10
0.06993865030674848,0.06769230769230769,0.011504424778761064,0.02712794195717572,0.02331989247311828,0.023486842105263157,0.020099502487562194,0.0,0.1,0.0,0.6568304381990634,10
0.06993865030674848,0.06692307692307692,0.011061946902654869,0.03172889754025836,0.02573924731182796,0.024144736842105264,0.027363184079601994,0.0,0.0,0.1,0.6431002600937261,9
0.07055214723926381,0.06461538461538462,0.011946902654867258,0.030330914882321713,0.03098118279569893,0.019342105263157893,0.021144278606965175,0.1,0.0,0.0,0.6510870839423406,10
0.07055214723926381,0.07384615384615384,0.014601769911504426,0.03815253937356221,0.03434139784946237,0.02756578947368421,0.030447761194029855,0.1,0.0,0.0,0.6104924411123392,9
0.07055214723926381,0.07076923076923078,0.013716814159292037,0.031569633693151654,0.029670698924731186,0.023157894736842106,0.021890547263681594,0.0,0.0,0.1,0.6386730332138069,10
0.07116564417177915,0.07076923076923078,0.013716814159292037,0.050946735091134315,0.04512768817204301,0.03592105263157895,0.029402985074626867,0.0,0.0,0.1,0.5829498499303148,10
0.07116564417177915,0.07,0.011946902654867258,0.028154308971863388,0.027217741935483875,0.02197368421052632,0.020298507462686566,0.0,0.0,0.1,0.6492432105927934,10
0.07116564417177915,0.06846153846153846,0.013274336283185842,0.030366306848345428,0.02688172043010753,0.020526315789473684,0.025174129353233834,0.1,0.0,0.0,0.6441500086623361,8
0.07177914110429448,0.07153846153846154,0.013716814159292037,0.03236595292868519,0.03061155913978495,0.02585526315789474,0.023383084577114428,0.0,0.0,0.1,0.6307497233944727,9
0.07177914110429448,0.07538461538461538,0.016371681415929203,0.041443992213767475,0.03508064516129033,0.03335526315789474,0.03333333333333334,0.0,0.0,0.1,0.593251328228875,10
0.07177914110429448,0.07307692307692307,0.014159292035398232,0.037179260307910106,0.03225806451612903,0.03078947368421053,0.028358208955223882,0.0,0.1,0.0,0.6123996363199107,10
0.07177914110429448,0.07076923076923078,0.014601769911504426,0.039408954167403996,0.03914650537634409,0.030855263157894736,0.027263681592039807,0.0,0.0,0.1,0.6061754539212877,10
0.07177914110429448,0.07230769230769231,0.014601769911504426,0.04986728012741108,0.05376344086021506,0.030131578947368422,0.029353233830845774,0.0,0.0,0.1,0.5781958629106685,10
0.07177914110429448,0.07307692307692307,0.013274336283185842,0.03769244381525394,0.03571908602150538,0.026184210526315792,0.028706467661691545,0.0,0.0,0.1,0.61356739151083,10
0.07177914110429448,0.06923076923076923,0.01592920353982301,0.028295876835958238,0.022580645161290325,0.024407894736842108,0.023582089552238807,0.0,0.0,0.1,0.6441943798387838,8
0.07239263803680983,0.06846153846153846,0.011946902654867258,0.027304901787294285,0.022043010752688174,0.022960526315789473,0.022885572139303485,0.0,0.1,0.0,0.652004909851709,9
0.07239263803680983,0.07230769230769231,0.01592920353982301,0.04201026367014688,0.040221774193548394,0.029868421052631582,0.03084577114427861,0.0,0.0,0.1,0.5964242360550693,9
0.07239263803680983,0.07,0.013716814159292037,0.03133958591399752,0.026075268817204303,0.024736842105263158,0.027363184079601994,0.0,0.0,0.1,0.6343756668878311,10
0.07300613496932516,0.07153846153846154,0.013274336283185842,0.034684126703238366,0.02765456989247312,0.02578947368421053,0.022437810945273636,0.1,0.0,0.0,0.6316150859838319,10
0.07300613496932516,0.07153846153846154,0.013716814159292037,0.03631215714032915,0.03121639784946237,0.01473684210526316,0.030348258706467665,0.1,0.0,0.0,0.6291249335313989,12
0.0736196319018405,0.07307692307692307,0.015044247787610623,0.040046009555830826,0.03413978494623656,0.03578947368421053,0.03074626865671642,0.0,0.0,0.1,0.5975376603906315,10
0.0736196319018405,0.07384615384615384,0.013716814159292037,0.035887453548044596,0.03030913978494624,0.02480263157894737,0.03233830845771145,0.0,0.0,0.1,0.615479866723064,11
0.0736196319018405,0.07307692307692307,0.013274336283185842,0.03963900194655814,0.03797043010752688,0.03243421052631579,0.026865671641791048,0.0,0.1,0.0,0.6031197945158587,10
0.0736196319018405,0.07153846153846154,0.013716814159292037,0.036807644664661125,0.031955645161290326,0.03289473684210526,0.02786069651741294,0.1,0.0,0.0,0.6116063692149363,11
0.0736196319018405,0.07,0.012831858407079646,0.03148115377809237,0.028158602150537636,0.022565789473684213,0.02676616915422886,0.1,0.0,0.0,0.6345767951345367,10
0.0736196319018405,0.07076923076923078,0.013716814159292037,0.033958591399752255,0.02993951612903226,0.02486842105263158,0.029353233830845774,0.0,0.0,0.1,0.6237745607573748,11
0.07423312883435584,0.07461538461538461,0.013274336283185842,0.04381525393735622,0.04243951612903226,0.02973684210526316,0.032835820895522394,0.0,0.1,0.0,0.5890497171998996,11
0.07423312883435584,0.07538461538461538,0.012389380530973453,0.03452486285613166,0.028158602150537636,0.027105263157894736,0.03134328358208956,0.0,0.0,0.1,0.6168608635034017,10
0.07423312883435584,0.06692307692307692,0.011504424778761064,0.031941249336400634,0.02903225806451613,0.022894736842105263,0.025870646766169157,0.0,0.1,0.0,0.637600478454615,11
0.07423312883435584,0.07307692307692307,0.015486725663716814,0.03808175544151478,0.031115591397849467,0.02888157894736842,0.03333333333333334,0.1,0.0,0.0,0.6057909633049383,9
0.07423312883435584,0.07230769230769231,0.014159292035398232,0.03834719518669262,0.036323924731182795,0.029144736842105265,0.027363184079601994,0.1,0.0,0.0,0.608120845982971,12
0.07484662576687118,0.06923076923076923,0.013274336283185842,0.03082640240665369,0.027352150537634408,0.024144736842105264,0.024875621890547265,0.0,0.0,0.1,0.6354493570422332,10
0.07484662576687118,0.07384615384615384,0.014601769911504426,0.044027605733498495,0.042641129032258064,0.033815789473684216,0.030348258706467665,0.0,0.0,0.1,0.5858726675295621,12
0.07484662576687118,0.07307692307692307,0.015044247787610623,0.036329853123341,0.029233870967741937,0.03072368421052632,0.030199004975124382,0.0,0.0,0.1,0.6105457900918615,10
0.07484662576687118,0.07153846153846154,0.013274336283185842,0.03399398336577597,0.030208333333333337,0.02269736842105263,0.028457711442786072,0.0,0.1,0.0,0.6249831798485335,9
0.07484662576687118,0.07384615384615384,0.015044247787610623,0.040240665368961245,0.030678763440860218,0.038157894736842106,0.034527363184079604,0.0,0.0,0.1,0.5926582858686212,10
0.07484662576687118,0.07076923076923078,0.014159292035398232,0.03539196602371262,0.0331989247311828,0.02592105263157895,0.027363184079601994,0.0,0.0,0.1,0.6183497239624235,10
0.07546012269938651,0.07307692307692307,0.013716814159292037,0.03553353388780747,0.030073924731182797,0.025394736842105265,0.02880597014925373,0.1,0.0,0.0,0.6179379744540491,10
0.07546012269938651,0.07230769230769231,0.014601769911504426,0.03992213767474783,0.03000672043010753,0.02888157894736842,0.033830845771144286,0.0,0.0,0.1,0.6049891322580487,10
0.07546012269938651,0.07692307692307693,0.015044247787610623,0.0373031321889931,0.032560483870967744,0.030000000000000002,0.029353233830845774,0.0,0.0,0.1,0.6033557026991193,10
0.07546012269938651,0.07307692307692307,0.014601769911504426,0.036205981242258004,0.03296370967741936,0.02572368421052632,0.030199004975124382,0.1,0.0,0.0,0.6117688042068579,12
0.07546012269938651,0.07307692307692307,0.015044247787610623,0.039957529640771546,0.0322244623655914,0.03973684210526316,0.02985074626865672,0.0,0.0,0.1,0.594649126055797,10
0.07546012269938651,0.07384615384615384,0.015486725663716814,0.039568218014510714,0.029973118279569895,0.04203947368421053,0.02985074626865672,0.0,0.0,0.1,0.593775441543795,9
0.07546012269938651,0.07307692307692307,0.013716814159292037,0.03946204211643957,0.03252688172043011,0.027828947368421054,0.035323383084577116,0.1,0.0,0.0,0.6026048857745305,10
0.07607361963190186,0.07846153846153846,0.015486725663716814,0.04535480445938772,0.038407258064516135,0.03138157894736842,0.038805970149253737,0.0,0.0,0.1,0.5760285046223168,10
0.07607361963190186,0.07615384615384616,0.01592920353982301,0.04443461334277119,0.03874327956989248,0.03342105263157895,0.035323383084577116,0.0,0.0,0.1,0.5799210020456093,12
0.07607361963190186,0.07692307692307693,0.013274336283185842,0.04576181206866042,0.040053763440860216,0.04125,0.03522388059701493,0.1,0.0,0.0,0.5714395110552998,10
0.07607361963190186,0.07307692307692307,0.014159292035398232,0.0399752256237834,0.031115591397849467,0.03532894736842106,0.032835820895522394,0.1,0.0,0.0,0.5974345799702004,10
0.0766871165644172,0.07,0.015044247787610623,0.038294107237657055,0.0332997311827957,0.030855263157894736,0.03134328358208956,0.0,0.0,0.1,0.6044762504875352,9
0.0766871165644172,0.0776923076923077,0.015486725663716814,0.04070076092726951,0.03679435483870968,0.03368421052631579,0.03029850746268657,0.1,0.0,0.0,0.5886560163245768,11
0.0766871165644172,0.07923076923076923,0.014159292035398232,0.04473544505397275,0.038407258064516135,0.04289473684210526,0.03194029850746269,0.1,0.0,0.0,0.5719450837013585,9
0.0766871165644172,0.07384615384615384,0.013716814159292037,0.04259423110953814,0.039415322580645167,0.031447368421052634,0.031691542288557216,0.1,0.0,0.0,0.5906014510303438,12
0.07730061349693253,0.07461538461538461,0.015044247787610623,0.04673509113431251,0.039952956989247314,0.04539473684210526,0.034328358208955224,0.1,0.0,0.0,0.5666286109254519,9
0.07730061349693253,0.0776923076923077,0.01592920353982301,0.04501858078216245,0.04049059139784947,0.03881578947368421,0.03134328358208956,0.0,0.1,0.0,0.5734096300351511,11
0.07730061349693253,0.07461538461538461,0.012831858407079646,0.0375862679171828,0.03403897849462365,0.023486842105263157,0.03348258706467662,0.0,0.0,0.1,0.606657467898857,12
0.07730061349693253,0.07307692307692307,0.012831858407079646,0.03753317996814723,0.03471102150537635,0.02888157894736842,0.02786069651741294,0.0,0.1,0.0,0.6078041280807598,10
0.07730061349693253,0.07615384615384616,0.014159292035398232,0.03868341886391789,0.0334005376344086,0.029078947368421055,0.03134328358208956,0.0,0.0,0.1,0.599880060864986,12
0.07791411042944786,0.07538461538461538,0.014159292035398232,0.03896655459210759,0.03588709677419355,0.024539473684210528,0.03437810945273632,0.0,0.0,0.1,0.5987707476472905,10
0.07791411042944786,0.07692307692307693,0.014601769911504426,0.05165457441160857,0.047379032258064516,0.03480263157894737,0.038805970149253737,0.1,0.0,0.0,0.5579188343380966,9
0.07791411042944786,0.07615384615384616,0.015486725663716814,0.04285967085471598,0.047513440860215056,0.035855263157894744,0.03213930348258707,0.1,0.0,0.0,0.5720776393975763,9
0.07791411042944786,0.07307692307692307,0.015044247787610623,0.04224031144930101,0.03497983870967742,0.03546052631578948,0.036467661691542294,0.0,0.0,0.1,0.5848163805397082,10
0.07791411042944786,0.07846153846153846,0.013716814159292037,0.03489647849938064,0.027217741935483875,0.02967105263157895,0.03084577114427861,0.0,0.0,0.1,0.6072764927389995,10
0.07852760736196321,0.08692307692307691,0.02035398230088496,0.053831180322066886,0.04327956989247312,0.048947368421052635,0.04039800995024876,0.0,0.0,0.1,0.5277392048282336,15
0.07852760736196321,0.08076923076923077,0.01592920353982301,0.04648734737214652,0.032694892473118284,0.03940789473684211,0.04054726368159204,0.0,0.0,0.1,0.5656365600652841,10
0.07914110429447854,0.07846153846153846,0.014159292035398232,0.041886391789063886,0.037365591397849465,0.03138157894736842,0.034328358208955224,0.0,0.0,0.1,0.5832761448653477,11
0.07914110429447854,0.07692307692307693,0.017256637168141596,0.04958414439922138,0.04143145161290323,0.04625,0.037064676616915426,0.0,0.0,0.1,0.5523489089852629,10
0.07914110429447854,0.08076923076923077,0.014159292035398232,0.053353388780746774,0.05010080645161291,0.03223684210526316,0.04303482587064677,0.0,0.0,0.1,0.5472045096926228,11
0.07975460122699388,0.0776923076923077,0.014601769911504426,0.04105468058750664,0.03215725806451613,0.03605263157894737,0.034726368159203984,0.1,0.0,0.0,0.5839603827790198,11
0.07975460122699388,0.09076923076923077,0.01946902654867257,0.058821447531410366,0.05174731182795699,0.04973684210526316,0.04328358208955224,0.1,0.0,0.0,0.50641795790092,11
0.07975460122699388,0.08076923076923077,0.015486725663716814,0.054379755795434435,0.04613575268817205,0.04717105263157895,0.040298507462686574,0.0,0.0,0.1,0.5360043737621865,11
0.07975460122699388,0.07846153846153846,0.0168141592920354,0.05457441160856486,0.04808467741935484,0.04914473684210526,0.0373134328358209,0.0,0.0,0.1,0.5358524423135864,9
0.07975460122699388,0.07846153846153846,0.015044247787610623,0.05545921075915767,0.048689516129032266,0.045921052631578946,0.03890547263681592,0.1,0.0,0.0,0.5377643603672723,10
0.08036809815950922,0.08076923076923077,0.0168141592920354,0.0481153778092373,0.03790322580645161,0.04230263157894737,0.03965174129353234,0.1,0.0,0.0,0.554075535291056,10
0.08036809815950922,0.08230769230769232,0.018141592920353982,0.0582020881259954,0.04909274193548388,0.04730263157894737,0.04577114427860697,0.0,0.0,0.1,0.5188140106934108,13
0.08036809815950922,0.08,0.0168141592920354,0.05147761458149,0.04032258064516129,0.050855263157894744,0.03810945273631841,0.1,0.0,0.0,0.542052831427591,10
0.08036809815950922,0.07538461538461538,0.015486725663716814,0.048079985843213595,0.04297715053763441,0.038684210526315786,0.03631840796019901,0.0,0.0,0.1,0.5627008059247958,10
0.08098159509202456,0.07615384615384616,0.018584070796460177,0.05478676340470714,0.04865591397849463,0.04638157894736842,0.03905472636815921,0.1,0.0,0.0,0.5354015052589397,10
0.08098159509202456,0.07923076923076923,0.015044247787610623,0.04731905857370377,0.04133064516129033,0.04111842105263158,0.03557213930348259,0.1,0.0,0.0,0.5594031237984873,10
0.08159509202453989,0.08153846153846155,0.01592920353982301,0.05276942134135552,0.042641129032258064,0.045000000000000005,0.04328358208955224,0.1,0.0,0.0,0.5372431104340097,10
0.08220858895705524,0.08153846153846155,0.019911504424778764,0.05526455494602726,0.04233870967741936,0.06407894736842105,0.037064676616915426,0.1,0.0,0.0,0.5175945564709213,11
0.08220858895705524,0.0776923076923077,0.015486725663716814,0.03590514953105645,0.02940188172043011,0.03565789473684211,0.037263681592039806,0.1,0.0,0.0,0.5863837701065517,10
0.08282208588957057,0.08384615384615385,0.016371681415929203,0.061493540966200674,0.05887096774193549,0.04125,0.04666666666666667,0.0,0.0,0.1,0.5086789034735435,13
0.08404907975460124,0.08384615384615385,0.018141592920353982,0.06344009909750487,0.054737903225806454,0.05473684210526316,0.045870646766169164,0.0,0.0,0.1,0.4951776822841474,9
0.08527607361963191,0.08692307692307691,0.0168141592920354,0.062413732082817204,0.05016801075268818,0.052500000000000005,0.04950248756218906,0.1,0.0,0.0,0.49640245976756137,11
0.08588957055214724,0.08384615384615385,0.011504424778761064,0.05506989913289684,0.04519489247311828,0.049210526315789475,0.019402985074626868,0.1,0.0,0.0,0.5498815478265063,12
0.08650306748466259,0.08692307692307691,0.045575221238938056,0.07821624491240489,0.07442876344086022,0.06401315789473684,0.0509452736318408,0.0,0.0,0.1,0.4133951944734796,10
0.08650306748466259,0.08538461538461539,0.019026548672566375,0.07577419925676872,0.07032930107526882,0.05039473684210526,0.05253731343283583,0.0,0.0,0.1,0.46005021785117706,11
0.08650306748466259,0.08769230769230768,0.01592920353982301,0.05430897186338701,0.06451612903225806,0.055197368421052634,0.042786069651741296,0.1,0.0,0.0,0.4930668823147677,12
0.08711656441717792,0.08461538461538462,0.015044247787610623,0.05712263316227217,0.04993279569892473,0.04539473684210526,0.04477611940298508,0.1,0.0,0.0,0.5159975180735396,11
0.0883435582822086,0.08846153846153845,0.015044247787610623,0.06843036630684834,0.061357526881720435,0.05118421052631579,0.05074626865671642,0.1,0.0,0.0,0.47643228309704133,13
0.0883435582822086,0.08846153846153845,0.019026548672566375,0.07690674216952752,0.06394489247311828,0.07421052631578948,0.05338308457711443,0.0,0.0,0.1,0.4357231090481368,12
0.08895705521472394,0.0923076923076923,0.01769911504424779,0.061475844983188824,0.04684139784946237,0.04717105263157895,0.05920398009950249,0.1,0.0,0.0,0.4863438618696033,11
0.08957055214723927,0.08923076923076922,0.0168141592920354,0.061493540966200674,0.045598118279569895,0.05717105263157895,0.05174129353233831,0.1,0.0,0.0,0.48838051392026827,11
0.09018404907975462,0.08692307692307691,0.018141592920353982,0.0752964077154486,0.06377688172043011,0.06052631578947369,0.05621890547263682,0.1,0.0,0.0,0.4489327703788253,12
0.09141104294478529,0.08769230769230768,0.019026548672566375,0.0796319235533534,0.07772177419354839,0.05868421052631579,0.05552238805970151,0.1,0.0,0.0,0.4303098043574215,9
0.09202453987730062,0.09384615384615384,0.02079646017699115,0.08878074677048312,0.08279569892473118,0.06828947368421052,0.06089552238805971,0.1,0.0,0.0,0.39257140433206994,14
0.1,0.1,0.022123893805309738,0.07980888338347195,0.05984543010752688,0.05526315789473684,0.07935323383084578,0.1,0.0,0.0,0.4036054009781088,14
0.017177914110429453,0.016153846153846154,0.0030973451327433632,0.0004954875243319767,0.0003696236559139785,0.0003289473684210527,0.00039800995024875626,0.0,0.1,0.0,0.8619788261040653,3
0.02822085889570553,0.025384615384615387,0.005309734513274336,0.0018226862502211997,0.0012768817204301076,0.0019078947368421054,0.003582089552238806,0.0,0.1,0.0,0.8324952389466725,4
0.04478527607361964,0.04076923076923077,0.011946902654867258,0.007839320474252344,0.007056451612903226,0.0061842105263157894,0.006019900497512438,0.0,0.1,0.0,0.7753987073912986,7
0.04478527607361964,0.03923076923076923,0.007079646017699116,0.0070253052557069555,0.005275537634408602,0.004539473684210527,0.0052736318407960205,0.0,0.1,0.0,0.7867903602627899,5
0.04539877300613498,0.04153846153846154,0.0084070796460177,0.008210936117501328,0.008904569892473119,0.005394736842105264,0.006119402985074627,0.0,0.1,0.0,0.7760260399722314,6
0.04601226993865031,0.04307692307692308,0.007522123893805311,0.011166165280481331,0.012567204301075269,0.0060526315789473685,0.006666666666666668,0.0,0.1,0.0,0.7669360152634507,7
0.04723926380368099,0.04615384615384615,0.007964601769911504,0.008741815607857016,0.00823252688172043,0.005789473684210527,0.006716417910447762,0.0,0.1,0.0,0.7691620541883256,5
0.04846625766871167,0.045384615384615384,0.007964601769911504,0.010706069722173066,0.00961021505376344,0.00875,0.007611940298507464,0.0,0.1,0.0,0.7615063001023175,5
0.049079754601227,0.04461538461538461,0.009734513274336285,0.011643956821801452,0.01263440860215054,0.005986842105263158,0.008208955223880599,0.0,0.1,0.0,0.7580961847559563,6
0.049079754601227,0.04615384615384615,0.007964601769911504,0.009962838435675102,0.007963709677419354,0.008026315789473685,0.007960199004975126,0.0,0.1,0.0,0.7628887345674721,7
0.04969325153374234,0.047692307692307694,0.0084070796460177,0.012121748363121573,0.011995967741935483,0.008421052631578947,0.008507462686567166,0.0,0.1,0.0,0.7531611297047291,8
0.04969325153374234,0.04461538461538461,0.007964601769911504,0.009998230401698813,0.007526881720430108,0.009868421052631578,0.008109452736318409,0.0,0.1,0.0,0.7622237761698827,7
0.04969325153374234,0.04615384615384615,0.009292035398230088,0.010759157671208636,0.009778225806451614,0.008026315789473685,0.00800995024875622,0.0,0.1,0.0,0.7582872173982913,6
0.05030674846625768,0.04923076923076923,0.0084070796460177,0.010281366129888515,0.009475806451612903,0.008289473684210527,0.007263681592039801,0.0,0.1,0.0,0.7567450747992037,5
0.05092024539877301,0.04846153846153846,0.01017699115044248,0.013785170766236065,0.013541666666666669,0.008552631578947369,0.010248756218905473,0.0,0.0,0.1,0.7443129997584905,9
0.05214723926380369,0.05230769230769231,0.009292035398230088,0.01376747478322421,0.013541666666666669,0.011907894736842105,0.008756218905472637,0.0,0.1,0.0,0.7382797779380683,6
0.052760736196319026,0.05230769230769231,0.009292035398230088,0.015590161033445408,0.016028225806451614,0.009802631578947368,0.010696517412935324,0.0,0.1,0.0,0.7335220002659788,6
0.0539877300613497,0.05230769230769231,0.009292035398230088,0.013059635462749956,0.011021505376344087,0.010526315789473686,0.01009950248756219,0.0,0.1,0.0,0.739705583116598,5
0.0539877300613497,0.04923076923076923,0.010619469026548672,0.01615643248982481,0.016364247311827958,0.012105263157894737,0.010199004975124378,0.0,0.0,0.1,0.7313370837466605,8
0.0539877300613497,0.05615384615384615,0.009734513274336285,0.015802512829587684,0.014314516129032258,0.011710526315789473,0.01129353233830846,0.0,0.1,0.0,0.72700282289775,9
0.05521472392638038,0.05153846153846154,0.011061946902654869,0.015837904795611396,0.0145497311827957,0.016578947368421054,0.010945273631840797,0.0,0.0,0.1,0.7242730106538342,6
0.055828220858895716,0.05153846153846154,0.011946902654867258,0.01773137497788002,0.01841397849462366,0.013092105263157896,0.010597014925373136,0.0,0.1,0.0,0.7208519412867408,7
0.05644171779141106,0.054615384615384614,0.009734513274336285,0.015430897186338702,0.013272849462365593,0.012631578947368423,0.012437810945273632,0.0,0.1,0.0,0.7254352477775217,8
0.057668711656441725,0.05307692307692307,0.012389380530973453,0.016333392319943373,0.015389784946236561,0.014539473684210527,0.011542288557213932,0.0,0.1,0.0,0.7190600452280573,9
0.057668711656441725,0.05384615384615384,0.011061946902654869,0.015271633339231995,0.012768817204301076,0.015328947368421055,0.011691542288557214,0.0,0.1,0.0,0.7223622473942383,6
0.057668711656441725,0.054615384615384614,0.010619469026548672,0.013041939479738099,0.008467741935483872,0.01098684210526316,0.013582089552238809,0.0,0.1,0.0,0.731017821628901,6
0.058282208588957066,0.05692307692307692,0.011061946902654869,0.02296938594938949,0.02331989247311828,0.017894736842105265,0.014129353233830846,0.0,0.0,0.1,0.6954193990868672,8
0.058282208588957066,0.05615384615384615,0.01017699115044248,0.016244912404884092,0.014616935483870969,0.012236842105263159,0.011592039800995027,0.0,0.1,0.0,0.7206962243117411,7
0.058282208588957066,0.05615384615384615,0.01017699115044248,0.020031852769421342,0.01888440860215054,0.015394736842105265,0.013283582089552241,0.1,0.0,0.0,0.7077923738035249,7
0.0588957055214724,0.05538461538461538,0.011061946902654869,0.01918244558485224,0.018783602150537638,0.013486842105263158,0.014626865671641792,0.0,0.1,0.0,0.7085779766789625,7
0.05950920245398774,0.05846153846153846,0.010619469026548672,0.01672270394620421,0.01394489247311828,0.014144736842105264,0.014626865671641792,0.0,0.1,0.0,0.7119705911248556,6
0.05950920245398774,0.060000000000000005,0.007522123893805311,0.02277473013625907,0.019791666666666666,0.013552631578947368,0.019701492537313434,0.0,0.0,0.1,0.6971481527330203,8
0.05950920245398774,0.05692307692307692,0.011504424778761064,0.01861617412847284,0.0167002688172043,0.01381578947368421,0.0154726368159204,0.0,0.0,0.1,0.7074584266088926,6
0.060736196319018415,0.05846153846153846,0.010619469026548672,0.02027959653158733,0.017842741935483873,0.016907894736842108,0.014328358208955224,0.1,0.0,0.0,0.7008242047800259,7
0.06196319018404909,0.05923076923076923,0.009292035398230088,0.019554061228101223,0.01606182795698925,0.01638157894736842,0.0154726368159204,0.0,0.0,0.1,0.7020439002385723,9
0.06196319018404909,0.05846153846153846,0.011946902654867258,0.024261192709255,0.024260752688172044,0.020592105263157894,0.01601990049751244,0.1,0.0,0.0,0.6824944175414478,9
0.06319018404907976,0.06076923076923077,0.011061946902654869,0.01967793310918422,0.01811155913978495,0.012631578947368423,0.016915422885572143,0.0,0.1,0.0,0.6976421441971249,8
0.06319018404907976,0.06538461538461539,0.012831858407079646,0.033144576181206864,0.0334005376344086,0.02381578947368421,0.02174129353233831,0.0,0.0,0.1,0.6464911453375872,8
0.06319018404907976,0.06153846153846154,0.011061946902654869,0.01990798088833835,0.016801075268817207,0.01638157894736842,0.016915422885572143,0.0,0.1,0.0,0.6942033495197077,7
0.06380368098159511,0.06153846153846154,0.011061946902654869,0.019784109007255357,0.01706989247311828,0.01828947368421053,0.01482587064676617,0.0,0.0,0.1,0.6936265647659382,8
0.06441717791411045,0.06153846153846154,0.012389380530973453,0.025499911520084944,0.02476478494623656,0.019078947368421053,0.017263681592039802,0.0,0.0,0.1,0.6750476545896722,8
0.06503067484662578,0.06615384615384615,0.011504424778761064,0.02493364006370554,0.023252688172043012,0.01861842105263158,0.018805970149253733,0.0,0.1,0.0,0.6717003347831332,9
0.06503067484662578,0.06153846153846154,0.011061946902654869,0.02680941426296231,0.026747311827956994,0.01986842105263158,0.017412935323383085,0.0,0.0,0.1,0.6715308342453238,8
0.0668711656441718,0.06307692307692307,0.012389380530973453,0.026207750840559197,0.023958333333333335,0.023355263157894737,0.02019900497512438,0.1,0.0,0.0,0.66394217844102,9
0.06748466257668713,0.06615384615384615,0.012389380530973453,0.029729251459918598,0.02520161290322581,0.02868421052631579,0.019353233830845775,0.1,0.0,0.0,0.6510038020181873,8
0.06748466257668713,0.06538461538461539,0.014159292035398232,0.028065829056804107,0.02305107526881721,0.026776315789473683,0.021393034825870648,0.0,0.0,0.1,0.6536851750623336,9
0.06871165644171781,0.06615384615384615,0.013274336283185842,0.03095027428773669,0.030443548387096776,0.02118421052631579,0.021890547263681594,0.1,0.0,0.0,0.6473915806564193,8
0.06871165644171781,0.06692307692307692,0.013274336283185842,0.03084409838966555,0.031955645161290326,0.024144736842105264,0.018258706467661694,0.1,0.0,0.0,0.6458877434912966,9
0.06993865030674848,0.06846153846153846,0.013274336283185842,0.034949566448416215,0.03387096774193549,0.027236842105263157,0.02477611940298508,0.0,0.0,0.1,0.6274919792499273,8
0.07055214723926381,0.07153846153846154,0.013274336283185842,0.03822332330560963,0.039986559139784945,0.027171052631578946,0.023681592039800997,0.0,0.0,0.1,0.6155725278223143,9
0.07055214723926381,0.07076923076923078,0.014601769911504426,0.0324013448947089,0.026915322580645166,0.03243421052631579,0.02373134328358209,0.0,0.0,0.1,0.6285946307947491,8
0.07116564417177915,0.07076923076923078,0.015486725663716814,0.041231640417625205,0.043682795698924734,0.029013157894736845,0.03039800995024876,0.1,0.0,0.0,0.5982527954337377,9
0.07116564417177915,0.06692307692307692,0.012389380530973453,0.03372854362059812,0.03192204301075269,0.028486842105263158,0.02084577114427861,0.1,0.0,0.0,0.6345386984932779,9
0.07177914110429448,0.07,0.013274336283185842,0.03206512121748363,0.02752016129032258,0.030263157894736846,0.023233830845771148,0.0,0.0,0.1,0.6318642513642054,8
0.07239263803680983,0.06769230769230769,0.013274336283185842,0.030879490355689262,0.026008064516129036,0.028289473684210528,0.02437810945273632,0.0,0.0,0.1,0.6370855799789316,8
0.07239263803680983,0.07153846153846154,0.013274336283185842,0.04073615289329322,0.04119623655913979,0.031447368421052634,0.02502487562189055,0.1,0.0,0.0,0.6043899306461666,9
0.07239263803680983,0.07076923076923078,0.012831858407079646,0.035055742346487354,0.030443548387096776,0.029013157894736845,0.027363184079601994,0.1,0.0,0.0,0.6221306400789568,8
0.07300613496932516,0.07,0.014159292035398232,0.036807644664661125,0.03037634408602151,0.03493421052631579,0.028656716417910448,0.1,0.0,0.0,0.6120596573003677,9
0.0736196319018405,0.07,0.013716814159292037,0.03344540789240842,0.02933467741935484,0.02743421052631579,0.024875621890547265,0.0,0.0,0.1,0.6275736362102411,8
0.0736196319018405,0.07153846153846154,0.01769911504424779,0.04455848522385418,0.04304435483870968,0.026118421052631582,0.035522388059701496,0.0,0.0,0.1,0.5878991423405533,9
0.07423312883435584,0.07461538461538461,0.014601769911504426,0.033675455671562556,0.03047715053763441,0.025394736842105265,0.02751243781094528,0.1,0.0,0.0,0.6194899357765077,11
0.07423312883435584,0.07461538461538461,0.014159292035398232,0.04250575119447886,0.0280241935483871,0.03782894736842105,0.037810945273631845,0.1,0.0,0.0,0.5908223571299425,9
0.07423312883435584,0.07923076923076923,0.015044247787610623,0.04562024420456556,0.04032258064516129,0.03875,0.032985074626865674,0.1,0.0,0.0,0.5738139546706718,9
0.07484662576687118,0.07461538461538461,0.015044247787610623,0.038948858609095735,0.034442204301075266,0.030131578947368422,0.030348258706467665,0.1,0.0,0.0,0.6016228412661265,11
0.07546012269938651,0.07307692307692307,0.011504424778761064,0.029817731374977882,0.023723118279569893,0.02519736842105263,0.024975124378109455,0.0,0.1,0.0,0.6362451869912195,8
0.07607361963190186,0.07461538461538461,0.013716814159292037,0.03712617235887453,0.031048387096774197,0.030394736842105266,0.024875621890547265,0.0,0.0,0.1,0.6121492634051202,10
0.07607361963190186,0.06692307692307692,0.013716814159292037,0.03581666961599717,0.03205645161290323,0.03105263157894737,0.027363184079601994,0.1,0.0,0.0,0.6169975523982795,8
0.07607361963190186,0.07384615384615384,0.014601769911504426,0.03795788356043178,0.03235887096774193,0.030921052631578946,0.031044776119402987,0.0,0.0,0.1,0.6031958733312842,9
0.0766871165644172,0.08,0.015486725663716814,0.049920368076446654,0.046438172043010754,0.04236842105263158,0.03447761194029851,0.0,0.0,0.1,0.5546215846594785,10
0.0766871165644172,0.07230769230769231,0.01592920353982301,0.04020527340293753,0.03030913978494624,0.04269736842105264,0.030348258706467665,0.0,0.0,0.1,0.5915159472726634,11
0.07730061349693253,0.07230769230769231,0.012831858407079646,0.038948858609095735,0.03494623655913979,0.034210526315789476,0.027462686567164184,0.0,0.0,0.1,0.6019915277371063,9
0.07730061349693253,0.07692307692307693,0.015486725663716814,0.039302778269332865,0.03138440860215054,0.035263157894736843,0.0327363184079602,0.1,0.0,0.0,0.5916029207420933,10
0.07730061349693253,0.07,0.013274336283185842,0.040046009555830826,0.0323252688172043,0.036118421052631584,0.030348258706467665,0.0,0.0,0.1,0.6005870920877473,9
0.07730061349693253,0.07384615384615384,0.013274336283185842,0.04498318881613873,0.04438844086021505,0.03190789473684211,0.03084577114427861,0.0,0.0,0.1,0.5834536008162533,11
0.07730061349693253,0.07538461538461538,0.019911504424778764,0.04728366660768006,0.045732526881720435,0.034078947368421056,0.032288557213930355,0.1,0.0,0.0,0.5680195686219215,10
0.07791411042944786,0.0776923076923077,0.012831858407079646,0.040152185453901965,0.03393817204301076,0.03493421052631579,0.03134328358208956,0.1,0.0,0.0,0.5911938718658467,10
0.07791411042944786,0.07846153846153846,0.016371681415929203,0.04629269155901611,0.036559139784946244,0.041842105263157896,0.03751243781094528,0.0,0.0,0.1,0.5650462952750189,8
0.07852760736196321,0.07923076923076923,0.018141592920353982,0.054273579897363304,0.044590053763440864,0.044013157894736844,0.0400497512437811,0.1,0.0,0.0,0.5411734876875914,9
0.07914110429447854,0.07923076923076923,0.015486725663716814,0.05471597947265971,0.047278225806451614,0.04802631578947369,0.04129353233830846,0.1,0.0,0.0,0.534827347404142,10
0.07914110429447854,0.07846153846153846,0.013716814159292037,0.054468235710493716,0.04304435483870968,0.04717105263157895,0.042786069651741296,0.0,0.0,0.1,0.5412108302521673,11
0.07914110429447854,0.0776923076923077,0.014601769911504426,0.04664661121925323,0.03696236559139786,0.03967105263157895,0.03333333333333334,0.1,0.0,0.0,0.571951455326146,11
0.07975460122699388,0.08384615384615385,0.015486725663716814,0.05395505220314989,0.0396505376344086,0.04289473684210526,0.049253731343283584,0.1,0.0,0.0,0.5351584612401881,10
0.07975460122699388,0.07923076923076923,0.015486725663716814,0.051884622190762696,0.04549731182795699,0.040065789473684214,0.03980099502487563,0.0,0.0,0.1,0.5482791853612405,10
0.07975460122699388,0.07692307692307693,0.014159292035398232,0.048929393027782694,0.04717741935483871,0.04,0.03179104477611941,0.1,0.0,0.0,0.5612651726557902,9
0.07975460122699388,0.07461538461538461,0.012389380530973453,0.04158556007786233,0.03192204301075269,0.03203947368421053,0.021393034825870648,0.0,0.0,0.1,0.6063005220279519,8
0.08036809815950922,0.08307692307692308,0.019026548672566375,0.05505220314988498,0.04670698924731183,0.03894736842105263,0.04417910447761195,0.1,0.0,0.0,0.53264276479514,11
0.08036809815950922,0.07846153846153846,0.019026548672566375,0.06312157140329146,0.05971102150537635,0.05388157894736842,0.04174129353233831,0.0,0.0,0.1,0.5036883493180114,11
0.08098159509202456,0.0776923076923077,0.014601769911504426,0.048628561316581144,0.03958333333333333,0.046184210526315786,0.034328358208955224,0.0,0.0,0.1,0.5579998639189778,10
0.08159509202453989,0.07923076923076923,0.01592920353982301,0.04915944080693683,0.039952956989247314,0.04263157894736842,0.03930348258706468,0.1,0.0,0.0,0.5521974758742506,10
0.08220858895705524,0.08384615384615385,0.01769911504424779,0.06025482215537073,0.05598118279569893,0.049210526315789475,0.04079601990049751,0.0,0.0,0.1,0.5100035909851864,11
0.08220858895705524,0.07846153846153846,0.015486725663716814,0.05402583613519731,0.043750000000000004,0.058881578947368424,0.034328358208955224,0.0,0.0,0.1,0.5328573736261685,10
0.08220858895705524,0.07692307692307693,0.0168141592920354,0.05376039639001946,0.04139784946236559,0.05105263157894737,0.04129353233830846,0.0,0.0,0.1,0.5365497650581916,10
0.08343558282208591,0.07692307692307693,0.016371681415929203,0.06161741284728367,0.05151209677419355,0.04282894736842106,0.04661691542288558,0.1,0.0,0.0,0.520694286426124,12
0.08343558282208591,0.07923076923076923,0.015044247787610623,0.05703415324721288,0.056552419354838714,0.04026315789473684,0.03930348258706468,0.0,0.0,0.1,0.5291361870756811,11
0.08466257668711658,0.08076923076923077,0.01769911504424779,0.06308617943726774,0.06159274193548387,0.043750000000000004,0.045870646766169164,0.0,0.0,0.1,0.5025695093604841,12
0.08588957055214724,0.08461538461538462,0.015044247787610623,0.05960007078393205,0.05063844086021505,0.04296052631578948,0.0318407960199005,0.1,0.0,0.0,0.5294109630650204,11
0.08588957055214724,0.08538461538461539,0.01769911504424779,0.06575827287205804,0.04905913978494624,0.048223684210526314,0.05920398009950249,0.0,0.0,0.1,0.4887816220519565,11
0.08650306748466259,0.08615384615384616,0.014601769911504426,0.059281543089718634,0.05356182795698925,0.05388157894736842,0.03860696517412936,0.0,0.0,0.1,0.5074094012817811,10
0.0883435582822086,0.08692307692307691,0.01769911504424779,0.07451778446292692,0.06834677419354838,0.04776315789473684,0.0491542288557214,0.0,0.0,0.1,0.46725230434353315,12
0.08895705521472394,0.08846153846153845,0.021238938053097345,0.07821624491240489,0.09079301075268818,0.05434210526315789,0.04990049751243781,0.0,0.0,0.1,0.4280906098299515,13
0.09079754601226996,0.08769230769230768,0.01592920353982301,0.06627145637940188,0.06125672043010753,0.05618421052631579,0.044378109452736327,0.0,0.0,0.1,0.4774904459670377,10
0.09202453987730062,0.08461538461538462,0.01592920353982301,0.06699699168288799,0.06330645161290323,0.052236842105263165,0.04427860696517413,0.0,0.0,0.1,0.48061197960126323,11
0.025766871165644176,0.026153846153846156,0.003982300884955752,0.0016811183861263493,0.0012768817204301076,0.0014473684210526317,0.0012935323383084579,0.0,0.1,0.0,0.8383980809296363,5
0.03496932515337424,0.03230769230769231,0.004867256637168142,0.003574588568394975,0.0027889784946236564,0.002236842105263158,0.003333333333333334,0.0,0.1,0.0,0.8159219834001502,5
0.036196319018404914,0.03307692307692307,0.0061946902654867264,0.004282427888869227,0.003158602150537635,0.0020394736842105263,0.004029850746268657,0.0,0.1,0.0,0.8110217131692993,6
0.03680981595092025,0.03538461538461539,0.007522123893805311,0.004140860024774377,0.0033602150537634413,0.0023026315789473686,0.004129353233830847,0.0,0.1,0.0,0.806350384879343,6
0.03742331288343559,0.03461538461538462,0.007964601769911504,0.005184923022473898,0.004233870967741936,0.004473684210526316,0.004129353233830847,0.0,0.1,0.0,0.8019748692966953,6
0.04110429447852762,0.03923076923076923,0.007079646017699116,0.00594585029198372,0.005309139784946237,0.004671052631578947,0.0049751243781094535,0.0,0.1,0.0,0.7916841231863856,5
0.04294478527607362,0.04,0.006637168141592921,0.006370553884268271,0.006048387096774193,0.003223684210526316,0.005472636815920398,0.0,0.1,0.0,0.7893027845748443,5
0.04355828220858896,0.04153846153846154,0.006637168141592921,0.006282073969208989,0.005309139784946237,0.0041447368421052636,0.0053731343283582094,0.0,0.1,0.0,0.7871570031867379,6
0.04355828220858896,0.04,0.007964601769911504,0.0070253052557069555,0.00480510752688172,0.006513157894736843,0.005771144278606966,0.0,0.1,0.0,0.784362401065567,7
0.0441717791411043,0.04153846153846154,0.0084070796460177,0.007078393204742524,0.0049059139784946235,0.00736842105263158,0.006069651741293533,0.0,0.1,0.0,0.7804602996972542,8
0.0441717791411043,0.04230769230769231,0.006637168141592921,0.007803928508228633,0.006619623655913979,0.005789473684210527,0.006567164179104479,0.0,0.1,0.0,0.7801031703821528,7
0.0441717791411043,0.04076923076923077,0.006637168141592921,0.006529817731374978,0.005577956989247313,0.004802631578947368,0.005472636815920398,0.0,0.1,0.0,0.786038778832582,7
0.04478527607361964,0.04153846153846154,0.007522123893805311,0.007874712440276058,0.0062836021505376346,0.006907894736842105,0.006567164179104479,0.0,0.1,0.0,0.7785207649873532,7
0.04539877300613498,0.04153846153846154,0.0084070796460177,0.007697752610157494,0.006518817204301076,0.0060526315789473685,0.006467661691542289,0.0,0.1,0.0,0.7779188227244376,6
0.04601226993865031,0.04307692307692308,0.007079646017699116,0.007662360644133782,0.0062836021505376346,0.012171052631578947,0.006965174129353235,0.0,0.1,0.0,0.7707489714111239,7
0.04662576687116565,0.04384615384615384,0.0084070796460177,0.008600247743762167,0.006014784946236559,0.00875,0.00746268656716418,0.0,0.1,0.0,0.7702932803795,7
0.04662576687116565,0.04461538461538461,0.008849557522123895,0.00838789594761989,0.007258064516129033,0.005197368421052632,0.008159203980099504,0.0,0.1,0.0,0.7709067581264248,6
0.04723926380368099,0.04461538461538461,0.007964601769911504,0.008370199964608034,0.006720430107526883,0.006644736842105264,0.007562189054726369,0.0,0.1,0.0,0.7708831938420564,8
0.04723926380368099,0.04307692307692308,0.0084070796460177,0.009095735268094143,0.00799731182795699,0.0077631578947368425,0.006965174129353235,0.0,0.1,0.0,0.769455354353237,7
0.04723926380368099,0.04615384615384615,0.007964601769911504,0.010900725535303486,0.010248655913978496,0.00736842105263158,0.008308457711442787,0.0,0.1,0.0,0.761816028059205,8
0.04785276073619633,0.04615384615384615,0.007964601769911504,0.00891877543797558,0.007157258064516129,0.006973684210526316,0.007960199004975126,0.0,0.1,0.0,0.7670188746220529,7
0.04785276073619633,0.04384615384615384,0.008849557522123895,0.009945142452663246,0.008568548387096775,0.008157894736842105,0.007661691542288558,0.0,0.1,0.0,0.7651182507766352,7
0.04785276073619633,0.04461538461538461,0.008849557522123895,0.007874712440276058,0.006384408602150538,0.006118421052631579,0.007263681592039801,0.0,0.1,0.0,0.7710410734391973,7
0.05030674846625768,0.04615384615384615,0.007964601769911504,0.010759157671208636,0.008669354838709679,0.009342105263157895,0.009502487562189056,0.0,0.1,0.0,0.7573016982747194,8
0.05030674846625768,0.04615384615384615,0.007964601769911504,0.009909750486639534,0.009475806451612903,0.0075657894736842115,0.00746268656716418,0.0,0.1,0.0,0.7611607706308838,8
0.05092024539877301,0.05,0.008849557522123895,0.011077685365422049,0.009341397849462366,0.008223684210526315,0.009601990049751244,0.0,0.1,0.0,0.7519854396039412,7
0.05214723926380369,0.05,0.009734513274336285,0.0112192532295169,0.009072580645161291,0.006315789473684211,0.008955223880597015,0.0,0.1,0.0,0.7525554002329006,8
0.05214723926380369,0.04846153846153846,0.007079646017699116,0.010723765705184922,0.008803763440860216,0.0076973684210526324,0.009452736318407961,0.0,0.1,0.0,0.755633942371453,7
0.05337423312883437,0.05153846153846154,0.008849557522123895,0.011661652804813308,0.008669354838709679,0.009210526315789475,0.010945273631840797,0.0,0.1,0.0,0.7457509402194269,7
0.05337423312883437,0.05,0.009734513274336285,0.012988851530702531,0.010719086021505377,0.010526315789473686,0.010447761194029851,0.0,0.1,0.0,0.7422092390611179,6
0.05521472392638038,0.05230769230769231,0.0084070796460177,0.011484692974694745,0.009307795698924733,0.008421052631578947,0.010447761194029851,0.0,0.1,0.0,0.7444092016206814,8
0.05521472392638038,0.05153846153846154,0.009734513274336285,0.014846929746947443,0.012163978494623657,0.011184210526315791,0.01338308457711443,0.0,0.1,0.0,0.7319340979158204,7
0.055828220858895716,0.05538461538461538,0.01017699115044248,0.01617412847283667,0.01401209677419355,0.011250000000000001,0.014626865671641792,0.0,0.1,0.0,0.7225470816873745,10
0.05644171779141106,0.05384615384615384,0.009734513274336285,0.014156786409485048,0.011827956989247311,0.010921052631578948,0.011990049751243782,0.0,0.1,0.0,0.7310817693065437,7
0.05644171779141106,0.054615384615384614,0.009734513274336285,0.015059281543089718,0.013541666666666669,0.010657894736842106,0.012935323383084578,0.0,0.1,0.0,0.727014217989185,7
0.05705521472392639,0.05692307692307692,0.010619469026548672,0.015448593169350558,0.01263440860215054,0.010723684210526316,0.014626865671641792,0.0,0.1,0.0,0.7219686876727788,9
0.05705521472392639,0.05307692307692307,0.009734513274336285,0.01390904264731906,0.01226478494623656,0.009671052631578947,0.011940298507462687,0.0,0.1,0.0,0.732348170192217,8
0.057668711656441725,0.054615384615384614,0.011061946902654869,0.017660591045832598,0.014112903225806451,0.012960526315789474,0.015422885572139305,0.0,0.1,0.0,0.7164970506659509,8
0.058282208588957066,0.05538461538461538,0.012831858407079646,0.02238541850999823,0.01898521505376344,0.018026315789473685,0.018905472636815922,0.0,0.1,0.0,0.6951988956292966,8
0.058282208588957066,0.05538461538461538,0.008849557522123895,0.015165457441160856,0.013205645161290323,0.013026315789473686,0.011144278606965175,0.0,0.0,0.1,0.7249419215054136,7
0.058282208588957066,0.05538461538461538,0.011061946902654869,0.01735975933463104,0.013776881720430107,0.017171052631578948,0.012437810945273632,0.0,0.1,0.0,0.714525724491859,8
0.0588957055214724,0.05692307692307692,0.011061946902654869,0.01677579189523978,0.012029569892473118,0.013618421052631578,0.017412935323383085,0.0,0.1,0.0,0.7132825524890682,9
0.0588957055214724,0.05692307692307692,0.010619469026548672,0.018970093788709966,0.016868279569892473,0.015000000000000001,0.01492537313432836,0.0,0.1,0.0,0.7077980020359712,8
0.0588957055214724,0.054615384615384614,0.014159292035398232,0.016421872235002657,0.014852150537634409,0.013947368421052632,0.023781094527363187,0.0,0.0,0.1,0.7033271321066918,8
0.05950920245398774,0.057692307692307696,0.011504424778761064,0.021323659529286852,0.0197244623655914,0.016907894736842108,0.01592039800995025,0.0,0.1,0.0,0.6974176504332729,7
0.060122699386503074,0.057692307692307696,0.01017699115044248,0.016333392319943373,0.013709677419354839,0.01243421052631579,0.014228855721393036,0.0,0.1,0.0,0.7153018657837397,8
0.060122699386503074,0.06153846153846154,0.011946902654867258,0.022084586798796674,0.020396505376344087,0.016907894736842108,0.016815920398009953,0.0,0.1,0.0,0.6901870291101753,8
0.060736196319018415,0.05692307692307692,0.011061946902654869,0.0166873119801805,0.01394489247311828,0.011973684210526315,0.01492537313432836,0.0,0.1,0.0,0.7137475180570964,8
0.060736196319018415,0.06153846153846154,0.009292035398230088,0.021305963546274995,0.01683467741935484,0.016644736842105264,0.018905472636815922,0.0,0.1,0.0,0.694742456299739,8
0.061349693251533756,0.06153846153846154,0.010619469026548672,0.02180145107060697,0.017540322580645164,0.01881578947368421,0.019253731343283585,0.0,0.1,0.0,0.6890810817152361,8
0.061349693251533756,0.060000000000000005,0.010619469026548672,0.021075915767120864,0.016498655913978495,0.019342105263157893,0.017213930348258705,0.0,0.1,0.0,0.6939002304294016,8
0.061349693251533756,0.057692307692307696,0.012389380530973453,0.019784109007255357,0.015961021505376344,0.017763157894736845,0.016815920398009953,0.0,0.1,0.0,0.6982444097198066,9
0.06257668711656443,0.06076923076923077,0.011504424778761064,0.021323659529286852,0.01888440860215054,0.01881578947368421,0.016119402985074627,0.0,0.1,0.0,0.6900063967452474,7
0.06319018404907976,0.057692307692307696,0.009734513274336285,0.021465227393381706,0.02019489247311828,0.017236842105263158,0.01492537313432836,0.1,0.0,0.0,0.6955606598781847,6
0.06319018404907976,0.05538461538461538,0.011061946902654869,0.01672270394620421,0.01219758064516129,0.01644736842105263,0.013731343283582092,0.0,0.1,0.0,0.7112642573676498,9
0.06319018404907976,0.05384615384615384,0.009292035398230088,0.016793487878251637,0.014314516129032258,0.01618421052631579,0.012686567164179105,0.0,0.1,0.0,0.7136928450087575,10
0.06319018404907976,0.06076923076923077,0.011061946902654869,0.023482569456733323,0.021505376344086023,0.01842105263157895,0.016915422885572143,0.0,0.1,0.0,0.6846542169610641,8
0.06319018404907976,0.060000000000000005,0.011061946902654869,0.02019111661652805,0.01599462365591398,0.016644736842105264,0.018407960199004977,0.0,0.1,0.0,0.6945094317347131,8
0.06380368098159511,0.06307692307692307,0.012831858407079646,0.02286321005131835,0.019926075268817206,0.020986842105263158,0.016417910447761197,0.0,0.1,0.0,0.6800934996612422,9
0.06380368098159511,0.060000000000000005,0.011504424778761064,0.019624845160148646,0.015826612903225807,0.014407894736842106,0.01885572139303483,0.0,0.1,0.0,0.6959768200463924,7
0.06441717791411045,0.06384615384615384,0.012831858407079646,0.029906211290037163,0.023689516129032258,0.021513157894736845,0.028606965174129355,0.0,0.0,0.1,0.6551889593447204,8
0.06441717791411045,0.060000000000000005,0.010619469026548672,0.02350026543974518,0.020934139784946237,0.019342105263157893,0.01771144278606965,0.0,0.1,0.0,0.6834753997854219,9
0.06441717791411045,0.05846153846153846,0.011946902654867258,0.02176605910458326,0.017540322580645164,0.020921052631578948,0.017412935323383085,0.0,0.1,0.0,0.6875340113292934,8
0.06441717791411045,0.06153846153846154,0.012389380530973453,0.023146345779508054,0.020497311827956992,0.02105263157894737,0.016815920398009953,0.0,0.1,0.0,0.6801427704320322,7
0.06441717791411045,0.06153846153846154,0.013716814159292037,0.02502211997876482,0.018951612903225806,0.02111842105263158,0.02238805970149254,0.0,0.0,0.1,0.6728473327520212,9
0.06503067484662578,0.06461538461538462,0.010619469026548672,0.02111130773314458,0.017170698924731186,0.01855263157894737,0.017611940298507465,0.0,0.1,0.0,0.6852878929761104,7
0.06503067484662578,0.06615384615384615,0.011946902654867258,0.02213767474783224,0.01646505376344086,0.019144736842105263,0.021243781094527365,0.0,0.1,0.0,0.6778773298967551,10
0.06503067484662578,0.06153846153846154,0.012831858407079646,0.019642541143160504,0.013004032258064518,0.017171052631578948,0.019402985074626868,0.0,0.1,0.0,0.6913783941004021,9
0.06503067484662578,0.06461538461538462,0.011504424778761064,0.029605379578835606,0.025168010752688173,0.02197368421052632,0.02477611940298508,0.0,0.1,0.0,0.6573263218141934,11
0.06564417177914111,0.06153846153846154,0.011504424778761064,0.023252521677579192,0.019052419354838708,0.02131578947368421,0.017412935323383085,0.0,0.1,0.0,0.6802792760741511,7
0.06625766871165646,0.06615384615384615,0.015044247787610623,0.029587683595823748,0.025033602150537636,0.02388157894736842,0.023880597014925373,0.0,0.1,0.0,0.6501607756382316,9
0.06625766871165646,0.06538461538461539,0.012389380530973453,0.026260838789594763,0.021505376344086023,0.01835526315789474,0.024875621890547265,0.0,0.1,0.0,0.6649712351906318,9
0.06625766871165646,0.06615384615384615,0.012389380530973453,0.02900371615643249,0.026444892473118282,0.02269736842105263,0.022835820895522392,0.0,0.1,0.0,0.6542173066573981,9
0.06625766871165646,0.07,0.012389380530973453,0.034400990975048666,0.028158602150537636,0.03355263157894737,0.02676616915422886,0.0,0.0,0.1,0.6284745568986075,10
0.06625766871165646,0.06461538461538462,0.012389380530973453,0.022208458679879667,0.01683467741935484,0.015460526315789473,0.023383084577114428,0.0,0.1,0.0,0.678850819149847,9
0.06625766871165646,0.06538461538461539,0.011504424778761064,0.025499911520084944,0.019858870967741936,0.02223684210526316,0.02238805970149254,0.0,0.1,0.0,0.6668696068303845,10
0.06625766871165646,0.06538461538461539,0.011946902654867258,0.024278888692266857,0.023353494623655914,0.020328947368421054,0.02119402985074627,0.0,0.1,0.0,0.6672554527137708,8
0.0668711656441718,0.06153846153846154,0.011504424778761064,0.024278888692266857,0.02207661290322581,0.019144736842105263,0.01791044776119403,0.0,0.1,0.0,0.6766752618398136,9
0.0668711656441718,0.057692307692307696,0.010619469026548672,0.019217837550875954,0.015961021505376344,0.015197368421052633,0.017164179104477612,0.0,0.1,0.0,0.6972766510551893,8
0.0668711656441718,0.06461538461538462,0.011061946902654869,0.025376039639001948,0.024059139784946237,0.01473684210526316,0.021890547263681594,0.0,0.1,0.0,0.6713889340448957,8
0.06748466257668713,0.06692307692307692,0.012389380530973453,0.02698637409308087,0.021975806451612904,0.02217105263157895,0.02577114427860697,0.0,0.0,0.1,0.6562985025143828,10
0.06748466257668713,0.06538461538461539,0.013274336283185842,0.022615466289152363,0.018077956989247315,0.017697368421052635,0.021592039800995028,0.0,0.1,0.0,0.6738735542550642,9
0.06748466257668713,0.06461538461538462,0.011946902654867258,0.028879844275349495,0.026848118279569896,0.019539473684210527,0.022885572139303485,0.0,0.1,0.0,0.6578000417746276,12
0.06748466257668713,0.06384615384615384,0.012831858407079646,0.02765882144753141,0.02506720430107527,0.02105263157894737,0.022039800995024877,0.0,0.1,0.0,0.6600188668475004,8
0.06748466257668713,0.06538461538461539,0.013274336283185842,0.02712794195717572,0.02278225806451613,0.023157894736842106,0.020895522388059702,0.0,0.1,0.0,0.659892768608918,8
0.06809815950920248,0.06076923076923077,0.011504424778761064,0.019766413024243496,0.014919354838709679,0.01638157894736842,0.016915422885572143,0.0,0.1,0.0,0.6916454152469119,9
0.06809815950920248,0.06692307692307692,0.012389380530973453,0.027074854008140154,0.026512096774193552,0.019736842105263157,0.020497512437810946,0.0,0.1,0.0,0.6587680777113393,8
0.06809815950920248,0.07076923076923078,0.012831858407079646,0.03187046540435321,0.02584005376344086,0.020789473684210528,0.02751243781094528,0.0,0.1,0.0,0.6422883206515372,11
0.06871165644171781,0.06846153846153846,0.013274336283185842,0.02910989205450363,0.02476478494623656,0.024605263157894738,0.023482587064676617,0.0,0.1,0.0,0.6475899415902464,10
0.06871165644171781,0.06769230769230769,0.011504424778761064,0.025606087418156082,0.023454301075268816,0.019605263157894737,0.019900497512437814,0.0,0.1,0.0,0.663525461923456,8
0.06871165644171781,0.06538461538461539,0.011946902654867258,0.030047779154132013,0.021942204301075272,0.029078947368421055,0.02631840796019901,0.0,0.0,0.1,0.6465694867349722,10
0.06932515337423313,0.06461538461538462,0.013716814159292037,0.026296230755618474,0.020833333333333336,0.024473684210526318,0.022985074626865675,0.0,0.1,0.0,0.6577543249247464,9
0.06932515337423313,0.06769230769230769,0.013274336283185842,0.03054326667846399,0.029233870967741937,0.019605263157894737,0.026865671641791048,0.1,0.0,0.0,0.6434601302043816,9
0.06932515337423313,0.06769230769230769,0.011061946902654869,0.028384356751017522,0.024159946236559142,0.024013157894736844,0.021393034825870648,0.0,0.0,0.1,0.6539700963226202,9
0.06932515337423313,0.06615384615384615,0.013274336283185842,0.029410723765705183,0.028528225806451615,0.022828947368421053,0.021791044776119404,0.0,0.0,0.1,0.6486877224720375,10
0.06993865030674848,0.06923076923076923,0.011946902654867258,0.027623429481507696,0.022479838709677423,0.024342105263157894,0.020895522388059702,0.1,0.0,0.0,0.6535427819652123,8
0.06993865030674848,0.06923076923076923,0.012389380530973453,0.028136612988851534,0.022748655913978497,0.019473684210526317,0.02437810945273632,0.0,0.0,0.1,0.6537041373654161,9
0.06993865030674848,0.06692307692307692,0.015044247787610623,0.0300123871881083,0.02688172043010753,0.021842105263157895,0.024875621890547265,0.0,0.1,0.0,0.644482190210643,9
0.06993865030674848,0.06615384615384615,0.012831858407079646,0.02948150769775261,0.023790322580645163,0.01894736842105263,0.02800995024875622,0.0,0.1,0.0,0.650846496184119,10
0.06993865030674848,0.06846153846153846,0.013716814159292037,0.03068483454255884,0.0248991935483871,0.022434210526315793,0.02786069651741294,0.0,0.1,0.0,0.6420040619377463,9
0.06993865030674848,0.06846153846153846,0.012831858407079646,0.026207750840559197,0.02056451612903226,0.02263157894736842,0.018159203980099504,0.0,0.1,0.0,0.661204902927574,12
0.07055214723926381,0.07,0.014601769911504426,0.03068483454255884,0.02530241935483871,0.02375,0.026666666666666672,0.0,0.0,0.1,0.6384421622851676,8
0.07055214723926381,0.06538461538461539,0.011946902654867258,0.0281897009378871,0.02446236559139785,0.02578947368421053,0.023781094527363187,0.0,0.1,0.0,0.6498936999803948,10
0.07055214723926381,0.07230769230769231,0.013716814159292037,0.039497434082463284,0.03420698924731183,0.031315789473684214,0.033830845771144286,0.1,0.0,0.0,0.6045722877191483,10
0.07055214723926381,0.06923076923076923,0.011061946902654869,0.027605733498495842,0.02200940860215054,0.024736842105263158,0.023383084577114428,0.0,0.1,0.0,0.6514200678442881,9
0.07055214723926381,0.07230769230769231,0.016371681415929203,0.03486108653335693,0.025168010752688173,0.02861842105263158,0.035323383084577116,0.0,0.0,0.1,0.6167975776138609,10
0.07055214723926381,0.07153846153846154,0.017256637168141596,0.03526809414262962,0.0280241935483871,0.0325,0.046766169154228855,0.1,0.0,0.0,0.5980942972088874,8
0.07055214723926381,0.06846153846153846,0.015044247787610623,0.028366660768005664,0.023353494623655914,0.019276315789473683,0.024875621890547265,0.0,0.1,0.0,0.6500699734399046,9
0.07055214723926381,0.06923076923076923,0.011946902654867258,0.028561316581136083,0.02429435483870968,0.023157894736842106,0.025273631840796024,0.0,0.1,0.0,0.6469829828776158,10
0.07055214723926381,0.06692307692307692,0.013274336283185842,0.03647142098743585,0.030947580645161295,0.02868421052631579,0.03582089552238806,0.1,0.0,0.0,0.6173263318731724,8
0.07055214723926381,0.06846153846153846,0.014159292035398232,0.029693859493894886,0.026915322580645166,0.026052631578947372,0.023781094527363187,0.0,0.0,0.1,0.6403841140829488,9
0.07055214723926381,0.06769230769230769,0.014159292035398232,0.034029375331799686,0.03245967741935484,0.021842105263157895,0.027363184079601994,0.0,0.0,0.1,0.6319019109391159,13
0.07116564417177915,0.06692307692307692,0.013274336283185842,0.02951689966377632,0.028763440860215057,0.01993421052631579,0.022885572139303485,0.1,0.0,0.0,0.6475368194323474,8
0.07116564417177915,0.07076923076923078,0.013716814159292037,0.03657759688550699,0.031518817204301074,0.029276315789473685,0.029353233830845774,0.0,0.0,0.1,0.6176223471895705,10
0.07116564417177915,0.06615384615384615,0.011504424778761064,0.028242788886922672,0.02452956989247312,0.022763157894736843,0.022736318407960202,0.0,0.0,0.1,0.6529042498135208,10
0.07116564417177915,0.06846153846153846,0.011061946902654869,0.025110599893824102,0.02036290322580645,0.01848684210526316,0.023383084577114428,0.0,0.1,0.0,0.6619674406620194,9
0.07177914110429448,0.06846153846153846,0.012389380530973453,0.03231286497964962,0.02893145161290323,0.029013157894736845,0.025174129353233834,0.1,0.0,0.0,0.63193833606267,10
0.07239263803680983,0.07538461538461538,0.014601769911504426,0.042718102990621135,0.037567204301075276,0.030921052631578946,0.03074626865671642,0.0,0.0,0.1,0.5956683480870786,10
0.07239263803680983,0.06923076923076923,0.012831858407079646,0.036170589276234295,0.028763440860215057,0.035263157894736843,0.026368159203980102,0.0,0.1,0.0,0.618979387090175,10
0.07239263803680983,0.07076923076923078,0.012831858407079646,0.031905857370376926,0.028158602150537636,0.023486842105263157,0.025870646766169157,0.0,0.1,0.0,0.6345843243945328,11
0.07300613496932516,0.06692307692307692,0.013274336283185842,0.03185276942134136,0.02805779569892473,0.022368421052631583,0.026368159203980102,0.1,0.0,0.0,0.6381493064475343,8
0.07300613496932516,0.06923076923076923,0.012389380530973453,0.029658467527871175,0.02664650537634409,0.025526315789473685,0.021592039800995028,0.0,0.0,0.1,0.6419503867742482,10
0.07300613496932516,0.06923076923076923,0.012831858407079646,0.0339408954167404,0.031115591397849467,0.027171052631578946,0.025223880597014928,0.0,0.0,0.1,0.6274798173496422,10
0.07300613496932516,0.07076923076923078,0.013274336283185842,0.029499203680764467,0.025336021505376345,0.025328947368421055,0.023383084577114428,0.0,0.1,0.0,0.639403040846582,8
0.0736196319018405,0.07076923076923078,0.013716814159292037,0.03445407892408423,0.028696236559139787,0.026907894736842106,0.02985074626865672,0.1,0.0,0.0,0.6219853666809139,8
0.0736196319018405,0.07307692307692307,0.013274336283185842,0.039992921606795254,0.03864247311827957,0.02578947368421053,0.030348258706467665,0.1,0.0,0.0,0.6052559816222975,9
0.0736196319018405,0.07384615384615384,0.014601769911504426,0.03243673686073261,0.027788978494623657,0.02585526315789474,0.02711442786069652,0.0,0.0,0.1,0.6247370379665537,9
0.0736196319018405,0.07384615384615384,0.015044247787610623,0.032472128826756326,0.025537634408602152,0.029276315789473685,0.028855721393034828,0.0,0.1,0.0,0.6213481660465281,8
0.0736196319018405,0.07384615384615384,0.01592920353982301,0.03767474783224208,0.030208333333333337,0.03230263157894737,0.03233830845771145,0.1,0.0,0.0,0.6040809895099484,10
0.0736196319018405,0.07230769230769231,0.014601769911504426,0.03748009201911166,0.03387096774193549,0.031710526315789474,0.027363184079601994,0.0,0.0,0.1,0.6090461357225242,9
0.0736196319018405,0.07230769230769231,0.014159292035398232,0.042258007432312866,0.03780241935483871,0.040065789473684214,0.02621890547263682,0.0,0.0,0.1,0.5935682620215963,10
0.07423312883435584,0.07,0.012831858407079646,0.034595646788179085,0.03145161290322581,0.023355263157894737,0.027363184079601994,0.1,0.0,0.0,0.6261693058296629,9
0.07423312883435584,0.07307692307692307,0.012831858407079646,0.031286497964961954,0.025772849462365594,0.02506578947368421,0.026865671641791048,0.0,0.0,0.1,0.6308672811388386,8
0.07423312883435584,0.07230769230769231,0.012831858407079646,0.028402052734029376,0.025470430107526882,0.029802631578947372,0.021890547263681594,0.0,0.1,0.0,0.635061658766687,9
0.07423312883435584,0.07384615384615384,0.012389380530973453,0.035073438329499204,0.031821236559139786,0.030855263157894736,0.023880597014925373,0.1,0.0,0.0,0.6179008017270577,8
0.07423312883435584,0.07230769230769231,0.013716814159292037,0.03447177490709609,0.026411290322580647,0.02947368421052632,0.03328358208955225,0.1,0.0,0.0,0.6161020331689046,9
0.07423312883435584,0.0776923076923077,0.01592920353982301,0.050752079278003896,0.04895833333333334,0.03473684210526316,0.04288557213930349,0.1,0.0,0.0,0.5548125330776096,11
0.07484662576687118,0.07307692307692307,0.013716814159292037,0.034790302601309504,0.030678763440860218,0.030000000000000002,0.026467661691542292,0.0,0.0,0.1,0.6164229092632016,10
0.07484662576687118,0.07153846153846154,0.014159292035398232,0.03795788356043178,0.03249327956989247,0.033092105263157895,0.02786069651741294,0.1,0.0,0.0,0.6080516557483739,10
0.07484662576687118,0.07461538461538461,0.013274336283185842,0.0439037338524155,0.04049059139784947,0.03835526315789474,0.030696517412935328,0.1,0.0,0.0,0.5838175475134634,12
0.07484662576687118,0.07230769230769231,0.014159292035398232,0.036170589276234295,0.030174731182795702,0.030855263157894736,0.029303482587064677,0.0,0.0,0.1,0.6121823236860489,9
0.07484662576687118,0.07307692307692307,0.014159292035398232,0.03947973809945143,0.025772849462365594,0.029342105263157895,0.03771144278606966,0.1,0.0,0.0,0.6056110235097629,10
0.07484662576687118,0.07153846153846154,0.011061946902654869,0.03264908865687489,0.029301075268817207,0.025,0.025870646766169157,0.0,0.1,0.0,0.6297321551001511,9
0.07484662576687118,0.07230769230769231,0.015044247787610623,0.039585913997522565,0.035114247311827954,0.03164473684210526,0.03084577114427861,0.0,0.0,0.1,0.6006107648420915,9
0.07484662576687118,0.07461538461538461,0.01592920353982301,0.0452840205273403,0.03854166666666667,0.03756578947368421,0.035323383084577116,0.1,0.0,0.0,0.577893926325653,7
0.07546012269938651,0.07230769230769231,0.014159292035398232,0.03601132542912759,0.031787634408602154,0.03151315789473684,0.02786069651741294,0.0,0.0,0.1,0.6109000787076434,10
0.07546012269938651,0.07307692307692307,0.015486725663716814,0.04331976641302424,0.04055779569892474,0.034342105263157896,0.0309452736318408,0.0,0.0,0.1,0.5868112875530259,9
0.07607361963190186,0.07461538461538461,0.01592920353982301,0.04084232879136436,0.03316532258064516,0.03368421052631579,0.03134328358208956,0.0,0.1,0.0,0.5943466467324756,12
0.07607361963190186,0.07923076923076923,0.013716814159292037,0.046912050964431073,0.04492607526881721,0.03427631578947369,0.03333333333333334,0.1,0.0,0.0,0.5715310216219815,12
0.07607361963190186,0.07923076923076923,0.015486725663716814,0.04321359051495311,0.03595430107526882,0.031710526315789474,0.03930348258706468,0.0,0.0,0.1,0.5790269849805361,13
0.07607361963190186,0.08307692307692308,0.014601769911504426,0.040311449301008676,0.033568548387096775,0.03203947368421053,0.035522388059701496,0.1,0.0,0.0,0.5848058279476532,11
0.07607361963190186,0.07538461538461538,0.014159292035398232,0.037727835781277655,0.029973118279569895,0.03236842105263158,0.030348258706467665,0.0,0.1,0.0,0.6039648391281377,11
0.07607361963190186,0.07384615384615384,0.01592920353982301,0.04323128649796496,0.039112903225806454,0.03546052631578948,0.031144278606965177,0.1,0.0,0.0,0.5852020283355952,12
0.07607361963190186,0.07230769230769231,0.012389380530973453,0.03031321889930986,0.024159946236559142,0.02105263157894737,0.029353233830845774,0.0,0.1,0.0,0.6343502769837702,9
0.07607361963190186,0.06923076923076923,0.011946902654867258,0.03270217660591046,0.024059139784946237,0.029802631578947372,0.029502487562189057,0.0,0.1,0.0,0.6266822729504685,10
0.07607361963190186,0.07384615384615384,0.013274336283185842,0.04480622898602018,0.04223790322580645,0.03388157894736842,0.03074626865671642,0.0,0.0,0.1,0.585133910422847,12
0.07607361963190186,0.07384615384615384,0.015486725663716814,0.036825340647672976,0.031182795698924733,0.029276315789473685,0.02985074626865672,0.1,0.0,0.0,0.6074583024534994,9
0.0766871165644172,0.07538461538461538,0.014601769911504426,0.03951513006547514,0.03289650537634409,0.03440789473684211,0.03308457711442787,0.0,0.0,0.1,0.5934223908463738,11
0.0766871165644172,0.07307692307692307,0.014159292035398232,0.038382587152716335,0.03363575268817204,0.030986842105263156,0.030895522388059704,0.0,0.0,0.1,0.6021759639890503,10
0.0766871165644172,0.07692307692307693,0.015044247787610623,0.03887807467704831,0.03121639784946237,0.02894736842105263,0.03522388059701493,0.0,0.0,0.1,0.597079837180317,9
0.0766871165644172,0.07230769230769231,0.013716814159292037,0.04231109538134844,0.04321236559139786,0.027039473684210526,0.031293532338308463,0.0,0.1,0.0,0.5934319099733332,12
0.0766871165644172,0.07461538461538461,0.015486725663716814,0.04820385772429659,0.045463709677419355,0.03440789473684211,0.03686567164179105,0.1,0.0,0.0,0.5682696393761323,10
0.0766871165644172,0.07461538461538461,0.013274336283185842,0.03694921252875597,0.029435483870967744,0.03769736842105263,0.027661691542288563,0.0,0.1,0.0,0.6036794061739474,9
0.07730061349693253,0.0776923076923077,0.015044247787610623,0.03863033091488232,0.03101478494623656,0.035,0.02985074626865672,0.0,0.0,0.1,0.5954669688933736,9
0.07730061349693253,0.07692307692307693,0.01592920353982301,0.04234648734737215,0.034543010752688175,0.030592105263157896,0.039751243781094535,0.1,0.0,0.0,0.5826142588958548,8
0.07730061349693253,0.07538461538461538,0.015044247787610623,0.04156786409485047,0.035315860215053764,0.03592105263157895,0.03373134328358209,0.0,0.0,0.1,0.5857344031057762,11
0.07730061349693253,0.07461538461538461,0.014601769911504426,0.043638294107237664,0.04411962365591398,0.030460526315789476,0.030199004975124382,0.0,0.0,0.1,0.585064782922113,10
0.07730061349693253,0.07615384615384616,0.015486725663716814,0.044930100867103175,0.04065860215053763,0.03565789473684211,0.032636815920398014,0.0,0.0,0.1,0.5771754010106236,11
0.07791411042944786,0.07692307692307693,0.014601769911504426,0.052698637409308094,0.0480510752688172,0.04532894736842105,0.03597014925373135,0.0,0.1,0.0,0.5485122334356932,13
0.07791411042944786,0.07692307692307693,0.015044247787610623,0.050769775261015754,0.04106182795698925,0.04065789473684211,0.041592039800995025,0.0,0.0,0.1,0.5560370271040225,12
0.07791411042944786,0.07538461538461538,0.015486725663716814,0.044009909750486645,0.03901209677419355,0.04118421052631579,0.030348258706467665,0.1,0.0,0.0,0.5766600727647563,10
0.07791411042944786,0.07538461538461538,0.015044247787610623,0.04464696513891347,0.03618951612903226,0.03506578947368422,0.037810945273631845,0.1,0.0,0.0,0.5779438103830644,9
0.07852760736196321,0.0776923076923077,0.014601769911504426,0.04330207043001239,0.03504704301075269,0.03546052631578948,0.03582089552238806,0.1,0.0,0.0,0.579547779755282,10
0.07852760736196321,0.07923076923076923,0.01592920353982301,0.04413378163156964,0.03679435483870968,0.03848684210526316,0.03666666666666667,0.0,0.0,0.1,0.5702307746252354,10
0.07852760736196321,0.08076923076923077,0.016371681415929203,0.06041408600247744,0.051276881720430115,0.055328947368421054,0.044129353233830854,0.0,0.0,0.1,0.5131822121277174,11
0.07914110429447854,0.0776923076923077,0.013274336283185842,0.041072376570518494,0.03487903225806452,0.03440789473684211,0.03333333333333334,0.0,0.0,0.1,0.5861996148312695,10
0.07914110429447854,0.07692307692307693,0.015486725663716814,0.04551406830649443,0.03793682795698925,0.03789473684210526,0.03840796019900498,0.0,0.0,0.1,0.5686954998141338,12
0.07914110429447854,0.07692307692307693,0.0168141592920354,0.055193771013979834,0.0497983870967742,0.04888157894736842,0.0382587064676617,0.0,0.0,0.1,0.5349892159646249,14
0.07914110429447854,0.07846153846153846,0.0168141592920354,0.05218545390196425,0.04065860215053763,0.04539473684210526,0.04776119402985075,0.0,0.0,0.1,0.5395832110274897,9
0.07914110429447854,0.07846153846153846,0.017256637168141596,0.04339055034507167,0.0395497311827957,0.029144736842105265,0.037263681592039806,0.0,0.0,0.1,0.5757920201138289,10
0.07914110429447854,0.07846153846153846,0.014159292035398232,0.047071314811537784,0.04479166666666667,0.04065789473684211,0.031542288557213936,0.0,0.0,0.1,0.5641749004363243,9
0.07914110429447854,0.07846153846153846,0.014159292035398232,0.043939125818439215,0.03907930107526882,0.03631578947368422,0.03134328358208956,0.1,0.0,0.0,0.5775605652591029,9
0.07914110429447854,0.07692307692307693,0.015486725663716814,0.04733675455671563,0.03723118279569893,0.04052631578947369,0.04129353233830846,0.0,0.0,0.1,0.562061307638531,10
0.07914110429447854,0.07846153846153846,0.0168141592920354,0.0482392496903203,0.03850806451612903,0.04763157894736842,0.03582089552238806,0.1,0.0,0.0,0.5553834092757418,10
0.07914110429447854,0.07461538461538461,0.013274336283185842,0.04323128649796496,0.038272849462365595,0.035986842105263164,0.032835820895522394,0.0,0.0,0.1,0.5826423758458349,9
0.07914110429447854,0.07384615384615384,0.0168141592920354,0.04852238541851,0.046538978494623656,0.03822368421052631,0.03482587064676617,0.1,0.0,0.0,0.5620876637969061,12
0.07975460122699388,0.07615384615384616,0.013716814159292037,0.04731905857370377,0.04133064516129033,0.04203947368421053,0.03333333333333334,0.1,0.0,0.0,0.56635222770733,9
0.07975460122699388,0.0776923076923077,0.0168141592920354,0.04508936471420988,0.0396505376344086,0.030263157894736846,0.03890547263681592,0.0,0.0,0.1,0.5718303989084917,11
0.07975460122699388,0.08076923076923077,0.016371681415929203,0.05266324544328438,0.044690860215053765,0.0443421052631579,0.037611940298507465,0.0,0.0,0.1,0.5437963353678427,11
0.07975460122699388,0.07846153846153846,0.014159292035398232,0.0489647849938064,0.04290994623655914,0.03822368421052631,0.036467661691542294,0.0,0.0,0.1,0.5610584911436353,9
0.08036809815950922,0.08461538461538462,0.01592920353982301,0.04508936471420988,0.03938172043010753,0.03697368421052632,0.03631840796019901,0.0,0.0,0.1,0.5613241363702404,10
0.08036809815950922,0.07846153846153846,0.013274336283185842,0.03691382056273226,0.0322244623655914,0.029342105263157895,0.030348258706467665,0.1,0.0,0.0,0.5990673801978172,9
0.08036809815950922,0.0776923076923077,0.0168141592920354,0.047726066182976465,0.03988575268817205,0.036118421052631584,0.04228855721393035,0.1,0.0,0.0,0.5591066377184373,12
0.08036809815950922,0.0776923076923077,0.017256637168141596,0.05098212705715802,0.046236559139784944,0.050065789473684216,0.03611940298507463,0.1,0.0,0.0,0.5412790783243396,11
0.08098159509202456,0.07692307692307693,0.014601769911504426,0.0466996991682888,0.044825268817204306,0.03539473684210527,0.03393034825870647,0.0,0.0,0.1,0.5666435049870893,9
0.08098159509202456,0.08230769230769232,0.015486725663716814,0.053707308440983904,0.04778225806451613,0.04111842105263158,0.04129353233830846,0.1,0.0,0.0,0.5373224670401262,12
0.08098159509202456,0.08153846153846155,0.017256637168141596,0.05487524331976641,0.043716397849462366,0.043355263157894744,0.049253731343283584,0.0,0.0,0.1,0.5290226705309652,10
0.08098159509202456,0.07846153846153846,0.014601769911504426,0.05795434436382941,0.05164650537634409,0.04664473684210526,0.03905472636815921,0.0,0.0,0.1,0.5306547835844946,14
0.08159509202453989,0.08076923076923077,0.015486725663716814,0.05107060697221731,0.044590053763440864,0.0505921052631579,0.035124378109452736,0.0,0.0,0.1,0.5407718074342437,11
0.08159509202453989,0.0776923076923077,0.014159292035398232,0.04562024420456556,0.041297043010752696,0.03328947368421053,0.036467661691542294,0.0,0.0,0.1,0.5698788856566831,11
0.08159509202453989,0.0776923076923077,0.014159292035398232,0.04570872411962485,0.04240591397849463,0.03848684210526316,0.0318407960199005,0.1,0.0,0.0,0.5681110320244711,11
0.08159509202453989,0.08,0.015486725663716814,0.04857547336754557,0.0407258064516129,0.04210526315789474,0.03930348258706468,0.0,0.0,0.1,0.5522081567476254,12
0.08159509202453989,0.07692307692307693,0.015486725663716814,0.04592107591576713,0.04082661290322581,0.041315789473684215,0.03134328358208956,0.0,0.0,0.1,0.5665883435138996,9
0.08220858895705524,0.0776923076923077,0.014159292035398232,0.04454078924084233,0.04203629032258065,0.04092105263157895,0.03064676616915423,0.0,0.0,0.1,0.5677949129510826,12
0.08220858895705524,0.08,0.014601769911504426,0.04919483277296054,0.04778225806451613,0.03769736842105263,0.02985074626865672,0.0,0.0,0.1,0.5586644356042543,11
0.08220858895705524,0.08,0.0168141592920354,0.04671739515130066,0.035181451612903224,0.040723684210526315,0.04253731343283582,0.1,0.0,0.0,0.5558174073433433,13
0.08220858895705524,0.08461538461538462,0.013716814159292037,0.05542381879313396,0.05766129032258065,0.044605263157894745,0.03522388059701493,0.1,0.0,0.0,0.5265449593976438,10
0.08220858895705524,0.08307692307692308,0.017256637168141596,0.05729959299239073,0.04973118279569893,0.043486842105263164,0.046268656716417916,0.1,0.0,0.0,0.5206715761881093,11
0.08282208588957057,0.08076923076923077,0.014159292035398232,0.04542558839143515,0.03844086021505376,0.036250000000000004,0.03527363184079602,0.0,0.0,0.1,0.5668593108585155,13
0.08282208588957057,0.07846153846153846,0.017256637168141596,0.04891169704477084,0.04062500000000001,0.04177631578947369,0.03945273631840797,0.1,0.0,0.0,0.5506939893280969,10
0.08343558282208591,0.08,0.017256637168141596,0.05144222261546629,0.03978494623655914,0.05144736842105264,0.041044776119402986,0.0,0.0,0.1,0.5355884666172914,10
0.08343558282208591,0.07846153846153846,0.01769911504424779,0.05689258538311803,0.04798387096774193,0.044605263157894745,0.046815920398009955,0.1,0.0,0.0,0.5241061237653631,11
0.08404907975460124,0.08,0.013274336283185842,0.04861086533356928,0.04828629032258065,0.038552631578947366,0.0318407960199005,0.0,0.0,0.1,0.5553860007072151,11
0.08404907975460124,0.08692307692307691,0.015486725663716814,0.057972040346841267,0.05225134408602151,0.049342105263157895,0.04358208955223881,0.1,0.0,0.0,0.5103935384103455,11
0.08466257668711658,0.08461538461538462,0.01769911504424779,0.0555299946912051,0.04616935483870968,0.04835526315789474,0.04577114427860697,0.1,0.0,0.0,0.5171971666868346,12
0.08588957055214724,0.08692307692307691,0.015486725663716814,0.06570518492302248,0.056754032258064524,0.05177631578947369,0.053731343283582096,0.0,0.0,0.1,0.48373375060691626,10
0.08588957055214724,0.08230769230769232,0.015486725663716814,0.06274995576004247,0.045732526881720435,0.06315789473684211,0.0509452736318408,0.1,0.0,0.0,0.49373036046599783,15
0.08650306748466259,0.08384615384615385,0.015044247787610623,0.05591930631746594,0.04324596774193548,0.06006578947368422,0.026368159203980102,0.1,0.0,0.0,0.5290073081445071,11
0.08711656441717792,0.08846153846153845,0.019026548672566375,0.07110245974163865,0.06649865591397851,0.058881578947368424,0.04995024875621891,0.0,0.0,0.1,0.4589624050895128,11
0.08711656441717792,0.08769230769230768,0.017256637168141596,0.07009378870996284,0.06670026881720431,0.06480263157894738,0.04776119402985075,0.1,0.0,0.0,0.4585766075864075,12
0.08711656441717792,0.08307692307692308,0.018141592920353982,0.055937002300477795,0.053897849462365595,0.03776315789473684,0.04328358208955224,0.1,0.0,0.0,0.5207833278384125,10
0.08711656441717792,0.08615384615384616,0.01946902654867257,0.07131481153778094,0.06192876344086022,0.059736842105263165,0.056318407960199005,0.0,0.0,0.1,0.4579617378362,11
0.0883435582822086,0.08769230769230768,0.01769911504424779,0.06467881790833481,0.06176075268817205,0.04815789473684211,0.04825870646766169,0.0,0.0,0.1,0.48340884718022525,10
0.0883435582822086,0.08461538461538462,0.018141592920353982,0.07520792780038932,0.07698252688172043,0.058223684210526316,0.050845771144278615,0.0,0.0,0.1,0.4476395541451381,13
0.0883435582822086,0.08076923076923077,0.01592920353982301,0.051141390904264734,0.04240591397849463,0.04230263157894737,0.04328358208955224,0.1,0.0,0.0,0.5358244888574786,7
0.08895705521472394,0.08692307692307691,0.018584070796460177,0.07582728720580428,0.06922043010752689,0.06407894736842105,0.0500497512437811,0.1,0.0,0.0,0.4463593811402057,14
0.08957055214723927,0.08615384615384616,0.0168141592920354,0.06874889400106175,0.05369623655913979,0.06835526315789474,0.05626865671641792,0.1,0.0,0.0,0.4603923919723649,11
0.09018404907975462,0.09076923076923077,0.019026548672566375,0.06182976464342595,0.04889112903225807,0.05302631578947369,0.05542288557213931,0.0,0.0,0.1,0.4808500764411512,11
0.09079754601226996,0.08692307692307691,0.018141592920353982,0.07499557600424704,0.06488575268817205,0.06822368421052631,0.047960199004975126,0.1,0.0,0.0,0.44807257223637864,12
0.09202453987730062,0.08692307692307691,0.019026548672566375,0.06858963015395506,0.051982526881720434,0.06348684210526316,0.05721393034825871,0.1,0.0,0.0,0.4607529050378587,11
0.09202453987730062,0.09153846153846154,0.018141592920353982,0.07858786055565387,0.07278225806451613,0.05539473684210526,0.06268656716417911,0.0,0.0,0.1,0.42884398303742954,12
0.09447852760736199,0.09538461538461539,0.017256637168141596,0.0890284905326491,0.07496639784946237,0.0844078947368421,0.06388059701492538,0.0,0.0,0.1,0.3805968397060021,12
0.09509202453987732,0.09692307692307692,0.022123893805309738,0.09837196956290922,0.09062500000000001,0.1,0.057512437810945276,0.0,0.0,0.1,0.33935159735788145,12
0.033742331288343565,0.02692307692307692,0.007964601769911504,0.00819324013448947,0.006451612903225807,0.007500000000000001,0.007014925373134328,0.0,0.1,0.0,0.8022102116078185,5
0.04601226993865031,0.03769230769230769,0.008849557522123895,0.013944434613342773,0.011155913978494626,0.011973684210526315,0.01119402985074627,0.0,0.1,0.0,0.7591778021938081,6
0.04601226993865031,0.04153846153846154,0.011946902654867258,0.021129003716156433,0.018279569892473122,0.017236842105263158,0.01666666666666667,0.1,0.0,0.0,0.7271902834874615,7
0.04785276073619633,0.04307692307692308,0.011061946902654869,0.019961068837373915,0.020396505376344087,0.01256578947368421,0.014228855721393036,0.0,0.0,0.1,0.7308561498754305,7
0.05337423312883437,0.04615384615384615,0.010619469026548672,0.02111130773314458,0.017405913978494624,0.01828947368421053,0.0163681592039801,0.0,0.1,0.0,0.716677597090941,8
0.05460122699386504,0.04923076923076923,0.010619469026548672,0.014652273933817024,0.013373655913978497,0.011842105263157895,0.01164179104477612,0.0,0.0,0.1,0.7340387085930875,7
0.055828220858895716,0.05153846153846154,0.009292035398230088,0.014935409662006724,0.015389784946236561,0.011381578947368421,0.009950248756218907,0.0,0.1,0.0,0.731684259892582,6
0.055828220858895716,0.05,0.011946902654867258,0.029021412139444345,0.026915322580645166,0.022565789473684213,0.020995024875621892,0.0,0.1,0.0,0.6827273274168414,8
0.055828220858895716,0.05307692307692307,0.009734513274336285,0.015360113254291277,0.013911290322580646,0.011250000000000001,0.012089552238805971,0.0,0.1,0.0,0.728749386974167,8
0.05705521472392639,0.05,0.012389380530973453,0.026950982127057158,0.024327956989247314,0.02019736842105263,0.020796019900497512,0.0,0.1,0.0,0.6882830773072455,10
0.05705521472392639,0.05538461538461538,0.01017699115044248,0.020509644310741464,0.0198252688172043,0.01835526315789474,0.011940298507462687,0.0,0.0,0.1,0.7067527039477125,7
0.05950920245398774,0.05615384615384615,0.009292035398230088,0.018421518315342417,0.01310483870967742,0.01618421052631579,0.01810945273631841,0.0,0.1,0.0,0.709224895706282,8
0.05950920245398774,0.05692307692307692,0.013716814159292037,0.03425942311095381,0.028158602150537636,0.03230263157894737,0.023532338308457714,0.0,0.0,0.1,0.6515979113147468,9
0.05950920245398774,0.05307692307692307,0.014159292035398232,0.030755618474606266,0.02073252688172043,0.024342105263157894,0.03174129353233831,0.0,0.1,0.0,0.665683038281868,9
0.060122699386503074,0.054615384615384614,0.014159292035398232,0.031127234117855247,0.023420698924731184,0.028289473684210528,0.02810945273631841,0.1,0.0,0.0,0.6601557644995987,8
0.061349693251533756,0.05692307692307692,0.013274336283185842,0.03756857193417095,0.0331989247311828,0.029342105263157895,0.029452736318407963,0.0,0.0,0.1,0.6388905552952838,9
0.06319018404907976,0.05384615384615384,0.013716814159292037,0.03264908865687489,0.028125,0.026052631578947372,0.027164179104477618,0.0,0.0,0.1,0.6552559486051744,9
0.06319018404907976,0.06076923076923077,0.011946902654867258,0.035639709785878604,0.031720430107526884,0.032828947368421055,0.025074626865671645,0.0,0.0,0.1,0.638829968399324,8
0.06441717791411045,0.05615384615384615,0.015044247787610623,0.03399398336577597,0.029435483870967744,0.029276315789473685,0.027462686567164184,0.0,0.0,0.1,0.6442162585510512,10
0.06441717791411045,0.05846153846153846,0.011061946902654869,0.023004777915413204,0.02036290322580645,0.020394736842105264,0.01582089552238806,0.0,0.0,0.1,0.6864760232159832,7
0.06503067484662578,0.06307692307692307,0.012389380530973453,0.02670323836489117,0.02348790322580645,0.022565789473684213,0.0209452736318408,0.0,0.0,0.1,0.6658008168492551,8
0.06564417177914111,0.06538461538461539,0.011946902654867258,0.02728720580428243,0.02530241935483871,0.02388157894736842,0.017860696517412938,0.1,0.0,0.0,0.6626924095574738,8
0.06564417177914111,0.05923076923076923,0.01592920353982301,0.03834719518669262,0.0332997311827957,0.030197368421052636,0.030248756218905475,0.0,0.1,0.0,0.6271028044408202,8
0.0668711656441718,0.06461538461538462,0.014601769911504426,0.031622721642187226,0.028461021505376344,0.02888157894736842,0.02268656716417911,0.0,0.1,0.0,0.6422597905698281,8
0.0668711656441718,0.06384615384615384,0.01769911504424779,0.04806228986020174,0.038104838709677416,0.041842105263157896,0.040099502487562194,0.1,0.0,0.0,0.5834748291448274,10
0.0668711656441718,0.05923076923076923,0.013274336283185842,0.039585913997522565,0.036458333333333336,0.03217105263157895,0.028308457711442785,0.1,0.0,0.0,0.6240999711679954,9
0.06748466257668713,0.05846153846153846,0.014601769911504426,0.042647319058573704,0.036491935483870974,0.038684210526315786,0.03328358208955225,0.1,0.0,0.0,0.6083449818919573,10
0.06748466257668713,0.06461538461538462,0.014159292035398232,0.047442930454786765,0.042506720430107524,0.04092105263157895,0.03422885572139304,0.0,0.0,0.1,0.5886411015346638,10
0.06993865030674848,0.07,0.015486725663716814,0.03609980534418687,0.03229166666666667,0.028223684210526317,0.028855721393034828,0.0,0.0,0.1,0.61910374641512,9
0.07055214723926381,0.06769230769230769,0.016371681415929203,0.036276765174305434,0.03410618279569892,0.02953947368421053,0.024726368159203982,0.0,0.0,0.1,0.6207350738390804,10
0.07055214723926381,0.06923076923076923,0.011504424778761064,0.02882675632631393,0.027083333333333338,0.022565789473684213,0.02119402985074627,0.0,0.1,0.0,0.6490427497671282,10
0.07116564417177915,0.06615384615384615,0.015044247787610623,0.05238010971509467,0.043918010752688176,0.04263157894736842,0.04134328358208955,0.1,0.0,0.0,0.5673632788895232,10
0.07177914110429448,0.07,0.012831858407079646,0.03372854362059812,0.026512096774193552,0.03532894736842106,0.02567164179104478,0.0,0.0,0.1,0.6241477709343684,10
0.07177914110429448,0.06923076923076923,0.013274336283185842,0.031551937710139796,0.02671370967741936,0.026776315789473683,0.025174129353233834,0.0,0.1,0.0,0.6354996608514838,8
0.0736196319018405,0.07615384615384616,0.015486725663716814,0.04602725181383826,0.04163306451612904,0.03736842105263158,0.03268656716417911,0.0,0.0,0.1,0.5770244917338185,11
0.0736196319018405,0.07153846153846154,0.014601769911504426,0.0367368607326137,0.03343413978494624,0.029013157894736845,0.024975124378109455,0.0,0.0,0.1,0.6160808538577873,9
0.07423312883435584,0.07307692307692307,0.015486725663716814,0.04432843744470005,0.03746639784946237,0.040197368421052634,0.03412935323383085,0.0,0.0,0.1,0.5810816654759583,9
0.07423312883435584,0.07307692307692307,0.013274336283185842,0.04070076092726951,0.03864247311827957,0.030526315789473686,0.02955223880597015,0.0,0.0,0.1,0.5999938231645423,10
0.07484662576687118,0.07307692307692307,0.013274336283185842,0.039408954167403996,0.03491263440860215,0.03388157894736842,0.029900497512437813,0.1,0.0,0.0,0.6006984498372075,11
0.07546012269938651,0.07,0.012831858407079646,0.03947973809945143,0.03390456989247312,0.031315789473684214,0.03134328358208956,0.1,0.0,0.0,0.6056646378458355,10
0.07607361963190186,0.07230769230769231,0.012831858407079646,0.03845337108476376,0.03434139784946237,0.03572368421052632,0.025522388059701497,0.0,0.0,0.1,0.6047459884488723,10
0.0766871165644172,0.07615384615384616,0.015486725663716814,0.044381525393735625,0.03907930107526882,0.03763157894736842,0.031691542288557216,0.0,0.0,0.1,0.5788883639130897,9
0.0766871165644172,0.07538461538461538,0.016371681415929203,0.04137320828172005,0.035450268817204304,0.03335526315789474,0.03422885572139304,0.0,0.0,0.1,0.587148990656826,11
0.07791411042944786,0.07615384615384616,0.017256637168141596,0.04147938417979118,0.029905913978494625,0.04098684210526316,0.0345771144278607,0.0,0.0,0.1,0.5817261515571547,11
0.07791411042944786,0.07307692307692307,0.013274336283185842,0.0419217837550876,0.03581989247311829,0.04039473684210526,0.028955223880597018,0.1,0.0,0.0,0.5886429932595351,10
0.07852760736196321,0.07307692307692307,0.012389380530973453,0.03795788356043178,0.03289650537634409,0.030197368421052636,0.03084577114427861,0.1,0.0,0.0,0.6041085605280332,8
0.07914110429447854,0.07692307692307693,0.014159292035398232,0.04889400106175898,0.04516129032258065,0.04289473684210526,0.03134328358208956,0.0,0.0,0.1,0.5614832149385118,9
0.07975460122699388,0.08076923076923077,0.0168141592920354,0.0570695452132366,0.052217741935483876,0.04848684210526316,0.03945273631840797,0.0,0.0,0.1,0.5254351431393484,11
0.07975460122699388,0.07461538461538461,0.014159292035398232,0.061564324898248105,0.038407258064516135,0.03664473684210527,0.030597014925373138,0.0,0.0,0.1,0.5642573873919806,10
0.08036809815950922,0.08,0.01769911504424779,0.05476906742169528,0.04791666666666667,0.041315789473684215,0.04636815920398011,0.1,0.0,0.0,0.5315631040302167,9
0.08036809815950922,0.08384615384615385,0.0168141592920354,0.05041585560077863,0.042506720430107524,0.04381578947368422,0.037611940298507465,0.0,0.0,0.1,0.5446212828992237,10
0.08159509202453989,0.07923076923076923,0.016371681415929203,0.047442930454786765,0.03760080645161291,0.038552631578947366,0.043532338308457715,0.1,0.0,0.0,0.5556737505349569,11
0.08282208588957057,0.08153846153846155,0.015486725663716814,0.0511944788533003,0.045530913978494625,0.04342105263157895,0.03870646766169155,0.1,0.0,0.0,0.5412998137831856,10
0.08404907975460124,0.08230769230769232,0.015486725663716814,0.05607857016457264,0.04821908602150538,0.04967105263157895,0.04194029850746269,0.1,0.0,0.0,0.52224749494887,9
0.08527607361963191,0.08461538461538462,0.016371681415929203,0.05942311095381349,0.054099462365591405,0.05282894736842106,0.03945273631840797,0.1,0.0,0.0,0.5079326033428204,10
0.08527607361963191,0.08153846153846155,0.0168141592920354,0.06108653335692798,0.051243279569892476,0.05736842105263158,0.045273631840796025,0.0,0.0,0.1,0.5013994397296231,11
0.08650306748466259,0.08384615384615385,0.01592920353982301,0.05448593169350558,0.04082661290322581,0.04835526315789474,0.04621890547263682,0.1,0.0,0.0,0.5238348619020976,13
0.0883435582822086,0.08461538461538462,0.017256637168141596,0.07336754556715626,0.07200940860215053,0.05611842105263158,0.04990049751243781,0.1,0.0,0.0,0.458388547199889,9
0.0883435582822086,0.08615384615384616,0.01592920353982301,0.05614935409662007,0.046438172043010754,0.049342105263157895,0.04402985074626866,0.0,0.0,0.1,0.5136139098750648,11
0.08957055214723927,0.08846153846153845,0.018584070796460177,0.07322597770306141,0.0623991935483871,0.05381578947368421,0.06398009950248756,0.0,0.0,0.1,0.4499627783671418,11
0.02269938650306749,0.02076923076923077,0.003539823008849558,0.0009555830826402407,0.0007056451612903226,0.0007236842105263158,0.0008955223880597015,0.0,0.1,0.0,0.8497111248763356,5
0.0294478527607362,0.02769230769230769,0.004867256637168142,0.0019642541143160505,0.0015793010752688174,0.0017105263157894738,0.001791044776119403,0.0,0.1,0.0,0.8309474566282942,4
0.03803680981595093,0.03307692307692307,0.006637168141592921,0.004512475668023359,0.0037970430107526886,0.003618421052631579,0.003582089552238806,0.0,0.1,0.0,0.8067390696818866,7
0.041717791411042954,0.04,0.007522123893805311,0.006671385595469829,0.005477150537634409,0.0044078947368421054,0.005970149253731343,0.0,0.1,0.0,0.788233504571474,6
0.04294478527607362,0.04076923076923077,0.007079646017699116,0.007078393204742524,0.006048387096774193,0.005526315789473685,0.005970149253731343,0.0,0.1,0.0,0.7845830925922748,7
0.04478527607361964,0.04153846153846154,0.007522123893805311,0.006972217306671386,0.005477150537634409,0.0042763157894736845,0.006467661691542289,0.0,0.1,0.0,0.7829607931687917,6
0.04478527607361964,0.04230769230769231,0.007522123893805311,0.007892408423287913,0.006586021505376345,0.004934210526315789,0.00746268656716418,0.0,0.1,0.0,0.7785095807027385,7
0.04478527607361964,0.04153846153846154,0.006637168141592921,0.007839320474252344,0.006384408602150538,0.005855263157894737,0.006965174129353235,0.0,0.1,0.0,0.779994927882675,6
0.04785276073619633,0.047692307692307694,0.009292035398230088,0.009431958945319414,0.007963709677419354,0.006907894736842105,0.008059701492537314,0.0,0.1,0.0,0.7627996313211477,8
0.04969325153374234,0.04615384615384615,0.007964601769911504,0.009520438860378694,0.006922043010752688,0.008815789473684211,0.010945273631840797,0.0,0.1,0.0,0.7599847555658437,6
0.05030674846625768,0.04846153846153846,0.0084070796460177,0.00992744646965139,0.007661290322580646,0.004539473684210527,0.010945273631840797,0.0,0.1,0.0,0.7597511493179028,7
0.05030674846625768,0.05153846153846154,0.009292035398230088,0.011697044770837021,0.00944220430107527,0.008421052631578947,0.010447761194029851,0.0,0.1,0.0,0.7488546916995296,7
0.05092024539877301,0.047692307692307694,0.007964601769911504,0.009962838435675102,0.008366935483870968,0.008092105263157895,0.008457711442786071,0.0,0.1,0.0,0.7585432545135178,6
0.05092024539877301,0.047692307692307694,0.008849557522123895,0.00992744646965139,0.007661290322580646,0.00743421052631579,0.009701492537313434,0.0,0.1,0.0,0.7578134495309341,6
0.05092024539877301,0.047692307692307694,0.0084070796460177,0.011006901433374624,0.007560483870967743,0.008223684210526315,0.011442786069651743,0.0,0.1,0.0,0.7547465116783811,8
0.05153374233128835,0.05,0.008849557522123895,0.013024243496726243,0.011256720430107529,0.008223684210526315,0.01129353233830846,0.0,0.1,0.0,0.7458185196709192,11
0.052760736196319026,0.05230769230769231,0.008849557522123895,0.012050964431074148,0.009375000000000001,0.00875,0.011940298507462687,0.0,0.1,0.0,0.7439657510353279,8
0.05337423312883437,0.05153846153846154,0.008849557522123895,0.011484692974694745,0.009072580645161291,0.010328947368421054,0.009751243781094529,0.0,0.1,0.0,0.7456002830412086,7
0.05337423312883437,0.050769230769230775,0.009734513274336285,0.013448947089010795,0.010181451612903226,0.01243421052631579,0.010945273631840797,0.0,0.1,0.0,0.7391121399675279,7
0.05337423312883437,0.050769230769230775,0.009292035398230088,0.011856308617943729,0.010483870967741936,0.007302631578947369,0.010447761194029851,0.0,0.1,0.0,0.7464739283450419,8
0.05337423312883437,0.05307692307692307,0.010619469026548672,0.011378517076623608,0.008736559139784947,0.00736842105263158,0.011791044776119404,0.0,0.1,0.0,0.7436548327225344,7
0.05460122699386504,0.050769230769230775,0.009734513274336285,0.012670323836489117,0.010248655913978496,0.008815789473684211,0.011791044776119404,0.0,0.1,0.0,0.7413692149622967,8
0.05705521472392639,0.05692307692307692,0.009734513274336285,0.015749424880552115,0.010987903225806452,0.012631578947368423,0.016517412935323387,0.0,0.1,0.0,0.72040087508961,7
0.057668711656441725,0.057692307692307696,0.010619469026548672,0.017235887453548045,0.01317204301075269,0.013026315789473686,0.013432835820895524,0.0,0.1,0.0,0.717152429550032,8
0.058282208588957066,0.05230769230769231,0.009292035398230088,0.016050256591753673,0.013642473118279572,0.010526315789473686,0.014577114427860697,0.0,0.1,0.0,0.7253219037777529,9
0.05950920245398774,0.05923076923076923,0.011504424778761064,0.020102636701468765,0.01683467741935484,0.023421052631578947,0.015323383084577116,0.0,0.1,0.0,0.6940738536995023,7
0.05950920245398774,0.05538461538461538,0.010619469026548672,0.01824455848522385,0.016565860215053765,0.013486842105263158,0.014626865671641792,0.0,0.1,0.0,0.7115625866576656,8
0.05950920245398774,0.05692307692307692,0.01017699115044248,0.01617412847283667,0.012668010752688173,0.012697368421052633,0.01492537313432836,0.0,0.1,0.0,0.716925848691587,9
0.060736196319018415,0.05846153846153846,0.011946902654867258,0.01803220668908158,0.013877688172043011,0.015328947368421055,0.016417910447761197,0.0,0.1,0.0,0.705198609887269,8
0.060736196319018415,0.05846153846153846,0.012831858407079646,0.01769598301185631,0.013776881720430107,0.019473684210526317,0.014975124378109455,0.0,0.1,0.0,0.7020487334914413,8
0.060736196319018415,0.057692307692307696,0.012389380530973453,0.017483631215714033,0.012163978494623657,0.012828947368421054,0.019004975124378112,0.0,0.1,0.0,0.7077005832545635,8
0.061349693251533756,0.05846153846153846,0.009734513274336285,0.019837196956290923,0.018817204301075273,0.013947368421052632,0.01492537313432836,0.0,0.1,0.0,0.7029271121998443,9
0.06196319018404909,0.062307692307692314,0.011504424778761064,0.021199787648203856,0.015087365591397851,0.015460526315789473,0.02238805970149254,0.0,0.1,0.0,0.6900889534726138,11
0.06196319018404909,0.06153846153846154,0.012831858407079646,0.02493364006370554,0.022446236559139788,0.01875,0.020597014925373136,0.0,0.1,0.0,0.6769395983221913,8
0.06257668711656443,0.06153846153846154,0.010619469026548672,0.02479207219961069,0.02331989247311828,0.014539473684210527,0.019402985074626868,0.1,0.0,0.0,0.683210958886859,10
0.06319018404907976,0.06384615384615384,0.011946902654867258,0.02521677579189524,0.019153225806451613,0.02,0.02437810945273632,0.0,0.1,0.0,0.672268648398816,10
0.06319018404907976,0.06461538461538462,0.013274336283185842,0.023801097150946735,0.017170698924731186,0.01756578947368421,0.023383084577114428,0.0,0.1,0.0,0.6769994249258732,10
0.06319018404907976,0.05923076923076923,0.009734513274336285,0.02047425234471775,0.017002688172043014,0.02105263157894737,0.01393034825870647,0.0,0.0,0.1,0.6953846130914001,8
0.06380368098159511,0.06307692307692307,0.009734513274336285,0.01835073438329499,0.0145497311827957,0.012039473684210527,0.018308457711442787,0.0,0.1,0.0,0.7001364857054015,8
0.06380368098159511,0.06384615384615384,0.012389380530973453,0.022562378340116793,0.020698924731182795,0.01756578947368421,0.016716417910447763,0.0,0.1,0.0,0.6824172741858461,9
0.06380368098159511,0.06076923076923077,0.011061946902654869,0.020545036276765176,0.016431451612903228,0.019210526315789473,0.016417910447761197,0.0,0.1,0.0,0.6917602166933001,9
0.06380368098159511,0.05846153846153846,0.01017699115044248,0.023517961422757035,0.02207661290322581,0.022368421052631583,0.014179104477611941,0.0,0.1,0.0,0.6854156895501976,7
0.06380368098159511,0.05923076923076923,0.01017699115044248,0.02056273225977703,0.017170698924731186,0.020526315789473684,0.014228855721393036,0.0,0.1,0.0,0.6942999559418183,10
0.06441717791411045,0.06384615384615384,0.010619469026548672,0.021093611750132718,0.018850806451612908,0.015789473684210527,0.016865671641791046,0.0,0.1,0.0,0.6885176356854399,9
0.06441717791411045,0.062307692307692314,0.012831858407079646,0.024650504335515838,0.020463709677419357,0.02019736842105263,0.020895522388059702,0.0,0.1,0.0,0.67423616654907,8
0.06441717791411045,0.06153846153846154,0.012831858407079646,0.021571403291452844,0.016666666666666666,0.020921052631578948,0.017412935323383085,0.0,0.1,0.0,0.6846404442272668,9
0.06503067484662578,0.06615384615384615,0.012389380530973453,0.023960360998053445,0.020026881720430108,0.012697368421052633,0.022885572139303485,0.0,0.1,0.0,0.676855915189715,8
0.06503067484662578,0.06615384615384615,0.014159292035398232,0.025641479384179794,0.021572580645161293,0.016776315789473684,0.023880597014925373,0.0,0.1,0.0,0.6667852141303897,9
0.06503067484662578,0.06076923076923077,0.011504424778761064,0.020350380463634753,0.0165994623655914,0.015131578947368423,0.018208955223880597,0.0,0.1,0.0,0.6924052926049072,9
0.06503067484662578,0.062307692307692314,0.010619469026548672,0.022367722526986374,0.018245967741935487,0.019473684210526317,0.01865671641791045,0.0,0.1,0.0,0.6832980729217746,9
0.06564417177914111,0.07,0.012389380530973453,0.03544505397274819,0.035618279569892476,0.023223684210526317,0.024278606965174133,0.0,0.1,0.0,0.6334008229715443,9
0.06625766871165646,0.06538461538461539,0.014159292035398232,0.03346310387542028,0.024697580645161293,0.026381578947368423,0.029353233830845774,0.1,0.0,0.0,0.6403029265695341,9
0.06625766871165646,0.06076923076923077,0.011946902654867258,0.02319943372854362,0.018178763440860217,0.020394736842105264,0.019104477611940302,0.0,0.1,0.0,0.6801487862407961,9
0.06625766871165646,0.060000000000000005,0.011061946902654869,0.02213767474783224,0.01696908602150538,0.020789473684210528,0.018905472636815922,0.0,0.1,0.0,0.6838786772953246,8
0.0668711656441718,0.06538461538461539,0.012389380530973453,0.02882675632631393,0.020497311827956992,0.030394736842105266,0.024278606965174133,0.0,0.1,0.0,0.651357426478689,10
0.0668711656441718,0.06615384615384615,0.012389380530973453,0.024314280658290572,0.017573924731182796,0.01848684210526316,0.024875621890547265,0.0,0.1,0.0,0.6693349382857248,9
0.06748466257668713,0.06692307692307692,0.012389380530973453,0.028295876835958238,0.0198252688172043,0.02506578947368421,0.023681592039800997,0.0,0.1,0.0,0.6563343528026148,10
0.06748466257668713,0.06923076923076923,0.011504424778761064,0.02845514068306495,0.02268145161290323,0.01848684210526316,0.022885572139303485,0.0,0.1,0.0,0.6592711368732478,6
0.06809815950920248,0.06692307692307692,0.012389380530973453,0.02652627853477261,0.02291666666666667,0.021644736842105265,0.021293532338308458,0.0,0.0,0.1,0.6602081686548942,8
0.06809815950920248,0.06307692307692307,0.011061946902654869,0.021199787648203856,0.015759408602150537,0.019276315789473683,0.01930348258706468,0.0,0.0,0.1,0.6822239758843269,8
0.06809815950920248,0.06153846153846154,0.011504424778761064,0.02503981596177668,0.02231182795698925,0.020855263157894738,0.01791044776119403,0.0,0.0,0.1,0.6727415993357202,7
0.06809815950920248,0.06923076923076923,0.015486725663716814,0.026119270925499913,0.02043010752688172,0.023092105263157893,0.021890547263681594,0.0,0.1,0.0,0.6556523146170904,9
0.06809815950920248,0.07,0.011946902654867258,0.02962307556184746,0.02567204301075269,0.022500000000000003,0.023383084577114428,0.0,0.0,0.1,0.6487767346862157,9
0.06871165644171781,0.06846153846153846,0.014601769911504426,0.029446115731728898,0.023219086021505377,0.02355263157894737,0.027761194029850753,0.0,0.1,0.0,0.6442460078232068,9
0.06932515337423313,0.06846153846153846,0.011061946902654869,0.02939302778269333,0.021068548387096774,0.023486842105263157,0.022885572139303485,0.1,0.0,0.0,0.6543173708472168,11
0.06932515337423313,0.06384615384615384,0.011061946902654869,0.02360644133781632,0.020295698924731185,0.020328947368421054,0.018407960199004977,0.0,0.0,0.1,0.6731276980469847,7
0.06932515337423313,0.07,0.013716814159292037,0.033109184215183156,0.028293010752688173,0.024078947368421054,0.025870646766169157,0.0,0.0,0.1,0.6356062433640133,11
0.06932515337423313,0.06692307692307692,0.012831858407079646,0.02988851530702531,0.02671370967741936,0.020789473684210528,0.02537313432835821,0.0,0.1,0.0,0.648155078298597,9
0.06932515337423313,0.06923076923076923,0.014159292035398232,0.03167580959122279,0.02788978494623656,0.02565789473684211,0.02447761194029851,0.0,0.0,0.1,0.6375836841449994,9
0.06932515337423313,0.07076923076923078,0.013716814159292037,0.03084409838966555,0.025235215053763443,0.028289473684210528,0.024875621890547265,0.0,0.1,0.0,0.6369443926790572,10
0.06993865030674848,0.07076923076923078,0.013716814159292037,0.03540966200672447,0.030510752688172046,0.026973684210526316,0.026368159203980102,0.0,0.0,0.1,0.6263130466553257,11
0.06993865030674848,0.07,0.013716814159292037,0.029446115731728898,0.024092741935483872,0.022894736842105263,0.027562189054726374,0.0,0.0,0.1,0.642348751969915,11
0.06993865030674848,0.06769230769230769,0.015486725663716814,0.03332153601132543,0.025571236559139787,0.030065789473684212,0.028159203980099502,0.0,0.0,0.1,0.6297645503129781,9
0.06993865030674848,0.06384615384615384,0.011504424778761064,0.031144930100867104,0.02872983870967742,0.02572368421052632,0.023681592039800997,0.0,0.0,0.1,0.6454307260074648,13
0.06993865030674848,0.06769230769230769,0.010619469026548672,0.028419748717041234,0.02567204301075269,0.02006578947368421,0.02328358208955224,0.1,0.0,0.0,0.6543084096833648,9
0.07055214723926381,0.06923076923076923,0.011504424778761064,0.027782693328614407,0.021370967741935486,0.025394736842105265,0.022537313432835823,0.0,0.0,0.1,0.6516269474057149,9
0.07055214723926381,0.06923076923076923,0.013716814159292037,0.03456025482215537,0.03326612903225807,0.028223684210526317,0.023383084577114428,0.0,0.0,0.1,0.6270671167286207,9
0.07055214723926381,0.06692307692307692,0.011946902654867258,0.03510883029552292,0.02903225806451613,0.029276315789473685,0.023781094527363187,0.0,0.0,0.1,0.6333793745059161,10
0.07055214723926381,0.07,0.013716814159292037,0.03585206158202088,0.03148521505376344,0.02743421052631579,0.029353233830845774,0.0,0.0,0.1,0.6216063176084983,11
0.07055214723926381,0.06846153846153846,0.012831858407079646,0.031003362236772254,0.025504032258064517,0.02125,0.026865671641791048,0.0,0.0,0.1,0.6435313897554903,10
0.07055214723926381,0.07153846153846154,0.015486725663716814,0.03889577066006017,0.031821236559139786,0.026578947368421056,0.03482587064676617,0.1,0.0,0.0,0.6103008403241706,9
0.07055214723926381,0.06923076923076923,0.011946902654867258,0.03084409838966555,0.030241935483870972,0.02131578947368421,0.02238805970149254,0.0,0.1,0.0,0.6434802978263864,10
0.07055214723926381,0.06923076923076923,0.011946902654867258,0.029180675986551056,0.02268145161290323,0.027828947368421054,0.023781094527363187,0.0,0.1,0.0,0.6447980113798611,11
0.07055214723926381,0.06615384615384615,0.013716814159292037,0.028154308971863388,0.023420698924731184,0.025328947368421055,0.021890547263681594,0.1,0.0,0.0,0.6507826899189008,9
0.07055214723926381,0.07307692307692307,0.012831858407079646,0.030330914882321713,0.024630376344086023,0.022763157894736843,0.02676616915422886,0.0,0.0,0.1,0.63904845300136,9
0.07116564417177915,0.06923076923076923,0.017256637168141596,0.02925145991859848,0.027116935483870973,0.022763157894736843,0.02238805970149254,0.1,0.0,0.0,0.6408273364306112,9
0.07116564417177915,0.07692307692307693,0.014601769911504426,0.032737568571934175,0.024865591397849465,0.024342105263157894,0.029900497512437813,0.1,0.0,0.0,0.6254637462482602,10
0.07116564417177915,0.06769230769230769,0.013274336283185842,0.03703769244381525,0.03481182795698925,0.02875,0.027810945273631846,0.0,0.0,0.1,0.6194572461782909,10
0.07116564417177915,0.06769230769230769,0.012831858407079646,0.027977349141744823,0.023689516129032258,0.021644736842105265,0.024079601990049753,0.0,0.1,0.0,0.6509189856259014,10
0.07116564417177915,0.06769230769230769,0.014159292035398232,0.029357635816669617,0.02261424731182796,0.026381578947368423,0.024726368159203982,0.0,0.0,0.1,0.643902925865445,9
0.07300613496932516,0.07,0.013274336283185842,0.03135728189700938,0.028998655913978495,0.026447368421052636,0.022189054726368163,0.0,0.0,0.1,0.6347271677890803,10
0.0736196319018405,0.07230769230769231,0.011946902654867258,0.034330207043001236,0.03128360215053764,0.02572368421052632,0.026268656716417916,0.1,0.0,0.0,0.6245196230151169,11
0.0736196319018405,0.07076923076923078,0.015044247787610623,0.04178021589099275,0.030645161290322583,0.0443421052631579,0.0327363184079602,0.0,0.0,0.1,0.5910630886888847,11
0.0736196319018405,0.07307692307692307,0.013274336283185842,0.03503804636347549,0.025940860215053766,0.02888157894736842,0.030895522388059704,0.0,0.0,0.1,0.6192731008240933,10
0.0736196319018405,0.07153846153846154,0.014159292035398232,0.0400990975048664,0.03131720430107527,0.03796052631578947,0.02965174129353234,0.1,0.0,0.0,0.6016540451090363,11
0.07423312883435584,0.07538461538461538,0.014601769911504426,0.03790479561139621,0.03239247311827957,0.025460526315789475,0.03502487562189055,0.0,0.1,0.0,0.6049978152021686,10
0.07423312883435584,0.07,0.012831858407079646,0.030507874712440278,0.022446236559139788,0.026118421052631582,0.02985074626865672,0.1,0.0,0.0,0.6340117341656961,9
0.07423312883435584,0.07230769230769231,0.01592920353982301,0.03947973809945143,0.03219086021505376,0.03375,0.03194029850746269,0.0,0.0,0.1,0.600169078496161,10
0.07484662576687118,0.07384615384615384,0.012389380530973453,0.0364891169704477,0.02940188172043011,0.03440789473684211,0.026865671641791048,0.0,0.0,0.1,0.6117532747864906,8
0.07484662576687118,0.07076923076923078,0.012831858407079646,0.039585913997522565,0.0321236559139785,0.03875,0.029701492537313436,0.1,0.0,0.0,0.6013912226080039,10
0.07484662576687118,0.07076923076923078,0.013716814159292037,0.033870111484692975,0.02859543010752688,0.02598684210526316,0.026368159203980102,0.1,0.0,0.0,0.6258467864031428,8
0.07484662576687118,0.07230769230769231,0.014601769911504426,0.041709431958945324,0.03803763440860215,0.03664473684210527,0.029253731343283584,0.1,0.0,0.0,0.5925983774609958,11
0.07546012269938651,0.07230769230769231,0.012831858407079646,0.03640063705538843,0.029805107526881723,0.037171052631578945,0.028358208955223882,0.0,0.0,0.1,0.6076653204167686,11
0.07546012269938651,0.07230769230769231,0.013274336283185842,0.03848876305078747,0.03343413978494624,0.03723684210526316,0.026716417910447765,0.0,0.0,0.1,0.6030816858582907,9
0.07546012269938651,0.07615384615384616,0.014159292035398232,0.044416917359759334,0.03907930107526882,0.04203947368421053,0.032089552238805975,0.1,0.0,0.0,0.5766014947533245,12
0.07546012269938651,0.07615384615384616,0.01769911504424779,0.04314280658290569,0.03790322580645161,0.029868421052631582,0.03865671641791045,0.0,0.0,0.1,0.5811157462426202,10
0.07607361963190186,0.07538461538461538,0.014159292035398232,0.03663068483454256,0.02956989247311828,0.033223684210526315,0.028358208955223882,0.0,0.0,0.1,0.6066000024746735,11
0.07607361963190186,0.07538461538461538,0.013274336283185842,0.04229339939833658,0.030947580645161295,0.03973684210526316,0.035323383084577116,0.0,0.0,0.1,0.5869662234669588,9
0.07607361963190186,0.07615384615384616,0.015044247787610623,0.0375862679171828,0.025,0.028026315789473684,0.033830845771144286,0.1,0.0,0.0,0.6082848569488406,11
0.07607361963190186,0.07615384615384616,0.017256637168141596,0.05360113254291276,0.038911290322580644,0.045526315789473686,0.05169154228855721,0.0,0.0,0.1,0.540785616102586,15
0.07607361963190186,0.07230769230769231,0.013274336283185842,0.046328083525039816,0.0394489247311828,0.057960526315789476,0.03233830845771145,0.0,0.0,0.1,0.5622685087474965,9
0.07607361963190186,0.07461538461538461,0.013716814159292037,0.036436029021412145,0.02856182795698925,0.030460526315789476,0.03333333333333334,0.0,0.0,0.1,0.6068024649658973,12
0.0766871165644172,0.07615384615384616,0.013716814159292037,0.03710847637586268,0.032728494623655915,0.027894736842105264,0.03199004975124378,0.0,0.0,0.1,0.603720465529577,11
0.0766871165644172,0.07923076923076923,0.015044247787610623,0.04710670677756149,0.0384744623655914,0.03953947368421053,0.03592039800995025,0.0,0.0,0.1,0.5679968255798893,9
0.0766871165644172,0.0776923076923077,0.016371681415929203,0.04093080870642365,0.03494623655913979,0.03164473684210526,0.03517412935323383,0.0,0.0,0.1,0.5865529828664433,10
0.0766871165644172,0.06846153846153846,0.014159292035398232,0.038577242965846754,0.03091397849462366,0.03901315789473684,0.030248756218905475,0.1,0.0,0.0,0.6019389173645334,11
0.0766871165644172,0.08,0.01592920353982301,0.04792072199610689,0.032560483870967744,0.046184210526315786,0.0373134328358209,0.1,0.0,0.0,0.5634048306665485,11
0.0766871165644172,0.07230769230769231,0.012831858407079646,0.03482569456733322,0.03192204301075269,0.026315789473684213,0.026368159203980102,0.1,0.0,0.0,0.6187416464650606,11
0.07730061349693253,0.07538461538461538,0.013716814159292037,0.04432843744470005,0.04233870967741936,0.03236842105263158,0.028756218905472638,0.0,0.0,0.1,0.5858061698789364,9
0.07791411042944786,0.07461538461538461,0.014601769911504426,0.044930100867103175,0.03786962365591398,0.040328947368421054,0.03378109452736319,0.1,0.0,0.0,0.5759589686248617,11
0.07791411042944786,0.08,0.014601769911504426,0.047442930454786765,0.03403897849462365,0.03894736842105263,0.04099502487562189,0.1,0.0,0.0,0.5660598174129627,11
0.07791411042944786,0.0776923076923077,0.013716814159292037,0.04563794018757743,0.039919354838709675,0.041315789473684215,0.034328358208955224,0.1,0.0,0.0,0.5694753250100258,11
0.07791411042944786,0.08076923076923077,0.014159292035398232,0.04229339939833658,0.036525537634408606,0.03236842105263158,0.03333333333333334,0.0,0.0,0.1,0.5826366753472131,12
0.07791411042944786,0.07692307692307693,0.014601769911504426,0.045053972748186163,0.043918010752688176,0.028026315789473684,0.03631840796019901,0.0,0.0,0.1,0.5772443354854238,12
0.07791411042944786,0.07923076923076923,0.014601769911504426,0.04349672624314281,0.03397177419354839,0.03914473684210526,0.03517412935323383,0.0,0.0,0.1,0.5764659837962482,10
0.07852760736196321,0.08153846153846155,0.014601769911504426,0.04209874358520616,0.03202284946236559,0.039473684210526314,0.03482587064676617,0.0,0.0,0.1,0.5769110132832066,11
0.07852760736196321,0.07384615384615384,0.012831858407079646,0.03944434613342771,0.03413978494623656,0.031578947368421054,0.033830845771144286,0.1,0.0,0.0,0.5958004561655738,10
0.07852760736196321,0.07923076923076923,0.014601769911504426,0.046416563440099104,0.03323252688172043,0.03361842105263158,0.04079601990049751,0.1,0.0,0.0,0.5735763222208146,10
0.07852760736196321,0.07538461538461538,0.011946902654867258,0.038931162626083884,0.032795698924731186,0.032960526315789475,0.0291044776119403,0.0,0.1,0.0,0.6003490091200093,10
0.07852760736196321,0.07538461538461538,0.013716814159292037,0.039939833657759695,0.03205645161290323,0.03539473684210527,0.033830845771144286,0.0,0.0,0.1,0.591149095210217,9
0.07852760736196321,0.07461538461538461,0.016371681415929203,0.05023889577066006,0.04526209677419355,0.04559210526315789,0.03238805970149254,0.1,0.0,0.0,0.557004169097219,11
0.07914110429447854,0.07846153846153846,0.01592920353982301,0.057317288975402586,0.05252016129032258,0.04236842105263158,0.04651741293532339,0.1,0.0,0.0,0.5277448694504798,12
0.07914110429447854,0.07538461538461538,0.015486725663716814,0.04671739515130066,0.043850806451612906,0.03125,0.033681592039801,0.0,0.0,0.1,0.5744877610144747,11
0.07914110429447854,0.08,0.018584070796460177,0.05498141921783756,0.04139784946236559,0.048092105263157894,0.047164179104477615,0.1,0.0,0.0,0.5306392718612226,16
0.07975460122699388,0.08,0.013274336283185842,0.04381525393735622,0.03692876344086022,0.03894736842105263,0.03288557213930349,0.0,0.1,0.0,0.5743941045512477,10
0.07975460122699388,0.07846153846153846,0.013716814159292037,0.042081047602194305,0.03245967741935484,0.03657894736842106,0.036268656716417914,0.1,0.0,0.0,0.5806787170457874,13
0.07975460122699388,0.07846153846153846,0.016371681415929203,0.04866395328260485,0.035685483870967746,0.05052631578947369,0.03965174129353234,0.1,0.0,0.0,0.5508846846589598,10
0.08036809815950922,0.07923076923076923,0.01592920353982301,0.04997345602548221,0.04163306451612904,0.032697368421052635,0.049452736318407964,0.1,0.0,0.0,0.5507153037888267,11
0.08036809815950922,0.08076923076923077,0.015486725663716814,0.047708370199964614,0.039348118279569896,0.03427631578947369,0.039203980099502496,0.1,0.0,0.0,0.5628391610390324,10
0.08036809815950922,0.08,0.015044247787610623,0.040506105114139095,0.035618279569892476,0.029342105263157895,0.03462686567164179,0.0,0.0,0.1,0.5844942984340489,9
0.08098159509202456,0.08230769230769232,0.018141592920353982,0.05101751902318174,0.03981854838709678,0.036513157894736845,0.04875621890547264,0.1,0.0,0.0,0.5424636754694411,10
0.08098159509202456,0.07846153846153846,0.015486725663716814,0.043107414616881966,0.03397177419354839,0.03986842105263158,0.03681592039800995,0.0,0.0,0.1,0.5713066105216483,11
0.08159509202453989,0.07692307692307693,0.013274336283185842,0.04415147761458149,0.03108198924731183,0.03888157894736842,0.03577114427860697,0.1,0.0,0.0,0.5783213046813286,10
0.08159509202453989,0.07923076923076923,0.01769911504424779,0.044930100867103175,0.034374999999999996,0.03519736842105264,0.043383084577114435,0.0,0.0,0.1,0.5635894698351729,12
0.08159509202453989,0.08076923076923077,0.01592920353982301,0.050575119447885335,0.04512768817204301,0.038157894736842106,0.03980099502487563,0.0,0.0,0.1,0.5480447762847602,12
0.08220858895705524,0.08153846153846155,0.018141592920353982,0.04960184038223323,0.04321236559139786,0.03243421052631579,0.04139303482587065,0.1,0.0,0.0,0.5514699052583117,12
0.08282208588957057,0.07923076923076923,0.013274336283185842,0.046434259423110955,0.037365591397849465,0.037434210526315785,0.0409452736318408,0.0,0.0,0.1,0.5624934736173574,11
0.08282208588957057,0.07846153846153846,0.016371681415929203,0.05213236595292869,0.04230510752688172,0.03980263157894737,0.04223880597014926,0.1,0.0,0.0,0.5458657832040548,11
0.08343558282208591,0.08307692307692308,0.0168141592920354,0.05744116085648558,0.04815188172043011,0.04657894736842105,0.04691542288557214,0.0,0.0,0.1,0.5175859219780468,12
0.08343558282208591,0.08307692307692308,0.013716814159292037,0.054291275880375155,0.04509408602150538,0.04986842105263158,0.038208955223880604,0.0,0.0,0.1,0.5323079417633062,10
0.08404907975460124,0.08230769230769232,0.013716814159292037,0.049000176959830125,0.04445564516129032,0.028223684210526317,0.04054726368159204,0.0,0.0,0.1,0.5576996437651756,10
0.08466257668711658,0.08461538461538462,0.01592920353982301,0.05986551052910989,0.0447244623655914,0.05289473684210527,0.04975124378109453,0.0,0.0,0.1,0.5075568816397747,11
0.08527607361963191,0.08384615384615385,0.016371681415929203,0.05561847460626437,0.044657258064516134,0.050460526315789477,0.04482587064676617,0.0,0.0,0.1,0.5189439614849489,13
0.08588957055214724,0.08846153846153845,0.018141592920353982,0.06274995576004247,0.04065860215053763,0.05881578947368422,0.05353233830845772,0.1,0.0,0.0,0.49175061237323825,13
0.08588957055214724,0.08461538461538462,0.015486725663716814,0.05098212705715802,0.04411962365591398,0.03927631578947369,0.0373134328358209,0.0,0.0,0.1,0.5423168198303848,12
0.08588957055214724,0.08461538461538462,0.017256637168141596,0.05749424880552115,0.04536290322580646,0.045657894736842106,0.05323383084577115,0.0,0.0,0.1,0.5104895300503857,13
0.08650306748466259,0.08230769230769232,0.01946902654867257,0.06604140860024775,0.06243279569892474,0.050460526315789477,0.043731343283582094,0.1,0.0,0.0,0.48905413976042844,10
0.0883435582822086,0.08846153846153845,0.01592920353982301,0.05912227924261193,0.049193548387096775,0.04743421052631579,0.04985074626865672,0.1,0.0,0.0,0.5016649152917487,12
0.0883435582822086,0.08692307692307691,0.0168141592920354,0.07365068129534595,0.07268145161290322,0.05664473684210526,0.0500497512437811,0.0,0.0,0.1,0.45489258450854353,11
0.08895705521472394,0.08769230769230768,0.018141592920353982,0.057317288975402586,0.05,0.041447368421052636,0.048557213930348266,0.1,0.0,0.0,0.507887172845811,11
0.09202453987730062,0.08461538461538462,0.017256637168141596,0.06485577773845337,0.05577956989247312,0.04815789473684211,0.04378109452736319,0.1,0.0,0.0,0.4935291014440414,11
0.0932515337423313,0.09307692307692307,0.019026548672566375,0.07690674216952752,0.05383064516129033,0.06467105263157895,0.06427860696517414,0.0,0.0,0.1,0.43495794758060835,13
0.016564417177914115,0.02,0.003539823008849558,0.001026367014687666,0.0008400537634408603,0.0008552631578947369,0.0007960199004975125,0.0,0.1,0.0,0.8563780559767156,4
0.019631901840490802,0.016923076923076923,0.002212389380530974,0.0006901433374623961,0.0005040322580645161,0.0006578947368421054,0.0005970149253731344,0.0,0.1,0.0,0.8587835465981591,4
0.025766871165644176,0.023076923076923075,0.004867256637168142,0.0016457264201026368,0.0011424731182795701,0.0015789473684210528,0.0014925373134328358,0.0,0.1,0.0,0.8404292649000284,5
0.034355828220858906,0.03230769230769231,0.006637168141592921,0.0042293399398336574,0.0035618279569892474,0.003486842105263158,0.0029850746268656717,0.0,0.1,0.0,0.8124362267009042,6
0.034355828220858906,0.03076923076923077,0.005752212389380532,0.003167580959122279,0.0024193548387096775,0.0024342105263157896,0.0029850746268656717,0.0,0.1,0.0,0.8181165076695164,7
0.03496932515337424,0.03307692307692307,0.005309734513274336,0.00330914882321713,0.0020833333333333333,0.0030263157894736843,0.0029850746268656717,0.0,0.1,0.0,0.8152401446835384,6
0.03558282208588957,0.03230769230769231,0.0061946902654867264,0.003946204211643957,0.0032258064516129037,0.002697368421052632,0.0029850746268656717,0.0,0.1,0.0,0.8130603416297562,5
0.03558282208588957,0.03230769230769231,0.005309734513274336,0.0042293399398336574,0.003763440860215054,0.0030921052631578947,0.0029850746268656717,0.0,0.1,0.0,0.8127297904030715,6
0.03558282208588957,0.03230769230769231,0.005752212389380532,0.003433020704300124,0.0025201612903225806,0.0028947368421052633,0.0029850746268656717,0.0,0.1,0.0,0.814524279753444,6
0.039263803680981604,0.03692307692307692,0.0061946902654867264,0.004707131481153778,0.003931451612903226,0.0033552631578947366,0.004079601990049752,0.0,0.1,0.0,0.8015449808884533,6
0.03987730061349694,0.038461538461538464,0.0061946902654867264,0.006175898071137852,0.0058803763440860215,0.004671052631578947,0.003980099502487563,0.0,0.1,0.0,0.7947590441101875,7
0.04110429447852762,0.038461538461538464,0.007079646017699116,0.005998938241019289,0.004670698924731183,0.005789473684210527,0.004925373134328359,0.0,0.1,0.0,0.7919700370579454,6
0.04294478527607362,0.036153846153846154,0.007079646017699116,0.006016634224031146,0.004872311827956989,0.006118421052631579,0.004925373134328359,0.0,0.1,0.0,0.791888982313433,7
0.04294478527607362,0.038461538461538464,0.0061946902654867264,0.005680410546805875,0.00480510752688172,0.0044078947368421054,0.004577114427860697,0.0,0.1,0.0,0.7929284587585108,6
0.04355828220858896,0.04153846153846154,0.009292035398230088,0.00959122279242612,0.009576612903225807,0.006907894736842105,0.007313432835820896,0.0,0.1,0.0,0.7722220575864045,9
0.0441717791411043,0.04153846153846154,0.007522123893805311,0.007733144576181207,0.007157258064516129,0.005,0.006169154228855722,0.0,0.1,0.0,0.7807080785570758,6
0.0441717791411043,0.04153846153846154,0.007522123893805311,0.006936825340647674,0.0060819892473118285,0.004473684210526316,0.0052736318407960205,0.0,0.1,0.0,0.784001504787347,7
0.04601226993865031,0.04307692307692308,0.007079646017699116,0.007998584321359052,0.007056451612903226,0.0061842105263157894,0.006467661691542289,0.0,0.1,0.0,0.7761242528146071,6
0.04601226993865031,0.04230769230769231,0.007522123893805311,0.007786232525216776,0.007325268817204302,0.006578947368421053,0.006019900497512438,0.0,0.1,0.0,0.7764475646514974,7
0.04846625766871167,0.04461538461538461,0.0084070796460177,0.010617589807113786,0.010618279569892475,0.008947368421052633,0.007761194029850747,0.0,0.1,0.0,0.7605668462419763,7
0.04969325153374234,0.038461538461538464,0.007964601769911504,0.010175190231817377,0.008602150537634409,0.008289473684210527,0.00800995024875622,0.0,0.1,0.0,0.7688038435323892,7
0.05092024539877301,0.05,0.009734513274336285,0.011183861263493187,0.009307795698924733,0.010460526315789474,0.009203980099502488,0.0,0.1,0.0,0.7491890779491808,8
0.05214723926380369,0.04846153846153846,0.0084070796460177,0.013006547513714387,0.012533602150537636,0.008881578947368423,0.009800995024875624,0.0,0.1,0.0,0.7467614189921441,7
0.052760736196319026,0.04923076923076923,0.009734513274336285,0.013006547513714387,0.011256720430107529,0.013421052631578946,0.010447761194029851,0.0,0.1,0.0,0.7401418995291448,8
0.05337423312883437,0.05,0.010619469026548672,0.012245620244204565,0.010685483870967743,0.01105263157894737,0.009452736318407961,0.0,0.1,0.0,0.7425698258320893,7
0.05521472392638038,0.050769230769230775,0.009292035398230088,0.017536719164749602,0.017305107526881722,0.010789473684210528,0.01283582089552239,0.0,0.0,0.1,0.7262568886347945,8
0.05644171779141106,0.05384615384615384,0.009734513274336285,0.01654574411608565,0.014280913978494625,0.013026315789473686,0.013681592039800997,0.0,0.1,0.0,0.7224430491642438,7
0.057668711656441725,0.05615384615384615,0.011946902654867258,0.018474606264377986,0.01609543010752688,0.02006578947368421,0.014427860696517414,0.0,0.0,0.1,0.7051668529927384,10
0.057668711656441725,0.057692307692307696,0.009292035398230088,0.015607857016457265,0.011223118279569894,0.011381578947368421,0.014427860696517414,0.0,0.1,0.0,0.7227065303131075,10
0.058282208588957066,0.05615384615384615,0.010619469026548672,0.01835073438329499,0.018010752688172045,0.014407894736842106,0.013582089552238809,0.0,0.1,0.0,0.7105930048701001,8
0.06196319018404909,0.060000000000000005,0.010619469026548672,0.023110953813484342,0.022278225806451616,0.01822368421052632,0.016616915422885573,0.0,0.0,0.1,0.6871875615360544,9
0.06196319018404909,0.06076923076923077,0.011946902654867258,0.020934347903026014,0.01935483870967742,0.01730263157894737,0.018407960199004977,0.0,0.0,0.1,0.6893208980011971,12
0.06196319018404909,0.05923076923076923,0.01017699115044248,0.017076623606441337,0.014112903225806451,0.013618421052631578,0.01527363184079602,0.0,0.0,0.1,0.7085474697090638,10
0.06257668711656443,0.07,0.011946902654867258,0.024261192709255,0.019321236559139785,0.020263157894736844,0.020248756218905473,0.0,0.1,0.0,0.6713820668465311,9
0.06319018404907976,0.06153846153846154,0.012389380530973453,0.022420810476021943,0.01935483870967742,0.019078947368421053,0.016716417910447763,0.0,0.0,0.1,0.6853109594169171,9
0.06441717791411045,0.06307692307692307,0.011504424778761064,0.024331976641302426,0.02308467741935484,0.019671052631578947,0.017562189054726368,0.0,0.0,0.1,0.6763515784832428,9
0.06503067484662578,0.06615384615384615,0.013274336283185842,0.02622544682357105,0.021841397849462367,0.024407894736842108,0.019502487562189058,0.1,0.0,0.0,0.6635639157442776,9
0.06503067484662578,0.062307692307692314,0.011504424778761064,0.022491594408069367,0.017708333333333336,0.020592105263157894,0.018407960199004977,0.1,0.0,0.0,0.6819572148633553,9
0.0668711656441718,0.06769230769230769,0.012389380530973453,0.029711555476906744,0.0239247311827957,0.02506578947368421,0.02373134328358209,0.0,0.0,0.1,0.6506137267155783,11
0.06748466257668713,0.07230769230769231,0.013274336283185842,0.032578304724827464,0.025604838709677422,0.03203947368421053,0.026616915422885575,0.1,0.0,0.0,0.6300937762908337,10
0.06871165644171781,0.06307692307692307,0.014159292035398232,0.029074500088479917,0.02298387096774194,0.024210526315789474,0.025174129353233834,0.1,0.0,0.0,0.6526091017207157,9
0.06932515337423313,0.06846153846153846,0.012831858407079646,0.032755264554946026,0.029200268817204302,0.027894736842105264,0.024626865671641792,0.0,0.0,0.1,0.6349043138712513,9
0.06993865030674848,0.06692307692307692,0.013274336283185842,0.029357635816669617,0.026041666666666668,0.020526315789473684,0.02437810945273632,0.1,0.0,0.0,0.6495602087614425,10
0.07116564417177915,0.07076923076923078,0.014159292035398232,0.03762165988320651,0.034475806451612905,0.0355921052631579,0.02611940298507463,0.0,0.0,0.1,0.6100968584405398,9
0.07239263803680983,0.07153846153846154,0.014601769911504426,0.03946204211643957,0.03471102150537635,0.03592105263157895,0.027363184079601994,0.0,0.0,0.1,0.6040098301802274,10
0.0736196319018405,0.06923076923076923,0.012389380530973453,0.02962307556184746,0.024865591397849465,0.023289473684210527,0.024129353233830846,0.1,0.0,0.0,0.6428527244586785,10
0.07423312883435584,0.06846153846153846,0.012389380530973453,0.03475491063528579,0.02886424731182796,0.02743421052631579,0.029353233830845774,0.0,0.0,0.1,0.6245093498688569,12
0.07484662576687118,0.07538461538461538,0.014159292035398232,0.03935586621836844,0.03125000000000001,0.030000000000000002,0.03393034825870647,0.0,0.0,0.1,0.6010732523360403,10
0.0766871165644172,0.07923076923076923,0.01592920353982301,0.047726066182976465,0.035315860215053764,0.03315789473684211,0.03905472636815921,0.1,0.0,0.0,0.572898363161959,14
0.08098159509202456,0.07923076923076923,0.017256637168141596,0.0554061228101221,0.049361559139784954,0.04644736842105263,0.03840796019900498,0.0,0.0,0.1,0.5329079879390999,9
0.031288343558282215,0.02923076923076923,0.005309734513274336,0.003043709078039285,0.002688172043010753,0.0024342105263157896,0.0024875621890547268,0.0,0.1,0.0,0.8235174988612537,5
0.03312883435582823,0.030000000000000002,0.005752212389380532,0.003769244381525394,0.003192204301075269,0.0029605263157894738,0.0028358208955223886,0.0,0.1,0.0,0.8183611573608787,5
0.034355828220858906,0.03307692307692307,0.007079646017699116,0.004671739515130066,0.004838709677419355,0.0028947368421052633,0.0032835820895522395,0.0,0.1,0.0,0.809798834560312,5
0.03496932515337424,0.03307692307692307,0.0061946902654867264,0.0038046363475491064,0.0034274193548387098,0.0029605263157894738,0.0026865671641791047,0.0,0.1,0.0,0.8128799123218595,6
0.039263803680981604,0.03923076923076923,0.007522123893805311,0.006175898071137852,0.004838709677419355,0.004342105263157895,0.005671641791044777,0.0,0.1,0.0,0.792954948391684,8
0.03987730061349694,0.03692307692307692,0.0061946902654867264,0.005379578835604318,0.0037970430107526886,0.004013157894736843,0.0053731343283582094,0.0,0.1,0.0,0.7984420181284874,8
0.04723926380368099,0.04307692307692308,0.008849557522123895,0.009750486639532827,0.008770161290322582,0.008026315789473685,0.007213930348258707,0.0,0.1,0.0,0.7670733615296842,8
0.04846625766871167,0.045384615384615384,0.008849557522123895,0.010369846044947796,0.009408602150537636,0.008157894736842105,0.008159203980099504,0.0,0.1,0.0,0.7612040225121219,7
0.049079754601227,0.04692307692307692,0.014159292035398232,0.013024243496726243,0.011626344086021506,0.009276315789473685,0.010447761194029851,0.1,0.0,0.0,0.7454632118740465,7
0.04969325153374234,0.047692307692307694,0.007964601769911504,0.011042293399398337,0.009274193548387098,0.007894736842105263,0.008656716417910448,0.0,0.1,0.0,0.7577818987962374,8
0.05092024539877301,0.04692307692307692,0.010619469026548672,0.01189170058396744,0.011088709677419355,0.01,0.00800995024875622,0.0,0.1,0.0,0.7505468481414583,7
0.05153374233128835,0.04846153846153846,0.01017699115044248,0.012564147938417978,0.012735215053763441,0.008552631578947369,0.008656716417910448,0.0,0.1,0.0,0.7473190170676915,6
0.0539877300613497,0.04692307692307692,0.01017699115044248,0.013413555122987083,0.01088709677419355,0.011973684210526315,0.010945273631840797,0.0,0.1,0.0,0.7416925921255831,9
0.05460122699386504,0.04923076923076923,0.010619469026548672,0.01337816315696337,0.01021505376344086,0.010855263157894738,0.011940298507462687,0.0,0.1,0.0,0.7391597561630554,8
0.05521472392638038,0.05384615384615384,0.011504424778761064,0.016474960184038226,0.01394489247311828,0.01375,0.013432835820895524,0.0,0.0,0.1,0.7218320089706527,8
0.055828220858895716,0.054615384615384614,0.1,0.021022827818085295,0.02231182795698925,0.015263157894736843,0.013283582089552241,0.1,0.0,0.0,0.617674998766356,8
0.05644171779141106,0.05307692307692307,0.010619469026548672,0.017465935232702175,0.016364247311827958,0.015460526315789473,0.013134328358208958,0.0,0.0,0.1,0.7174368528865886,8
0.05644171779141106,0.05307692307692307,0.009734513274336285,0.01626260838789595,0.015793010752688172,0.011644736842105263,0.011542288557213932,0.0,0.0,0.1,0.7255042013174262,7
0.05705521472392639,0.05538461538461538,0.009734513274336285,0.017536719164749602,0.017909946236559143,0.011184210526315791,0.012039800995024877,0.0,0.0,0.1,0.7191549796944725,7
0.05705521472392639,0.054615384615384614,0.007964601769911504,0.015307025305255708,0.013474462365591399,0.009736842105263158,0.012686567164179105,0.0,0.1,0.0,0.7291599019504881,9
0.058282208588957066,0.05846153846153846,0.012389380530973453,0.02438506459033799,0.02127016129032258,0.01730263157894737,0.01945273631840796,0.1,0.0,0.0,0.6884562786405151,7
0.0588957055214724,0.05384615384615384,0.011946902654867258,0.019341709431958946,0.018380376344086024,0.013092105263157896,0.01572139303482587,0.0,0.1,0.0,0.7087756539034777,8
0.05950920245398774,0.060000000000000005,0.011946902654867258,0.021836843036630686,0.016801075268817207,0.017697368421052635,0.016268656716417914,0.0,0.0,0.1,0.6959399514482265,8
0.060122699386503074,0.05692307692307692,0.009734513274336285,0.01904087772075739,0.018212365591397852,0.013618421052631578,0.013830845771144282,0.0,0.1,0.0,0.7085172002801526,8
0.061349693251533756,0.060000000000000005,0.011946902654867258,0.02765882144753141,0.024260752688172044,0.020723684210526318,0.02373134328358209,0.0,0.0,0.1,0.6703288024637871,9
0.061349693251533756,0.05846153846153846,0.012389380530973453,0.022491594408069367,0.018615591397849466,0.01881578947368421,0.017761194029850748,0.1,0.0,0.0,0.6901152184465006,8
0.06196319018404909,0.05923076923076923,0.011504424778761064,0.02277473013625907,0.021068548387096774,0.019605263157894737,0.015074626865671643,0.0,0.0,0.1,0.6887784472594984,7
0.06441717791411045,0.05923076923076923,0.008849557522123895,0.018102990621129002,0.01653225806451613,0.013223684210526318,0.014477611940298509,0.0,0.0,0.1,0.7051659504965264,8
0.06564417177914111,0.06461538461538462,0.011061946902654869,0.026119270925499913,0.02385752688172043,0.02493421052631579,0.017860696517412938,0.0,0.0,0.1,0.6659067918518704,8
0.06564417177914111,0.06461538461538462,0.011504424778761064,0.02473898425057512,0.021001344086021508,0.020592105263157894,0.020248756218905473,0.1,0.0,0.0,0.6716548290080532,8
0.06625766871165646,0.05923076923076923,0.012389380530973453,0.027092549991152008,0.021942204301075272,0.015263157894736843,0.023532338308457714,0.1,0.0,0.0,0.674291931031179,10
0.06625766871165646,0.06461538461538462,0.011504424778761064,0.026561670500796317,0.024731182795698924,0.02203947368421053,0.018358208955223883,0.1,0.0,0.0,0.6659319859582682,9
0.0668711656441718,0.06615384615384615,0.014159292035398232,0.029870819324013448,0.026512096774193552,0.024407894736842108,0.022985074626865675,0.1,0.0,0.0,0.649039810704669,9
0.06748466257668713,0.06307692307692307,0.011504424778761064,0.030808706423641835,0.02993951612903226,0.027828947368421054,0.02119402985074627,0.0,0.0,0.1,0.6481627897957873,9
0.06748466257668713,0.06461538461538462,0.01017699115044248,0.02364183330384003,0.01965725806451613,0.018026315789473685,0.020796019900497512,0.0,0.1,0.0,0.6756015345991584,11
0.06932515337423313,0.06769230769230769,0.011946902654867258,0.02937533179968147,0.026411290322580647,0.022828947368421053,0.023681592039800997,0.1,0.0,0.0,0.6487384747481078,9
0.07116564417177915,0.06923076923076923,0.010619469026548672,0.030737922491594412,0.028091397849462366,0.019407894736842107,0.025920398009950253,0.0,0.0,0.1,0.6448265044830538,8
0.07116564417177915,0.06692307692307692,0.013274336283185842,0.029693859493894886,0.023420698924731184,0.027236842105263157,0.019104477611940302,0.1,0.0,0.0,0.6491810644861286,7
0.07177914110429448,0.07461538461538461,0.013274336283185842,0.038187931339585916,0.027856182795698924,0.027828947368421054,0.0354228855721393,0.1,0.0,0.0,0.6110351909212899,11
0.07300613496932516,0.07153846153846154,0.013274336283185842,0.0325252167757919,0.029133064516129036,0.023223684210526317,0.026069651741293536,0.0,0.0,0.1,0.6312294499652866,9
0.0736196319018405,0.07230769230769231,0.0168141592920354,0.040152185453901965,0.03306451612903226,0.03414473684210526,0.03358208955223881,0.1,0.0,0.0,0.5963149885211535,10
0.07484662576687118,0.06615384615384615,0.012389380530973453,0.03217129711555477,0.029435483870967744,0.026315789473684213,0.021890547263681594,0.1,0.0,0.0,0.6367970298244209,8
0.07484662576687118,0.07384615384615384,0.014601769911504426,0.044009909750486645,0.03746639784946237,0.03519736842105264,0.03701492537313433,0.0,0.0,0.1,0.5830168490813346,8
0.07607361963190186,0.07538461538461538,0.014159292035398232,0.037373916121040525,0.03313172043010753,0.03210526315789474,0.02711442786069652,0.1,0.0,0.0,0.6046571453783453,9
0.07914110429447854,0.07615384615384616,0.013274336283185842,0.042806582905680415,0.0405241935483871,0.029276315789473685,0.03373134328358209,0.0,0.0,0.1,0.5850922777413662,9
0.07975460122699388,0.07692307692307693,0.012389380530973453,0.04381525393735622,0.04143145161290323,0.030986842105263156,0.0318407960199005,0.0,0.0,0.1,0.5828585976435326,8
0.08159509202453989,0.08076923076923077,0.018584070796460177,0.05818439214298354,0.05497311827956989,0.04467105263157895,0.04253731343283582,0.1,0.0,0.0,0.5186857299228009,10
0.08404907975460124,0.08461538461538462,0.01769911504424779,0.06273225977703062,0.054637096774193546,0.05092105263157895,0.04875621890547264,0.0,0.0,0.1,0.4965897924974906,11
0.08466257668711658,0.08307692307692308,0.017256637168141596,0.04432843744470005,0.04905913978494624,0.05230263157894737,0.04597014925373135,0.1,0.0,0.0,0.5233435050054938,12
0.08650306748466259,0.08769230769230768,0.016371681415929203,0.062325252167757916,0.050201612903225806,0.04901315789473684,0.048557213930348266,0.1,0.0,0.0,0.49933570651103176,10
0.08711656441717792,0.07692307692307693,0.013274336283185842,0.046593523270217665,0.04593413978494624,0.037039473684210525,0.02786069651741294,0.1,0.0,0.0,0.5652581891197719,10
0.0883435582822086,0.09,0.01946902654867257,0.06774022296938595,0.06152553763440861,0.05894736842105264,0.04766169154228856,0.0,0.0,0.1,0.46631259460198304,11
0.0883435582822086,0.08846153846153845,0.019026548672566375,0.0743231286497965,0.05756048387096775,0.06348684210526316,0.05990049751243782,0.1,0.0,0.0,0.44889740244522136,12
0.08957055214723927,0.08538461538461539,0.01592920353982301,0.05979472659706247,0.04405241935483871,0.02585526315789474,0.049104477611940305,0.1,0.0,0.0,0.5303087422065861,10
0.09509202453987732,0.08769230769230768,0.01946902654867257,0.07191647496018404,0.049395161290322585,0.06256578947368421,0.0655223880597015,0.0,0.0,0.1,0.4483468274352501,17
0.06196319018404909,0.060000000000000005,0.01017699115044248,0.02335869757565033,0.020463709677419357,0.020460526315789474,0.017412935323383085,0.1,0.0,0.0,0.6861639497732661,8
0.06503067484662578,0.06538461538461539,0.011504424778761064,0.02638471067067776,0.020127688172043013,0.017828947368421055,0.02437810945273632,0.0,0.0,0.1,0.6693608293261196,10
0.06196319018404909,0.05923076923076923,0.01017699115044248,0.02180145107060697,0.016330645161290323,0.014144736842105264,0.020895522388059702,0.1,0.0,0.0,0.695456693972677,11
0.04969325153374234,0.04692307692307692,0.007964601769911504,0.009998230401698813,0.007661290322580646,0.0075657894736842115,0.009452736318407961,0.0,0.1,0.0,0.7607410232568976,7
0.05092024539877301,0.04615384615384615,0.008849557522123895,0.011874004600955584,0.010383064516129033,0.009013157894736843,0.009452736318407961,0.0,0.0,0.1,0.7533533875950276,7
0.061349693251533756,0.060000000000000005,0.012831858407079646,0.023040169881436916,0.01834677419354839,0.01736842105263158,0.021890547263681594,0.0,0.0,0.1,0.6851725359500881,11
0.05214723926380369,0.050769230769230775,0.007079646017699116,0.012776499734560255,0.009005376344086023,0.010855263157894738,0.012437810945273632,0.0,0.0,0.1,0.7449289337674517,7
0.057668711656441725,0.05384615384615384,0.008849557522123895,0.016899663776322776,0.012668010752688173,0.011644736842105263,0.017412935323383085,0.0,0.0,0.1,0.7210102302807813,8
0.049079754601227,0.047692307692307694,0.01017699115044248,0.01226331622721642,0.00991263440860215,0.009144736842105265,0.011442786069651743,0.1,0.0,0.0,0.7502874730084472,10
0.04539877300613498,0.04461538461538461,0.008849557522123895,0.008847991505928155,0.006888440860215054,0.006644736842105264,0.008457711442786071,0.0,0.1,0.0,0.770297404205322,10
0.061349693251533756,0.05846153846153846,0.013716814159292037,0.02335869757565033,0.017842741935483873,0.017960526315789475,0.021393034825870648,0.0,0.0,0.1,0.6859169534748414,19
0.05030674846625768,0.047692307692307694,0.009734513274336285,0.011148469297469476,0.008333333333333333,0.010789473684210528,0.009452736318407961,0.0,0.1,0.0,0.752542417933677,9
0.04601226993865031,0.04461538461538461,0.008849557522123895,0.009768182622544683,0.007896505376344086,0.00743421052631579,0.008457711442786071,0.0,0.0,0.1,0.7669661779558505,9
0.060122699386503074,0.05923076923076923,0.011061946902654869,0.019093965669792958,0.014616935483870969,0.016842105263157894,0.016417910447761197,0.1,0.0,0.0,0.7026136676154898,11
0.07177914110429448,0.07384615384615384,0.016371681415929203,0.036807644664661125,0.029166666666666667,0.03486842105263158,0.028358208955223882,0.0,0.0,0.1,0.6088020822944392,10
0.07300613496932516,0.07,0.013716814159292037,0.03684303663068483,0.02795698924731183,0.02769736842105263,0.03631840796019901,0.0,0.0,0.1,0.6144612486121345,14
0.08282208588957057,0.08461538461538462,0.01592920353982301,0.05975933463103875,0.03776881720430108,0.04875,0.05970149253731344,0.1,0.0,0.0,0.5106536815825685,15
0.08159509202453989,0.08230769230769232,0.019911504424778764,0.0772783578127765,0.05063844086021505,0.05144736842105264,0.08805970149253732,0.0,0.0,0.1,0.4487618426564075,27
0.07607361963190186,0.07538461538461538,0.015044247787610623,0.042841974871704123,0.03484543010752688,0.03361842105263158,0.03333333333333334,0.0,0.0,0.1,0.5888583578306762,13
0.03987730061349694,0.038461538461538464,0.004867256637168142,0.005875066359936295,0.00510752688172043,0.006710526315789473,0.004477611940298508,0.0,0.1,0.0,0.7946231727900517,5
0.055828220858895716,0.054615384615384614,0.007079646017699116,0.015997168642718104,0.0145497311827957,0.013092105263157896,0.012437810945273632,0.0,0.1,0.0,0.7263999324740752,9
0.06441717791411045,0.062307692307692314,0.011504424778761064,0.025429127588037517,0.021942204301075272,0.02598684210526316,0.017412935323383085,0.0,0.0,0.1,0.6709995956816771,8
0.04723926380368099,0.04461538461538461,0.007964601769911504,0.008210936117501328,0.005745967741935485,0.006513157894736843,0.007960199004975126,0.0,0.1,0.0,0.771750489051874,7
0.015950920245398778,0.014615384615384615,0.0030973451327433632,0.0003716156432489825,0.0003360215053763441,0.0008552631578947369,0.0003482587064676617,0.0,0.1,0.0,0.8644251909934855,4
0.02208588957055215,0.02,0.003982300884955752,0.000973279065652097,0.0008400537634408603,0.0013157894736842107,0.0008955223880597015,0.0,0.1,0.0,0.8499071648536553,3
0.03803680981595093,0.03461538461538462,0.004424778761061948,0.005114139090426473,0.0045362903225806455,0.005065789473684211,0.004477611940298508,0.0,0.1,0.0,0.8037291959806127,6
0.04601226993865031,0.04461538461538461,0.007079646017699116,0.009980534418686958,0.00944220430107527,0.009539473684210526,0.007960199004975126,0.1,0.0,0.0,0.7653702880193181,7
0.0588957055214724,0.05846153846153846,0.010619469026548672,0.02151831534241727,0.018178763440860217,0.01848684210526316,0.018407960199004977,0.1,0.0,0.0,0.6954314059028948,8
0.055828220858895716,0.05692307692307692,0.011061946902654869,0.015324721288267564,0.013508064516129034,0.016644736842105264,0.014427860696517414,0.0,0.1,0.0,0.7162813719723532,9
0.05214723926380369,0.05,0.008849557522123895,0.011661652804813308,0.009173387096774194,0.009539473684210526,0.010945273631840797,0.0,0.0,0.1,0.7476834159964336,7
0.058282208588957066,0.05538461538461538,0.009734513274336285,0.0161210405238011,0.011895161290322582,0.012697368421052633,0.014427860696517414,0.0,0.1,0.0,0.7214572318203976,9
0.05337423312883437,0.05384615384615384,0.010619469026548672,0.016227216421872238,0.012903225806451615,0.013157894736842106,0.012935323383084578,0.1,0.0,0.0,0.7269364836502126,11
0.03558282208588957,0.03230769230769231,0.006637168141592921,0.009732790656520971,0.007594086021505377,0.008881578947368423,0.0034825870646766175,0.1,0.0,0.0,0.7957812747747538,6
0.04723926380368099,0.045384615384615384,0.0084070796460177,0.011856308617943729,0.009879032258064517,0.012368421052631579,0.008955223880597015,0.0,0.0,0.1,0.7559100553564491,7
0.057668711656441725,0.057692307692307696,0.01017699115044248,0.015094673509113431,0.011323924731182797,0.00993421052631579,0.01492537313432836,0.0,0.0,0.1,0.7231838075998677,8
0.061349693251533756,0.06153846153846154,0.011061946902654869,0.020403468412670326,0.01609543010752688,0.016578947368421054,0.018407960199004977,0.1,0.0,0.0,0.6945640922197266,10
0.049079754601227,0.047692307692307694,0.008849557522123895,0.004494779685011502,0.007123655913978495,0.009342105263157895,0.008457711442786071,0.0,0.1,0.0,0.7649601278794075,7
0.07607361963190186,0.07846153846153846,0.015486725663716814,0.04071845691028137,0.02940188172043011,0.029802631578947372,0.03980099502487563,0.0,0.0,0.1,0.5902541510083085,12
0.07300613496932516,0.07230769230769231,0.013274336283185842,0.031551937710139796,0.024126344086021507,0.02769736842105263,0.02437810945273632,0.0,0.0,0.1,0.6336580767698464,12
0.07177914110429448,0.07,0.012389380530973453,0.034330207043001236,0.031048387096774197,0.024342105263157894,0.029353233830845774,0.0,0.0,0.1,0.6267575451309529,9
0.039263803680981604,0.03692307692307692,0.007079646017699116,0.006370553884268271,0.005376344086021506,0.005065789473684211,0.005472636815920398,0.0,0.0,0.1,0.7944481491183479,6
0.06380368098159511,0.06307692307692307,0.011061946902654869,0.024721288267563264,0.019791666666666666,0.02138157894736842,0.021393034825870648,0.1,0.0,0.0,0.674769880331358,10
0.0539877300613497,0.05384615384615384,0.009734513274336285,0.016227216421872238,0.013440860215053765,0.011644736842105263,0.012935323383084578,0.0,0.0,0.1,0.7281834659560443,9
0.0539877300613497,0.050769230769230775,0.01017699115044248,0.014174482392496905,0.00961021505376344,0.01486842105263158,0.011940298507462687,0.1,0.0,0.0,0.7344726310126224,8
0.06932515337423313,0.06538461538461539,0.008849557522123895,0.025287559723942667,0.020530913978494623,0.021842105263157895,0.01791044776119403,0.0,0.0,0.1,0.6708696469922384,12
0.06871165644171781,0.06538461538461539,0.011061946902654869,0.03298531233410016,0.024260752688172044,0.028026315789473684,0.03333333333333334,0.1,0.0,0.0,0.6362360671259327,9
0.07239263803680983,0.07,0.015486725663716814,0.03418863917890639,0.02627688172043011,0.03230263157894737,0.03084577114427861,0.1,0.0,0.0,0.6185067126769108,10
0.06993865030674848,0.07153846153846154,0.01592920353982301,0.03537427004070076,0.027217741935483875,0.03644736842105264,0.029353233830845774,0.1,0.0,0.0,0.614201070386884,16
0.08343558282208591,0.08153846153846155,0.018141592920353982,0.05294638117147408,0.03914650537634409,0.0443421052631579,0.046268656716417916,0.0,0.0,0.1,0.5341807141917045,14
0.05521472392638038,0.05538461538461538,0.011061946902654869,0.01792603079101044,0.014919354838709679,0.01381578947368421,0.01592039800995025,0.1,0.0,0.0,0.7157571406729948,10
0.039263803680981604,0.03692307692307692,0.006637168141592921,0.006140506105114139,0.00510752688172043,0.004671052631578947,0.0049751243781094535,0.0,0.1,0.0,0.7962817412578256,7
0.05644171779141106,0.05384615384615384,0.009734513274336285,0.013962130596354629,0.011323924731182797,0.011381578947368421,0.012437810945273632,0.0,0.1,0.0,0.7308721698679194,9
0.057668711656441725,0.05692307692307692,0.009292035398230088,0.016510352150061938,0.013608870967741937,0.013355263157894738,0.015422885572139305,0.0,0.0,0.1,0.7172188041744133,10
0.055828220858895716,0.05384615384615384,0.009292035398230088,0.014192178375508761,0.01058467741935484,0.010921052631578948,0.013432835820895524,0.0,0.0,0.1,0.7319028456493822,9
0.05092024539877301,0.05,0.01017699115044248,0.01222792426119271,0.00944220430107527,0.01006578947368421,0.010945273631840797,0.1,0.0,0.0,0.7462215717829915,9
0.05705521472392639,0.05384615384615384,0.010619469026548672,0.018421518315342417,0.013541666666666669,0.02138157894736842,0.018407960199004977,0.0,0.0,0.1,0.7067264382749886,11
0.05644171779141106,0.057692307692307696,0.011946902654867258,0.017465935232702175,0.0125,0.01111842105263158,0.016915422885572143,0.0,0.0,0.1,0.715919292690508,12
0.05092024539877301,0.047692307692307694,0.007964601769911504,0.011484692974694745,0.008770161290322582,0.009671052631578947,0.011442786069651743,0.0,0.0,0.1,0.7520541521727597,8
0.03312883435582823,0.030000000000000002,0.0061946902654867264,0.0037515483985135377,0.003125,0.0023684210526315787,0.003582089552238806,0.0,0.0,0.1,0.8178494163753012,7
0.05460122699386504,0.054615384615384614,0.009734513274336285,0.01562555299946912,0.012130376344086022,0.013618421052631578,0.014975124378109455,0.0,0.0,0.1,0.7246994003421179,10
0.09141104294478529,0.09,0.0168141592920354,0.06958060520261901,0.056686827956989254,0.0575,0.0582587064676617,0.1,0.0,0.0,0.45974865813590937,18
0.049079754601227,0.04615384615384615,0.01017699115044248,0.010706069722173066,0.008971774193548387,0.006118421052631579,0.009303482587064678,0.1,0.0,0.0,0.7594896605390666,8
0.034355828220858906,0.03076923076923077,0.006637168141592921,0.004335515837904796,0.003662634408602151,0.0015131578947368421,0.0034825870646766175,0.0,0.1,0.0,0.8152438776623969,5
0.06748466257668713,0.06769230769230769,0.011946902654867258,0.031109538134843392,0.024731182795698924,0.02756578947368421,0.026368159203980102,0.0,0.0,0.1,0.6431014574679312,10
0.07116564417177915,0.07076923076923078,0.014601769911504426,0.04344363829410724,0.031787634408602154,0.02585526315789474,0.04328358208955224,0.0,0.0,0.1,0.5990932371973293,16
0.07484662576687118,0.07692307692307693,0.014601769911504426,0.0450008847991506,0.03303091397849463,0.024342105263157894,0.04875621890547264,0.0,0.0,0.1,0.5824984044522717,12
0.07607361963190186,0.07615384615384616,0.015486725663716814,0.06391789063882498,0.04321236559139786,0.04322368421052632,0.07213930348258707,0.0,0.0,0.1,0.5097925646271989,17
0.06871165644171781,0.06461538461538462,0.017256637168141596,0.028614404530171653,0.020329301075268816,0.02361842105263158,0.028358208955223882,0.0,0.0,0.1,0.6484959861614601,14
0.07852760736196321,0.07846153846153846,0.01769911504424779,0.0492125287559724,0.040994623655913984,0.043618421052631584,0.04079601990049751,0.1,0.0,0.0,0.5506901457672351,12
0.08466257668711658,0.08461538461538462,0.01769911504424779,0.06535126526278535,0.049193548387096775,0.06210526315789474,0.056716417910447764,0.0,0.0,0.1,0.47965642893502647,19
0.08773006134969326,0.08692307692307691,0.021238938053097345,0.0778446292691559,0.048689516129032266,0.06118421052631579,0.08805970149253732,0.1,0.0,0.0,0.42832986625709113,17
0.08711656441717792,0.08692307692307691,0.017256637168141596,0.06430720226508582,0.05275537634408603,0.06473684210526316,0.04875621890547264,0.1,0.0,0.0,0.4781480818716959,11
0.06748466257668713,0.07230769230769231,0.013274336283185842,0.03174659352327022,0.025336021505376345,0.024210526315789474,0.028855721393034828,0.1,0.0,0.0,0.6367844460949639,9
0.04601226993865031,0.04692307692307692,0.007964601769911504,0.011484692974694745,0.009375000000000001,0.00743421052631579,0.009452736318407961,0.0,0.0,0.1,0.7613534115489428,5
0.07484662576687118,0.06923076923076923,0.014159292035398232,0.04020527340293753,0.027822580645161292,0.04092105263157895,0.02985074626865672,0.1,0.0,0.0,0.6029636600186269,9
0.04662576687116565,0.04307692307692308,0.007522123893805311,0.009679702707485402,0.007728494623655915,0.008026315789473685,0.008457711442786071,0.0,0.1,0.0,0.7688829615947048,6
0.04539877300613498,0.04230769230769231,0.007522123893805311,0.008511767828702884,0.006989247311827957,0.007039473684210527,0.006965174129353235,0.1,0.0,0.0,0.7752657478382727,5
0.04110429447852762,0.036153846153846154,0.007522123893805311,0.0054680587506635995,0.004435483870967743,0.004539473684210527,0.004477611940298508,0.0,0.0,0.1,0.7962991072276806,6
0.02024539877300614,0.017692307692307695,0.001327433628318584,0.000513183507343833,0.0003696236559139785,0.0003947368421052632,0.0004975124378109454,0.0,0.1,0.0,0.8589598034631936,4
0.03496932515337424,0.03230769230769231,0.006637168141592921,0.004193947973809945,0.003696236559139785,0.0037500000000000003,0.003980099502487563,0.0,0.0,0.1,0.8104655303619033,7
0.023312883435582826,0.02,0.002654867256637168,0.0010440629976995223,0.0010416666666666667,0.001973684210526316,0.0009950248756218907,0.0,0.1,0.0,0.8489778105572656,6
0.026380368098159513,0.023076923076923075,0.002654867256637168,0.0013625906919129357,0.0007728494623655914,0.0006578947368421054,0.0009950248756218907,0.0,0.1,0.0,0.8440994818015377,5
0.07300613496932516,0.07153846153846154,0.011061946902654869,0.028278180852946384,0.021807795698924732,0.026315789473684213,0.022885572139303485,0.0,0.0,0.1,0.6451061184246996,10
0.07914110429447854,0.07692307692307693,0.015044247787610623,0.0419217837550876,0.03229166666666667,0.03605263157894737,0.035323383084577116,0.1,0.0,0.0,0.5833021059095551,13
0.07055214723926381,0.06923076923076923,0.016371681415929203,0.032737568571934175,0.02298387096774194,0.02592105263157895,0.03482587064676617,0.0,0.0,0.1,0.6273770392960165,12
0.06993865030674848,0.06923076923076923,0.015044247787610623,0.03886037869403646,0.027822580645161292,0.024605263157894738,0.040298507462686574,0.1,0.0,0.0,0.6141996027150926,20
0.07116564417177915,0.06923076923076923,0.02079646017699115,0.03790479561139621,0.020161290322580645,0.027105263157894736,0.03930348258706468,0.1,0.0,0.0,0.6143322947415242,14
0.07300613496932516,0.07384615384615384,0.01769911504424779,0.034507166873119804,0.024059139784946237,0.026776315789473683,0.033830845771144286,0.1,0.0,0.0,0.6162751279215892,15
0.07300613496932516,0.07230769230769231,0.022123893805309738,0.04540789240842329,0.031048387096774197,0.032565789473684215,0.04427860696517413,0.1,0.0,0.0,0.579261602973617,14
0.0766871165644172,0.06461538461538462,0.014601769911504426,0.03749778800212352,0.024059139784946237,0.021710526315789475,0.04427860696517413,0.1,0.0,0.0,0.6165496678406605,21
0.06564417177914111,0.06461538461538462,0.014601769911504426,0.03254291275880375,0.02254704301075269,0.026118421052631582,0.025870646766169157,0.0,0.0,0.1,0.6480596501056126,16
0.06748466257668713,0.06615384615384615,0.014159292035398232,0.03289683241904088,0.021303763440860216,0.022828947368421053,0.035323383084577116,0.0,0.0,0.1,0.6398492729211692,13
0.060736196319018415,0.06153846153846154,0.013716814159292037,0.028614404530171653,0.015759408602150537,0.015197368421052633,0.03482587064676617,0.0,0.0,0.1,0.669611475783087,6
0.039263803680981604,0.036153846153846154,0.007079646017699116,0.005255706954521324,0.004301075268817204,0.004078947368421053,0.004477611940298508,0.0,0.1,0.0,0.799389362615415,6
0.05460122699386504,0.05230769230769231,0.010619469026548672,0.015837904795611396,0.012970430107526883,0.013618421052631578,0.012935323383084578,0.0,0.0,0.1,0.7271095323330395,9
0.06380368098159511,0.06153846153846154,0.011061946902654869,0.02429658467527871,0.0198252688172043,0.022565789473684213,0.018407960199004977,0.1,0.0,0.0,0.6785003074121163,9
0.060736196319018415,0.05923076923076923,0.011946902654867258,0.022420810476021943,0.013440860215053765,0.01611842105263158,0.025870646766169157,0.0,0.0,0.1,0.6902353932854687,14
0.057668711656441725,0.05692307692307692,0.011946902654867258,0.019359405414970804,0.014919354838709679,0.01743421052631579,0.016915422885572143,0.0,0.0,0.1,0.7048329151000456,12
0.060122699386503074,0.05692307692307692,0.012389380530973453,0.02070430012387188,0.016330645161290323,0.015131578947368423,0.019402985074626868,0.1,0.0,0.0,0.6989953338522891,10
0.07116564417177915,0.07230769230769231,0.014601769911504426,0.0328083525039816,0.02160618279569893,0.026118421052631582,0.03134328358208956,0.0,0.0,0.1,0.6300486536746225,11
0.07914110429447854,0.07615384615384616,0.016371681415929203,0.0528579012564148,0.035383064516129034,0.03664473684210527,0.045273631840796025,0.0,0.0,0.1,0.5581740336803009,15
0.07055214723926381,0.07461538461538461,0.014601769911504426,0.036825340647672976,0.028158602150537636,0.03473684210526316,0.02985074626865672,0.1,0.0,0.0,0.6106591670617166,14
0.026380368098159513,0.026153846153846156,0.004867256637168142,0.0021412139444346133,0.0013776881720430109,0.001842105263157895,0.0019900497512437814,0.0,0.1,0.0,0.8352474719799469,6
0.052760736196319026,0.05,0.009734513274336285,0.013006547513714387,0.009106182795698926,0.012302631578947369,0.011940298507462687,0.0,0.1,0.0,0.7411490901335213,13
0.031901840490797556,0.03307692307692307,0.007079646017699116,0.0035038046363475494,0.0024865591397849464,0.0033552631578947366,0.004477611940298508,0.0,0.1,0.0,0.8141183515402546,5
0.04539877300613498,0.04307692307692308,0.007964601769911504,0.00824632808352504,0.0060819892473118285,0.007171052631578948,0.006965174129353235,0.0,0.1,0.0,0.7750951580552614,11
0.04969325153374234,0.04692307692307692,0.009292035398230088,0.012829587683595824,0.010517473118279571,0.009276315789473685,0.012437810945273632,0.0,0.1,0.0,0.7490304486083279,10
0.03312883435582823,0.02923076923076923,0.007079646017699116,0.002866749247920722,0.0017809139784946237,0.0025657894736842105,0.0029850746268656717,0.0,0.1,0.0,0.8203622230687382,6
0.08343558282208591,0.08461538461538462,0.01769911504424779,0.056485577773845344,0.03528225806451613,0.05361842105263158,0.0582089552238806,0.1,0.0,0.0,0.5106547054034081,21
0.07975460122699388,0.07923076923076923,0.017256637168141596,0.049566448416209524,0.03491263440860215,0.04736842105263158,0.04378109452736319,0.1,0.0,0.0,0.5481293939692888,13
0.07914110429447854,0.07538461538461538,0.019026548672566375,0.049761104229339936,0.02866263440860215,0.030065789473684212,0.05074626865671642,0.1,0.0,0.0,0.567211934879997,25
0.06993865030674848,0.062307692307692314,0.014159292035398232,0.03271987258892232,0.023151881720430107,0.02875,0.029353233830845774,0.0,0.0,0.1,0.6396193772099628,19
0.07546012269938651,0.07384615384615384,0.0168141592920354,0.04813307379224917,0.03565188172043011,0.03125,0.046766169154228855,0.0,0.0,0.1,0.5720784394955161,18
0.05153374233128835,0.05307692307692307,0.009292035398230088,0.015218545390196426,0.011760752688172043,0.012631578947368423,0.012935323383084578,0.0,0.0,0.1,0.733551098784737,7
0.033742331288343565,0.033846153846153845,0.007079646017699116,0.004831003362236773,0.0037970430107526886,0.0037500000000000003,0.004179104477611941,0.0,0.1,0.0,0.808774717997202,6
0.03558282208588957,0.03461538461538462,0.006637168141592921,0.004954875243319767,0.003461021505376344,0.0030921052631578947,0.003980099502487563,0.1,0.0,0.0,0.8076765236427913,5
0.05153374233128835,0.05230769230769231,0.01017699115044248,0.014917713678994868,0.011760752688172043,0.012236842105263159,0.013432835820895524,0.0,0.0,0.1,0.7336334299172513,8
0.0766871165644172,0.08076923076923077,0.019026548672566375,0.05579543443638294,0.034374999999999996,0.03414473684210526,0.06616915422885573,0.1,0.0,0.0,0.5330327784864417,16
0.06748466257668713,0.07153846153846154,0.01592920353982301,0.04291275880375155,0.021807795698924732,0.026973684210526316,0.05223880597014926,0.1,0.0,0.0,0.6011146276616764,27
0.08098159509202456,0.0776923076923077,0.01769911504424779,0.057706600601663424,0.032694892473118284,0.03907894736842105,0.06069651741293533,0.0,0.0,0.1,0.5334500243152819,18
0.06932515337423313,0.07230769230769231,0.017256637168141596,0.04041762519907981,0.026008064516129036,0.033947368421052636,0.03482587064676617,0.0,0.0,0.1,0.6059115883669053,17
0.07300613496932516,0.07615384615384616,0.02079646017699115,0.04834542558839144,0.03403897849462365,0.02881578947368421,0.05174129353233831,0.1,0.0,0.0,0.5671020716107998,13
0.07730061349693253,0.07846153846153846,0.02035398230088496,0.054468235710493716,0.03786962365591398,0.037039473684210525,0.056716417910447764,0.0,0.0,0.1,0.5377901147795782,17
0.052760736196319026,0.05,0.010619469026548672,0.015749424880552115,0.011088709677419355,0.013092105263157896,0.015422885572139305,0.1,0.0,0.0,0.7312666693838636,8
0.055828220858895716,0.05384615384615384,0.012389380530973453,0.020261900548575476,0.013205645161290323,0.01743421052631579,0.017412935323383085,0.1,0.0,0.0,0.7096215532044123,10
0.04049079754601228,0.04,0.007079646017699116,0.006724473544505397,0.005141129032258065,0.005065789473684211,0.006467661691542289,0.0,0.1,0.0,0.7890305026942986,7
0.06319018404907976,0.06384615384615384,0.011504424778761064,0.027039462042116442,0.018548387096774196,0.02578947368421053,0.024875621890547265,0.1,0.0,0.0,0.6652062926123569,13
0.060736196319018415,0.060000000000000005,0.013274336283185842,0.030189347018226863,0.02207661290322581,0.02486842105263158,0.026865671641791048,0.0,0.0,0.1,0.6619894147819204,14
0.05950920245398774,0.057692307692307696,0.012831858407079646,0.020828172004954876,0.016028225806451614,0.015197368421052633,0.018905472636815922,0.1,0.0,0.0,0.6990073925773499,13
0.06564417177914111,0.07076923076923078,0.012831858407079646,0.027871173243673688,0.022815860215053767,0.026381578947368423,0.019900497512437814,0.1,0.0,0.0,0.6537856291260148,8
0.07116564417177915,0.07153846153846154,0.015486725663716814,0.03663068483454256,0.026948924731182797,0.024539473684210528,0.03830845771144279,0.0,0.0,0.1,0.6153816276646639,17
0.0766871165644172,0.08076923076923077,0.017256637168141596,0.04784993806405946,0.030275537634408604,0.03217105263157895,0.052736318407960205,0.1,0.0,0.0,0.5622541687602032,13
0.06809815950920248,0.07,0.01592920353982301,0.03390550345071669,0.01989247311827957,0.02565789473684211,0.038805970149253737,0.1,0.0,0.0,0.6277107954958824,14
0.06748466257668713,0.06538461538461539,0.012831858407079646,0.028207396920898957,0.019959677419354838,0.019736842105263157,0.026368159203980102,0.1,0.0,0.0,0.6600267879821208,9
0.07239263803680983,0.07307692307692307,0.013716814159292037,0.030330914882321713,0.0239247311827957,0.022894736842105263,0.02786069651741294,0.0,0.0,0.1,0.6358025453023395,13
0.04355828220858896,0.04307692307692308,0.009734513274336285,0.007910104406299771,0.005477150537634409,0.006907894736842105,0.007960199004975126,0.0,0.1,0.0,0.7753749327544003,7
0.033742331288343565,0.03076923076923077,0.006637168141592921,0.003043709078039285,0.002049731182795699,0.0025,0.0029850746268656717,0.0,0.1,0.0,0.8182727549131321,7
0.06196319018404909,0.060000000000000005,0.015486725663716814,0.02449124048840913,0.017943548387096775,0.019736842105263157,0.021393034825870648,0.1,0.0,0.0,0.6789854183455943,12
0.04539877300613498,0.04307692307692308,0.0084070796460177,0.007874712440276058,0.00540994623655914,0.006710526315789473,0.00746268656716418,0.0,0.0,0.1,0.7756593527111354,7
0.06809815950920248,0.06615384615384615,0.014601769911504426,0.02680941426296231,0.018380376344086024,0.021513157894736845,0.027363184079601994,0.0,0.0,0.1,0.6570800918440598,13
0.06196319018404909,0.06153846153846154,0.014601769911504426,0.025800743231286498,0.01797715053763441,0.020394736842105264,0.024875621890547265,0.1,0.0,0.0,0.6728483258644116,9
0.06871165644171781,0.06846153846153846,0.01592920353982301,0.03195894531941249,0.0240255376344086,0.026907894736842106,0.029353233830845774,0.1,0.0,0.0,0.6346519900354117,9
0.07300613496932516,0.07307692307692307,0.015044247787610623,0.03880729074500089,0.028158602150537636,0.030131578947368422,0.03482587064676617,0.0,0.0,0.1,0.606949351676468,17
0.06993865030674848,0.06923076923076923,0.014601769911504426,0.03195894531941249,0.022211021505376346,0.024276315789473684,0.029353233830845774,0.1,0.0,0.0,0.6384292941058696,14
0.0736196319018405,0.07384615384615384,0.015486725663716814,0.04349672624314281,0.027721774193548387,0.035986842105263164,0.04129353233830846,0.0,0.0,0.1,0.588548613708026,13
0.06871165644171781,0.06692307692307692,0.016371681415929203,0.03914351442222616,0.028360215053763443,0.03203947368421053,0.032835820895522394,0.1,0.0,0.0,0.6156145611635535,15
0.07177914110429448,0.07153846153846154,0.0168141592920354,0.041443992213767475,0.026243279569892475,0.030986842105263156,0.03980099502487563,0.0,0.0,0.1,0.6013931291514099,17
0.05644171779141106,0.05153846153846154,0.009734513274336285,0.015714032914528404,0.015120967741935486,0.009802631578947368,0.010945273631840797,0.0,0.1,0.0,0.730702401528539,8
0.05644171779141106,0.05538461538461538,0.01017699115044248,0.01682887984427535,0.014146505376344086,0.01381578947368421,0.01592039800995025,0.1,0.0,0.0,0.7172851029692772,8
0.05092024539877301,0.04846153846153846,0.011061946902654869,0.013732082817200496,0.0045698924731182805,0.011842105263157895,0.012437810945273632,0.0,0.0,0.1,0.7469743777382833,12
0.05337423312883437,0.04923076923076923,0.010619469026548672,0.013395859139975225,0.01021505376344086,0.012039473684210527,0.012437810945273632,0.1,0.0,0.0,0.7386873310809474,11
0.058282208588957066,0.05846153846153846,0.011946902654867258,0.017200495487524333,0.01165994623655914,0.009210526315789475,0.018407960199004977,0.1,0.0,0.0,0.7148304220557593,7
0.05705521472392639,0.05538461538461538,0.011504424778761064,0.018633870111484693,0.014146505376344086,0.015592105263157895,0.016417910447761197,0.0,0.0,0.1,0.7112653539139493,10
0.04355828220858896,0.04307692307692308,0.008849557522123895,0.008051672270394621,0.0062836021505376346,0.005986842105263158,0.008457711442786071,0.0,0.1,0.0,0.7757354092233826,11
0.05644171779141106,0.057692307692307696,0.012389380530973453,0.01806759865510529,0.012903225806451615,0.01375,0.020398009950248756,0.0,0.0,0.1,0.7083577595735021,9
0.04662576687116565,0.05,0.009734513274336285,0.010989205450362768,0.008064516129032258,0.009736842105263158,0.010447761194029851,0.1,0.0,0.0,0.75440139497581,10
0.057668711656441725,0.05615384615384615,0.010619469026548672,0.019217837550875954,0.015423387096774195,0.019671052631578947,0.01492537313432836,0.1,0.0,0.0,0.706320322749606,9
0.0441717791411043,0.04153846153846154,0.007964601769911504,0.007874712440276058,0.005577956989247313,0.006973684210526316,0.00746268656716418,0.0,0.0,0.1,0.7784361173433088,6
0.07177914110429448,0.07,0.014601769911504426,0.035321182091665196,0.023185483870967742,0.032828947368421055,0.03134328358208956,0.1,0.0,0.0,0.6209401920710576,12
0.08036809815950922,0.09076923076923077,0.01769911504424779,0.05469828348964786,0.04395161290322581,0.04953947368421053,0.04129353233830846,0.0,0.0,0.1,0.5216806536116195,11
0.0736196319018405,0.07461538461538461,0.015486725663716814,0.044859316935055744,0.033568548387096775,0.037039473684210525,0.037810945273631845,0.0,0.0,0.1,0.5829999735390632,13
0.06993865030674848,0.07076923076923078,0.015044247787610623,0.038931162626083884,0.027721774193548387,0.029013157894736845,0.037810945273631845,0.1,0.0,0.0,0.6107708311484091,14
0.07914110429447854,0.07692307692307693,0.01769911504424779,0.05055742346487348,0.042943548387096776,0.04013157894736842,0.03582089552238806,0.1,0.0,0.0,0.5567832574164701,11
0.07975460122699388,0.07615384615384616,0.01592920353982301,0.06345779508051672,0.05379704301075269,0.044605263157894745,0.052736318407960205,0.0,0.0,0.1,0.5135659294222126,14
0.06257668711656443,0.06076923076923077,0.012831858407079646,0.021889930985666255,0.014516129032258065,0.01822368421052632,0.023880597014925373,0.0,0.0,0.1,0.6853118824637492,12
0.06380368098159511,0.05846153846153846,0.011946902654867258,0.020615820208812603,0.01683467741935484,0.020592105263157894,0.017412935323383085,0.0,0.0,0.1,0.6903323396872907,8
0.060736196319018415,0.06384615384615384,0.014601769911504426,0.026490886568748897,0.01774193548387097,0.017631578947368422,0.028358208955223882,0.0,0.0,0.1,0.6705932699681112,13
0.052760736196319026,0.05153846153846154,0.01017699115044248,0.014369138205627324,0.011155913978494626,0.012302631578947369,0.013432835820895524,0.0,0.0,0.1,0.734263291530812,8
0.07239263803680983,0.07153846153846154,0.014159292035398232,0.038948858609095735,0.03400537634408603,0.033223684210526315,0.029353233830845774,0.1,0.0,0.0,0.6063784553947766,13
0.06748466257668713,0.07076923076923078,0.015486725663716814,0.030755618474606266,0.021202956989247315,0.024013157894736844,0.0318407960199005,0.0,0.0,0.1,0.6384468516118743,10
0.07177914110429448,0.06615384615384615,0.014159292035398232,0.03379932755264555,0.024361559139784945,0.023157894736842106,0.026865671641791048,0.0,0.0,0.1,0.6397232676353974,11
0.07116564417177915,0.07,0.014159292035398232,0.03261369669085118,0.020967741935483872,0.02578947368421053,0.02985074626865672,0.1,0.0,0.0,0.6354534052136204,17
0.07607361963190186,0.07846153846153846,0.013274336283185842,0.05153070253052557,0.039045698924731184,0.03782894736842105,0.0318407960199005,0.1,0.0,0.0,0.5719443607797955,13
0.07239263803680983,0.06923076923076923,0.014159292035398232,0.03160502565917537,0.018447580645161294,0.02875,0.034328358208955224,0.0,0.1,0.0,0.6310863361837308,14
0.0883435582822086,0.08846153846153845,0.019026548672566375,0.07878251636878429,0.060181451612903225,0.05328947368421053,0.06169154228855722,0.1,0.0,0.0,0.45022337062923123,13
0.07791411042944786,0.07846153846153846,0.015486725663716814,0.04291275880375155,0.03854166666666667,0.034342105263157896,0.03582089552238806,0.1,0.0,0.0,0.5765201991893327,14
0.07484662576687118,0.07384615384615384,0.015486725663716814,0.037780923730313214,0.02627688172043011,0.028421052631578948,0.041791044776119404,0.1,0.0,0.0,0.6015505918648165,15
0.0668711656441718,0.06846153846153846,0.015486725663716814,0.03017165103521501,0.023286290322580644,0.02486842105263158,0.029353233830845774,0.1,0.0,0.0,0.6415009739893,13
0.06993865030674848,0.06923076923076923,0.014159292035398232,0.030490178729428424,0.025033602150537636,0.02861842105263158,0.02537313432835821,0.0,0.0,0.1,0.6371559521661282,12
0.0736196319018405,0.07307692307692307,0.01592920353982301,0.04112546451955406,0.03434139784946237,0.03519736842105264,0.0318407960199005,0.1,0.0,0.0,0.5948692146714438,18
0.06380368098159511,0.06307692307692307,0.015044247787610623,0.030808706423641835,0.025100806451612903,0.02881578947368421,0.024875621890547265,0.1,0.0,0.0,0.6484742239143849,14
0.07791411042944786,0.07846153846153846,0.018584070796460177,0.05655636170589277,0.043918010752688176,0.037302631578947365,0.057711442786069655,0.0,0.0,0.1,0.5295518334889555,15
0.08220858895705524,0.08,0.013274336283185842,0.049761104229339936,0.03487903225806452,0.045789473684210526,0.03681592039800995,0.1,0.0,0.0,0.5572715441901339,13
0.08527607361963191,0.08769230769230768,0.01769911504424779,0.07195186692620775,0.05047043010752689,0.05598684210526316,0.06815920398009952,0.0,0.0,0.1,0.46276416052471536,15
0.08036809815950922,0.08076923076923077,0.016371681415929203,0.04455848522385418,0.032728494623655915,0.029144736842105265,0.04427860696517413,0.0,0.0,0.1,0.5717806660005413,20
0.07607361963190186,0.07384615384615384,0.02035398230088496,0.03870111484692974,0.027083333333333338,0.03223684210526316,0.035323383084577116,0.1,0.0,0.0,0.596381570850956,14
0.0736196319018405,0.07307692307692307,0.01592920353982301,0.04178021589099275,0.029200268817204302,0.032565789473684215,0.04228855721393035,0.1,0.0,0.0,0.5915394100856018,19
0.06257668711656443,0.062307692307692314,0.011504424778761064,0.025393735622013806,0.025033602150537636,0.020789473684210528,0.016915422885572143,0.0,0.0,0.1,0.6754789614546481,9
0.06441717791411045,0.062307692307692314,0.011946902654867258,0.02680941426296231,0.022211021505376346,0.028421052631578948,0.019402985074626868,0.0,0.0,0.1,0.6644837536487855,10
0.0539877300613497,0.057692307692307696,0.011504424778761064,0.017235887453548045,0.015188172043010754,0.012697368421052633,0.015422885572139305,0.0,0.0,0.1,0.7162712239778308,9
0.05950920245398774,0.06384615384615384,0.012389380530973453,0.02019111661652805,0.016801075268817207,0.017631578947368422,0.018407960199004977,0.0,0.1,0.0,0.6912235321371663,8
0.060736196319018415,0.05923076923076923,0.011504424778761064,0.024438152539373564,0.021001344086021508,0.02355263157894737,0.017412935323383085,0.1,0.0,0.0,0.6821235461437257,10
0.05337423312883437,0.05307692307692307,0.010619469026548672,0.015837904795611396,0.014852150537634409,0.01473684210526316,0.012437810945273632,0.0,0.1,0.0,0.7250646663839113,7
0.04969325153374234,0.04846153846153846,0.009292035398230088,0.012281012210228278,0.010786290322580647,0.010328947368421054,0.009950248756218907,0.0,0.1,0.0,0.7492066759490402,9
0.05153374233128835,0.050769230769230775,0.008849557522123895,0.012457972040346842,0.010987903225806452,0.011710526315789473,0.009950248756218907,0.0,0.1,0.0,0.7437408190391953,9
0.061349693251533756,0.06076923076923077,0.013274336283185842,0.025287559723942667,0.021740591397849465,0.022763157894736843,0.019402985074626868,0.1,0.0,0.0,0.6754124456048938,9
0.04723926380368099,0.04692307692307692,0.009292035398230088,0.011732436736860734,0.009173387096774194,0.009802631578947368,0.009950248756218907,0.1,0.0,0.0,0.7558869197062108,7
0.04049079754601228,0.04076923076923077,0.007964601769911504,0.006370553884268271,0.0045698924731182805,0.004736842105263157,0.005970149253731343,0.0,0.1,0.0,0.7891279321984643,6
0.07116564417177915,0.07307692307692307,0.013716814159292037,0.03447177490709609,0.02893145161290323,0.030263157894736846,0.028358208955223882,0.1,0.0,0.0,0.6200160252220457,10
0.03987730061349694,0.04153846153846154,0.008849557522123895,0.006547513714386834,0.005376344086021506,0.005723684210526316,0.006467661691542289,0.0,0.1,0.0,0.7856194766234407,6
0.058282208588957066,0.057692307692307696,0.010619469026548672,0.019925676871350204,0.01696908602150538,0.015855263157894737,0.018407960199004977,0.0,0.0,0.1,0.7022480284424313,10
0.04662576687116565,0.04615384615384615,0.007964601769911504,0.011378517076623608,0.010383064516129033,0.009868421052631578,0.009452736318407961,0.1,0.0,0.0,0.7581730462412846,9
0.041717791411042954,0.04,0.007964601769911504,0.006335161918244558,0.00510752688172043,0.006907894736842105,0.005472636815920398,0.0,0.1,0.0,0.7864943864663181,6
0.06441717791411045,0.06538461538461539,0.010619469026548672,0.024845160148646257,0.022412634408602153,0.019276315789473683,0.021890547263681594,0.0,0.0,0.1,0.6711540800643219,12
0.06380368098159511,0.06384615384615384,0.012831858407079646,0.028472836666076803,0.022345430107526883,0.02269736842105263,0.028358208955223882,0.1,0.0,0.0,0.6576444626152912,10
0.06564417177914111,0.06923076923076923,0.011946902654867258,0.028579012564147938,0.02163978494623656,0.02381578947368421,0.024875621890547265,0.1,0.0,0.0,0.6542679474606065,13
0.058282208588957066,0.05538461538461538,0.010619469026548672,0.02045655636170589,0.01898521505376344,0.015789473684210527,0.016915422885572143,0.0,0.0,0.1,0.7035670390146269,8
0.05092024539877301,0.05,0.008849557522123895,0.013625906919129358,0.011223118279569894,0.010526315789473686,0.012437810945273632,0.0,0.1,0.0,0.7424170451456565,7
0.060736196319018415,0.05923076923076923,0.011061946902654869,0.02070430012387188,0.01851478494623656,0.01625,0.016417910447761197,0.0,0.1,0.0,0.6970840920296878,8
0.0588957055214724,0.062307692307692314,0.011504424778761064,0.022562378340116793,0.018615591397849466,0.019013157894736843,0.020895522388059702,0.1,0.0,0.0,0.6862055273713115,10
0.06380368098159511,0.06538461538461539,0.013274336283185842,0.028773668377278357,0.025873655913978496,0.026513157894736846,0.022885572139303485,0.1,0.0,0.0,0.6534913130253065,10
0.05644171779141106,0.057692307692307696,0.011504424778761064,0.020297292514599188,0.01683467741935484,0.015657894736842107,0.019402985074626868,0.0,0.0,0.1,0.7021686999920971,9
0.07116564417177915,0.07,0.010619469026548672,0.03326844806228986,0.02681451612903226,0.033815789473684216,0.026368159203980102,0.1,0.0,0.0,0.6279479739326858,11
0.07239263803680983,0.07538461538461538,0.011946902654867258,0.03567510175190232,0.028360215053763443,0.02953947368421053,0.028358208955223882,0.0,0.0,0.1,0.6183428444786073,11
0.06748466257668713,0.06384615384615384,0.011946902654867258,0.02742877366837728,0.020295698924731185,0.02355263157894737,0.025870646766169157,0.1,0.0,0.0,0.6595745299840667,23
0.07975460122699388,0.07692307692307693,0.014601769911504426,0.040506105114139095,0.032594086021505375,0.02868421052631579,0.03631840796019901,0.1,0.0,0.0,0.5906177423162655,12
0.05705521472392639,0.057692307692307696,0.011946902654867258,0.02123517961422757,0.014952956989247312,0.016973684210526318,0.022885572139303485,0.1,0.0,0.0,0.697258181975594,16
0.055828220858895716,0.054615384615384614,0.011504424778761064,0.018226862502211998,0.013440860215053765,0.016776315789473684,0.017412935323383085,0.0,0.0,0.1,0.7121949959168361,11
0.057668711656441725,0.057692307692307696,0.011504424778761064,0.020509644310741464,0.014415322580645162,0.021578947368421055,0.019402985074626868,0.0,0.0,0.1,0.697227656538055,13
0.05337423312883437,0.05384615384615384,0.009734513274336285,0.013590514953105646,0.00961021505376344,0.013223684210526318,0.012437810945273632,0.1,0.0,0.0,0.7341828745880065,13
0.04294478527607362,0.04076923076923077,0.009734513274336285,0.010493717926030792,0.009173387096774194,0.008289473684210527,0.008457711442786071,0.0,0.0,0.1,0.7701371805305577,7
0.038650306748466264,0.03692307692307692,0.0061946902654867264,0.004848699345248629,0.003662634408602151,0.0041447368421052636,0.003980099502487563,0.0,0.1,0.0,0.8015957559645265,8
0.07300613496932516,0.07230769230769231,0.012831858407079646,0.035073438329499204,0.027116935483870973,0.01980263157894737,0.033830845771144286,0.0,0.0,0.1,0.626030463152441,16
0.07116564417177915,0.07307692307692307,0.011946902654867258,0.032737568571934175,0.02627688172043011,0.021710526315789475,0.027363184079601994,0.1,0.0,0.0,0.6357223694086748,14
0.07055214723926381,0.06692307692307692,0.013274336283185842,0.02849053264908866,0.019690860215053764,0.02138157894736842,0.026865671641791048,0.0,0.0,0.1,0.6528217961011715,17
0.06564417177914111,0.06692307692307692,0.013716814159292037,0.031551937710139796,0.022950268817204304,0.023289473684210527,0.024875621890547265,0.0,0.0,0.1,0.651048635036388,13
0.06319018404907976,0.06461538461538462,0.012389380530973453,0.027216421872235004,0.01683467741935484,0.020263157894736844,0.028855721393034828,0.0,0.0,0.1,0.6666350722252006,13
0.06196319018404909,0.05923076923076923,0.011946902654867258,0.021889930985666255,0.016868279569892473,0.015460526315789473,0.019900497512437814,0.1,0.0,0.0,0.6927399035465284,12
0.06196319018404909,0.06076923076923077,0.012831858407079646,0.02305786586444877,0.01811155913978495,0.02013157894736842,0.020398009950248756,0.1,0.0,0.0,0.6827367067377896,15
0.049079754601227,0.047692307692307694,0.008849557522123895,0.010175190231817377,0.007694892473118281,0.008355263157894737,0.009452736318407961,0.0,0.1,0.0,0.758700298003103,10
0.060122699386503074,0.06076923076923077,0.011946902654867258,0.019624845160148646,0.014314516129032258,0.012171052631578947,0.021393034825870648,0.0,0.0,0.1,0.6996577184427684,14
0.06503067484662578,0.06692307692307692,0.011946902654867258,0.026066182976464344,0.02200940860215054,0.01730263157894737,0.021890547263681594,0.0,0.0,0.1,0.6688305751541862,12
0.04846625766871167,0.05,0.009292035398230088,0.01082994160325606,0.0074596774193548395,0.009671052631578947,0.009452736318407961,0.0,0.1,0.0,0.7548282989604604,8
0.08159509202453989,0.08230769230769232,0.0168141592920354,0.05294638117147408,0.03881048387096774,0.037039473684210525,0.0472636815920398,0.1,0.0,0.0,0.5432230360570403,17
0.05092024539877301,0.04692307692307692,0.009292035398230088,0.012758803751548399,0.008064516129032258,0.010789473684210528,0.009950248756218907,0.1,0.0,0.0,0.7513015999589099,10
0.052760736196319026,0.05307692307692307,0.01017699115044248,0.010776853654220491,0.006216397849462366,0.007236842105263158,0.011940298507462687,0.0,0.0,0.1,0.7478149574599067,11
0.058282208588957066,0.06076923076923077,0.011946902654867258,0.020952043886037868,0.016565860215053765,0.021644736842105265,0.019900497512437814,0.0,0.0,0.1,0.6899385195313101,13
0.06441717791411045,0.06538461538461539,0.012831858407079646,0.028295876835958238,0.022479838709677423,0.0275,0.023880597014925373,0.1,0.0,0.0,0.6552100357336335,15
0.0588957055214724,0.060000000000000005,0.012831858407079646,0.020615820208812603,0.015557795698924733,0.015921052631578947,0.02537313432835821,0.0,0.1,0.0,0.6908046332037734,15
0.05153374233128835,0.05307692307692307,0.01017699115044248,0.012157140329145286,0.010181451612903226,0.010460526315789474,0.011442786069651743,0.0,0.1,0.0,0.7409704391138563,9
0.07239263803680983,0.07076923076923078,0.013716814159292037,0.03206512121748363,0.021975806451612904,0.019539473684210527,0.03333333333333334,0.0,0.0,0.1,0.636207582348027,15
0.06319018404907976,0.06461538461538462,0.011946902654867258,0.02227924261192709,0.01891801075268817,0.016710526315789474,0.021393034825870648,0.1,0.0,0.0,0.680946714174393,9
0.08527607361963191,0.08461538461538462,0.01946902654867257,0.054910635285790134,0.03803763440860215,0.050460526315789477,0.04427860696517413,0.0,0.0,0.1,0.5229521122409551,13
0.098159509202454,0.09692307692307692,0.017256637168141596,0.08940010617589807,0.06270161290322582,0.07763157894736843,0.06169154228855722,0.1,0.0,0.0,0.39623593639127785,23
0.07484662576687118,0.07538461538461538,0.013274336283185842,0.039037338524155016,0.02856182795698925,0.026644736842105266,0.03582089552238806,0.0,0.0,0.1,0.60642962371969,23
0.06932515337423313,0.07384615384615384,0.015486725663716814,0.033870111484692975,0.026108870967741938,0.028289473684210528,0.027363184079601994,0.1,0.0,0.0,0.6257103268996488,18
0.06871165644171781,0.07,0.014601769911504426,0.03043709078039285,0.026982526881720433,0.022302631578947373,0.02437810945273632,0.0,0.0,0.1,0.6425862149529807,11
0.08036809815950922,0.07461538461538461,0.017256637168141596,0.057334984958414444,0.04217069892473118,0.04710526315789474,0.04825870646766169,0.0,0.0,0.1,0.5328902265482626,17
0.07852760736196321,0.08,0.01769911504424779,0.04979649619536366,0.03803763440860215,0.04,0.045273631840796025,0.0,0.0,0.1,0.5506655151490272,17
0.07239263803680983,0.07230769230769231,0.015044247787610623,0.03185276942134136,0.02385752688172043,0.02506578947368421,0.024875621890547265,0.1,0.0,0.0,0.6346037142005939,11
0.03803680981595093,0.03692307692307692,0.007964601769911504,0.005149531056450185,0.004065860215053764,0.0041447368421052636,0.004477611940298508,0.0,0.1,0.0,0.7992377714371529,7
0.031288343558282215,0.02846153846153846,0.0061946902654867264,0.0026543974517784464,0.001881720430107527,0.0023684210526315787,0.0024875621890547268,0.0,0.1,0.0,0.8246633265911203,6
0.020858895705521477,0.019230769230769232,0.004867256637168142,0.0008317112015572465,0.0006048387096774194,0.0007236842105263158,0.0007960199004975125,0.0,0.1,0.0,0.8520868244042826,6
0.08220858895705524,0.08461538461538462,0.015044247787610623,0.04413378163156964,0.031720430107526884,0.03230263157894737,0.03980099502487563,0.0,0.0,0.1,0.5701739402970301,21
0.08711656441717792,0.08692307692307691,0.017256637168141596,0.061104229339939836,0.042876344086021506,0.04427631578947369,0.05621890547263682,0.1,0.0,0.0,0.5042279268035317,17
0.06871165644171781,0.06615384615384615,0.011061946902654869,0.028402052734029376,0.021034946236559143,0.022565789473684213,0.026169154228855726,0.1,0.0,0.0,0.6559006078286528,13
0.06196319018404909,0.06153846153846154,0.011504424778761064,0.027039462042116442,0.020396505376344087,0.02486842105263158,0.02164179104477612,0.0,0.0,0.1,0.6710477439828602,11
0.06441717791411045,0.06615384615384615,0.014601769911504426,0.030596354627499562,0.02526881720430108,0.025592105263157895,0.02502487562189055,0.0,0.0,0.1,0.6483450533036899,16
0.05521472392638038,0.05538461538461538,0.009292035398230088,0.0166873119801805,0.013676075268817204,0.012302631578947369,0.01482587064676617,0.1,0.0,0.0,0.7226167358160629,9
0.06319018404907976,0.06692307692307692,0.015044247787610623,0.022332330560962663,0.01858198924731183,0.014605263157894737,0.021492537313432838,0.1,0.0,0.0,0.6778303709606306,12
0.07239263803680983,0.07307692307692307,0.014159292035398232,0.03346310387542028,0.025638440860215057,0.024210526315789474,0.026865671641791048,0.0,0.0,0.1,0.630193404157653,19
0.08588957055214724,0.08153846153846155,0.0168141592920354,0.04666430720226509,0.03682795698924732,0.03065789473684211,0.041791044776119404,0.0,0.0,0.1,0.5598166049128819,18
0.0883435582822086,0.08615384615384616,0.015486725663716814,0.061104229339939836,0.04280913978494624,0.04493421052631579,0.05223880597014926,0.1,0.0,0.0,0.5089294842788773,17
0.07791411042944786,0.07615384615384616,0.013274336283185842,0.03825871527163334,0.0324260752688172,0.031842105263157894,0.03084577114427861,0.0,0.0,0.1,0.5992850401856331,11
0.06809815950920248,0.06769230769230769,0.011946902654867258,0.031941249336400634,0.025571236559139787,0.02769736842105263,0.02786069651741294,0.0,0.0,0.1,0.6391920793096165,13
0.07055214723926381,0.07230769230769231,0.013274336283185842,0.04039992921606795,0.030342741935483874,0.026842105263157893,0.03980099502487563,0.0,0.0,0.1,0.6064800527302727,13
0.07177914110429448,0.07,0.011061946902654869,0.03634754910635286,0.02627688172043011,0.027894736842105264,0.024875621890547265,0.0,0.0,0.1,0.6317641224336151,17
0.07484662576687118,0.07461538461538461,0.018584070796460177,0.04758449831888162,0.03595430107526882,0.029013157894736845,0.05124378109452737,0.1,0.0,0.0,0.5681581804378694,20
0.07914110429447854,0.08076923076923077,0.01769911504424779,0.05128295876835959,0.04038978494623656,0.03375,0.050248756218905476,0.1,0.0,0.0,0.5467190499585413,13
0.0668711656441718,0.06769230769230769,0.015486725663716814,0.027411077685365423,0.020060483870967743,0.024671052631578948,0.026368159203980102,0.1,0.0,0.0,0.6514390276079115,11
0.06748466257668713,0.06923076923076923,0.013716814159292037,0.02794195717572111,0.02305107526881721,0.020921052631578948,0.024875621890547265,0.0,0.0,0.1,0.652778047066587,12
0.08098159509202456,0.08076923076923077,0.018141592920353982,0.048363121571403295,0.03363575268817204,0.038289473684210526,0.04079601990049751,0.1,0.0,0.0,0.5590232133741073,18
0.06993865030674848,0.07307692307692307,0.017256637168141596,0.036436029021412145,0.0311491935483871,0.02506578947368421,0.030348258706467665,0.0,0.0,0.1,0.6167285186982356,18
0.0736196319018405,0.07230769230769231,0.01769911504424779,0.0364891169704477,0.02634408602150538,0.026776315789473683,0.028855721393034828,0.1,0.0,0.0,0.6179083205717578,15
0.07730061349693253,0.0776923076923077,0.014601769911504426,0.03769244381525394,0.030880376344086025,0.028421052631578948,0.03134328358208956,0.1,0.0,0.0,0.6020681525262469,12
0.08527607361963191,0.08769230769230768,0.02035398230088496,0.06671385595469828,0.05823252688172044,0.05723684210526316,0.04975124378109453,0.0,0.0,0.1,0.47474316766439906,19
0.07975460122699388,0.08384615384615385,0.014159292035398232,0.04397451778446292,0.032728494623655915,0.03894736842105263,0.04776119402985075,0.0,0.0,0.1,0.5588283780324318,15
0.0883435582822086,0.09153846153846154,0.019911504424778764,0.06968678110069015,0.05406586021505377,0.05565789473684211,0.06567164179104479,0.1,0.0,0.0,0.45512429791092024,16
0.06871165644171781,0.06769230769230769,0.015044247787610623,0.03342771190939657,0.023823924731182795,0.02861842105263158,0.02985074626865672,0.0,0.1,0.0,0.6328309841164962,12
0.05153374233128835,0.05,0.01017699115044248,0.012528755972394267,0.010920698924731184,0.008421052631578947,0.010447761194029851,0.0,0.1,0.0,0.7459709977955349,8
0.02208588957055215,0.019230769230769232,0.004424778761061948,0.0008140152185453902,0.0005712365591397851,0.0007236842105263158,0.0009950248756218907,0.0,0.0,0.1,0.8511546015737833,3
0.04969325153374234,0.05,0.009734513274336285,0.01265262785347726,0.009744623655913979,0.009539473684210526,0.010945273631840797,0.1,0.0,0.0,0.7476902363664788,12
0.061349693251533756,0.062307692307692314,0.013274336283185842,0.02111130773314458,0.017002688172043014,0.016578947368421054,0.018407960199004977,0.1,0.0,0.0,0.6899673746849745,12
0.05337423312883437,0.05153846153846154,0.009734513274336285,0.013555122987081933,0.010450268817204301,0.008881578947368423,0.013432835820895524,0.0,0.1,0.0,0.7390329854858176,12
0.041717791411042954,0.04230769230769231,0.007964601769911504,0.007308440983896655,0.004872311827956989,0.005657894736842105,0.006965174129353235,0.0,0.0,0.1,0.7832060928333042,10
0.052760736196319026,0.05230769230769231,0.009734513274336285,0.013519731021058221,0.010349462365591398,0.01256578947368421,0.010845771144278609,0.1,0.0,0.0,0.7379163042170399,8
0.06564417177914111,0.06307692307692307,0.013716814159292037,0.022350026543974517,0.018447580645161294,0.01861842105263158,0.018059701492537314,0.0,0.1,0.0,0.680086361250339,12
0.05092024539877301,0.05,0.01017699115044248,0.011626260838789596,0.00944220430107527,0.006710526315789473,0.010547263681592041,0.0,0.1,0.0,0.7505765083135382,12
0.0441717791411043,0.04076923076923077,0.007964601769911504,0.007662360644133782,0.006451612903225807,0.004868421052631579,0.007313432835820896,0.1,0.0,0.0,0.7807985608839414,10
0.02147239263803681,0.02076923076923077,0.003539823008849558,0.0010794549637232348,0.000739247311827957,0.000986842105263158,0.0009950248756218907,0.0,0.0,0.1,0.8504179843274466,5
0.019018404907975465,0.017692307692307695,0.002212389380530974,0.0008494071845691029,0.0006048387096774194,0.0006578947368421054,0.0007462686567164179,0.0,0.0,0.1,0.8582184887313808,5
0.06441717791411045,0.06615384615384615,0.013274336283185842,0.026066182976464344,0.021673387096774195,0.02118421052631579,0.021393034825870648,0.0,0.1,0.0,0.6658378242234326,11
0.06441717791411045,0.060000000000000005,0.011946902654867258,0.02125287559723943,0.015221774193548388,0.017236842105263158,0.020895522388059702,0.1,0.0,0.0,0.6890289051469116,16
0.0539877300613497,0.05307692307692307,0.009292035398230088,0.015165457441160856,0.011088709677419355,0.010921052631578948,0.013134328358208958,0.1,0.0,0.0,0.733333763355129,11
0.05521472392638038,0.05307692307692307,0.01017699115044248,0.01755441514776146,0.012802419354838711,0.015394736842105265,0.01393034825870647,0.1,0.0,0.0,0.7218494422428421,12
0.05950920245398774,0.05615384615384615,0.012389380530973453,0.02192532295168997,0.01743951612903226,0.019013157894736843,0.017611940298507465,0.1,0.0,0.0,0.6959576335872262,14
0.057668711656441725,0.05384615384615384,0.011946902654867258,0.020067244735445054,0.015557795698924733,0.019276315789473683,0.015174129353233833,0.0,0.1,0.0,0.7064627462654598,11
0.06319018404907976,0.057692307692307696,0.012389380530973453,0.023022473898425058,0.01676747311827957,0.01855263157894737,0.022039800995024877,0.0,0.1,0.0,0.6863457481369621,10
0.05153374233128835,0.05230769230769231,0.011061946902654869,0.015908688727658823,0.011088709677419355,0.01480263157894737,0.014328358208955224,0.0,0.0,0.1,0.7289682302653837,11
0.055828220858895716,0.05384615384615384,0.011061946902654869,0.01587329676163511,0.010651881720430108,0.013421052631578946,0.013283582089552241,0.1,0.0,0.0,0.7260338651890992,16
0.04539877300613498,0.04461538461538461,0.007964601769911504,0.008529463811714742,0.00739247311827957,0.0059210526315789476,0.006865671641791046,0.0,0.0,0.1,0.7733125794052046,10
0.04049079754601228,0.038461538461538464,0.007964601769911504,0.006972217306671386,0.0057123655913978505,0.005394736842105264,0.006019900497512438,0.0,0.0,0.1,0.7889838419848508,10
0.03680981595092025,0.033846153846153845,0.007964601769911504,0.005043355158379048,0.003830645161290323,0.0044078947368421054,0.00427860696517413,0.0,0.1,0.0,0.8038189264113288,7
0.0766871165644172,0.07076923076923078,0.014159292035398232,0.04386834188639179,0.03696236559139786,0.03592105263157895,0.037810945273631845,0.0,0.1,0.0,0.5838216552479534,14
0.07484662576687118,0.07307692307692307,0.015044247787610623,0.03675455671562555,0.029805107526881723,0.031710526315789474,0.0318407960199005,0.0,0.1,0.0,0.6069212167903979,14
0.0766871165644172,0.07153846153846154,0.013716814159292037,0.034400990975048666,0.027150537634408604,0.024276315789473684,0.03482587064676617,0.0,0.1,0.0,0.6174038926921321,14
0.07791411042944786,0.0776923076923077,0.0168141592920354,0.04712440276057335,0.03901209677419355,0.03315789473684211,0.04328358208955224,0.0,0.1,0.0,0.5650014462250478,17
0.061349693251533756,0.05923076923076923,0.013716814159292037,0.026968678110069016,0.025504032258064517,0.02118421052631579,0.018905472636815922,0.0,0.1,0.0,0.6731403298271398,14
0.06503067484662578,0.06615384615384615,0.015044247787610623,0.02742877366837728,0.023521505376344086,0.02,0.023383084577114428,0.1,0.0,0.0,0.6594378675900816,17
0.05460122699386504,0.050769230769230775,0.008849557522123895,0.015466289152362414,0.010954301075268819,0.00993421052631579,0.016915422885572143,0.0,0.1,0.0,0.7325097610752611,13
0.07177914110429448,0.06384615384615384,0.013716814159292037,0.024721288267563264,0.020161290322580645,0.019210526315789473,0.019402985074626868,0.1,0.0,0.0,0.6671618009096993,12
0.0539877300613497,0.054615384615384614,0.014601769911504426,0.015395505220314989,0.010685483870967743,0.01381578947368421,0.01393034825870647,0.0,0.1,0.0,0.7229679885880879,16
0.03558282208588957,0.03461538461538462,0.007079646017699116,0.004583259600070784,0.003595430107526882,0.0034210526315789475,0.004477611940298508,0.0,0.0,0.1,0.8066447930015516,10
0.06809815950920248,0.07,0.015044247787610623,0.029853123341001594,0.020766129032258066,0.02506578947368421,0.02985074626865672,0.0,0.1,0.0,0.6413218045875864,15
0.08036809815950922,0.07923076923076923,0.012831858407079646,0.04423995752964077,0.035383064516129034,0.03723684210526316,0.03134328358208956,0.0,0.1,0.0,0.5793661264695193,15
0.07116564417177915,0.07076923076923078,0.016371681415929203,0.03599362944611573,0.023622311827956988,0.026315789473684213,0.0318407960199005,0.1,0.0,0.0,0.6239209168754034,10
0.0766871165644172,0.06615384615384615,0.015486725663716814,0.049938064059458505,0.03844086021505376,0.03907894736842105,0.03930348258706468,0.0,0.1,0.0,0.5749109573880219,12
0.07607361963190186,0.07461538461538461,0.015044247787610623,0.04275349495664484,0.03229166666666667,0.040065789473684214,0.032835820895522394,0.0,0.1,0.0,0.5863199759725848,15
0.07852760736196321,0.07692307692307693,0.013274336283185842,0.03788709962838436,0.02493279569892473,0.0355921052631579,0.03582089552238806,0.1,0.0,0.0,0.597042083318919,8
0.06196319018404909,0.057692307692307696,0.01017699115044248,0.02086356397097859,0.017708333333333336,0.015789473684210527,0.016616915422885573,0.1,0.0,0.0,0.6991892245617927,10
0.061349693251533756,0.06076923076923077,0.010619469026548672,0.019005485754733677,0.0145497311827957,0.014276315789473686,0.017761194029850748,0.0,0.1,0.0,0.701668880195833,9
0.03803680981595093,0.03769230769230769,0.0084070796460177,0.005308794903556893,0.003528225806451613,0.004473684210526316,0.0047761194029850755,0.0,0.0,0.1,0.7977769785222038,7
0.06196319018404909,0.05846153846153846,0.012831858407079646,0.023040169881436916,0.0197244623655914,0.025,0.016915422885572143,0.1,0.0,0.0,0.6820633578147324,12
0.05153374233128835,0.04692307692307692,0.009734513274336285,0.009909750486639534,0.00631720430107527,0.010328947368421054,0.009502487562189056,0.0,0.1,0.0,0.7557502777529735,9
0.049079754601227,0.04846153846153846,0.009292035398230088,0.010157494248805521,0.0076276881720430114,0.004868421052631579,0.011243781094527365,0.0,0.0,0.1,0.7592692869709969,10
0.05214723926380369,0.04846153846153846,0.011061946902654869,0.012475668023358697,0.0076276881720430114,0.00743421052631579,0.012935323383084578,0.0,0.0,0.1,0.7478563852672009,18
0.03803680981595093,0.036153846153846154,0.005309734513274336,0.004247035922845514,0.0027889784946236564,0.004342105263157895,0.003980099502487563,0.0,0.0,0.1,0.8051413903338139,11
0.05705521472392639,0.05384615384615384,0.011504424778761064,0.017483631215714033,0.013071236559139787,0.013552631578947368,0.015422885572139305,0.1,0.0,0.0,0.7180638217252182,18
0.05705521472392639,0.05538461538461538,0.010619469026548672,0.01686427181029906,0.012903225806451615,0.01480263157894737,0.01592039800995025,0.1,0.0,0.0,0.7164501736592612,10
0.04294478527607362,0.03923076923076923,0.007522123893805311,0.007591576712086357,0.006720430107526883,0.006118421052631579,0.005970149253731343,0.0,0.0,0.1,0.7839017444733757,13
0.06380368098159511,0.06384615384615384,0.014159292035398232,0.021058219784109006,0.014146505376344086,0.01868421052631579,0.025870646766169157,0.0,0.1,0.0,0.6784312906839147,15
0.058282208588957066,0.05615384615384615,0.011504424778761064,0.017005839674393914,0.012802419354838711,0.015000000000000001,0.014676616915422887,0.1,0.0,0.0,0.7145746445337802,12
0.05030674846625768,0.04846153846153846,0.009734513274336285,0.01136082109361175,0.008434139784946237,0.008618421052631579,0.009452736318407961,0.1,0.0,0.0,0.7536310815482701,10
0.031901840490797556,0.03076923076923077,0.005752212389380532,0.0033976287382764116,0.002956989247311828,0.0035526315789473684,0.0029850746268656717,0.0,0.0,0.1,0.8186843921591899,6
0.07055214723926381,0.06923076923076923,0.015044247787610623,0.0329676163510883,0.024059139784946237,0.028223684210526317,0.025870646766169157,0.0,0.1,0.0,0.6340517486296263,13
0.06932515337423313,0.06692307692307692,0.013716814159292037,0.02767651743054327,0.018245967741935487,0.02210526315789474,0.028358208955223882,0.0,0.1,0.0,0.6536489982578005,14
0.031901840490797556,0.02923076923076923,0.006637168141592921,0.0033445407892408424,0.0029905913978494625,0.0026315789473684214,0.0029850746268656717,0.0,0.0,0.1,0.8202784363755159,6
0.06503067484662578,0.05923076923076923,0.011061946902654869,0.023694921252875596,0.019422043010752687,0.01986842105263158,0.01791044776119403,0.1,0.0,0.0,0.6837807759424963,10
0.041717791411042954,0.03923076923076923,0.0084070796460177,0.007538488763050788,0.005443548387096775,0.004473684210526316,0.006965174129353235,0.0,0.0,0.1,0.7862234642221431,9
0.06380368098159511,0.05846153846153846,0.012389380530973453,0.018580782162449124,0.011928763440860215,0.015131578947368423,0.018407960199004977,0.0,0.1,0.0,0.7012963152762102,11
0.07791411042944786,0.07692307692307693,0.01592920353982301,0.046434259423110955,0.035551075268817206,0.032697368421052635,0.04825870646766169,0.1,0.0,0.0,0.5662921995270097,18
0.07484662576687118,0.07461538461538461,0.014601769911504426,0.038471067067775616,0.02859543010752688,0.030526315789473686,0.037810945273631845,0.1,0.0,0.0,0.6005324614678318,11
0.08098159509202456,0.07923076923076923,0.01592920353982301,0.053901964254114317,0.036290322580645164,0.04427631578947369,0.055223880597014934,0.1,0.0,0.0,0.534165948916135,16
0.07791411042944786,0.07692307692307693,0.01592920353982301,0.04668200318527694,0.03686155913978495,0.038421052631578946,0.04875621890547264,0.0,0.1,0.0,0.5585127752455387,16
0.05705521472392639,0.05846153846153846,0.011946902654867258,0.020491948327729603,0.013978494623655914,0.014407894736842106,0.021890547263681594,0.1,0.0,0.0,0.7017674592077587,14
0.06319018404907976,0.06153846153846154,0.014159292035398232,0.028932932224385064,0.01690188172043011,0.020526315789473684,0.02985074626865672,0.0,0.0,0.1,0.6649001863741149,23
0.04110429447852762,0.03692307692307692,0.0084070796460177,0.006016634224031146,0.004166666666666667,0.005131578947368421,0.005472636815920398,0.0,0.1,0.0,0.792778032298391,9
0.06319018404907976,0.06153846153846154,0.015044247787610623,0.028172004954875245,0.017338709677419357,0.023092105263157893,0.02786069651741294,0.1,0.0,0.0,0.6637635902119827,16
0.04233128834355829,0.03923076923076923,0.008849557522123895,0.006972217306671386,0.004771505376344086,0.006710526315789473,0.005970149253731343,0.1,0.0,0.0,0.7851639866510123,9
0.05705521472392639,0.054615384615384614,0.011061946902654869,0.018598478145460978,0.013608870967741937,0.017763157894736845,0.014427860696517414,0.0,0.0,0.1,0.7128690860535769,13
0.06625766871165646,0.06384615384615384,0.015044247787610623,0.031109538134843392,0.02278225806451613,0.02736842105263158,0.02537313432835821,0.0,0.0,0.1,0.6482185780742298,10
0.058282208588957066,0.054615384615384614,0.011061946902654869,0.016368784285967088,0.0125,0.014078947368421054,0.014427860696517414,0.0,0.0,0.1,0.7186648675420979,9
0.05460122699386504,0.05153846153846154,0.012389380530973453,0.01615643248982481,0.011995967741935483,0.015000000000000001,0.01393034825870647,0.1,0.0,0.0,0.7243881824462332,11
0.061349693251533756,0.054615384615384614,0.012389380530973453,0.018686958060520262,0.014280913978494625,0.019605263157894737,0.01393034825870647,0.0,0.0,0.1,0.705142058146492,9
0.061349693251533756,0.05846153846153846,0.011946902654867258,0.020651212174836314,0.015423387096774195,0.016644736842105264,0.01791044776119403,0.0,0.0,0.1,0.6976120817571507,12
0.06748466257668713,0.06692307692307692,0.015044247787610623,0.031286497964961954,0.019321236559139785,0.021644736842105265,0.02786069651741294,0.1,0.0,0.0,0.6504348448290054,14
0.033742331288343565,0.031538461538461536,0.007079646017699116,0.0033976287382764116,0.0024193548387096775,0.0024342105263157896,0.0029850746268656717,0.0,0.1,0.0,0.8164032924253282,6
0.04294478527607362,0.04076923076923077,0.007964601769911504,0.006565209697398691,0.005006720430107527,0.005460526315789474,0.005970149253731343,0.1,0.0,0.0,0.785318776487757,7
0.04539877300613498,0.04384615384615384,0.009292035398230088,0.009555830826402408,0.007560483870967743,0.0076973684210526324,0.008308457711442787,0.1,0.0,0.0,0.7683408969196155,9
0.05153374233128835,0.050769230769230775,0.011061946902654869,0.01638648026897894,0.0125,0.014473684210526316,0.014427860696517414,0.1,0.0,0.0,0.7288470548208034,10
0.04294478527607362,0.04,0.007964601769911504,0.007007609272695099,0.004872311827956989,0.00736842105263158,0.005970149253731343,0.0,0.0,0.1,0.7838721215469998,10
0.04846625766871167,0.04692307692307692,0.009292035398230088,0.009980534418686958,0.00655241935483871,0.008552631578947369,0.009552238805970151,0.0,0.0,0.1,0.7606808058515382,9
0.03987730061349694,0.03076923076923077,0.007079646017699116,0.0035215006193594057,0.0026545698924731187,0.0029605263157894738,0.00318407960199005,0.0,0.1,0.0,0.8099531461699612,8
0.033742331288343565,0.03076923076923077,0.005752212389380532,0.0032560608741815608,0.0025873655913978494,0.0030921052631578947,0.0026865671641791047,0.0,0.1,0.0,0.8181141266601287,5
0.028834355828220862,0.026153846153846156,0.005752212389380532,0.0022119978764820387,0.0015456989247311828,0.001842105263157895,0.0021890547263681594,0.0,0.1,0.0,0.8314707288378131,6
0.030674846625766878,0.02769230769230769,0.005309734513274336,0.002583613519731021,0.001881720430107527,0.002236842105263158,0.002238805970149254,0.0,0.1,0.0,0.8273821291434001,5
0.030674846625766878,0.02846153846153846,0.005752212389380532,0.0025128295876835956,0.0018145161290322581,0.0024342105263157896,0.002238805970149254,0.0,0.1,0.0,0.8261110403101333,5
0.0245398773006135,0.022307692307692306,0.004424778761061948,0.001274110776853654,0.0008400537634408603,0.0010526315789473684,0.0010945273631840797,0.0,0.1,0.0,0.8444663281482063,4
0.07177914110429448,0.07230769230769231,0.015044247787610623,0.03889577066006017,0.02671370967741936,0.030592105263157896,0.03562189054726368,0.1,0.0,0.0,0.6090454426525015,20
0.05460122699386504,0.05384615384615384,0.012389380530973453,0.020898955937002302,0.013608870967741937,0.020789473684210528,0.018905472636815922,0.0,0.0,0.1,0.704960465403237,14
0.061349693251533756,0.05923076923076923,0.011504424778761064,0.027181029906211292,0.017641129032258066,0.0125,0.026865671641791048,0.1,0.0,0.0,0.6837272821586755,13
0.0539877300613497,0.05,0.007079646017699116,0.01461688196779331,0.00967741935483871,0.013355263157894738,0.012935323383084578,0.0,0.0,0.1,0.7383477360573398,8
0.06319018404907976,0.062307692307692314,0.012389380530973453,0.030100867103167582,0.020967741935483872,0.019210526315789473,0.03134328358208956,0.0,0.0,0.1,0.660490324175724,17
0.06380368098159511,0.062307692307692314,0.012389380530973453,0.024473544505397276,0.018548387096774196,0.018026315789473685,0.021393034825870648,0.1,0.0,0.0,0.6790579639622233,11
0.061349693251533756,0.060000000000000005,0.011504424778761064,0.025092903910812245,0.01848118279569893,0.02210526315789474,0.01791044776119403,0.0,0.0,0.1,0.6835560843441053,11
0.05214723926380369,0.05,0.010619469026548672,0.013289683241904089,0.009543010752688172,0.014013157894736842,0.010447761194029851,0.0,0.0,0.1,0.7399396786262886,9
0.06257668711656443,0.06384615384615384,0.012389380530973453,0.02896832419040878,0.020329301075268816,0.028355263157894738,0.023383084577114428,0.0,0.0,0.1,0.6601518055056215,16
0.04539877300613498,0.04230769230769231,0.007079646017699116,0.008033976287382765,0.00625,0.008223684210526315,0.006965174129353235,0.1,0.0,0.0,0.7757410540412113,8
0.06625766871165646,0.06384615384615384,0.011504424778761064,0.029180675986551056,0.018279569892473122,0.02973684210526316,0.023880597014925373,0.0,0.0,0.1,0.657314067664216,13
0.07546012269938651,0.07307692307692307,0.015044247787610623,0.04185099982304018,0.03185483870967742,0.03809210526315789,0.023880597014925373,0.0,0.0,0.1,0.6007401656252789,11
0.06932515337423313,0.06769230769230769,0.015486725663716814,0.03970978587860556,0.026411290322580647,0.026315789473684213,0.0373134328358209,0.0,0.0,0.1,0.617745514759051,20
0.07914110429447854,0.07923076923076923,0.015486725663716814,0.05703415324721288,0.04532930107526882,0.05052631578947369,0.03830845771144279,0.0,0.0,0.1,0.5349431729876372,14
0.07546012269938651,0.07230769230769231,0.015486725663716814,0.045956467881790836,0.034509408602150536,0.045131578947368425,0.0318407960199005,0.1,0.0,0.0,0.5793072078779941,14
0.07423312883435584,0.07538461538461538,0.012831858407079646,0.04600955583082641,0.034744623655913985,0.04322368421052632,0.03084577114427861,0.0,0.0,0.1,0.5827267625324037,14
0.07239263803680983,0.07,0.014601769911504426,0.04109007255353035,0.025537634408602152,0.03230263157894737,0.02786069651741294,0.1,0.0,0.0,0.6162145569931928,12
0.07914110429447854,0.07461538461538461,0.013716814159292037,0.052698637409308094,0.03975134408602151,0.04105263157894737,0.037810945273631845,0.0,0.0,0.1,0.5612131385829361,18
0.06993865030674848,0.06461538461538462,0.013716814159292037,0.03567510175190232,0.025336021505376345,0.025394736842105265,0.033830845771144286,0.0,0.0,0.1,0.6314924450480467,13
0.057668711656441725,0.054615384615384614,0.01592920353982301,0.015607857016457265,0.010248655913978496,0.015328947368421055,0.013432835820895524,0.1,0.0,0.0,0.7171684040685983,8
0.061349693251533756,0.06769230769230769,0.013716814159292037,0.026260838789594763,0.013608870967741937,0.026381578947368423,0.021044776119402985,0.1,0.0,0.0,0.6699451200727584,14
0.06380368098159511,0.06538461538461539,0.012831858407079646,0.02477437621659883,0.013911290322580646,0.02506578947368421,0.023880597014925373,0.1,0.0,0.0,0.6703477921989208,13
0.04785276073619633,0.04384615384615384,0.0084070796460177,0.00959122279242612,0.00739247311827957,0.007894736842105263,0.007960199004975126,0.0,0.0,0.1,0.767055374013846,8
0.06380368098159511,0.06153846153846154,0.014601769911504426,0.03031321889930986,0.018447580645161294,0.026447368421052636,0.020895522388059702,0.0,0.0,0.1,0.6639523972148554,12
0.06625766871165646,0.06384615384615384,0.015486725663716814,0.03176428950628207,0.01848118279569893,0.031710526315789474,0.027363184079601994,0.1,0.0,0.0,0.6450902690811005,14
0.05644171779141106,0.05538461538461538,0.011946902654867258,0.021606795257476556,0.013138440860215055,0.014078947368421054,0.023383084577114428,0.0,0.0,0.1,0.7040194961058792,14
0.04355828220858896,0.04,0.007964601769911504,0.006812953459564679,0.005174731182795699,0.005,0.006467661691542289,0.0,0.1,0.0,0.7850217696875968,8
0.060122699386503074,0.06153846153846154,0.012831858407079646,0.023482569456733323,0.014112903225806451,0.017039473684210528,0.02502487562189055,0.1,0.0,0.0,0.6858471586793149,13
0.07730061349693253,0.07846153846153846,0.016371681415929203,0.04370907803928509,0.034374999999999996,0.045921052631578946,0.030497512437810948,0.1,0.0,0.0,0.5733635235169249,11
0.061349693251533756,0.05923076923076923,0.012831858407079646,0.026950982127057158,0.01653225806451613,0.02565789473684211,0.020298507462686566,0.0,0.0,0.1,0.6771480367195154,14
0.060122699386503074,0.060000000000000005,0.011946902654867258,0.020952043886037868,0.016263440860215056,0.012631578947368423,0.018258706467661694,0.0,0.0,0.1,0.6998246277973467,15
0.0539877300613497,0.05,0.01017699115044248,0.013802866749247921,0.010954301075268819,0.011447368421052631,0.011243781094527365,0.0,0.0,0.1,0.7383869614481111,7
0.06319018404907976,0.06076923076923077,0.014601769911504426,0.026774022296938593,0.012802419354838711,0.022368421052631583,0.031890547263681596,0.1,0.0,0.0,0.6676034053020945,10
0.058282208588957066,0.05846153846153846,0.012831858407079646,0.020173420633516192,0.011223118279569894,0.015526315789473685,0.018606965174129356,0.1,0.0,0.0,0.7048945746657357,11
0.05153374233128835,0.047692307692307694,0.008849557522123895,0.010139798265793665,0.007728494623655915,0.009671052631578947,0.008457711442786071,0.0,0.1,0.0,0.7559273354904654,8
0.049079754601227,0.04692307692307692,0.011504424778761064,0.010387542027959653,0.006451612903225807,0.008881578947368423,0.010447761194029851,0.0,0.0,0.1,0.7563242486243513,9
0.05521472392638038,0.05538461538461538,0.014159292035398232,0.020067244735445054,0.011693548387096775,0.01638157894736842,0.02238805970149254,0.0,0.0,0.1,0.7047109368822032,12
0.06380368098159511,0.06153846153846154,0.011504424778761064,0.022102282781808532,0.014448924731182797,0.027171052631578946,0.016915422885572143,0.1,0.0,0.0,0.6825157496710398,15
0.06196319018404909,0.06153846153846154,0.013716814159292037,0.02978233940895417,0.018245967741935487,0.023355263157894737,0.028358208955223882,0.0,0.0,0.1,0.6630397548541891,12
0.060736196319018415,0.06153846153846154,0.012389380530973453,0.02751725358343656,0.013541666666666669,0.02368421052631579,0.024875621890547265,0.0,0.0,0.1,0.6757172089445803,15
0.06625766871165646,0.06307692307692307,0.012831858407079646,0.03500265439745178,0.01891801075268817,0.028026315789473684,0.035323383084577116,0.0,0.0,0.1,0.64056318578015,19
0.0588957055214724,0.060000000000000005,0.011061946902654869,0.024438152539373564,0.014717741935483872,0.020394736842105264,0.019900497512437814,0.1,0.0,0.0,0.6905912187464722,12
0.04049079754601228,0.04,0.007079646017699116,0.007078393204742524,0.004200268817204302,0.006578947368421053,0.006965174129353235,0.1,0.0,0.0,0.7876067729165674,9
0.03496932515337424,0.03230769230769231,0.0061946902654867264,0.0038577242965846755,0.002956989247311828,0.003486842105263158,0.0032835820895522395,0.0,0.1,0.0,0.8129431545347348,5
0.03680981595092025,0.03538461538461539,0.006637168141592921,0.004494779685011502,0.0034946236559139786,0.003947368421052632,0.003432835820895523,0.0,0.1,0.0,0.8057987929399978,6
0.03803680981595093,0.03692307692307692,0.009292035398230088,0.01021058219784109,0.007930107526881721,0.008552631578947369,0.008258706467661693,0.0,0.1,0.0,0.7807960500914102,6
0.041717791411042954,0.03923076923076923,0.006637168141592921,0.006370553884268271,0.005006720430107527,0.005263157894736843,0.0052238805970149255,0.0,0.1,0.0,0.7905499584104674,6
0.04601226993865031,0.04615384615384615,0.006637168141592921,0.005096443107414616,0.0039650537634408605,0.003947368421052632,0.004378109452736319,0.0,0.1,0.0,0.7838097410212662,7
0.05092024539877301,0.05,0.008849557522123895,0.016510352150061938,0.015356182795698926,0.014013157894736842,0.011343283582089555,0.0,0.1,0.0,0.7330072206565159,7
0.05092024539877301,0.04846153846153846,0.009292035398230088,0.011679348787825165,0.00944220430107527,0.009276315789473685,0.009452736318407961,0.0,0.1,0.0,0.7514755755446764,6
0.05092024539877301,0.04846153846153846,0.007964601769911504,0.012829587683595824,0.011760752688172043,0.01098684210526316,0.009253731343283583,0.0,0.1,0.0,0.7478227005494624,6
0.05153374233128835,0.04923076923076923,0.008849557522123895,0.012033268448062292,0.011727150537634408,0.006578947368421053,0.009402985074626866,0.0,0.1,0.0,0.7506435794870739,8
0.05214723926380369,0.047692307692307694,0.009292035398230088,0.012918067598655105,0.010685483870967743,0.010855263157894738,0.010447761194029851,0.0,0.1,0.0,0.7459618418241111,6
0.05705521472392639,0.057692307692307696,0.009734513274336285,0.01769598301185631,0.014112903225806451,0.01486842105263158,0.014975124378109455,0.0,0.0,0.1,0.7138655326410258,8
0.05705521472392639,0.05384615384615384,0.011946902654867258,0.022173066713855955,0.017405913978494624,0.019013157894736843,0.017412935323383085,0.1,0.0,0.0,0.7011466548645819,8
0.057668711656441725,0.05692307692307692,0.009734513274336285,0.019660237126172358,0.016801075268817207,0.015131578947368423,0.016218905472636817,0.0,0.1,0.0,0.7078619013311502,8
0.057668711656441725,0.057692307692307696,0.010619469026548672,0.02128826756326314,0.01858198924731183,0.019144736842105263,0.013432835820895524,0.1,0.0,0.0,0.7015716821511262,8
0.058282208588957066,0.05615384615384615,0.010619469026548672,0.01875774199256769,0.01683467741935484,0.012828947368421054,0.016169154228855724,0.0,0.1,0.0,0.7103539552214488,10
0.0588957055214724,0.05692307692307692,0.011946902654867258,0.022350026543974517,0.023151881720430107,0.013355263157894738,0.01601990049751244,0.0,0.0,0.1,0.6973572429807716,7
0.061349693251533756,0.06153846153846154,0.011504424778761064,0.027304901787294285,0.024865591397849465,0.02105263157894737,0.020995024875621892,0.0,0.0,0.1,0.6713892707915307,8
0.06196319018404909,0.060000000000000005,0.016371681415929203,0.02167757918952398,0.017943548387096775,0.01868421052631579,0.01711442786069652,0.0,0.1,0.0,0.6862453624363887,7
0.06441717791411045,0.06538461538461539,0.0168141592920354,0.030861794372677404,0.03108198924731183,0.02269736842105263,0.019800995024875624,0.0,0.0,0.1,0.6489419003433212,9
0.06625766871165646,0.06461538461538462,0.010619469026548672,0.02872058042824279,0.02634408602150538,0.019144736842105263,0.022238805970149256,0.0,0.0,0.1,0.6620592683844075,9
0.0668711656441718,0.06923076923076923,0.013274336283185842,0.031127234117855247,0.026008064516129036,0.019736842105263157,0.02611940298507463,0.0,0.0,0.1,0.647632185117551,11
0.06932515337423313,0.06769230769230769,0.013274336283185842,0.034790302601309504,0.030073924731182797,0.030986842105263156,0.024726368159203982,0.1,0.0,0.0,0.6291307650533139,9
0.07116564417177915,0.07076923076923078,0.01592920353982301,0.04052380109715095,0.03225806451612903,0.03644736842105264,0.03233830845771145,0.0,0.0,0.1,0.600568379027123,11
0.07239263803680983,0.07,0.014159292035398232,0.038577242965846754,0.03360215053763441,0.029144736842105265,0.029054726368159204,0.0,0.0,0.1,0.6130692132140463,9
0.07239263803680983,0.07384615384615384,0.014159292035398232,0.044664661121925325,0.038205645161290325,0.035855263157894744,0.03333333333333334,0.0,0.0,0.1,0.5875430133071944,9
0.07300613496932516,0.07538461538461538,0.016371681415929203,0.04193947973809945,0.03239247311827957,0.026513157894736846,0.03592039800995025,0.0,0.0,0.1,0.5984720594690641,10
0.0736196319018405,0.07307692307692307,0.011946902654867258,0.05098212705715802,0.0395497311827957,0.02513157894736842,0.03159203980099503,0.1,0.0,0.0,0.5941010653780521,9
0.0736196319018405,0.07692307692307693,0.013716814159292037,0.04714209874358521,0.04190188172043011,0.037302631578947365,0.03482587064676617,0.1,0.0,0.0,0.5745679943260616,8
0.0736196319018405,0.07461538461538461,0.014601769911504426,0.04036453725004424,0.0394489247311828,0.02861842105263158,0.028656716417910448,0.1,0.0,0.0,0.6000746141195014,9
0.07423312883435584,0.07307692307692307,0.015486725663716814,0.04250575119447886,0.036256720430107525,0.03618421052631579,0.03074626865671642,0.0,0.0,0.1,0.5915102716173857,10
0.0766871165644172,0.07538461538461538,0.013716814159292037,0.047071314811537784,0.04485887096774194,0.034078947368421056,0.032835820895522394,0.1,0.0,0.0,0.5753664998484522,10
0.07730061349693253,0.07692307692307693,0.016371681415929203,0.04820385772429659,0.03887768817204301,0.04111842105263158,0.038208955223880604,0.0,0.0,0.1,0.5629957059912095,10
0.07852760736196321,0.09,0.017256637168141596,0.05829056804105468,0.048555107526881726,0.04355263157894737,0.04686567164179105,0.0,0.0,0.1,0.5169517766812203,12
0.07852760736196321,0.07692307692307693,0.01592920353982301,0.053070253052557075,0.03985215053763441,0.041315789473684215,0.04288557213930349,0.1,0.0,0.0,0.5514963469719577,11
0.08036809815950922,0.08384615384615385,0.014601769911504426,0.057423464873473724,0.04405241935483871,0.039342105263157894,0.051044776119402994,0.1,0.0,0.0,0.5293212124719592,12
0.08098159509202456,0.08076923076923077,0.019026548672566375,0.06321005131835074,0.04519489247311828,0.047565789473684214,0.04044776119402985,0.0,0.1,0.0,0.5228041310069952,11
0.08098159509202456,0.08230769230769232,0.01769911504424779,0.0633870111484693,0.049260752688172045,0.041842105263157896,0.053731343283582096,0.0,0.0,0.1,0.510790385172654,15
0.08282208588957057,0.08538461538461539,0.018141592920353982,0.06812953459564679,0.04791666666666667,0.04710526315789474,0.045124378109452745,0.1,0.0,0.0,0.5053758632757991,13
0.08282208588957057,0.08461538461538462,0.015486725663716814,0.05977703061405062,0.04663978494623656,0.048815789473684215,0.047164179104477615,0.1,0.0,0.0,0.514679019692879,13
0.08466257668711658,0.08461538461538462,0.01592920353982301,0.058715271633339235,0.05856854838709678,0.03493421052631579,0.043731343283582094,0.1,0.0,0.0,0.5188434613273419,9
0.08527607361963191,0.08153846153846155,0.01769911504424779,0.07246505043355159,0.05040322580645162,0.055197368421052634,0.06064676616915424,0.1,0.0,0.0,0.4767739389674487,14
0.08588957055214724,0.08076923076923077,0.0168141592920354,0.056680233586975756,0.047513440860215056,0.04802631578947369,0.042786069651741296,0.1,0.0,0.0,0.5215209794981808,10
0.08957055214723927,0.08769230769230768,0.014601769911504426,0.0713678994868165,0.07180779569892473,0.055,0.04328358208955224,0.1,0.0,0.0,0.4666760929736552,10
0.02515337423312884,0.023076923076923075,0.005752212389380532,0.0014156786409485048,0.0013440860215053765,0.0014473684210526317,0.0012935323383084579,0.0,0.1,0.0,0.8405168248787526,4
0.02760736196319019,0.026153846153846156,0.0061946902654867264,0.001999646080339763,0.0016129032258064518,0.0017105263157894738,0.001592039800995025,0.0,0.1,0.0,0.8331289861945462,4
0.02822085889570553,0.02769230769230769,0.004424778761061948,0.002265085825517608,0.0014448924731182795,0.0017763157894736842,0.0019900497512437814,0.0,0.1,0.0,0.8321857108115714,5
0.033742331288343565,0.030000000000000002,0.0061946902654867264,0.0030967970270748537,0.0023185483870967745,0.0028947368421052633,0.002537313432835821,0.0,0.1,0.0,0.819215582757057,4
0.034355828220858906,0.03230769230769231,0.004867256637168142,0.0037515483985135377,0.0027889784946236564,0.003486842105263158,0.003084577114427861,0.0,0.1,0.0,0.8153572767214524,5
0.034355828220858906,0.033846153846153845,0.007079646017699116,0.00465404353211821,0.004435483870967743,0.0031578947368421056,0.0029850746268656717,0.0,0.1,0.0,0.8094858751484943,5
0.036196319018404914,0.033846153846153845,0.0061946902654867264,0.00445938771898779,0.003461021505376344,0.003618421052631579,0.0034825870646766175,0.0,0.1,0.0,0.8087414195282822,6
0.03803680981595093,0.03461538461538462,0.006637168141592921,0.005485754733675456,0.004368279569892474,0.004868421052631579,0.0036318407960199005,0.0,0.1,0.0,0.8023563412748521,6
0.038650306748466264,0.036153846153846154,0.0061946902654867264,0.0052734029375331795,0.0038978494623655917,0.0042763157894736845,0.004676616915422886,0.0,0.1,0.0,0.8008769717274056,7
0.041717791411042954,0.04076923076923077,0.0061946902654867264,0.006547513714386834,0.004200268817204302,0.005197368421052632,0.006965174129353235,0.0,0.1,0.0,0.7884079624722425,7
0.04539877300613498,0.04461538461538461,0.007079646017699116,0.009007255353034862,0.007258064516129033,0.00743421052631579,0.006965174129353235,0.0,0.1,0.0,0.7722414918359484,6
0.04662576687116565,0.04384615384615384,0.007522123893805311,0.00838789594761989,0.007728494623655915,0.005328947368421053,0.006965174129353235,0.0,0.1,0.0,0.7735954433198251,6
0.04785276073619633,0.045384615384615384,0.008849557522123895,0.009874358520615821,0.007762096774193549,0.0077631578947368425,0.007960199004975126,0.0,0.1,0.0,0.764553254162543,7
0.04969325153374234,0.047692307692307694,0.005752212389380532,0.011343125110599895,0.01058467741935484,0.00868421052631579,0.008756218905472637,0.0,0.1,0.0,0.7574939964228262,6
0.05092024539877301,0.05,0.008849557522123895,0.01180322066890816,0.009711021505376343,0.009407894736842105,0.009452736318407961,0.0,0.1,0.0,0.7498553238495685,7
0.0539877300613497,0.05153846153846154,0.009734513274336285,0.013749778800212352,0.011760752688172043,0.01098684210526316,0.011044776119402987,0.0,0.1,0.0,0.7371971454128019,7
0.0539877300613497,0.05307692307692307,0.01017699115044248,0.019288621482923377,0.018077956989247315,0.014605263157894737,0.012985074626865673,0.0,0.1,0.0,0.7178014394543537,6
0.0539877300613497,0.05,0.008849557522123895,0.014740753848876305,0.012432795698924732,0.011381578947368421,0.010945273631840797,0.0,0.1,0.0,0.7376623102895161,6
0.0539877300613497,0.054615384615384614,0.010619469026548672,0.017519023181737745,0.015524193548387098,0.014473684210526316,0.012437810945273632,0.0,0.1,0.0,0.7208227044107922,7
0.05521472392638038,0.05384615384615384,0.011061946902654869,0.016899663776322776,0.015020161290322583,0.011710526315789473,0.011741293532338309,0.0,0.1,0.0,0.7245055304100377,6
0.05521472392638038,0.05384615384615384,0.010619469026548672,0.016563440099097507,0.013474462365591399,0.014013157894736842,0.013184079601990051,0.0,0.1,0.0,0.7230845132395013,8
0.055828220858895716,0.05384615384615384,0.010619469026548672,0.0161210405238011,0.013071236559139787,0.01375,0.013681592039800997,0.1,0.0,0.0,0.7230822871456599,7
0.05644171779141106,0.05384615384615384,0.01017699115044248,0.016280304370907807,0.013608870967741937,0.014671052631578948,0.011592039800995027,0.1,0.0,0.0,0.7233828694407689,6
0.05644171779141106,0.05307692307692307,0.010619469026548672,0.014705361882852592,0.013306451612903227,0.011644736842105263,0.010646766169154229,0.0,0.1,0.0,0.7295585735981018,7
0.05644171779141106,0.05307692307692307,0.01017699115044248,0.014917713678994868,0.012735215053763441,0.013421052631578946,0.011044776119402987,0.0,0.1,0.0,0.7281856104974831,6
0.05705521472392639,0.054615384615384614,0.009734513274336285,0.01677579189523978,0.01545698924731183,0.013223684210526318,0.011940298507462687,0.0,0.1,0.0,0.721198123525812,7
0.05705521472392639,0.05230769230769231,0.009292035398230088,0.017200495487524333,0.015524193548387098,0.013618421052631578,0.01218905472636816,0.0,0.0,0.1,0.72281289275524,9
0.058282208588957066,0.05923076923076923,0.009734513274336285,0.020297292514599188,0.020900537634408602,0.013486842105263158,0.013532338308457714,0.0,0.1,0.0,0.7045354983432087,7
0.058282208588957066,0.054615384615384614,0.009292035398230088,0.016563440099097507,0.013508064516129034,0.014671052631578948,0.011940298507462687,0.0,0.1,0.0,0.72112751564316,8
0.0588957055214724,0.05692307692307692,0.008849557522123895,0.01817377455317643,0.016330645161290323,0.013355263157894738,0.013432835820895524,0.0,0.0,0.1,0.7140391413400697,8
0.061349693251533756,0.057692307692307696,0.012831858407079646,0.021996106883737394,0.01841397849462366,0.021842105263157895,0.014776119402985075,0.0,0.0,0.1,0.6910978306045749,7
0.061349693251533756,0.05846153846153846,0.009734513274336285,0.017483631215714033,0.014650537634408604,0.011842105263157895,0.013184079601990051,0.0,0.1,0.0,0.713293901297321,7
0.06196319018404909,0.05923076923076923,0.010619469026548672,0.02125287559723943,0.01606182795698925,0.01868421052631579,0.018407960199004977,0.0,0.1,0.0,0.6937796972790835,7
0.06319018404907976,0.06076923076923077,0.010619469026548672,0.02286321005131835,0.019153225806451613,0.017960526315789475,0.01711442786069652,0.0,0.0,0.1,0.6883297261208847,9
0.06441717791411045,0.06384615384615384,0.011946902654867258,0.028118917005839676,0.026478494623655917,0.02486842105263158,0.020099502487562194,0.0,0.0,0.1,0.6602244304151791,7
0.06441717791411045,0.06538461538461539,0.011061946902654869,0.02873827641125465,0.027116935483870973,0.022434210526315793,0.019402985074626868,0.0,0.0,0.1,0.661443852302551,8
0.06503067484662578,0.06461538461538462,0.015044247787610623,0.029304547867634048,0.027553763440860215,0.02736842105263158,0.014975124378109455,0.1,0.0,0.0,0.6561078360111436,6
0.06503067484662578,0.06307692307692307,0.012389380530973453,0.024101928862148295,0.0207997311827957,0.01861842105263158,0.018258706467661694,0.0,0.0,0.1,0.6777242339802404,6
0.06503067484662578,0.062307692307692314,0.013274336283185842,0.031463457795080516,0.02725134408602151,0.029934210526315792,0.021393034825870648,0.1,0.0,0.0,0.6493452493292076,8
0.06625766871165646,0.06692307692307692,0.012389380530973453,0.02599539904441692,0.02217741935483871,0.020986842105263158,0.02119402985074627,0.0,0.0,0.1,0.6640761834790281,9
0.06748466257668713,0.06538461538461539,0.011061946902654869,0.034117855246858966,0.03679435483870968,0.020921052631578948,0.021393034825870648,0.1,0.0,0.0,0.6428424775930244,8
0.06809815950920248,0.06538461538461539,0.012389380530973453,0.03408246328083525,0.02956989247311828,0.02947368421052632,0.023880597014925373,0.1,0.0,0.0,0.6371212075958034,7
0.06993865030674848,0.06846153846153846,0.013274336283185842,0.03521500619359406,0.03387096774193549,0.024342105263157894,0.02492537313432836,0.1,0.0,0.0,0.6299720226155114,9
0.06993865030674848,0.06692307692307692,0.012389380530973453,0.030384002831357285,0.026243279569892475,0.02578947368421053,0.022835820895522392,0.1,0.0,0.0,0.6454963152582185,8
0.07055214723926381,0.06923076923076923,0.013716814159292037,0.03355158379047956,0.028830645161290323,0.027105263157894736,0.02577114427860697,0.0,0.0,0.1,0.6312416329824033,7
0.07116564417177915,0.06846153846153846,0.012831858407079646,0.03142806582905681,0.027553763440860215,0.02388157894736842,0.024129353233830846,0.1,0.0,0.0,0.6405481975084865,8
0.07177914110429448,0.06923076923076923,0.014159292035398232,0.032012033268448065,0.027217741935483875,0.029144736842105265,0.023233830845771148,0.1,0.0,0.0,0.6332224547377298,8
0.07239263803680983,0.07153846153846154,0.012389380530973453,0.0370199964608034,0.03155241935483871,0.03460526315789474,0.026169154228855726,0.0,0.0,0.1,0.6143326866913625,7
0.07300613496932516,0.07230769230769231,0.013716814159292037,0.04167403999292161,0.036424731182795704,0.03539473684210527,0.03084577114427861,0.1,0.0,0.0,0.5966300794015893,9
0.07300613496932516,0.07153846153846154,0.013274336283185842,0.038099451424526636,0.03299731182795699,0.02894736842105263,0.028557213930348258,0.1,0.0,0.0,0.613579721605143,9
0.07300613496932516,0.07153846153846154,0.013274336283185842,0.03629446115731729,0.02768817204301075,0.036118421052631584,0.028756218905472638,0.1,0.0,0.0,0.6133237940505952,11
0.0736196319018405,0.07076923076923078,0.012831858407079646,0.03300300831711202,0.026780913978494626,0.02953947368421053,0.02467661691542289,0.1,0.0,0.0,0.628779266026609,8
0.0736196319018405,0.07076923076923078,0.013274336283185842,0.04370907803928509,0.04049059139784947,0.03605263157894737,0.028855721393034828,0.1,0.0,0.0,0.5932287786366262,8
0.0736196319018405,0.07076923076923078,0.013274336283185842,0.04413378163156964,0.03585349462365591,0.035986842105263164,0.028855721393034828,0.0,0.0,0.1,0.5975069612922194,9
0.07484662576687118,0.07384615384615384,0.013274336283185842,0.040683064944257656,0.03790322580645161,0.03605263157894737,0.026268656716417916,0.0,0.0,0.1,0.5971253050577146,8
0.07546012269938651,0.07461538461538461,0.014159292035398232,0.040966200672447356,0.03363575268817204,0.032828947368421055,0.03134328358208956,0.1,0.0,0.0,0.5969910163387007,10
0.07546012269938651,0.07692307692307693,0.014601769911504426,0.046965138913466646,0.04032258064516129,0.03967105263157895,0.035323383084577116,0.1,0.0,0.0,0.5707328751912482,10
0.07546012269938651,0.07230769230769231,0.013716814159292037,0.04247035922845514,0.03417338709677419,0.04210526315789474,0.029054726368159204,0.0,0.0,0.1,0.5907116349823458,8
0.07607361963190186,0.07846153846153846,0.015486725663716814,0.04496549283312688,0.036391129032258066,0.0425,0.032089552238805975,0.1,0.0,0.0,0.5740319421386519,9
0.07607361963190186,0.07461538461538461,0.015486725663716814,0.04301893470182269,0.03662634408602151,0.03328947368421053,0.034328358208955224,0.1,0.0,0.0,0.5865611594079867,10
0.07607361963190186,0.07307692307692307,0.014159292035398232,0.046876658998407365,0.04613575268817205,0.03065789473684211,0.03258706467661692,0.1,0.0,0.0,0.5804327941557383,9
0.0766871165644172,0.07384615384615384,0.015044247787610623,0.04797380994514245,0.04509408602150538,0.035263157894736843,0.033681592039801,0.0,0.0,0.1,0.5724098359006328,10
0.0766871165644172,0.07538461538461538,0.014601769911504426,0.03988674570872412,0.03205645161290323,0.03111842105263158,0.031691542288557216,0.1,0.0,0.0,0.5985733374766469,9
0.0766871165644172,0.07538461538461538,0.015486725663716814,0.03919660237126172,0.030141129032258067,0.028486842105263158,0.03577114427860697,0.1,0.0,0.0,0.5988458245998607,8
0.07730061349693253,0.07615384615384616,0.01769911504424779,0.05045124756680234,0.04428763440860216,0.04421052631578948,0.037810945273631845,0.1,0.0,0.0,0.5520860717401477,11
0.07730061349693253,0.07615384615384616,0.012831858407079646,0.040594585029198375,0.03665994623655914,0.035,0.028706467661691545,0.1,0.0,0.0,0.5927526830146925,9
0.07730061349693253,0.07384615384615384,0.014601769911504426,0.04551406830649443,0.04059139784946237,0.03565789473684211,0.03482587064676617,0.0,0.0,0.1,0.5776622312058441,8
0.07791411042944786,0.07615384615384616,0.01592920353982301,0.056485577773845344,0.04146505376344086,0.041710526315789476,0.03681592039800995,0.1,0.0,0.0,0.5535257616257974,11
0.07791411042944786,0.07615384615384616,0.017256637168141596,0.04590337993275526,0.037365591397849465,0.03927631578947369,0.03681592039800995,0.1,0.0,0.0,0.5693141987304761,11
0.07914110429447854,0.07538461538461538,0.014159292035398232,0.04427534949566448,0.03598790322580645,0.044013157894736844,0.031492537313432836,0.0,0.0,0.1,0.5755460403558672,9
0.07914110429447854,0.07692307692307693,0.015486725663716814,0.053459564678817906,0.04526209677419355,0.04940789473684211,0.03756218905472637,0.0,0.0,0.1,0.5427573478741478,12
0.07975460122699388,0.07692307692307693,0.016371681415929203,0.05101751902318174,0.0497983870967742,0.03888157894736842,0.03393034825870647,0.1,0.0,0.0,0.5533228071079692,9
0.08220858895705524,0.08,0.0168141592920354,0.05798973632985313,0.05453629032258065,0.04855263157894737,0.03890547263681592,0.0,0.0,0.1,0.5209931208827123,9
0.08466257668711658,0.08384615384615385,0.018141592920353982,0.0684126703238365,0.052788978494623655,0.056447368421052635,0.04955223880597016,0.1,0.0,0.0,0.4861484205008927,13
0.08466257668711658,0.08307692307692308,0.016371681415929203,0.06052026190054858,0.051915322580645164,0.05072368421052632,0.04303482587064677,0.0,0.0,0.1,0.5096947242576643,8
0.08527607361963191,0.08461538461538462,0.013716814159292037,0.06545744116085649,0.05154569892473119,0.05815789473684211,0.04154228855721393,0.1,0.0,0.0,0.49968840422604766,10
0.08527607361963191,0.08076923076923077,0.015486725663716814,0.06165280481330738,0.0467741935483871,0.05118421052631579,0.050248756218905476,0.0,0.0,0.1,0.5086080048405048,12
0.08588957055214724,0.08846153846153845,0.018141592920353982,0.06361705892762344,0.04902553763440861,0.05177631578947369,0.05139303482587065,0.1,0.0,0.0,0.49169535088858396,13
0.08650306748466259,0.08615384615384616,0.018141592920353982,0.08426827110245974,0.06663306451612903,0.06585526315789474,0.062089552238805974,0.1,0.0,0.0,0.4303553424258477,10
0.09386503067484664,0.09,0.01592920353982301,0.08486993452486287,0.07580645161290323,0.06736842105263158,0.053084577114427864,0.0,0.0,0.1,0.41907638148050486,12
0.09447852760736199,0.0923076923076923,0.019026548672566375,0.07766766943903734,0.07066532258064517,0.06342105263157895,0.05810945273631841,0.0,0.0,0.1,0.4243237340247995,10
0.02699386503067485,0.024615384615384615,0.004424778761061948,0.0017342063351619185,0.0014448924731182795,0.0013157894736842107,0.0014925373134328358,0.0,0.1,0.0,0.8379785459974813,4
0.033742331288343565,0.031538461538461536,0.0061946902654867264,0.003733852415501681,0.03326612903225807,0.0025,0.0031343283582089556,0.0,0.1,0.0,0.7858902071017395,5
0.03558282208588957,0.03230769230769231,0.005309734513274336,0.0036984604494779685,0.0027889784946236564,0.0028947368421052633,0.0034825870646766175,0.0,0.1,0.0,0.8139349882422603,5
0.04049079754601228,0.03692307692307692,0.006637168141592921,0.005768890461865157,0.005006720430107527,0.004342105263157895,0.0047761194029850755,0.0,0.1,0.0,0.7960551218312022,6
0.04355828220858896,0.04384615384615384,0.0084070796460177,0.008051672270394621,0.006418010752688172,0.00625,0.007114427860696518,0.0,0.1,0.0,0.7763543734154602,6
0.04601226993865031,0.04461538461538461,0.008849557522123895,0.0077508405591930635,0.006216397849462366,0.005,0.00746268656716418,0.0,0.1,0.0,0.7740928629480216,6
0.05092024539877301,0.04846153846153846,0.008849557522123895,0.012900371615643249,0.011861559139784946,0.010460526315789474,0.009452736318407961,0.0,0.1,0.0,0.7470934652279391,8
0.05214723926380369,0.050769230769230775,0.01017699115044248,0.011555476906742171,0.00883736559139785,0.010131578947368422,0.010248756218905473,0.0,0.1,0.0,0.7461333611521092,6
0.05214723926380369,0.05230769230769231,0.008849557522123895,0.012440276057334984,0.010920698924731184,0.010789473684210528,0.009353233830845771,0.0,0.1,0.0,0.7431918284092576,7
0.052760736196319026,0.04923076923076923,0.008849557522123895,0.01226331622721642,0.010987903225806452,0.010526315789473686,0.008955223880597015,0.0,0.1,0.0,0.7464261779276943,7
0.0539877300613497,0.05230769230769231,0.008849557522123895,0.014404530171651034,0.014045698924731183,0.009671052631578947,0.010248756218905473,0.0,0.1,0.0,0.7364849821619674,7
0.0539877300613497,0.05153846153846154,0.01017699115044248,0.014917713678994868,0.011626344086021506,0.01006578947368421,0.011243781094527365,0.0,0.1,0.0,0.7364431889165183,7
0.05644171779141106,0.05307692307692307,0.009734513274336285,0.013289683241904089,0.010248655913978496,0.0076315789473684215,0.012437810945273632,0.0,0.1,0.0,0.737139116808805,7
0.05644171779141106,0.05692307692307692,0.010619469026548672,0.01888161387365068,0.017775537634408603,0.014210526315789474,0.01338308457711443,0.0,0.1,0.0,0.7117649738580002,6
0.05705521472392639,0.054615384615384614,0.009292035398230088,0.015643248982480977,0.01401209677419355,0.012828947368421054,0.011791044776119404,0.0,0.1,0.0,0.724762027361244,7
0.058282208588957066,0.05615384615384615,0.008849557522123895,0.00465404353211821,0.013608870967741937,0.011513157894736841,0.012238805970149255,0.0,0.1,0.0,0.7346995093703266,7
0.058282208588957066,0.057692307692307696,0.01017699115044248,0.018421518315342417,0.015658602150537635,0.015657894736842107,0.014477611940298509,0.0,0.1,0.0,0.709632865425272,7
0.05950920245398774,0.057692307692307696,0.011504424778761064,0.019589453194124935,0.017876344086021508,0.01473684210526316,0.015621890547263683,0.0,0.1,0.0,0.7034695351422702,8
0.060122699386503074,0.057692307692307696,0.011061946902654869,0.01927092549991152,0.018750000000000003,0.015131578947368423,0.012935323383084578,0.0,0.1,0.0,0.7050352181881698,8
0.060122699386503074,0.05846153846153846,0.009734513274336285,0.019607149177136792,0.0197244623655914,0.013223684210526318,0.01492537313432836,0.0,0.0,0.1,0.7042005799900394,8
0.060736196319018415,0.05846153846153846,0.010619469026548672,0.018120686604140863,0.015658602150537635,0.015855263157894737,0.013532338308457714,0.0,0.1,0.0,0.7070159059718635,7
0.061349693251533756,0.060000000000000005,0.011061946902654869,0.020633516191824457,0.019758064516129034,0.01736842105263158,0.015970149253731344,0.0,0.1,0.0,0.693858208831495,8
0.061349693251533756,0.05846153846153846,0.010619469026548672,0.020403468412670326,0.01834677419354839,0.017763157894736845,0.014427860696517414,0.0,0.0,0.1,0.6986280380629062,9
0.06196319018404909,0.06153846153846154,0.011946902654867258,0.02558839143514422,0.025336021505376345,0.019605263157894737,0.01771144278606965,0.0,0.0,0.1,0.6763103267381372,7
0.06257668711656443,0.06076923076923077,0.013716814159292037,0.019093965669792958,0.016565860215053765,0.014276315789473686,0.016616915422885573,0.0,0.1,0.0,0.6963842108577067,8
0.06257668711656443,0.05923076923076923,0.013274336283185842,0.022119978764820386,0.0207997311827957,0.015657894736842107,0.017164179104477612,0.0,0.1,0.0,0.6891764235805447,8
0.06319018404907976,0.06153846153846154,0.011061946902654869,0.020969739869049726,0.017809139784946238,0.015460526315789473,0.016716417910447763,0.0,0.1,0.0,0.6932535836295706,9
0.06380368098159511,0.06076923076923077,0.011946902654867258,0.02240311449301009,0.020060483870967743,0.017039473684210528,0.017412935323383085,0.0,0.1,0.0,0.6865641782227354,9
0.0668711656441718,0.06615384615384615,0.012389380530973453,0.029446115731728898,0.029267473118279572,0.022368421052631583,0.020000000000000004,0.1,0.0,0.0,0.6535035977683685,9
0.0668711656441718,0.06461538461538462,0.012831858407079646,0.02753494956644842,0.025168010752688173,0.020328947368421054,0.020398009950248756,0.0,0.0,0.1,0.6622516736955575,7
0.0668711656441718,0.06461538461538462,0.010619469026548672,0.027835781277649973,0.027083333333333338,0.024342105263157894,0.016915422885572143,0.0,0.0,0.1,0.6617173379541815,7
0.0668711656441718,0.06153846153846154,0.012389380530973453,0.02753494956644842,0.024731182795698924,0.028289473684210528,0.01791044776119403,0.1,0.0,0.0,0.6607349384788413,9
0.06748466257668713,0.06461538461538462,0.011504424778761064,0.022509290391081224,0.019758064516129034,0.01894736842105263,0.01746268656716418,0.0,0.1,0.0,0.67771811813374,8
0.06748466257668713,0.06769230769230769,0.011946902654867258,0.029853123341001594,0.029166666666666667,0.026250000000000002,0.018407960199004977,0.1,0.0,0.0,0.6491983768694647,8
0.06809815950920248,0.06538461538461539,0.011504424778761064,0.022933993983365777,0.019052419354838708,0.0175,0.0209452736318408,0.0,0.1,0.0,0.6745811133573758,8
0.06932515337423313,0.06615384615384615,0.011504424778761064,0.027747301362590696,0.02348790322580645,0.02480263157894737,0.02119402985074627,0.0,0.0,0.1,0.6557847096750689,9
0.06993865030674848,0.06923076923076923,0.01592920353982301,0.03213590514953106,0.026982526881720433,0.02855263157894737,0.02537313432835821,0.1,0.0,0.0,0.6318571789841022,9
0.06993865030674848,0.06923076923076923,0.011946902654867258,0.03609980534418687,0.03669354838709678,0.026842105263157893,0.024875621890547265,0.0,0.0,0.1,0.6243725969226263,9
0.06993865030674848,0.06615384615384615,0.014159292035398232,0.028702884445230937,0.026041666666666668,0.020921052631578948,0.022736318407960202,0.1,0.0,0.0,0.6513462893525703,9
0.07055214723926381,0.07384615384615384,0.013274336283185842,0.03174659352327022,0.028461021505376344,0.02506578947368421,0.02467661691542289,0.1,0.0,0.0,0.6323773412136429,8
0.07116564417177915,0.07,0.011504424778761064,0.03015395505220315,0.027553763440860215,0.02269736842105263,0.02238805970149254,0.0,0.0,0.1,0.6445367844338512,8
0.07177914110429448,0.06923076923076923,0.013274336283185842,0.03319766413024244,0.03138440860215054,0.026710526315789476,0.02238805970149254,0.1,0.0,0.0,0.6320350946320754,7
0.07177914110429448,0.06692307692307692,0.012389380530973453,0.024615112369492126,0.02073252688172043,0.016973684210526318,0.022338308457711446,0.1,0.0,0.0,0.6642487695222048,8
0.07239263803680983,0.07230769230769231,0.013274336283185842,0.030472482746416563,0.027755376344086022,0.021578947368421055,0.02477611940298508,0.0,0.0,0.1,0.6374424075104033,8
0.07239263803680983,0.07076923076923078,0.012389380530973453,0.03553353388780747,0.03333333333333333,0.028486842105263158,0.025870646766169157,0.0,0.0,0.1,0.6212243945704128,9
0.07239263803680983,0.07076923076923078,0.014159292035398232,0.035798973632985315,0.029905913978494625,0.03440789473684211,0.025522388059701497,0.1,0.0,0.0,0.6170436687505376,8
0.07300613496932516,0.07153846153846154,0.013274336283185842,0.038948858609095735,0.036391129032258066,0.021842105263157895,0.026368159203980102,0.1,0.0,0.0,0.6186308151005356,8
0.07300613496932516,0.07230769230769231,0.014601769911504426,0.039214298354273584,0.03303091397849463,0.030592105263157896,0.03328358208955225,0.0,0.0,0.1,0.6039635031259998,9
0.07300613496932516,0.07076923076923078,0.012389380530973453,0.03015395505220315,0.028326612903225808,0.02967105263157895,0.02258706467661692,0.0,0.0,0.1,0.6330965684668458,9
0.0736196319018405,0.07538461538461538,0.018584070796460177,0.07034153247212883,0.06754032258064516,0.05513157894736842,0.04885572139303483,0.0,0.0,0.1,0.49054252652390673,10
0.07423312883435584,0.07384615384615384,0.013274336283185842,0.038187931339585916,0.030275537634408604,0.037302631578947365,0.029154228855721394,0.1,0.0,0.0,0.6037260516276413,10
0.07546012269938651,0.07307692307692307,0.015044247787610623,0.03733852415501681,0.036491935483870974,0.03236842105263158,0.023333333333333334,0.1,0.0,0.0,0.606886492411227,9
0.07546012269938651,0.06923076923076923,0.013274336283185842,0.04239957529640771,0.047513440860215056,0.02756578947368421,0.02492537313432836,0.0,0.0,0.1,0.599630593022023,7
0.07546012269938651,0.07230769230769231,0.013716814159292037,0.03836489116970448,0.0395497311827957,0.0275,0.02447761194029851,0.1,0.0,0.0,0.6086231365408304,9
0.07546012269938651,0.07307692307692307,0.015486725663716814,0.039037338524155016,0.0311491935483871,0.040723684210526315,0.02711442786069652,0.0,0.0,0.1,0.5979515844162087,10
0.07607361963190186,0.07538461538461538,0.013716814159292037,0.038931162626083884,0.03393817204301076,0.032565789473684215,0.03084577114427861,0.0,0.0,0.1,0.5985440555371333,9
0.07607361963190186,0.07384615384615384,0.013274336283185842,0.03898425057511944,0.03336693548387097,0.031973684210526314,0.030348258706467665,0.0,0.0,0.1,0.602132761262774,10
0.0766871165644172,0.07615384615384616,0.016371681415929203,0.0489647849938064,0.0477486559139785,0.03953947368421053,0.034328358208955224,0.0,0.0,0.1,0.5602060830648568,11
0.0766871165644172,0.07538461538461538,0.013716814159292037,0.03946204211643957,0.03252688172043011,0.03644736842105264,0.030796019900497514,0.1,0.0,0.0,0.5949791417332556,9
0.0766871165644172,0.07384615384615384,0.012831858407079646,0.03840028313572819,0.03121639784946237,0.03217105263157895,0.03253731343283583,0.0,0.0,0.1,0.602309824132744,10
0.07730061349693253,0.0776923076923077,0.013274336283185842,0.046593523270217665,0.042506720430107524,0.03243421052631579,0.03681592039800995,0.0,0.0,0.1,0.573382367902923,11
0.07730061349693253,0.07846153846153846,0.015486725663716814,0.04747832242081047,0.04418682795698925,0.034473684210526316,0.0373134328358209,0.0,0.0,0.1,0.5652988549536653,10
0.07730061349693253,0.07153846153846154,0.013274336283185842,0.03634754910635286,0.03608870967741936,0.024736842105263158,0.017512437810945275,0.0,0.0,0.1,0.6232010499814394,8
0.07914110429447854,0.07923076923076923,0.014159292035398232,0.0419217837550876,0.03400537634408603,0.04092105263157895,0.03333333333333334,0.0,0.0,0.1,0.5772872883752681,9
0.07914110429447854,0.07384615384615384,0.013274336283185842,0.042187223500265436,0.04069220430107527,0.03414473684210526,0.028358208955223882,0.0,0.0,0.1,0.5883560319775119,9
0.07914110429447854,0.08,0.01592920353982301,0.04547867634047071,0.03881048387096774,0.04631578947368421,0.031542288557213936,0.1,0.0,0.0,0.5627824539233619,9
0.07975460122699388,0.07923076923076923,0.011061946902654869,0.04178021589099275,0.035181451612903224,0.03723684210526316,0.03258706467661692,0.0,0.0,0.1,0.5831671083538059,9
0.07975460122699388,0.08,0.015486725663716814,0.04478853300300832,0.04133064516129033,0.036513157894736845,0.033432835820895526,0.0,0.0,0.1,0.5686935012293584,9
0.07975460122699388,0.08230769230769232,0.015486725663716814,0.04563794018757743,0.04096102150537635,0.036381578947368425,0.03422885572139304,0.1,0.0,0.0,0.5652415844398817,10
0.07975460122699388,0.07846153846153846,0.013716814159292037,0.04979649619536366,0.048487903225806456,0.03921052631578947,0.03333333333333334,0.0,0.0,0.1,0.5572387870818827,9
0.07975460122699388,0.07538461538461538,0.013716814159292037,0.03970978587860556,0.03662634408602151,0.030000000000000002,0.03039800995024876,0.1,0.0,0.0,0.5944098293142228,9
0.08098159509202456,0.07923076923076923,0.014601769911504426,0.0511944788533003,0.04663978494623656,0.03921052631578947,0.03736318407960199,0.0,0.0,0.1,0.5507778915707735,10
0.08159509202453989,0.0776923076923077,0.014601769911504426,0.04774376216598832,0.040221774193548394,0.04177631578947369,0.03582089552238806,0.1,0.0,0.0,0.5605480827002495,9
0.08220858895705524,0.07692307692307693,0.01769911504424779,0.04491240488409131,0.03870967741935484,0.03927631578947369,0.03492537313432836,0.0,0.0,0.1,0.5653454478483718,11
0.08220858895705524,0.07846153846153846,0.01592920353982301,0.059458502919837196,0.06223118279569893,0.03914473684210526,0.039154228855721396,0.0,0.0,0.1,0.5234120176282205,13
0.08282208588957057,0.08461538461538462,0.0168141592920354,0.05489293930277827,0.0477486559139785,0.04848684210526316,0.04099502487562189,0.1,0.0,0.0,0.5236249080053675,13
0.08343558282208591,0.08,0.014601769911504426,0.0522916298000354,0.04865591397849463,0.03671052631578948,0.04039800995024876,0.0,0.0,0.1,0.5439065672218414,11
0.08343558282208591,0.08153846153846155,0.01592920353982301,0.05411431605025659,0.05131048387096774,0.04098684210526316,0.0400497512437811,0.0,0.0,0.1,0.532635358829361,11
0.08588957055214724,0.08076923076923077,0.015486725663716814,0.062236772252698636,0.05877016129032259,0.047565789473684214,0.046766169154228855,0.0,0.0,0.1,0.5025155808439709,10
0.08588957055214724,0.08461538461538462,0.01769911504424779,0.053901964254114317,0.04657258064516129,0.04026315789473684,0.04383084577114428,0.0,0.0,0.1,0.5272273812230637,13
0.08895705521472394,0.08153846153846155,0.0168141592920354,0.0612811891700584,0.05577956989247312,0.052368421052631585,0.040298507462686574,0.1,0.0,0.0,0.5029626363769295,11
0.08895705521472394,0.08461538461538462,0.01769911504424779,0.053441868695806055,0.05870295698924732,0.05611842105263158,0.050597014925373135,0.0,0.0,0.1,0.48986818346258554,9
0.09018404907975462,0.08769230769230768,0.015486725663716814,0.06653689612457972,0.06112231182795699,0.05092105263157895,0.048557213930348266,0.0,0.0,0.1,0.4794994430497569,11
0.09079754601226996,0.08846153846153845,0.01946902654867257,0.07120863563970979,0.05991263440860215,0.06927631578947369,0.04686567164179105,0.1,0.0,0.0,0.45400863149794235,12
0.09202453987730062,0.08538461538461539,0.019026548672566375,0.07789771721819147,0.07133736559139786,0.06888157894736842,0.05258706467661692,0.0,0.0,0.1,0.43286056963194297,11
0.023312883435582826,0.02153846153846154,0.002654867256637168,0.0011148469297469475,0.0008400537634408603,0.0006578947368421054,0.0010447761194029852,0.0,0.1,0.0,0.8488362162198856,3
0.025766871165644176,0.023076923076923075,0.003982300884955752,0.0014156786409485048,0.0009072580645161291,0.0010526315789473684,0.0010447761194029852,0.0,0.1,0.0,0.842753560468662,4
0.030674846625766878,0.02692307692307692,0.005309734513274336,0.002247389842505751,0.0018481182795698926,0.0010526315789473684,0.0019900497512437814,0.0,0.1,0.0,0.8299541524856151,4
0.03558282208588957,0.03307692307692307,0.005752212389380532,0.003486108653335693,0.0028561827956989252,0.0027631578947368424,0.003084577114427861,0.0,0.1,0.0,0.8133980159896075,5
0.04110429447852762,0.038461538461538464,0.007079646017699116,0.005910458325960008,0.0045362903225806455,0.0042763157894736845,0.005721393034825871,0.0,0.1,0.0,0.7929100635693946,6
0.041717791411042954,0.03769230769230769,0.007522123893805311,0.007131481153778093,0.006754032258064517,0.005,0.0052736318407960205,0.0,0.1,0.0,0.7889086317502054,6
0.04233128834355829,0.03923076923076923,0.0084070796460177,0.006476729782339409,0.005040322580645161,0.005065789473684211,0.005970149253731343,0.0,0.1,0.0,0.7874778716892546,6
0.04355828220858896,0.03923076923076923,0.007079646017699116,0.00661829764643426,0.005241935483870968,0.006644736842105264,0.005771144278606966,0.0,0.1,0.0,0.7858551882919252,7
0.0441717791411043,0.04,0.007079646017699116,0.006352857901256415,0.004973118279569893,0.0041447368421052636,0.005970149253731343,0.0,0.1,0.0,0.7873077125645337,5
0.04539877300613498,0.04230769230769231,0.007964601769911504,0.007308440983896655,0.006451612903225807,0.005197368421052632,0.005771144278606966,0.0,0.1,0.0,0.7796003663294792,7
0.04601226993865031,0.04461538461538461,0.012389380530973453,0.010617589807113786,0.009408602150537636,0.008223684210526315,0.008208955223880599,0.0,0.1,0.0,0.7605241335229332,8
0.04601226993865031,0.04230769230769231,0.0084070796460177,0.008122456202442046,0.006384408602150538,0.007171052631578948,0.006567164179104479,0.0,0.1,0.0,0.7750278764923637,7
0.04723926380368099,0.04615384615384615,0.011061946902654869,0.012139444346133428,0.011458333333333334,0.009671052631578947,0.008059701492537314,0.0,0.1,0.0,0.754216411336235,7
0.04723926380368099,0.04384615384615384,0.007522123893805311,0.008635639709785878,0.008165322580645161,0.005855263157894737,0.006766169154228857,0.0,0.1,0.0,0.7719700638538052,8
0.04846625766871167,0.04923076923076923,0.008849557522123895,0.01088302955229163,0.010013440860215054,0.007039473684210527,0.008955223880597015,0.0,0.1,0.0,0.7565622476010809,8
0.049079754601227,0.04692307692307692,0.008849557522123895,0.01208635639709786,0.011827956989247311,0.008223684210526315,0.008606965174129353,0.0,0.1,0.0,0.7544026481825713,7
0.04969325153374234,0.04692307692307692,0.008849557522123895,0.00959122279242612,0.0064852150537634415,0.008026315789473685,0.009054726368159205,0.0,0.1,0.0,0.7613766340172343,7
0.04969325153374234,0.047692307692307694,0.009734513274336285,0.032206689081578484,0.02795698924731183,0.02730263157894737,0.009900497512437812,0.0,0.1,0.0,0.6955131200793382,8
0.04969325153374234,0.04692307692307692,0.008849557522123895,0.009485046894354983,0.007694892473118281,0.006973684210526316,0.008457711442786071,0.0,0.1,0.0,0.7619227790002712,7
0.04969325153374234,0.04615384615384615,0.007964601769911504,0.01021058219784109,0.009274193548387098,0.008355263157894737,0.007611940298507464,0.0,0.1,0.0,0.7607363213398697,6
0.05030674846625768,0.04846153846153846,0.008849557522123895,0.010617589807113786,0.008333333333333333,0.0075657894736842115,0.009950248756218907,0.0,0.1,0.0,0.7559151941797297,8
0.05030674846625768,0.05,0.009734513274336285,0.011537780923730314,0.008904569892473119,0.009868421052631578,0.010049751243781097,0.0,0.1,0.0,0.7495982151467899,8
0.05092024539877301,0.05153846153846154,0.008849557522123895,0.012670323836489117,0.01135752688172043,0.008815789473684211,0.010447761194029851,0.0,0.1,0.0,0.745400334154718,7
0.05153374233128835,0.05,0.01017699115044248,0.011113077331445762,0.008702956989247312,0.008355263157894737,0.009950248756218907,0.0,0.1,0.0,0.7501677202834625,8
0.05153374233128835,0.04846153846153846,0.009734513274336285,0.01424526632454433,0.012466397849462366,0.010921052631578948,0.01009950248756219,0.0,0.1,0.0,0.7425379866396891,8
0.052760736196319026,0.05230769230769231,0.009734513274336285,0.012900371615643249,0.010685483870967743,0.011250000000000001,0.010447761194029851,0.0,0.1,0.0,0.7399134415410116,7
0.05460122699386504,0.05538461538461538,0.009734513274336285,0.014988497611042293,0.012231182795698925,0.01006578947368421,0.01393034825870647,0.0,0.1,0.0,0.7290638262080513,9
0.05521472392638038,0.05,0.01017699115044248,0.015236241373208281,0.015020161290322583,0.010328947368421054,0.011492537313432838,0.0,0.0,0.1,0.7325303975777924,8
0.05521472392638038,0.05153846153846154,0.0084070796460177,0.012404884091311272,0.010853494623655915,0.008223684210526315,0.011791044776119404,0.0,0.1,0.0,0.7415666271875274,7
0.055828220858895716,0.05230769230769231,0.01017699115044248,0.017200495487524333,0.017540322580645164,0.008618421052631579,0.013084577114427863,0.0,0.1,0.0,0.7252432794477406,8
0.05644171779141106,0.05384615384615384,0.008849557522123895,0.01666961599716864,0.016935483870967744,0.010131578947368422,0.012238805970149255,0.0,0.1,0.0,0.7248870860546571,8
0.05644171779141106,0.05307692307692307,0.009292035398230088,0.014687665899840736,0.012567204301075269,0.011447368421052631,0.010945273631840797,0.0,0.1,0.0,0.7315418114796264,8
0.058282208588957066,0.054615384615384614,0.01017699115044248,0.018386126349318705,0.018750000000000003,0.011578947368421053,0.013184079601990051,0.0,0.1,0.0,0.715026262325486,7
0.0588957055214724,0.057692307692307696,0.010619469026548672,0.02086356397097859,0.017036290322580645,0.016842105263157894,0.01711442786069652,0.0,0.0,0.1,0.7009361303422577,11
0.05950920245398774,0.05846153846153846,0.011061946902654869,0.01845691028136613,0.014885752688172044,0.015526315789473685,0.01592039800995025,0.0,0.1,0.0,0.7061779354128568,8
0.05950920245398774,0.05615384615384615,0.012389380530973453,0.015837904795611396,0.012735215053763441,0.012171052631578947,0.022935323383084582,0.0,0.1,0.0,0.7082680749971543,8
0.060122699386503074,0.05615384615384615,0.011061946902654869,0.019766413024243496,0.016935483870967744,0.016578947368421054,0.016069651741293534,0.0,0.1,0.0,0.7033110115520701,10
0.06196319018404909,0.05923076923076923,0.011061946902654869,0.021093611750132718,0.01646505376344086,0.012763157894736843,0.020895522388059702,0.0,0.1,0.0,0.6965267478861568,9
0.06196319018404909,0.05846153846153846,0.011946902654867258,0.019058573703769243,0.017775537634408603,0.0125,0.016417910447761197,0.0,0.1,0.0,0.7018763469136061,9
0.06257668711656443,0.05923076923076923,0.012831858407079646,0.02712794195717572,0.026780913978494626,0.01842105263157895,0.017960199004975124,0.0,0.1,0.0,0.6750705776733623,8
0.06319018404907976,0.06076923076923077,0.011946902654867258,0.018262254468235713,0.013541666666666669,0.01736842105263158,0.016119402985074627,0.1,0.0,0.0,0.6988019373542136,9
0.06319018404907976,0.06307692307692307,0.012389380530973453,0.026030791010440632,0.020598118279569894,0.018026315789473685,0.019900497512437814,0.0,0.0,0.1,0.6767877897511017,7
0.06319018404907976,0.060000000000000005,0.009734513274336285,0.0187931339585914,0.01622983870967742,0.012894736842105264,0.016069651741293534,0.0,0.1,0.0,0.7030879414249163,8
0.06441717791411045,0.05923076923076923,0.011504424778761064,0.02148292337639356,0.015826612903225807,0.01644736842105263,0.019402985074626868,0.0,0.1,0.0,0.6916877383010603,8
0.06441717791411045,0.06384615384615384,0.013274336283185842,0.024969032029729252,0.022110215053763444,0.019342105263157893,0.019800995024875624,0.1,0.0,0.0,0.6722399845850237,10
0.06441717791411045,0.06153846153846154,0.011504424778761064,0.02281012210228278,0.023185483870967742,0.016907894736842108,0.019900497512437814,0.0,0.1,0.0,0.6797359375461365,8
0.06441717791411045,0.057692307692307696,0.010619469026548672,0.022350026543974517,0.020463709677419357,0.015000000000000001,0.018905472636815922,0.0,0.1,0.0,0.6905518365088233,9
0.06564417177914111,0.06615384615384615,0.013716814159292037,0.02776499734560255,0.02207661290322581,0.02223684210526316,0.02437810945273632,0.0,0.0,0.1,0.6580286061008929,10
0.0668711656441718,0.06769230769230769,0.013274336283185842,0.03353388780746771,0.024596774193548387,0.031447368421052634,0.027363184079601994,0.1,0.0,0.0,0.6352209758786639,8
0.06748466257668713,0.06615384615384615,0.012831858407079646,0.025199079808883383,0.020329301075268816,0.02,0.02238805970149254,0.0,0.1,0.0,0.6656131922767423,10
0.06748466257668713,0.06538461538461539,0.012831858407079646,0.03149884976110423,0.029065860215053765,0.022500000000000003,0.023482587064676617,0.0,0.1,0.0,0.6477515665907833,10
0.06748466257668713,0.06461538461538462,0.013716814159292037,0.03227747301362591,0.03326612903225807,0.02375,0.020398009950248756,0.0,0.1,0.0,0.6444915266525035,9
0.06748466257668713,0.06538461538461539,0.011946902654867258,0.023217129711555477,0.017271505376344087,0.022368421052631583,0.02019900497512438,0.0,0.1,0.0,0.6721277582681746,10
0.06748466257668713,0.07153846153846154,0.013274336283185842,0.03312688019819501,0.0323252688172043,0.022894736842105263,0.024228855721393036,0.0,0.1,0.0,0.6351267980227678,9
0.06809815950920248,0.06692307692307692,0.012831858407079646,0.024685896301539553,0.01760752688172043,0.020723684210526318,0.023880597014925373,0.0,0.1,0.0,0.6652492007519293,11
0.06809815950920248,0.06846153846153846,0.015486725663716814,0.04057688904618652,0.03702956989247312,0.03210526315789474,0.027711442786069657,0.1,0.0,0.0,0.6105304114829182,8
0.06871165644171781,0.06769230769230769,0.012389380530973453,0.02919837196956291,0.027016129032258068,0.01828947368421053,0.02437810945273632,0.0,0.1,0.0,0.6523245711962332,10
0.06871165644171781,0.06692307692307692,0.011946902654867258,0.025482215537073083,0.022110215053763444,0.013552631578947368,0.024975124378109455,0.0,0.1,0.0,0.6662981774324447,11
0.06932515337423313,0.06615384615384615,0.013274336283185842,0.029074500088479917,0.02231182795698925,0.02217105263157895,0.028855721393034828,0.0,0.1,0.0,0.648833562118652,11
0.06993865030674848,0.06846153846153846,0.013716814159292037,0.03599362944611573,0.035383064516129034,0.026644736842105266,0.026368159203980102,0.1,0.0,0.0,0.6234934070640908,10
0.07055214723926381,0.06692307692307692,0.013716814159292037,0.03176428950628207,0.02765456989247312,0.030592105263157896,0.022885572139303485,0.1,0.0,0.0,0.6359114248771507,9
0.07116564417177915,0.06769230769230769,0.015486725663716814,0.043372854362059815,0.036323924731182795,0.0355921052631579,0.03248756218905473,0.0,0.0,0.1,0.597878875926741,10
0.07116564417177915,0.07153846153846154,0.012831858407079646,0.0349141744823925,0.031586021505376344,0.028355263157894738,0.024875621890547265,0.1,0.0,0.0,0.6247329548464688,11
0.07116564417177915,0.06538461538461539,0.013274336283185842,0.029870819324013448,0.024495967741935486,0.024342105263157894,0.026915422885572145,0.1,0.0,0.0,0.6445510889457406,9
0.07177914110429448,0.07076923076923078,0.012831858407079646,0.029959299239072732,0.02278225806451613,0.02197368421052632,0.029353233830845774,0.0,0.1,0.0,0.6405512943744341,10
0.07177914110429448,0.07153846153846154,0.014601769911504426,0.03132188993098567,0.027049731182795703,0.02138157894736842,0.027263681592039807,0.0,0.0,0.1,0.63506374579255,10
0.07177914110429448,0.06461538461538462,0.012831858407079646,0.02383648911697045,0.019455645161290322,0.017697368421052635,0.021890547263681594,0.0,0.1,0.0,0.6678935659102463,9
0.07177914110429448,0.07,0.011504424778761064,0.030985666253760397,0.027620967741935485,0.027171052631578946,0.02238805970149254,0.1,0.0,0.0,0.638550687788177,8
0.07239263803680983,0.07230769230769231,0.012831858407079646,0.0326844806228986,0.03054435483870968,0.022763157894736843,0.025273631840796024,0.0,0.0,0.1,0.6312021860512771,9
0.07239263803680983,0.07307692307692307,0.012389380530973453,0.03457795080516723,0.03108198924731183,0.026644736842105266,0.027363184079601994,0.0,0.0,0.1,0.6224731973811073,10
0.07300613496932516,0.07307692307692307,0.012389380530973453,0.03647142098743585,0.03309811827956989,0.02855263157894737,0.027661691542288563,0.0,0.0,0.1,0.6157436990345366,10
0.0736196319018405,0.07384615384615384,0.007964601769911504,0.03716156432489825,0.030712365591397853,0.03532894736842106,0.02786069651741294,0.0,0.0,0.1,0.613506038679964,8
0.0736196319018405,0.07615384615384616,0.016371681415929203,0.03944434613342771,0.03397177419354839,0.03467105263157895,0.03651741293532339,0.0,0.0,0.1,0.5892502546345058,11
0.0736196319018405,0.06923076923076923,0.012831858407079646,0.031038754202795966,0.029065860215053765,0.020394736842105264,0.023880597014925373,0.0,0.0,0.1,0.6399377921854302,9
0.0736196319018405,0.07846153846153846,0.016371681415929203,0.04547867634047071,0.04096102150537635,0.036118421052631584,0.03134328358208956,0.0,0.0,0.1,0.5776457457401236,9
0.07484662576687118,0.07384615384615384,0.016371681415929203,0.046239603609980535,0.04633736559139785,0.03835526315789474,0.028855721393034828,0.0,0.0,0.1,0.5751475852187379,10
0.07484662576687118,0.06923076923076923,0.011504424778761064,0.030879490355689262,0.026142473118279573,0.022565789473684213,0.027064676616915428,0.1,0.0,0.0,0.6377657506590301,11
0.07546012269938651,0.07076923076923078,0.013274336283185842,0.036329853123341,0.03316532258064516,0.026447368421052636,0.0273134328358209,0.1,0.0,0.0,0.6172403332873372,10
0.07607361963190186,0.07153846153846154,0.012389380530973453,0.041072376570518494,0.04035618279569893,0.02888157894736842,0.03054726368159204,0.1,0.0,0.0,0.5991411363034852,9
0.07607361963190186,0.07384615384615384,0.014601769911504426,0.03583436559900902,0.03578629032258065,0.05743421052631579,0.032238805970149255,0.1,0.0,0.0,0.5741847841923852,10
0.0766871165644172,0.07692307692307693,0.012389380530973453,0.03878959476198903,0.03659274193548387,0.028486842105263158,0.029353233830845774,0.0,0.0,0.1,0.6007780133479506,10
0.0766871165644172,0.07538461538461538,0.014601769911504426,0.042647319058573704,0.03477822580645161,0.04085526315789474,0.03447761194029851,0.0,0.0,0.1,0.5805680781762445,10
0.07730061349693253,0.0776923076923077,0.015486725663716814,0.04321359051495311,0.0372983870967742,0.03315789473684211,0.033830845771144286,0.0,0.0,0.1,0.5820196350273292,12
0.07730061349693253,0.07307692307692307,0.013716814159292037,0.03540966200672447,0.03037634408602151,0.03315789473684211,0.026368159203980102,0.1,0.0,0.0,0.6105935892332841,10
0.07730061349693253,0.07230769230769231,0.013274336283185842,0.04018757741992568,0.0362231182795699,0.030592105263157896,0.030995024875621894,0.0,0.0,0.1,0.599119532073914,12
0.07730061349693253,0.08076923076923077,0.017256637168141596,0.04648734737214652,0.03316532258064516,0.03375,0.046268656716417916,0.0,0.0,0.1,0.5650021918964855,10
0.07852760736196321,0.0776923076923077,0.013716814159292037,0.04231109538134844,0.0373991935483871,0.027763157894736844,0.03442786069651741,0.0,0.0,0.1,0.5881619632654472,11
0.07852760736196321,0.07461538461538461,0.013274336283185842,0.03886037869403646,0.03491263440860215,0.029210526315789475,0.03159203980099503,0.0,0.0,0.1,0.5990070925200432,10
0.07852760736196321,0.07615384615384616,0.015044247787610623,0.040311449301008676,0.036256720430107525,0.03710526315789474,0.028358208955223882,0.0,0.0,0.1,0.5882426568523451,10
0.07852760736196321,0.07615384615384616,0.015044247787610623,0.04340824632808352,0.03293010752688172,0.04960526315789474,0.028606965174129355,0.1,0.0,0.0,0.5757237165095906,11
0.07852760736196321,0.07923076923076923,0.007079646017699116,0.03687842859670855,0.034610215053763445,0.023092105263157893,0.017412935323383085,0.0,0.0,0.1,0.6231682931525555,10
0.07975460122699388,0.08,0.013716814159292037,0.04841620952043887,0.04156586021505377,0.03789473684210526,0.03631840796019901,0.0,0.0,0.1,0.5623333700759171,9
0.07975460122699388,0.07846153846153846,0.015486725663716814,0.05117678287028844,0.043581989247311825,0.0355921052631579,0.04477611940298508,0.0,0.0,0.1,0.5511701378640076,12
0.08098159509202456,0.0776923076923077,0.0168141592920354,0.04970801628030438,0.04203629032258065,0.04440789473684211,0.037263681592039806,0.1,0.0,0.0,0.5510960549918654,9
0.08098159509202456,0.08076923076923077,0.01769911504424779,0.051778446292691564,0.043850806451612906,0.03940789473684211,0.041990049751243784,0.1,0.0,0.0,0.5435228618621065,11
0.08282208588957057,0.08076923076923077,0.015044247787610623,0.060555653866572294,0.05621639784946237,0.04631578947368421,0.0472636815920398,0.1,0.0,0.0,0.5110129127718294,9
0.08588957055214724,0.08307692307692308,0.018141592920353982,0.061582020881259955,0.052990591397849465,0.049078947368421055,0.04840796019900498,0.0,0.0,0.1,0.5008323936040403,13
0.08650306748466259,0.08307692307692308,0.018141592920353982,0.06218368430366307,0.05554435483870968,0.05486842105263158,0.045870646766169164,0.1,0.0,0.0,0.4938113095568869,9
0.08711656441717792,0.08692307692307691,0.01769911504424779,0.0566625376039639,0.047446236559139786,0.04223684210526316,0.04477611940298508,0.0,0.0,0.1,0.5171395079441454,11
0.0883435582822086,0.08461538461538462,0.018141592920353982,0.07662360644133782,0.07429435483870968,0.06907894736842106,0.04019900497512439,0.0,0.0,0.1,0.4487035505584598,10
0.08895705521472394,0.08769230769230768,0.0168141592920354,0.08248097681826225,0.08420698924731182,0.0711842105263158,0.05174129353233831,0.0,0.0,0.1,0.41692300767670487,9
0.0294478527607362,0.026153846153846156,0.004424778761061948,0.0019288621482923378,0.0013776881720430109,0.002105263157894737,0.0015422885572139305,0.0,0.1,0.0,0.8330194202889116,5
0.031288343558282215,0.030000000000000002,0.004867256637168142,0.002565917536719165,0.0019153225806451614,0.002236842105263158,0.0020895522388059704,0.0,0.1,0.0,0.8250367653431161,4
0.033742331288343565,0.03076923076923077,0.004867256637168142,0.003273756857193417,0.002553763440860215,0.0027631578947368424,0.0025870646766169157,0.0,0.1,0.0,0.8194434384358502,4
0.039263803680981604,0.036153846153846154,0.007964601769911504,0.006476729782339409,0.006586021505376345,0.0044078947368421054,0.004179104477611941,0.0,0.1,0.0,0.7949679978930909,7
0.03987730061349694,0.03692307692307692,0.006637168141592921,0.0053972748186161745,0.004838709677419355,0.008486842105263159,0.00427860696517413,0.0,0.1,0.0,0.7935610207553604,6
0.04049079754601228,0.03461538461538462,0.006637168141592921,0.00661829764643426,0.006350806451612904,0.005197368421052632,0.004228855721393036,0.0,0.1,0.0,0.7958613214565173,7
0.0441717791411043,0.04153846153846154,0.007964601769911504,0.008210936117501328,0.008064516129032258,0.005723684210526316,0.005572139303482587,0.0,0.1,0.0,0.7787538817899802,8
0.04601226993865031,0.04076923076923077,0.0084070796460177,0.006936825340647674,0.0057123655913978505,0.005526315789473685,0.00582089552238806,0.0,0.1,0.0,0.780815017402194,5
0.04601226993865031,0.04384615384615384,0.007964601769911504,0.009007255353034862,0.00799731182795699,0.007828947368421053,0.006716417910447762,0.0,0.1,0.0,0.7706270419854236,6
0.04785276073619633,0.04461538461538461,0.007964601769911504,0.009290391081224562,0.007862903225806453,0.007105263157894737,0.007661691542288558,0.0,0.1,0.0,0.7676470038712933,7
0.05521472392638038,0.05153846153846154,0.009292035398230088,0.012811891700583968,0.01058467741935484,0.010460526315789474,0.010895522388059702,0.0,0.1,0.0,0.73920216131314,7
0.055828220858895716,0.05384615384615384,0.009292035398230088,0.015731728897540258,0.014314516129032258,0.014078947368421054,0.011094527363184082,0.0,0.1,0.0,0.7258138701385427,7
0.05644171779141106,0.05615384615384615,0.01017699115044248,0.018085294638117148,0.015893817204301077,0.015526315789473685,0.012238805970149255,0.0,0.1,0.0,0.7154832113022591,7
0.060736196319018415,0.057692307692307696,0.010619469026548672,0.02084586798796673,0.020665322580645164,0.015986842105263157,0.013980099502487565,0.0,0.1,0.0,0.6994738947857626,8
0.061349693251533756,0.05615384615384615,0.011504424778761064,0.021040523801097152,0.020766129032258066,0.014276315789473686,0.01527363184079602,0.0,0.0,0.1,0.699635435352234,9
0.061349693251533756,0.057692307692307696,0.010619469026548672,0.018722350026543978,0.015020161290322583,0.01618421052631579,0.01592039800995025,0.0,0.1,0.0,0.7044914101764772,8
0.06380368098159511,0.06153846153846154,0.009292035398230088,0.030861794372677404,0.030342741935483874,0.02125,0.01975124378109453,0.0,0.0,0.1,0.6631600419924575,9
0.06380368098159511,0.06076923076923077,0.012831858407079646,0.027251813838258716,0.02849462365591398,0.01868421052631579,0.01885572139303483,0.0,0.1,0.0,0.6693088604285712,7
0.06441717791411045,0.06615384615384615,0.011946902654867258,0.029853123341001594,0.029065860215053765,0.02368421052631579,0.018059701492537314,0.1,0.0,0.0,0.6568191777022677,9
0.06564417177914111,0.062307692307692314,0.012389380530973453,0.02895062820739692,0.027016129032258068,0.022565789473684213,0.018805970149253733,0.0,0.0,0.1,0.6623202385196002,7
0.06625766871165646,0.06461538461538462,0.012389380530973453,0.028437444700053088,0.025537634408602152,0.02375,0.020895522388059702,0.1,0.0,0.0,0.6581169646452705,9
0.06625766871165646,0.06384615384615384,0.013274336283185842,0.02872058042824279,0.026041666666666668,0.024671052631578948,0.020248756218905473,0.1,0.0,0.0,0.65693978521361,9
0.06993865030674848,0.06538461538461539,0.011504424778761064,0.02767651743054327,0.02483198924731183,0.022960526315789473,0.01955223880597015,0.1,0.0,0.0,0.6581510377302603,8
0.06993865030674848,0.06461538461538462,0.012389380530973453,0.03095027428773669,0.02795698924731183,0.021710526315789475,0.024875621890547265,0.0,0.0,0.1,0.6475631728055081,8
0.07116564417177915,0.06846153846153846,0.014159292035398232,0.03482569456733322,0.03293010752688172,0.026447368421052636,0.026865671641791048,0.0,0.0,0.1,0.6251446831742256,9
0.07116564417177915,0.06846153846153846,0.011946902654867258,0.03362236772252698,0.03252688172043011,0.02394736842105263,0.023134328358208958,0.1,0.0,0.0,0.6351949684895964,8
0.07239263803680983,0.07230769230769231,0.013716814159292037,0.041532472128826756,0.041969086021505383,0.03065789473684211,0.025820895522388063,0.0,0.0,0.1,0.6016025070866434,9
0.07239263803680983,0.07,0.013274336283185842,0.03454255883914351,0.03125000000000001,0.027039473684210526,0.02751243781094528,0.1,0.0,0.0,0.623988555345705,10
0.07239263803680983,0.07461538461538461,0.013716814159292037,0.03817023535657406,0.03047715053763441,0.03203947368421053,0.03084577114427861,0.0,0.0,0.1,0.6077425324658159,9
0.07300613496932516,0.06692307692307692,0.014159292035398232,0.03740930808706423,0.02859543010752688,0.02947368421052632,0.03084577114427861,0.0,0.0,0.1,0.6195873025228037,9
0.0736196319018405,0.07307692307692307,0.015486725663716814,0.03928508228632101,0.03430779569892473,0.03368421052631579,0.028358208955223882,0.0,0.0,0.1,0.6021814218907342,9
0.0736196319018405,0.06923076923076923,0.014159292035398232,0.04041762519907981,0.0362231182795699,0.02960526315789474,0.03054726368159204,0.0,0.0,0.1,0.6061970365138556,10
0.07423312883435584,0.07307692307692307,0.0168141592920354,0.03983365775968855,0.0396505376344086,0.0325,0.025870646766169157,0.0,0.0,0.1,0.5980209466364194,10
0.07607361963190186,0.07384615384615384,0.015044247787610623,0.03909042647319059,0.03595430107526882,0.03289473684210526,0.028557213930348258,0.1,0.0,0.0,0.5985393004134207,10
0.0766871165644172,0.07307692307692307,0.015486725663716814,0.047442930454786765,0.04408602150537635,0.03723684210526316,0.03353233830845772,0.0,0.0,0.1,0.5724511023210589,10
0.0766871165644172,0.07692307692307693,0.011504424778761064,0.038294107237657055,0.03887768817204301,0.026907894736842106,0.024875621890547265,0.0,0.0,0.1,0.6059300696966554,8
0.0766871165644172,0.07461538461538461,0.014159292035398232,0.044381525393735625,0.03971774193548387,0.034078947368421056,0.034676616915422884,0.1,0.0,0.0,0.5816833751717365,9
0.07730061349693253,0.07538461538461538,0.014601769911504426,0.042488055211466993,0.03864247311827957,0.03592105263157895,0.029253731343283584,0.0,0.0,0.1,0.5864076889023386,10
0.07730061349693253,0.07461538461538461,0.014159292035398232,0.04399221376747479,0.041868279569892475,0.03618421052631579,0.02985074626865672,0.0,0.0,0.1,0.5820292597199449,10
0.07791411042944786,0.07846153846153846,0.016371681415929203,0.04551406830649443,0.0353494623655914,0.03881578947368421,0.040845771144278606,0.1,0.0,0.0,0.5667275784030358,12
0.07914110429447854,0.07538461538461538,0.014159292035398232,0.04128472836666077,0.03316532258064516,0.04151315789473684,0.02975124378109453,0.1,0.0,0.0,0.5856005356623706,9
0.07914110429447854,0.07538461538461538,0.014159292035398232,0.04048840913112723,0.03370295698924731,0.038026315789473686,0.03174129353233831,0.1,0.0,0.0,0.5873560128433213,8
0.07975460122699388,0.08076923076923077,0.0168141592920354,0.049017872942841975,0.05964381720430108,0.040723684210526315,0.040298507462686574,0.1,0.0,0.0,0.532978126891384,11
0.08036809815950922,0.07923076923076923,0.013716814159292037,0.046328083525039816,0.03521505376344086,0.045526315789473686,0.03830845771144279,0.1,0.0,0.0,0.5613064076610323,11
0.08036809815950922,0.07923076923076923,0.015044247787610623,0.05404353211820916,0.0570228494623656,0.03467105263157895,0.03293532338308458,0.1,0.0,0.0,0.5466841272268727,11
0.08159509202453989,0.07923076923076923,0.0168141592920354,0.05798973632985313,0.05584677419354839,0.04703947368421053,0.03691542288557214,0.0,0.0,0.1,0.5245685723594713,11
0.08527607361963191,0.08307692307692308,0.017256637168141596,0.05984781454609804,0.05161290322580646,0.04776315789473684,0.0473134328358209,0.0,0.0,0.1,0.5078530576328412,11
0.0883435582822086,0.08692307692307691,0.01592920353982301,0.060838789594761994,0.05688844086021506,0.053552631578947366,0.038557213930348264,0.1,0.0,0.0,0.49896708529061873,11
0.0883435582822086,0.08461538461538462,0.01592920353982301,0.05379578835604318,0.04280913978494624,0.04276315789473684,0.04328358208955224,0.1,0.0,0.0,0.5284601854373052,10
0.0883435582822086,0.08692307692307691,0.015044247787610623,0.05708724119624845,0.04858870967741936,0.04282894736842106,0.04920398009950249,0.1,0.0,0.0,0.5119802386655125,12
0.09018404907975462,0.08769230769230768,0.018584070796460177,0.07911874004600956,0.07866263440860216,0.06092105263157895,0.052885572139303484,0.0,0.0,0.1,0.4319515732059833,10
0.09079754601226996,0.09153846153846154,0.0168141592920354,0.08223323305609627,0.07725134408602151,0.06730263157894736,0.050248756218905476,0.0,0.0,0.1,0.4238138682172625,11
0.03803680981595093,0.03538461538461539,0.0061946902654867264,0.004406299769952221,0.0033938172043010756,0.003486842105263158,0.0037810945273631844,0.0,0.1,0.0,0.8053158309270674,6
0.038650306748466264,0.036153846153846154,0.006637168141592921,0.0045478676340470715,0.0034274193548387098,0.00368421052631579,0.004029850746268657,0.0,0.1,0.0,0.8028693306946244,4
0.039263803680981604,0.031538461538461536,0.007079646017699116,0.006405945850291984,0.005913978494623656,0.004473684210526316,0.004925373134328359,0.0,0.1,0.0,0.8003991070730874,5
0.03987730061349694,0.038461538461538464,0.006637168141592921,0.00560962661475845,0.005040322580645161,0.004013157894736843,0.004527363184079603,0.0,0.1,0.0,0.7958335225091516,6
0.04110429447852762,0.04,0.007964601769911504,0.00695452132365953,0.0058803763440860215,0.005394736842105264,0.005572139303482587,0.0,0.1,0.0,0.7871293299382275,7
0.04539877300613498,0.04307692307692308,0.007522123893805311,0.007007609272695099,0.00540994623655914,0.005986842105263158,0.005771144278606966,0.0,0.1,0.0,0.7798266381300123,5
0.04539877300613498,0.04153846153846154,0.007964601769911504,0.006565209697398691,0.004704301075268818,0.005592105263157896,0.006467661691542289,0.0,0.1,0.0,0.7817688859581242,7
0.04601226993865031,0.04307692307692308,0.007522123893805311,0.007591576712086357,0.005745967741935485,0.006381578947368421,0.007164179104477612,0.0,0.1,0.0,0.7765053805847535,7
0.049079754601227,0.04846153846153846,0.007964601769911504,0.011484692974694745,0.010147849462365592,0.009605263157894737,0.008756218905472637,0.0,0.1,0.0,0.7545000806668953,8
0.05030674846625768,0.04692307692307692,0.0084070796460177,0.009290391081224562,0.006720430107526883,0.006776315789473684,0.008955223880597015,0.0,0.1,0.0,0.7626207341058255,6
0.05214723926380369,0.05230769230769231,0.008849557522123895,0.013130419394797381,0.010080645161290322,0.011381578947368421,0.011442786069651743,0.0,0.1,0.0,0.7406600813332722,8
0.05337423312883437,0.05153846153846154,0.0084070796460177,0.010546805875066359,0.007325268817204302,0.0076315789473684215,0.011442786069651743,0.0,0.1,0.0,0.7497337859773956,7
0.05460122699386504,0.047692307692307694,0.007964601769911504,0.01189170058396744,0.010450268817204301,0.011842105263157895,0.008507462686567166,0.0,0.1,0.0,0.747050326193019,7
0.05644171779141106,0.05538461538461538,0.012389380530973453,0.015820208812599542,0.01081989247311828,0.011447368421052631,0.01592039800995025,0.0,0.1,0.0,0.7217764185762794,9
0.05705521472392639,0.05384615384615384,0.009734513274336285,0.014457618120686603,0.011088709677419355,0.013421052631578946,0.013034825870646768,0.1,0.0,0.0,0.7273619118552518,8
0.057668711656441725,0.05923076923076923,0.011504424778761064,0.020775084055919307,0.01774193548387097,0.015394736842105265,0.017313432835820895,0.0,0.1,0.0,0.7003709051163115,8
0.058282208588957066,0.057692307692307696,0.009734513274336285,0.017483631215714033,0.014180107526881721,0.014342105263157896,0.01537313432835821,0.0,0.1,0.0,0.7129119921102871,8
0.060736196319018415,0.057692307692307696,0.010619469026548672,0.021730667138559548,0.01918682795698925,0.017960526315789475,0.01601990049751244,0.0,0.1,0.0,0.6960541050532745,8
0.061349693251533756,0.060000000000000005,0.011504424778761064,0.017961422757034152,0.014213709677419355,0.01368421052631579,0.01746268656716418,0.0,0.1,0.0,0.7038238524417717,9
0.061349693251533756,0.05692307692307692,0.010619469026548672,0.01927092549991152,0.016733870967741937,0.014013157894736842,0.015124378109452738,0.0,0.1,0.0,0.7059654283269976,8
0.06196319018404909,0.06538461538461539,0.011061946902654869,0.021642187223500267,0.01646505376344086,0.018092105263157895,0.019900497512437814,0.0,0.1,0.0,0.6854904037661438,9
0.06196319018404909,0.06153846153846154,0.011061946902654869,0.019837196956290923,0.01515456989247312,0.01888157894736842,0.016915422885572143,0.0,0.1,0.0,0.6946476326931299,8
0.06196319018404909,0.05615384615384615,0.01017699115044248,0.018439214298354274,0.016801075268817207,0.012631578947368423,0.01492537313432836,0.0,0.0,0.1,0.708908730862794,8
0.06257668711656443,0.06153846153846154,0.012831858407079646,0.020438860378694038,0.015524193548387098,0.01881578947368421,0.017611940298507465,0.0,0.1,0.0,0.6906622092386216,9
0.06257668711656443,0.06153846153846154,0.011061946902654869,0.02100513183507344,0.01606182795698925,0.017105263157894738,0.020298507462686566,0.0,0.1,0.0,0.6903521740296752,8
0.06380368098159511,0.06153846153846154,0.009734513274336285,0.021129003716156433,0.0197244623655914,0.015197368421052633,0.01592039800995025,0.0,0.1,0.0,0.6929521116928563,8
0.06380368098159511,0.07153846153846154,0.013274336283185842,0.03364006370553885,0.030645161290322583,0.026184210526315792,0.02537313432835821,0.0,0.0,0.1,0.6355409513462221,8
0.06503067484662578,0.05846153846153846,0.011061946902654869,0.02180145107060697,0.019623655913978494,0.01486842105263158,0.018407960199004977,0.0,0.1,0.0,0.6907443515529589,8
0.06503067484662578,0.062307692307692314,0.013274336283185842,0.029428419748717044,0.023655913978494623,0.024605263157894738,0.025124378109452738,0.0,0.0,0.1,0.6565733215679369,10
0.06564417177914111,0.06846153846153846,0.011061946902654869,0.030879490355689262,0.0280241935483871,0.026184210526315792,0.023880597014925373,0.1,0.0,0.0,0.6458638514113481,8
0.06625766871165646,0.06538461538461539,0.011504424778761064,0.02886214829233764,0.024697580645161293,0.017960526315789475,0.02447761194029851,0.0,0.1,0.0,0.6608554239313802,11
0.06625766871165646,0.06384615384615384,0.009734513274336285,0.02190762696867811,0.01851478494623656,0.019736842105263157,0.017562189054726368,0.0,0.1,0.0,0.6824402210929492,10
0.0668711656441718,0.06615384615384615,0.011504424778761064,0.02688019819500973,0.024059139784946237,0.02013157894736842,0.020447761194029853,0.0,0.1,0.0,0.6639518853018668,8
0.0668711656441718,0.06615384615384615,0.013274336283185842,0.026260838789594763,0.023689516129032258,0.020789473684210528,0.020696517412935326,0.0,0.1,0.0,0.6622643059030233,10
0.06748466257668713,0.06692307692307692,0.014601769911504426,0.02845514068306495,0.022849462365591402,0.025526315789473685,0.024278606965174133,0.0,0.1,0.0,0.6498809647854273,8
0.06748466257668713,0.06538461538461539,0.011504424778761064,0.02350026543974518,0.01811155913978495,0.02144736842105263,0.020895522388059702,0.0,0.1,0.0,0.6716715818712939,8
0.06748466257668713,0.06692307692307692,0.012389380530973453,0.0263670146876659,0.02331989247311828,0.022894736842105263,0.022537313432835823,0.1,0.0,0.0,0.6580839225335372,9
0.06871165644171781,0.06615384615384615,0.011504424778761064,0.025765351265262786,0.02254704301075269,0.01888157894736842,0.02164179104477612,0.0,0.1,0.0,0.664794308357515,8
0.06871165644171781,0.06692307692307692,0.011504424778761064,0.027499557600424704,0.023790322580645163,0.022763157894736843,0.022089552238805973,0.0,0.1,0.0,0.6567182515418315,9
0.07055214723926381,0.06538461538461539,0.013274336283185842,0.031021058219784108,0.030577956989247316,0.02368421052631579,0.02268656716417911,0.1,0.0,0.0,0.6428191081934086,8
0.07055214723926381,0.07,0.014159292035398232,0.03502035038046364,0.03326612903225807,0.02565789473684211,0.02447761194029851,0.0,0.1,0.0,0.6268665746354757,9
0.07055214723926381,0.06923076923076923,0.014601769911504426,0.03417094319589453,0.03346774193548387,0.025,0.022885572139303485,0.0,0.0,0.1,0.6300910563477806,8
0.07116564417177915,0.07153846153846154,0.013274336283185842,0.03208281720049549,0.02493279569892473,0.02585526315789474,0.028855721393034828,0.0,0.0,0.1,0.6322949605562237,8
0.07116564417177915,0.07076923076923078,0.013274336283185842,0.03712617235887453,0.03497983870967742,0.025460526315789475,0.030348258706467665,0.0,0.0,0.1,0.6168759926849952,10
0.07116564417177915,0.06923076923076923,0.015044247787610623,0.0343479030260131,0.03101478494623656,0.030526315789473686,0.02467661691542289,0.1,0.0,0.0,0.6239937181326948,9
0.07116564417177915,0.06923076923076923,0.013274336283185842,0.032560608741815614,0.026411290322580647,0.027894736842105264,0.02880597014925373,0.1,0.0,0.0,0.6306566442585105,9
0.07116564417177915,0.06846153846153846,0.013274336283185842,0.03371084763758627,0.028998655913978495,0.025592105263157895,0.028557213930348258,0.0,0.0,0.1,0.6302396583384257,11
0.07116564417177915,0.06769230769230769,0.011061946902654869,0.02780038931162626,0.02439516129032258,0.02572368421052632,0.019402985074626868,0.1,0.0,0.0,0.6527578813461563,11
0.07177914110429448,0.06923076923076923,0.011946902654867258,0.03026013095027429,0.025504032258064517,0.024605263157894738,0.025870646766169157,0.0,0.1,0.0,0.6408031138776663,9
0.07239263803680983,0.07692307692307693,0.013274336283185842,0.04041762519907981,0.032594086021505375,0.03486842105263158,0.034328358208955224,0.0,0.0,0.1,0.5952014582747553,9
0.07239263803680983,0.07076923076923078,0.011061946902654869,0.026720934347903028,0.022446236559139788,0.019736842105263157,0.023681592039800997,0.0,0.1,0.0,0.6531905792391975,9
0.07239263803680983,0.07307692307692307,0.012831858407079646,0.03448947089010795,0.03141801075268818,0.027236842105263157,0.02577114427860697,0.0,0.1,0.0,0.6227831124525212,10
0.07300613496932516,0.07230769230769231,0.013716814159292037,0.04252344717749071,0.03306451612903226,0.050855263157894744,0.026368159203980102,0.0,0.0,0.1,0.5881579728952927,10
0.07300613496932516,0.07076923076923078,0.015044247787610623,0.0399752256237834,0.038306451612903226,0.03361842105263158,0.026368159203980102,0.0,0.0,0.1,0.6029121289805351,10
0.0736196319018405,0.06846153846153846,0.011946902654867258,0.032578304724827464,0.029905913978494625,0.026776315789473683,0.025174129353233834,0.0,0.1,0.0,0.6315372631357241,9
0.0736196319018405,0.07384615384615384,0.015044247787610623,0.037373916121040525,0.030745967741935488,0.03203947368421053,0.031194029850746274,0.1,0.0,0.0,0.6061365790664622,10
0.0736196319018405,0.06923076923076923,0.017256637168141596,0.047425234471774914,0.04146505376344086,0.04282894736842106,0.035870646766169155,0.0,0.0,0.1,0.5723030793294427,10
0.0736196319018405,0.06923076923076923,0.013274336283185842,0.034064767297823394,0.02940188172043011,0.029276315789473685,0.027611940298507467,0.1,0.0,0.0,0.6235203574779697,9
0.0736196319018405,0.07153846153846154,0.014601769911504426,0.037073084409838974,0.03125000000000001,0.030855263157894736,0.03134328358208956,0.0,0.0,0.1,0.6097185054983703,11
0.07423312883435584,0.07615384615384616,0.015044247787610623,0.03863033091488232,0.02933467741935484,0.03572368421052632,0.03333333333333334,0.1,0.0,0.0,0.5975467513460906,13
0.07423312883435584,0.07538461538461538,0.01592920353982301,0.04130242434967263,0.030712365591397853,0.038157894736842106,0.037263681592039806,0.0,0.0,0.1,0.5870166859712533,9
0.07423312883435584,0.07384615384615384,0.013716814159292037,0.03537427004070076,0.02856182795698925,0.026118421052631582,0.02985074626865672,0.0,0.1,0.0,0.61829863784122,10
0.07484662576687118,0.06538461538461539,0.013716814159292037,0.03710847637586268,0.03407258064516129,0.02572368421052632,0.027263681592039807,0.0,0.1,0.0,0.6218835218656313,11
0.07484662576687118,0.07230769230769231,0.017256637168141596,0.04507166873119802,0.031518817204301074,0.043618421052631584,0.03960199004975125,0.1,0.0,0.0,0.5757781477194129,12
0.07484662576687118,0.07384615384615384,0.012389380530973453,0.03760396390019466,0.034677419354838715,0.02960526315789474,0.02900497512437811,0.0,0.0,0.1,0.6080262183186953,11
0.07484662576687118,0.07538461538461538,0.014159292035398232,0.04086002477437622,0.039415322580645167,0.03138157894736842,0.02900497512437811,0.0,0.1,0.0,0.5949475653863473,11
0.07546012269938651,0.07307692307692307,0.015486725663716814,0.042258007432312866,0.037567204301075276,0.034078947368421056,0.031492537313432836,0.1,0.0,0.0,0.5905795321447316,11
0.07546012269938651,0.07923076923076923,0.011946902654867258,0.039692089895593696,0.03662634408602151,0.030328947368421056,0.028855721393034828,0.1,0.0,0.0,0.5978591026719059,9
0.07546012269938651,0.07,0.013274336283185842,0.03303840028313573,0.02567204301075269,0.0325,0.026019900497512443,0.0,0.0,0.1,0.6240351972260267,10
0.07546012269938651,0.07615384615384616,0.014601769911504426,0.04239957529640771,0.036391129032258066,0.03769736842105263,0.031691542288557216,0.1,0.0,0.0,0.5856046461969873,10
0.07607361963190186,0.07307692307692307,0.013274336283185842,0.033781631569633694,0.030577956989247316,0.024539473684210528,0.027562189054726374,0.1,0.0,0.0,0.6211138697101714,9
0.07607361963190186,0.07307692307692307,0.017256637168141596,0.048079985843213595,0.03988575268817205,0.04427631578947369,0.037263681592039806,0.0,0.0,0.1,0.5640870842101343,10
0.0766871165644172,0.07615384615384616,0.015486725663716814,0.042735798973632985,0.035685483870967746,0.03697368421052632,0.03507462686567164,0.0,0.0,0.1,0.5812027176972211,11
0.0766871165644172,0.07923076923076923,0.014601769911504426,0.04307202265085826,0.044825268817204306,0.027171052631578946,0.030995024875621894,0.0,0.0,0.1,0.5834169753180458,10
0.0766871165644172,0.07692307692307693,0.014159292035398232,0.04307202265085826,0.0384744623655914,0.027236842105263157,0.035323383084577116,0.1,0.0,0.0,0.5881238042708178,11
0.0766871165644172,0.07538461538461538,0.012831858407079646,0.032560608741815614,0.029368279569892474,0.022828947368421053,0.02786069651741294,0.1,0.0,0.0,0.6224778774463456,10
0.0766871165644172,0.07538461538461538,0.010619469026548672,0.031021058219784108,0.030645161290322583,0.02368421052631579,0.023184079601990055,0.0,0.0,0.1,0.6287742893860062,10
0.07730061349693253,0.07384615384615384,0.014601769911504426,0.04464696513891347,0.03699596774193548,0.03644736842105264,0.03865671641791045,0.1,0.0,0.0,0.5775044450255972,10
0.07730061349693253,0.08153846153846155,0.01592920353982301,0.0452840205273403,0.04153225806451613,0.03368421052631579,0.03134328358208956,0.0,0.0,0.1,0.5733879487245211,9
0.07730061349693253,0.07461538461538461,0.016371681415929203,0.04130242434967263,0.03682795698924732,0.032697368421052635,0.033830845771144286,0.1,0.0,0.0,0.5870537249406368,10
0.07730061349693253,0.07846153846153846,0.015044247787610623,0.04206335161918244,0.03303091397849463,0.040328947368421054,0.03462686567164179,0.0,0.0,0.1,0.5791435216161784,7
0.07791411042944786,0.07461538461538461,0.0168141592920354,0.048717041231640425,0.04260752688172043,0.03796052631578947,0.04039800995024876,0.1,0.0,0.0,0.560973241283733,11
0.07791411042944786,0.08,0.015486725663716814,0.0457264201026367,0.04032258064516129,0.03539473684210527,0.03651741293532339,0.0,0.0,0.1,0.5686380133816087,11
0.07791411042944786,0.07461538461538461,0.01592920353982301,0.04174482392496903,0.03215725806451613,0.036513157894736845,0.035323383084577116,0.0,0.0,0.1,0.5858026784465453,10
0.07791411042944786,0.07692307692307693,0.0168141592920354,0.04565563617058928,0.03985215053763441,0.040065789473684214,0.03502487562189055,0.1,0.0,0.0,0.5677502015516414,8
0.07791411042944786,0.07923076923076923,0.014159292035398232,0.042735798973632985,0.03618951612903226,0.03710526315789474,0.034328358208955224,0.0,0.0,0.1,0.5783368918348695,11
0.07852760736196321,0.0776923076923077,0.01592920353982301,0.04590337993275526,0.0396505376344086,0.04111842105263158,0.03611940298507463,0.0,0.0,0.1,0.5650591398010361,11
0.07852760736196321,0.08846153846153845,0.015486725663716814,0.05161918244558485,0.042002688172043015,0.035,0.043731343283582094,0.0,0.0,0.1,0.5451709146115716,11
0.07914110429447854,0.07461538461538461,0.013274336283185842,0.04073615289329322,0.03988575268817205,0.030460526315789476,0.029154228855721394,0.1,0.0,0.0,0.5927325140539749,12
0.07914110429447854,0.08,0.015044247787610623,0.042364183330384005,0.0353494623655914,0.03848684210526316,0.031542288557213936,0.1,0.0,0.0,0.5780718715594584,11
0.07914110429447854,0.07615384615384616,0.0168141592920354,0.054468235710493716,0.041095430107526885,0.053684210526315786,0.04427860696517413,0.0,0.0,0.1,0.5343644069501294,12
0.07975460122699388,0.08,0.017256637168141596,0.05931693505574235,0.04657258064516129,0.05789473684210526,0.046766169154228855,0.0,0.0,0.1,0.5124383399076268,15
0.07975460122699388,0.08692307692307691,0.01769911504424779,0.058909927446469654,0.05060483870967742,0.04828947368421053,0.042786069651741296,0.1,0.0,0.0,0.5150328973135825,12
0.08036809815950922,0.07692307692307693,0.018141592920353982,0.054078924084232885,0.04176747311827957,0.04901315789473684,0.045124378109452745,0.1,0.0,0.0,0.5345832987903578,11
0.08036809815950922,0.07923076923076923,0.01769911504424779,0.05287559723942665,0.04875672043010753,0.04065789473684211,0.040298507462686574,0.1,0.0,0.0,0.5401132976964109,12
0.08098159509202456,0.08076923076923077,0.014159292035398232,0.04519554061228101,0.03343413978494624,0.041973684210526316,0.039203980099502496,0.1,0.0,0.0,0.5642825373960904,13
0.08098159509202456,0.08076923076923077,0.01592920353982301,0.056503273756857195,0.05218413978494624,0.052236842105263165,0.035870646766169155,0.1,0.0,0.0,0.5255250681856859,10
0.08159509202453989,0.07846153846153846,0.015486725663716814,0.04885860909573527,0.04536290322580646,0.03927631578947369,0.03233830845771145,0.1,0.0,0.0,0.5586205072814779,10
0.08220858895705524,0.07461538461538461,0.015486725663716814,0.044470005308794906,0.03598790322580645,0.04236842105263158,0.03840796019900498,0.0,0.1,0.0,0.5664550109776053,9
0.08220858895705524,0.08076923076923077,0.0168141592920354,0.05404353211820916,0.03867607526881721,0.04644736842105263,0.04378109452736319,0.1,0.0,0.0,0.5372599506462364,12
0.08220858895705524,0.08076923076923077,0.015044247787610623,0.049566448416209524,0.0480510752688172,0.03980263157894737,0.03850746268656717,0.0,0.0,0.1,0.5460503145355621,9
0.08220858895705524,0.08076923076923077,0.017256637168141596,0.05098212705715802,0.04432123655913978,0.03519736842105264,0.04228855721393035,0.0,0.0,0.1,0.5469762538542916,9
0.08220858895705524,0.08307692307692308,0.015486725663716814,0.0524508936471421,0.04966397849462366,0.03848684210526316,0.03631840796019901,0.0,0.0,0.1,0.5423076400950769,10
0.08343558282208591,0.07923076923076923,0.014159292035398232,0.04369138205627322,0.04153225806451613,0.03453947368421053,0.03233830845771145,0.0,0.0,0.1,0.5710729336490353,11
0.08343558282208591,0.0776923076923077,0.015044247787610623,0.0475491063528579,0.04415322580645162,0.03907894736842105,0.035323383084577116,0.1,0.0,0.0,0.5577231990856881,12
0.08404907975460124,0.0776923076923077,0.0168141592920354,0.05425588391435144,0.044825268817204306,0.053355263157894746,0.04079601990049751,0.0,0.0,0.1,0.5282120174711077,10
0.08466257668711658,0.07923076923076923,0.01592920353982301,0.06528048133073792,0.06596102150537635,0.061250000000000006,0.03393034825870647,0.0,0.0,0.1,0.4937555994474704,13
0.08773006134969326,0.08461538461538462,0.015486725663716814,0.06459033799327553,0.06303763440860215,0.050065789473684216,0.04378109452736319,0.0,0.0,0.1,0.4906929719682802,11
0.0883435582822086,0.08923076923076922,0.0168141592920354,0.0739161210405238,0.06690188172043011,0.06289473684210527,0.0527860696517413,0.0,0.0,0.1,0.4491127039401863,13
0.09018404907975462,0.09076923076923077,0.018141592920353982,0.07386303309148824,0.06108870967741936,0.06236842105263158,0.06218905472636817,0.0,0.0,0.1,0.44139590868275325,12
0.09141104294478529,0.08846153846153845,0.01769911504424779,0.06667846398867457,0.06411290322580646,0.04421052631578948,0.049253731343283584,0.0,0.0,0.1,0.47817267867587443,12
0.039263803680981604,0.03307692307692307,0.0084070796460177,0.010794549637232349,0.009408602150537636,0.008815789473684211,0.008805970149253732,0.0,0.1,0.0,0.7814272821853697,6
0.052760736196319026,0.05307692307692307,0.01017699115044248,0.01520084940718457,0.01424731182795699,0.014210526315789474,0.010845771144278609,0.0,0.1,0.0,0.7294808908811058,8
0.052760736196319026,0.050769230769230775,0.008849557522123895,0.015890992744646965,0.01706989247311828,0.010855263157894738,0.00965174129353234,0.0,0.1,0.0,0.734152585843134,6
0.05950920245398774,0.05615384615384615,0.013716814159292037,0.03641833303840028,0.028461021505376344,0.030065789473684212,0.031144278606965177,0.0,0.0,0.1,0.644530714608448,8
0.060122699386503074,0.054615384615384614,0.013716814159292037,0.03471951866926208,0.03125000000000001,0.026513157894736846,0.02492537313432836,0.0,0.0,0.1,0.654137052140493,8
0.061349693251533756,0.05692307692307692,0.01017699115044248,0.0203326844806229,0.02056451612903226,0.01473684210526316,0.014029850746268656,0.0,0.1,0.0,0.7018863452137598,7
0.06196319018404909,0.05846153846153846,0.011504424778761064,0.02452663245443284,0.02627688172043011,0.015723684210526317,0.015074626865671643,0.1,0.0,0.0,0.6864690213245905,8
0.06257668711656443,0.05692307692307692,0.018584070796460177,0.04186869580605203,0.03413978494623656,0.038421052631578946,0.03412935323383085,0.1,0.0,0.0,0.6133572785462,9
0.06441717791411045,0.06307692307692307,0.011946902654867258,0.027977349141744823,0.027318548387096773,0.026052631578947372,0.017611940298507465,0.1,0.0,0.0,0.6615985269478027,8
0.06564417177914111,0.06153846153846154,0.013274336283185842,0.04331976641302424,0.04153225806451613,0.03618421052631579,0.028606965174129355,0.1,0.0,0.0,0.609899830221226,10
0.06564417177914111,0.06153846153846154,0.011946902654867258,0.02742877366837728,0.024731182795698924,0.02736842105263158,0.020447761194029853,0.0,0.1,0.0,0.6608943253167925,8
0.06564417177914111,0.062307692307692314,0.015486725663716814,0.04496549283312688,0.03682795698924732,0.04296052631578948,0.03353233830845772,0.0,0.0,0.1,0.5982750958028283,13
0.06809815950920248,0.062307692307692314,0.0168141592920354,0.049761104229339936,0.041095430107526885,0.045000000000000005,0.03870646766169155,0.0,0.0,0.1,0.5782169868925114,10
0.06809815950920248,0.06538461538461539,0.013274336283185842,0.030897186338701116,0.03108198924731183,0.024276315789473684,0.01955223880597015,0.0,0.0,0.1,0.6474351586415396,9
0.06871165644171781,0.06538461538461539,0.011946902654867258,0.03332153601132543,0.03420698924731183,0.026513157894736846,0.01965174129353234,0.0,0.0,0.1,0.6402634010718931,9
0.07239263803680983,0.06769230769230769,0.012389380530973453,0.035639709785878604,0.03209005376344086,0.02769736842105263,0.0291044776119403,0.1,0.0,0.0,0.6229940641575966,9
0.07300613496932516,0.07461538461538461,0.013274336283185842,0.03834719518669262,0.03565188172043011,0.030394736842105266,0.027462686567164184,0.0,0.0,0.1,0.6072476438157123,8
0.07300613496932516,0.06615384615384615,0.014601769911504426,0.03484339055034508,0.030409946236559144,0.027236842105263157,0.02711442786069652,0.0,0.1,0.0,0.6266336422124604,8
0.07300613496932516,0.06615384615384615,0.018584070796460177,0.05395505220314989,0.043884408602150544,0.052105263157894745,0.04079601990049751,0.1,0.0,0.0,0.5515152042166758,11
0.07484662576687118,0.07307692307692307,0.015486725663716814,0.036241373208281726,0.027486559139784945,0.034342105263157896,0.03203980099502488,0.0,0.0,0.1,0.6064798868862394,9
0.07484662576687118,0.07461538461538461,0.015044247787610623,0.04533710847637586,0.040120967741935486,0.03993421052631579,0.032835820895522394,0.0,0.0,0.1,0.577265634189984,9
0.07607361963190186,0.07692307692307693,0.015044247787610623,0.040629976995222084,0.03679435483870968,0.02894736842105263,0.032985074626865674,0.1,0.0,0.0,0.5926022807755605,10
0.0766871165644172,0.07538461538461538,0.009734513274336285,0.04020527340293753,0.035383064516129034,0.02519736842105263,0.0291044776119403,0.1,0.0,0.0,0.6083035708245716,9
0.07791411042944786,0.07846153846153846,0.015044247787610623,0.04330207043001239,0.035752688172043016,0.03565789473684211,0.03522388059701493,0.1,0.0,0.0,0.5786435693854907,9
0.07791411042944786,0.08076923076923077,0.01592920353982301,0.048469297469474426,0.04260752688172043,0.041842105263157896,0.03611940298507463,0.1,0.0,0.0,0.556349122662071,11
0.07852760736196321,0.07461538461538461,0.014159292035398232,0.035604317819854896,0.030645161290322583,0.02953947368421053,0.0282089552238806,0.0,0.0,0.1,0.6086998079689854,9
0.07852760736196321,0.07615384615384616,0.014601769911504426,0.04625729959299239,0.04556451612903226,0.038421052631578946,0.026467661691542292,0.0,0.0,0.1,0.5740062465275403,11
0.07914110429447854,0.0776923076923077,0.016371681415929203,0.051778446292691564,0.03978494623655914,0.051381578947368424,0.04139303482587065,0.0,0.0,0.1,0.5424569002947948,10
0.08036809815950922,0.0776923076923077,0.015486725663716814,0.045673332153601136,0.04170026881720431,0.03901315789473684,0.032437810945273635,0.1,0.0,0.0,0.5676282986736503,10
0.08220858895705524,0.07923076923076923,0.015044247787610623,0.050486639532826054,0.04438844086021505,0.04467105263157895,0.03681592039800995,0.1,0.0,0.0,0.5471543406019349,11
0.08343558282208591,0.08307692307692308,0.018584070796460177,0.06329853123341002,0.056081989247311836,0.053684210526315786,0.04348258706467662,0.0,0.0,0.1,0.4983561052328166,13
0.08588957055214724,0.08384615384615385,0.016371681415929203,0.05710493717926031,0.05040322580645162,0.0530921052631579,0.03666666666666667,0.0,0.0,0.1,0.5166256592702332,11
0.08957055214723927,0.09,0.019911504424778764,0.078941780215891,0.08329973118279571,0.05552631578947369,0.05601990049751244,0.0,0.0,0.1,0.42673021574230907,14
0.09202453987730062,0.09461538461538462,0.018141592920353982,0.08010971509467352,0.0551747311827957,0.05565789473684211,0.07223880597014926,0.1,0.0,0.0,0.4320373356025001,12
0.031288343558282215,0.02846153846153846,0.005752212389380532,0.0026190054857547335,0.002049731182795699,0.0021710526315789477,0.0019900497512437814,0.0,0.1,0.0,0.8256680665394256,4
0.04601226993865031,0.04,0.007079646017699116,0.007343832949920368,0.006048387096774193,0.005460526315789474,0.006965174129353235,0.0,0.1,0.0,0.7810901635518133,6
0.04601226993865031,0.04384615384615384,0.007964601769911504,0.00838789594761989,0.007123655913978495,0.005197368421052632,0.007960199004975126,0.0,0.1,0.0,0.7735078551576582,8
0.04785276073619633,0.04615384615384615,0.008849557522123895,0.009431958945319414,0.0074260752688172045,0.0077631578947368425,0.008358208955223882,0.0,0.1,0.0,0.7641644345237363,7
0.04785276073619633,0.04307692307692308,0.007964601769911504,0.007609272695098213,0.005678763440860215,0.004473684210526316,0.007860696517412936,0.0,0.1,0.0,0.7754832975530714,8
0.04846625766871167,0.04615384615384615,0.007964601769911504,0.008954167403999293,0.007762096774193549,0.006578947368421053,0.00746268656716418,0.0,0.1,0.0,0.7666573962937526,6
0.05153374233128835,0.04923076923076923,0.009734513274336285,0.010936117501327199,0.007728494623655915,0.008486842105263159,0.009402985074626866,0.0,0.1,0.0,0.7529465358587331,6
0.05337423312883437,0.05153846153846154,0.009292035398230088,0.01251105998938241,0.010483870967741936,0.006578947368421053,0.01129353233830846,0.0,0.1,0.0,0.7449278592706201,7
0.05337423312883437,0.05,0.009292035398230088,0.011856308617943729,0.009139784946236561,0.008552631578947369,0.011442786069651743,0.0,0.1,0.0,0.7463422202601562,8
0.0539877300613497,0.04923076923076923,0.009292035398230088,0.01371438683418864,0.011794354838709678,0.009736842105263158,0.011940298507462687,0.0,0.1,0.0,0.7403035830240268,9
0.05521472392638038,0.050769230769230775,0.01017699115044248,0.012918067598655105,0.009408602150537636,0.010855263157894738,0.01238805970149254,0.0,0.1,0.0,0.7382690615453664,8
0.05521472392638038,0.05230769230769231,0.011061946902654869,0.014316050256591755,0.01149193548387097,0.009210526315789475,0.01338308457711443,0.0,0.1,0.0,0.7330140402299058,8
0.055828220858895716,0.054615384615384614,0.009292035398230088,0.013165811360821095,0.009274193548387098,0.01006578947368421,0.013432835820895524,0.0,0.1,0.0,0.7343257289237016,9
0.05644171779141106,0.05692307692307692,0.009734513274336285,0.014032914528402054,0.009979838709677419,0.011250000000000001,0.014477611940298509,0.0,0.1,0.0,0.7271603268327977,8
0.057668711656441725,0.057692307692307696,0.011061946902654869,0.018492302247389843,0.015221774193548388,0.01368421052631579,0.016119402985074627,0.0,0.1,0.0,0.710059343796267,8
0.058282208588957066,0.057692307692307696,0.009734513274336285,0.016138736506812953,0.012231182795698925,0.013026315789473686,0.01592039800995025,0.0,0.1,0.0,0.7169743373424631,9
0.060736196319018415,0.050769230769230775,0.008849557522123895,0.015572465050433552,0.011895161290322582,0.0125,0.01492537313432836,0.0,0.1,0.0,0.7247520159145424,7
0.060736196319018415,0.057692307692307696,0.01017699115044248,0.017943726774022298,0.016196236559139786,0.013552631578947368,0.01492537313432836,0.0,0.1,0.0,0.7087765367917935,8
0.061349693251533756,0.05846153846153846,0.011946902654867258,0.018704654043532117,0.015188172043010754,0.01618421052631579,0.020796019900497512,0.0,0.1,0.0,0.6973688091187044,8
0.06319018404907976,0.05923076923076923,0.011061946902654869,0.020244204565563615,0.01592741935483871,0.01888157894736842,0.016417910447761197,0.0,0.1,0.0,0.6950459865019643,7
0.06380368098159511,0.06307692307692307,0.012389380530973453,0.023447177490709608,0.0186491935483871,0.020460526315789474,0.019502487562189058,0.0,0.1,0.0,0.6786706304934331,11
0.06380368098159511,0.06076923076923077,0.01017699115044248,0.02281012210228278,0.021202956989247315,0.01638157894736842,0.018507462686567167,0.0,0.1,0.0,0.6863479763732659,11
0.06441717791411045,0.06153846153846154,0.009734513274336285,0.022208458679879667,0.02026209677419355,0.016578947368421054,0.01791044776119403,0.0,0.1,0.0,0.6873498966894034,8
0.06564417177914111,0.06461538461538462,0.012831858407079646,0.024367368607326138,0.01834677419354839,0.01993421052631579,0.023582089552238807,0.0,0.1,0.0,0.6706781423189655,9
0.06564417177914111,0.06307692307692307,0.010619469026548672,0.024190408777207576,0.021001344086021508,0.021776315789473685,0.01582089552238806,0.0,0.0,0.1,0.6778704719422963,8
0.06625766871165646,0.06461538461538462,0.0168141592920354,0.024261192709255,0.019690860215053764,0.02144736842105263,0.037810945273631845,0.0,0.0,0.1,0.6491024207619303,10
0.06748466257668713,0.062307692307692314,0.013274336283185842,0.023907273049017873,0.02026209677419355,0.019276315789473683,0.020895522388059702,0.0,0.1,0.0,0.6725921008316899,10
0.06748466257668713,0.06846153846153846,0.012831858407079646,0.02771190939656698,0.020463709677419357,0.020657894736842108,0.026368159203980102,0.0,0.1,0.0,0.6560202675398862,11
0.06871165644171781,0.06923076923076923,0.012831858407079646,0.031640417625199084,0.026108870967741938,0.02756578947368421,0.026268656716417916,0.0,0.0,0.1,0.6376419811373901,9
0.06932515337423313,0.06769230769230769,0.011946902654867258,0.027181029906211292,0.022211021505376346,0.01822368421052632,0.024626865671641792,0.0,0.1,0.0,0.6587930349848361,9
0.06993865030674848,0.06923076923076923,0.012831858407079646,0.03362236772252698,0.026915322580645166,0.02940789473684211,0.028308457711442785,0.0,0.0,0.1,0.6297446793039456,10
0.06993865030674848,0.07230769230769231,0.012389380530973453,0.03082640240665369,0.025873655913978496,0.027763157894736844,0.02303482587064677,0.1,0.0,0.0,0.63786623476857,10
0.07055214723926381,0.07230769230769231,0.013274336283185842,0.0346310387542028,0.030275537634408604,0.02578947368421053,0.027462686567164184,0.0,0.0,0.1,0.6257070875298719,9
0.07055214723926381,0.06615384615384615,0.011504424778761064,0.02627853477260662,0.019455645161290322,0.026381578947368423,0.021890547263681594,0.0,0.1,0.0,0.6577832756831821,8
0.07055214723926381,0.06846153846153846,0.012389380530973453,0.026083878959476198,0.021841397849462367,0.01848684210526316,0.023582089552238807,0.0,0.0,0.1,0.6586027253017837,10
0.07055214723926381,0.06846153846153846,0.014159292035398232,0.032472128826756326,0.030241935483870972,0.025460526315789475,0.023880597014925373,0.0,0.1,0.0,0.6347718346224573,9
0.07116564417177915,0.06692307692307692,0.013716814159292037,0.031091842151831535,0.02856182795698925,0.02217105263157895,0.024129353233830846,0.1,0.0,0.0,0.6422403887716213,10
0.07177914110429448,0.06923076923076923,0.015486725663716814,0.03990444169173597,0.03309811827956989,0.034473684210526316,0.03333333333333334,0.0,0.0,0.1,0.602693786486054,11
0.07239263803680983,0.06692307692307692,0.014601769911504426,0.03456025482215537,0.030409946236559144,0.03151315789473684,0.023383084577114428,0.0,0.0,0.1,0.626216071598043,9
0.07239263803680983,0.07230769230769231,0.012831858407079646,0.03447177490709609,0.030443548387096776,0.03105263157894737,0.028756218905472638,0.0,0.1,0.0,0.6177436374698053,8
0.07239263803680983,0.062307692307692314,0.013274336283185842,0.030189347018226863,0.021908602150537637,0.03440789473684211,0.02437810945273632,0.0,0.0,0.1,0.6411413800139691,9
0.07300613496932516,0.07230769230769231,0.015486725663716814,0.035073438329499204,0.02567204301075269,0.03151315789473684,0.04975124378109453,0.0,0.0,0.1,0.5971895640431825,12
0.07300613496932516,0.07384615384615384,0.012389380530973453,0.032295168996637764,0.02752016129032258,0.024013157894736844,0.028756218905472638,0.0,0.0,0.1,0.6281736235663777,9
0.07300613496932516,0.07076923076923078,0.014159292035398232,0.03259600070783932,0.026915322580645166,0.026644736842105266,0.028606965174129355,0.1,0.0,0.0,0.6273023169213268,9
0.0736196319018405,0.06923076923076923,0.012389380530973453,0.030755618474606266,0.023017473118279574,0.02565789473684211,0.028955223880597018,0.1,0.0,0.0,0.6363740081260919,11
0.0736196319018405,0.06923076923076923,0.013274336283185842,0.030667138559546985,0.02483198924731183,0.02572368421052632,0.02537313432835821,0.0,0.0,0.1,0.6372793162384611,12
0.07484662576687118,0.07615384615384616,0.014159292035398232,0.03854185099982304,0.031518817204301074,0.026052631578947372,0.038208955223880604,0.1,0.0,0.0,0.6005179810369323,11
0.07546012269938651,0.07461538461538461,0.019026548672566375,0.034029375331799686,0.028360215053763443,0.023157894736842106,0.028855721393034828,0.0,0.0,0.1,0.6164947374972224,11
0.07546012269938651,0.07538461538461538,0.015044247787610623,0.04052380109715095,0.03303091397849463,0.02736842105263158,0.03412935323383085,0.0,0.0,0.1,0.5990585247662794,13
0.07607361963190186,0.07307692307692307,0.014159292035398232,0.032100513183507345,0.02493279569892473,0.02197368421052632,0.030597014925373138,0.0,0.1,0.0,0.6270861572374453,11
0.0766871165644172,0.07923076923076923,0.013716814159292037,0.04117855246858963,0.03276209677419355,0.034078947368421056,0.035323383084577116,0.1,0.0,0.0,0.5870223203497402,11
0.07730061349693253,0.07923076923076923,0.015486725663716814,0.04231109538134844,0.03306451612903226,0.0325,0.03681592039800995,0.0,0.0,0.1,0.5832903597001908,11
0.07730061349693253,0.07615384615384616,0.01592920353982301,0.04636347549106353,0.03326612903225807,0.03881578947368421,0.04671641791044776,0.0,0.0,0.1,0.5654545249019447,10
0.07791411042944786,0.0776923076923077,0.014601769911504426,0.04427534949566448,0.03877688172043011,0.029868421052631582,0.03805970149253732,0.1,0.0,0.0,0.5788114582054765,11
0.07791411042944786,0.07538461538461538,0.013716814159292037,0.04052380109715095,0.03209005376344086,0.03993421052631579,0.03139303482587065,0.1,0.0,0.0,0.5890433598138665,9
0.07791411042944786,0.07692307692307693,0.01592920353982301,0.04084232879136436,0.029603494623655916,0.030460526315789476,0.03850746268656717,0.0,0.0,0.1,0.5898197966902753,9
0.07852760736196321,0.07461538461538461,0.012831858407079646,0.04011679348787825,0.03713037634408602,0.032960526315789475,0.030000000000000002,0.1,0.0,0.0,0.5938174534678188,11
0.07852760736196321,0.07692307692307693,0.013274336283185842,0.04252344717749071,0.037567204301075276,0.030394736842105266,0.03338308457711443,0.1,0.0,0.0,0.5874065065339884,9
0.07975460122699388,0.0776923076923077,0.015044247787610623,0.055193771013979834,0.04670698924731183,0.04625,0.03930348258706468,0.0,0.0,0.1,0.5400546004447314,11
0.07975460122699388,0.07846153846153846,0.015486725663716814,0.046593523270217665,0.042641129032258064,0.03427631578947369,0.03621890547263682,0.0,0.0,0.1,0.5665672610831646,12
0.08036809815950922,0.08307692307692308,0.014601769911504426,0.049654928331268805,0.04674059139784947,0.03138157894736842,0.041791044776119404,0.0,0.0,0.1,0.5523850653994572,11
0.08036809815950922,0.07538461538461538,0.014159292035398232,0.04261192709254999,0.03665994623655914,0.03440789473684211,0.032089552238805975,0.1,0.0,0.0,0.5843186741157199,9
0.08036809815950922,0.07,0.015044247787610623,0.04563794018757743,0.0394489247311828,0.04164473684210526,0.033980099502487565,0.1,0.0,0.0,0.5738759527895271,11
0.08098159509202456,0.08153846153846155,0.01592920353982301,0.053707308440983904,0.05218413978494624,0.03973684210526316,0.039900497512437814,0.1,0.0,0.0,0.5360219519860597,10
0.08159509202453989,0.08076923076923077,0.013716814159292037,0.04804459387718988,0.03578629032258065,0.040065789473684214,0.0446268656716418,0.0,0.0,0.1,0.5553953237018407,10
0.08282208588957057,0.08,0.012831858407079646,0.04829233763935587,0.037432795698924735,0.04480263157894737,0.03830845771144279,0.0,0.0,0.1,0.5555098330746789,11
0.08343558282208591,0.08,0.016371681415929203,0.05287559723942665,0.04133064516129033,0.05177631578947369,0.04039800995024876,0.1,0.0,0.0,0.5338121676215455,11
0.08343558282208591,0.08615384615384616,0.017256637168141596,0.058892231463457796,0.038978494623655914,0.05072368421052632,0.05422885572139304,0.1,0.0,0.0,0.5103306678368933,11
0.08404907975460124,0.07846153846153846,0.014601769911504426,0.05468058750663599,0.04610215053763442,0.04967105263157895,0.04034825870646767,0.0,0.0,0.1,0.5320855624900388,10
0.08527607361963191,0.08230769230769232,0.01769911504424779,0.056113962130596357,0.044825268817204306,0.04394736842105264,0.04686567164179105,0.1,0.0,0.0,0.5229648480177836,11
0.08588957055214724,0.08538461538461539,0.01946902654867257,0.05896301539550522,0.04348118279569893,0.05638157894736842,0.045273631840796025,0.1,0.0,0.0,0.5051573785351963,11
0.08711656441717792,0.08615384615384616,0.015486725663716814,0.061015749424880555,0.03803763440860215,0.06019736842105264,0.04601990049751244,0.0,0.0,0.1,0.5059722110132113,13
0.08957055214723927,0.08461538461538462,0.018141592920353982,0.06752787117324367,0.036391129032258066,0.04690789473684211,0.05935323383084578,0.1,0.0,0.0,0.4974923415438325,14
0.09263803680981597,0.08846153846153845,0.01769911504424779,0.07336754556715626,0.06811155913978495,0.061250000000000006,0.04776119402985075,0.1,0.0,0.0,0.4507110109476058,11
0.02760736196319019,0.026153846153846156,0.004424778761061948,0.0018226862502211997,0.0012768817204301076,0.0015789473684210528,0.0016915422885572142,0.0,0.1,0.0,0.8354439554942721,4
0.02822085889570553,0.026153846153846156,0.004424778761061948,0.002017342063351619,0.0017473118279569893,0.0017105263157894738,0.001592039800995025,0.0,0.1,0.0,0.8341332961812933,5
0.031288343558282215,0.02846153846153846,0.005309734513274336,0.003273756857193417,0.002620967741935484,0.0027631578947368424,0.0024875621890547268,0.0,0.1,0.0,0.8237949387839845,6
0.04355828220858896,0.04153846153846154,0.006637168141592921,0.007219961068837374,0.020463709677419357,0.0060526315789473685,0.005920398009950249,0.0,0.1,0.0,0.7686093877762022,7
0.05214723926380369,0.047692307692307694,0.0084070796460177,0.01088302955229163,0.009341397849462366,0.009802631578947368,0.009253731343283583,0.0,0.1,0.0,0.752472583073886,7
0.05214723926380369,0.04923076923076923,0.007522123893805311,0.009272695098212706,0.0082997311827957,0.008815789473684211,0.007213930348258707,0.0,0.1,0.0,0.7574977215086705,8
0.055828220858895716,0.05384615384615384,0.009734513274336285,0.01620952043886038,0.013440860215053765,0.014605263157894737,0.012985074626865673,0.0,0.0,0.1,0.7233503935819396,8
0.05644171779141106,0.054615384615384614,0.012389380530973453,0.017377455317642895,0.013911290322580646,0.015131578947368423,0.017313432835820895,0.0,0.0,0.1,0.712819759638818,10
0.060736196319018415,0.05846153846153846,0.010619469026548672,0.01677579189523978,0.013239247311827958,0.014013157894736842,0.01537313432835821,0.0,0.0,0.1,0.7107814647627316,10
0.06257668711656443,0.06076923076923077,0.011061946902654869,0.020545036276765176,0.016397849462365593,0.01756578947368421,0.018706467661691543,0.0,0.0,0.1,0.6923769923370434,11
0.06380368098159511,0.06615384615384615,0.013274336283185842,0.025765351265262786,0.020295698924731185,0.020723684210526318,0.023383084577114428,0.1,0.0,0.0,0.6666003176037382,11
0.06441717791411045,0.06153846153846154,0.011504424778761064,0.022013802866749248,0.017842741935483873,0.019342105263157893,0.018308457711442787,0.0,0.0,0.1,0.6850328279918332,9
0.06503067484662578,0.06384615384615384,0.010619469026548672,0.024986728012741106,0.02254704301075269,0.021513157894736845,0.01338308457711443,0.0,0.0,0.1,0.6780736887853267,9
0.06503067484662578,0.06076923076923077,0.01017699115044248,0.020120332684480623,0.016733870967741937,0.018092105263157895,0.01601990049751244,0.1,0.0,0.0,0.693056893820808,9
0.0668711656441718,0.06692307692307692,0.012831858407079646,0.033215360113254294,0.02476478494623656,0.01638157894736842,0.034328358208955224,0.0,0.0,0.1,0.6446838168098571,11
0.06748466257668713,0.06615384615384615,0.013274336283185842,0.023181737745531766,0.017708333333333336,0.01605263157894737,0.021990049751243784,0.1,0.0,0.0,0.6741544025772246,8
0.07055214723926381,0.07384615384615384,0.013274336283185842,0.033498495841443994,0.029267473118279572,0.03427631578947369,0.02492537313432836,0.0,0.0,0.1,0.6203597047478709,9
0.07116564417177915,0.06615384615384615,0.011061946902654869,0.03225977703061405,0.029973118279569895,0.02730263157894737,0.012039800995024877,0.0,0.0,0.1,0.6500432348875637,10
0.07300613496932516,0.07,0.012831858407079646,0.03333923199433728,0.028897849462365593,0.02394736842105263,0.027562189054726374,0.0,0.0,0.1,0.6304153676911133,11
0.0736196319018405,0.07153846153846154,0.01592920353982301,0.04222261546628916,0.034576612903225806,0.041447368421052636,0.03039800995024876,0.0,0.0,0.1,0.5902680962790586,8
0.07914110429447854,0.07692307692307693,0.01592920353982301,0.05170766236064414,0.040221774193548394,0.03190789473684211,0.043681592039801,0.0,0.0,0.1,0.5604876919117858,11
0.08098159509202456,0.08076923076923077,0.01769911504424779,0.052698637409308094,0.04075940860215054,0.04993421052631579,0.0418905472636816,0.0,0.0,0.1,0.5352672552930409,10
0.03558282208588957,0.03307692307692307,0.005309734513274336,0.003946204211643957,0.0035618279569892474,0.0024342105263157896,0.00318407960199005,0.0,0.1,0.0,0.812904198026974,5
0.03680981595092025,0.033846153846153845,0.005752212389380532,0.004370907803928508,0.0039650537634408605,0.0034210526315789475,0.0031343283582089556,0.0,0.1,0.0,0.8087004752563881,5
0.04539877300613498,0.04230769230769231,0.008849557522123895,0.009962838435675102,0.010114247311827957,0.006644736842105264,0.006766169154228857,0.0,0.1,0.0,0.7699559854202116,5
0.04601226993865031,0.04384615384615384,0.007079646017699116,0.007998584321359052,0.00655241935483871,0.005263157894736843,0.007213930348258707,0.0,0.1,0.0,0.7760338382783034,7
0.04662576687116565,0.04461538461538461,0.007522123893805311,0.008087064236418334,0.005913978494623656,0.006118421052631579,0.00746268656716418,0.0,0.1,0.0,0.7736545742688067,7
0.04846625766871167,0.04615384615384615,0.010619469026548672,0.010599893824101928,0.008501344086021507,0.008947368421052633,0.00890547263681592,0.0,0.1,0.0,0.7578063481829015,8
0.05030674846625768,0.05,0.009292035398230088,0.012776499734560255,0.010786290322580647,0.00875,0.010248756218905473,0.0,0.1,0.0,0.7478396698594658,8
0.05092024539877301,0.04923076923076923,0.01017699115044248,0.010776853654220491,0.008165322580645161,0.009671052631578947,0.009353233830845771,0.0,0.1,0.0,0.7517055315227249,7
0.05214723926380369,0.05,0.009292035398230088,0.014068306494425767,0.01219758064516129,0.010657894736842106,0.011691542288557214,0.0,0.1,0.0,0.7399454011729798,7
0.0539877300613497,0.05230769230769231,0.008849557522123895,0.013413555122987083,0.011592741935483871,0.010723684210526316,0.010049751243781097,0.0,0.1,0.0,0.7390752875960557,7
0.0539877300613497,0.05230769230769231,0.010619469026548672,0.017678287028844452,0.019926075268817206,0.01243421052631579,0.011791044776119404,0.0,0.1,0.0,0.7212554910043125,6
0.05705521472392639,0.062307692307692314,0.011946902654867258,0.02751725358343656,0.029301075268817207,0.022565789473684213,0.014477611940298509,0.0,0.0,0.1,0.6748284600472776,10
0.057668711656441725,0.05538461538461538,0.008849557522123895,0.016651920014156787,0.010987903225806452,0.011710526315789473,0.013781094527363187,0.1,0.0,0.0,0.7249656713537032,8
0.06257668711656443,0.06384615384615384,0.012831858407079646,0.026579366483808178,0.02214381720430108,0.024144736842105264,0.02019900497512438,0.0,0.0,0.1,0.6676783751248632,8
0.06441717791411045,0.06153846153846154,0.011946902654867258,0.02526986374093081,0.021370967741935486,0.01815789473684211,0.020696517412935326,0.1,0.0,0.0,0.6766022142599171,10
0.06441717791411045,0.06153846153846154,0.011504424778761064,0.024756680233586976,0.020934139784946237,0.017236842105263158,0.022189054726368163,0.1,0.0,0.0,0.6774232189185023,9
0.06748466257668713,0.06538461538461539,0.012389380530973453,0.03369315165457441,0.03289650537634409,0.025592105263157895,0.02174129353233831,0.1,0.0,0.0,0.6408182856813093,7
0.06871165644171781,0.06461538461538462,0.013274336283185842,0.030985666253760397,0.02956989247311828,0.02585526315789474,0.02303482587064677,0.0,0.0,0.1,0.6439529749042916,8
0.07055214723926381,0.06923076923076923,0.011946902654867258,0.03261369669085118,0.023790322580645163,0.0275,0.023532338308457714,0.0,0.0,0.1,0.6408338232951456,9
0.07055214723926381,0.06923076923076923,0.011946902654867258,0.029322243850645906,0.024327956989247314,0.021776315789473685,0.023482587064676617,0.1,0.0,0.0,0.6493610771810562,10
0.07177914110429448,0.07076923076923078,0.013274336283185842,0.04268271102459742,0.039045698924731184,0.028421052631578948,0.03213930348258707,0.0,0.0,0.1,0.6018885257797942,10
0.07546012269938651,0.07615384615384616,0.013716814159292037,0.04553176428950628,0.029233870967741937,0.038552631578947366,0.032288557213930355,0.0,0.0,0.1,0.5890623929373493,11
0.07607361963190186,0.07461538461538461,0.013716814159292037,0.04227570341532472,0.03430779569892473,0.03565789473684211,0.03502487562189055,0.1,0.0,0.0,0.5883279121204393,9
0.07730061349693253,0.07615384615384616,0.0168141592920354,0.041249336400637056,0.03602150537634409,0.027828947368421054,0.016169154228855724,0.1,0.0,0.0,0.608462437682928,10
0.07730061349693253,0.07538461538461538,0.015044247787610623,0.04301893470182269,0.03108198924731183,0.026907894736842106,0.030895522388059704,0.1,0.0,0.0,0.6003661822568052,10
0.08220858895705524,0.07923076923076923,0.014601769911504426,0.041532472128826756,0.0353494623655914,0.0375,0.03144278606965174,0.0,0.0,0.1,0.5781341513366013,11
0.08282208588957057,0.0776923076923077,0.014159292035398232,0.05422049194832773,0.04973118279569893,0.04697368421052631,0.03796019900497513,0.0,0.0,0.1,0.5364407564231954,11
0.08404907975460124,0.08153846153846155,0.015044247787610623,0.053459564678817906,0.04963037634408603,0.04638157894736842,0.037064676616915426,0.1,0.0,0.0,0.5328320143321388,10
0.05950920245398774,0.060000000000000005,0.008849557522123895,0.019695629092196073,0.014885752688172044,0.015197368421052633,0.018407960199004977,0.1,0.0,0.0,0.7034545296234627,9
0.05644171779141106,0.05538461538461538,0.011061946902654869,0.019359405414970804,0.0145497311827957,0.014539473684210527,0.018905472636815922,0.0,0.0,0.1,0.7097576370025257,8
0.05644171779141106,0.05384615384615384,0.011061946902654869,0.018279950451247567,0.012668010752688173,0.015065789473684211,0.018407960199004977,0.0,0.0,0.1,0.7142284705831553,9
0.06564417177914111,0.06461538461538462,0.011061946902654869,0.027039462042116442,0.020967741935483872,0.01980263157894737,0.026368159203980102,0.0,0.0,0.1,0.6645005019422916,11
0.05705521472392639,0.05538461538461538,0.009292035398230088,0.017271279419571756,0.01263440860215054,0.01111842105263158,0.018905472636815922,0.0,0.0,0.1,0.7183385527820583,10
0.06257668711656443,0.06153846153846154,0.012389380530973453,0.024438152539373564,0.017405913978494624,0.01986842105263158,0.022885572139303485,0.0,0.0,0.1,0.6788974111041973,10
0.04110429447852762,0.04,0.007964601769911504,0.006494425765351266,0.005241935483870968,0.0031578947368421056,0.006467661691542289,0.0,0.1,0.0,0.7895691860739542,11
0.06748466257668713,0.06538461538461539,0.014159292035398232,0.034330207043001236,0.019388440860215055,0.01828947368421053,0.04776119402985075,0.0,0.0,0.1,0.6332021143860217,20
0.02208588957055215,0.02076923076923077,0.007079646017699116,0.0011679348787825164,0.0009744623655913979,0.0009210526315789475,0.0009950248756218907,0.0,0.1,0.0,0.8460067588909432,5
0.026380368098159513,0.025384615384615387,0.004867256637168142,0.0020881259953990446,0.0017809139784946237,0.0016447368421052633,0.0018407960199004977,0.0,0.1,0.0,0.8360131870441575,5
0.0245398773006135,0.023076923076923075,0.003539823008849558,0.0016280304370907804,0.0014112903225806453,0.0009210526315789475,0.0006467661691542289,0.0,0.1,0.0,0.8442362370532093,4
0.0766871165644172,0.07384615384615384,0.01769911504424779,0.04684126703238365,0.04082661290322581,0.040197368421052634,0.035323383084577116,0.1,0.0,0.0,0.568578983103942,9
0.06748466257668713,0.06461538461538462,0.015044247787610623,0.029959299239072732,0.022580645161290325,0.03164473684210526,0.02437810945273632,0.0,0.0,0.1,0.644292914325113,13
0.07177914110429448,0.06923076923076923,0.013274336283185842,0.03705538842682711,0.028998655913978495,0.03631578947368422,0.03134328358208956,0.0,0.0,0.1,0.612002635985171,14
0.07914110429447854,0.07692307692307693,0.01592920353982301,0.04524862856131658,0.03592069892473118,0.03940789473684211,0.034328358208955224,0.1,0.0,0.0,0.5731010348107765,13
0.08711656441717792,0.08153846153846155,0.017256637168141596,0.06634224031144931,0.04539650537634409,0.05348684210526316,0.06820895522388061,0.1,0.0,0.0,0.48065379385928175,12
0.08588957055214724,0.08307692307692308,0.019026548672566375,0.07000530879490356,0.04485887096774194,0.04111842105263158,0.07064676616915423,0.1,0.0,0.0,0.48537759071393205,24
0.08036809815950922,0.0776923076923077,0.014601769911504426,0.04838081755441515,0.039213709677419356,0.04625,0.03940298507462687,0.1,0.0,0.0,0.5540903119302173,10
0.08159509202453989,0.07692307692307693,0.015486725663716814,0.06165280481330738,0.039986559139784945,0.03980263157894737,0.07213930348258707,0.1,0.0,0.0,0.5124138063740395,21
0.057668711656441725,0.057692307692307696,0.009292035398230088,0.018156078570164574,0.015591397849462367,0.01868421052631579,0.012935323383084578,0.1,0.0,0.0,0.7099799349239931,11
0.05214723926380369,0.05153846153846154,0.008849557522123895,0.014457618120686603,0.011794354838709678,0.012105263157894737,0.013432835820895524,0.0,0.0,0.1,0.7356746697374243,9
0.06625766871165646,0.06307692307692307,0.011504424778761064,0.01981950097327907,0.015961021505376344,0.014013157894736842,0.017412935323383085,0.0,0.0,0.1,0.691954367735884,7
0.06196319018404909,0.06076923076923077,0.011061946902654869,0.022473898425057513,0.019489247311827957,0.020460526315789474,0.017412935323383085,0.0,0.0,0.1,0.6863690247680072,9
0.06564417177914111,0.06769230769230769,0.014601769911504426,0.030967970270748543,0.018750000000000003,0.02368421052631579,0.02985074626865672,0.0,0.0,0.1,0.6488088235513257,10
0.052760736196319026,0.05384615384615384,0.007964601769911504,0.014050610511413911,0.01058467741935484,0.011710526315789473,0.011940298507462687,0.1,0.0,0.0,0.7371423954335947,9
0.06748466257668713,0.06692307692307692,0.009734513274336285,0.028525924615112372,0.022950268817204304,0.026710526315789476,0.021393034825870648,0.0,0.0,0.1,0.6562779926519229,9
0.041717791411042954,0.03923076923076923,0.007522123893805311,0.007219961068837374,0.006518817204301076,0.0027631578947368424,0.0049751243781094535,0.1,0.0,0.0,0.7900522549183977,6
0.033742331288343565,0.03076923076923077,0.005752212389380532,0.00412316404176252,0.0037970430107526886,0.0017105263157894738,0.0034825870646766175,0.0,0.1,0.0,0.8166229051200639,7
0.04110429447852762,0.033846153846153845,0.0061946902654867264,0.006016634224031146,0.00510752688172043,0.004802631578947368,0.0049751243781094535,0.1,0.0,0.0,0.7979529443470235,6
0.07852760736196321,0.07538461538461538,0.012389380530973453,0.042258007432312866,0.029872311827956993,0.031315789473684214,0.0373134328358209,0.0,0.0,0.1,0.592938855152673,15
0.06748466257668713,0.06769230769230769,0.011061946902654869,0.027074854008140154,0.02217741935483871,0.027960526315789474,0.02437810945273632,0.1,0.0,0.0,0.6521701736968456,9
0.07852760736196321,0.07307692307692307,0.0168141592920354,0.04073615289329322,0.02933467741935484,0.03697368421052632,0.03786069651741294,0.1,0.0,0.0,0.5866760992284911,13
0.0668711656441718,0.06307692307692307,0.01017699115044248,0.023942665015041584,0.019489247311827957,0.020789473684210528,0.021890547263681594,0.1,0.0,0.0,0.673762986853701,9
0.07852760736196321,0.08307692307692308,0.015486725663716814,0.05560077862325252,0.04213709677419355,0.03565789473684211,0.0472636815920398,0.1,0.0,0.0,0.5422492921710689,18
0.07423312883435584,0.07538461538461538,0.013716814159292037,0.04080693682534065,0.03380376344086022,0.032960526315789475,0.029353233830845774,0.0,0.0,0.1,0.5997409812089006,15
0.07423312883435584,0.07230769230769231,0.01017699115044248,0.03942665015041586,0.026377688172043015,0.038289473684210526,0.03084577114427861,0.0,0.0,0.1,0.6083426045565613,15
0.06871165644171781,0.06923076923076923,0.013716814159292037,0.032295168996637764,0.024159946236559142,0.03565789473684211,0.03482587064676617,0.0,0.0,0.1,0.6214018795514157,10
0.06993865030674848,0.07153846153846154,0.013716814159292037,0.030861794372677404,0.021807795698924732,0.031447368421052634,0.028358208955223882,0.1,0.0,0.0,0.6323309065476193,14
0.06441717791411045,0.062307692307692314,0.014159292035398232,0.028030437090780395,0.02123655913978495,0.019144736842105263,0.02786069651741294,0.0,0.0,0.1,0.6628434081527155,13
0.06196319018404909,0.062307692307692314,0.01592920353982301,0.021447531410369845,0.01606182795698925,0.01625,0.01791044776119403,0.1,0.0,0.0,0.6881301068398824,11
0.04294478527607362,0.04076923076923077,0.007964601769911504,0.008016280304370908,0.0066868279569892485,0.0075657894736842115,0.006467661691542289,0.0,0.0,0.1,0.7795848227581974,6
0.05521472392638038,0.054615384615384614,0.010619469026548672,0.013997522562378342,0.009879032258064517,0.01006578947368421,0.014427860696517414,0.0,0.0,0.1,0.7311802174410418,9
0.06257668711656443,0.062307692307692314,0.010619469026548672,0.021589099274464698,0.015389784946236561,0.017236842105263158,0.023383084577114428,0.0,0.1,0.0,0.6868973406461157,11
0.060122699386503074,0.05846153846153846,0.011504424778761064,0.019076269686781104,0.015389784946236561,0.017828947368421055,0.016417910447761197,0.1,0.0,0.0,0.7011984249239975,12
0.06196319018404909,0.06307692307692307,0.011946902654867258,0.023252521677579192,0.019556451612903227,0.0175,0.019402985074626868,0.1,0.0,0.0,0.6833010257190513,15
0.04662576687116565,0.04615384615384615,0.008849557522123895,0.00886568748894001,0.007123655913978495,0.007039473684210527,0.007711442786069653,0.0,0.0,0.1,0.7676305695796656,8
0.03312883435582823,0.030000000000000002,0.0061946902654867264,0.003609980534418687,0.0030241935483870967,0.0017763157894736842,0.0033830845771144285,0.0,0.1,0.0,0.8188829009292911,8
0.04539877300613498,0.045384615384615384,0.008849557522123895,0.009502742877366839,0.007829301075268818,0.00736842105263158,0.008308457711442787,0.1,0.0,0.0,0.7673581313704156,7
0.061349693251533756,0.05923076923076923,0.011946902654867258,0.019500973279065654,0.015087365591397851,0.009407894736842105,0.020497512437810946,0.0,0.0,0.1,0.7029788888177132,11
0.07914110429447854,0.0776923076923077,0.014601769911504426,0.04625729959299239,0.029133064516129036,0.034473684210526316,0.05174129353233831,0.0,0.0,0.1,0.5669594762497233,10
0.06932515337423313,0.06769230769230769,0.01017699115044248,0.03250752079278004,0.027150537634408604,0.023486842105263157,0.028855721393034828,0.0,0.0,0.1,0.64080492585753,11
0.08220858895705524,0.08384615384615385,0.015486725663716814,0.06041408600247744,0.04700940860215054,0.05092105263157895,0.05721393034825871,0.1,0.0,0.0,0.5029000539486085,13
0.07239263803680983,0.06384615384615384,0.013274336283185842,0.031162626083878958,0.024495967741935486,0.03078947368421053,0.023383084577114428,0.1,0.0,0.0,0.6406557197467111,11
0.057668711656441725,0.05538461538461538,0.009734513274336285,0.017572111130773314,0.01592741935483871,0.016710526315789474,0.012935323383084578,0.1,0.0,0.0,0.7140667795001205,6
0.06257668711656443,0.05923076923076923,0.011946902654867258,0.022367722526986374,0.018951612903225806,0.019078947368421053,0.016915422885572143,0.1,0.0,0.0,0.6889319353135936,8
0.0883435582822086,0.08846153846153845,0.02035398230088496,0.08032206689081578,0.059375000000000004,0.05243421052631579,0.06616915422885573,0.0,0.0,0.1,0.4445404893093806,16
0.06748466257668713,0.062307692307692314,0.013274336283185842,0.0326844806228986,0.02768817204301075,0.028092105263157894,0.023880597014925373,0.0,0.0,0.1,0.644587953888442,7
0.0245398773006135,0.022307692307692306,0.002212389380530974,0.0012210228278180853,0.000739247311827957,0.000986842105263158,0.0009950248756218907,0.0,0.1,0.0,0.8469979038906321,5
0.07975460122699388,0.07923076923076923,0.01592920353982301,0.04712440276057335,0.038071236559139784,0.045657894736842106,0.040298507462686574,0.0,0.0,0.1,0.553933384483172,13
0.06441717791411045,0.062307692307692314,0.01017699115044248,0.025482215537073083,0.02086693548387097,0.02519736842105263,0.019900497512437814,0.1,0.0,0.0,0.6716511216733203,14
0.06932515337423313,0.06692307692307692,0.016371681415929203,0.036524508936471425,0.023790322580645163,0.026907894736842106,0.03084577114427861,0.0,0.0,0.1,0.6293115908885235,20
0.07484662576687118,0.07230769230769231,0.014159292035398232,0.03599362944611573,0.028629032258064516,0.02967105263157895,0.0318407960199005,0.1,0.0,0.0,0.6125518795343786,12
0.0668711656441718,0.062307692307692314,0.015486725663716814,0.034684126703238366,0.017372311827956993,0.027236842105263157,0.037810945273631845,0.1,0.0,0.0,0.6382301904743287,18
0.03987730061349694,0.03769230769230769,0.006637168141592921,0.005291098920545036,0.004065860215053764,0.004342105263157895,0.004477611940298508,0.0,0.1,0.0,0.7976165472135472,5
0.03803680981595093,0.036153846153846154,0.006637168141592921,0.005361882852592461,0.003763440860215054,0.0041447368421052636,0.0049751243781094535,0.0,0.1,0.0,0.8009269909555877,7
0.05521472392638038,0.05153846153846154,0.012389380530973453,0.01691735975933463,0.012533602150537636,0.015131578947368423,0.01592039800995025,0.0,0.0,0.1,0.7203544951369937,11
0.060122699386503074,0.05846153846153846,0.013716814159292037,0.02045655636170589,0.01609543010752688,0.016513157894736844,0.01791044776119403,0.1,0.0,0.0,0.6967233558675028,9
0.06196319018404909,0.062307692307692314,0.014159292035398232,0.024190408777207576,0.018212365591397852,0.019078947368421053,0.021393034825870648,0.1,0.0,0.0,0.6786950689099632,10
0.04723926380368099,0.04615384615384615,0.008849557522123895,0.009644310741461689,0.007493279569892474,0.007500000000000001,0.007960199004975126,0.1,0.0,0.0,0.7651595432040197,6
0.07607361963190186,0.07461538461538461,0.01946902654867257,0.05347726066182976,0.03424059139784946,0.03736842105263158,0.05074626865671642,0.1,0.0,0.0,0.5540094274350137,17
0.07791411042944786,0.0776923076923077,0.016371681415929203,0.046133427711909404,0.03366935483870968,0.03881578947368421,0.04079601990049751,0.1,0.0,0.0,0.5686073085375144,17
0.08159509202453989,0.08153846153846155,0.016371681415929203,0.049389488586090956,0.030645161290322583,0.04217105263157895,0.04875621890547264,0.1,0.0,0.0,0.5495328436076042,15
0.04110429447852762,0.04076923076923077,0.0084070796460177,0.006989913289683242,0.005342741935483872,0.004934210526315789,0.006965174129353235,0.0,0.0,0.1,0.7854873552253878,9
0.036196319018404914,0.03307692307692307,0.006637168141592921,0.004105468058750664,0.0024865591397849464,0.0038815789473684212,0.003980099502487563,0.0,0.1,0.0,0.8096358841146876,8
0.0588957055214724,0.05846153846153846,0.011061946902654869,0.0185099982304017,0.014146505376344086,0.01375,0.017412935323383085,0.0,0.1,0.0,0.7077613701842054,15
0.039263803680981604,0.038461538461538464,0.007079646017699116,0.005538842682711024,0.003830645161290323,0.004473684210526316,0.005970149253731343,0.0,0.1,0.0,0.7953816905315219,9
0.052760736196319026,0.05230769230769231,0.011061946902654869,0.013590514953105646,0.009240591397849465,0.008026315789473685,0.014527363184079602,0.0,0.1,0.0,0.7384848392688254,14
0.06932515337423313,0.06923076923076923,0.012389380530973453,0.03558662183684304,0.02543682795698925,0.03210526315789474,0.026368159203980102,0.0,0.0,0.1,0.629557824708317,12
0.0736196319018405,0.07384615384615384,0.014601769911504426,0.040152185453901965,0.03047715053763441,0.03552631578947369,0.03333333333333334,0.1,0.0,0.0,0.5984434592261578,10
0.07177914110429448,0.07076923076923078,0.015044247787610623,0.03834719518669262,0.025168010752688173,0.04289473684210526,0.03233830845771145,0.1,0.0,0.0,0.6036591290996666,14
0.06809815950920248,0.06461538461538462,0.012389380530973453,0.030720226508582554,0.02217741935483871,0.031973684210526314,0.020895522388059702,0.1,0.0,0.0,0.6491302228824322,13
0.06993865030674848,0.07615384615384616,0.014159292035398232,0.03863033091488232,0.03037634408602151,0.03618421052631579,0.03134328358208956,0.1,0.0,0.0,0.6032140423946979,14
0.07607361963190186,0.07461538461538461,0.015486725663716814,0.04498318881613873,0.035685483870967746,0.040460526315789475,0.03681592039800995,0.1,0.0,0.0,0.5758791506880908,11
0.07730061349693253,0.07846153846153846,0.0168141592920354,0.05303486108653336,0.027721774193548387,0.040460526315789475,0.05422885572139304,0.0,0.0,0.1,0.5519776714322294,16
0.05214723926380369,0.05230769230769231,0.010619469026548672,0.013732082817200496,0.010013440860215054,0.011447368421052631,0.012437810945273632,0.0,0.0,0.1,0.7372948963582135,10
0.07852760736196321,0.0776923076923077,0.0168141592920354,0.043726774022296945,0.029805107526881723,0.04085526315789474,0.03631840796019901,0.1,0.0,0.0,0.5762603729864213,14
0.08282208588957057,0.08076923076923077,0.015486725663716814,0.04961953636524509,0.03245967741935484,0.04217105263157895,0.046268656716417916,0.0,0.0,0.1,0.550403034544885,16
0.061349693251533756,0.06153846153846154,0.012831858407079646,0.021323659529286852,0.014516129032258065,0.01815789473684211,0.020895522388059702,0.0,0.0,0.1,0.6893867811164783,11
0.04723926380368099,0.04692307692307692,0.007964601769911504,0.009821270571580252,0.007325268817204302,0.006776315789473684,0.009950248756218907,0.0,0.0,0.1,0.7639999535688534,9
0.06380368098159511,0.06692307692307692,0.017256637168141596,0.034436382941072374,0.020060483870967743,0.028092105263157894,0.035323383084577116,0.0,0.0,0.1,0.6341042497674112,18
0.06380368098159511,0.06384615384615384,0.015486725663716814,0.0266501504158556,0.017338709677419357,0.022500000000000003,0.02537313432835821,0.0,0.0,0.1,0.6650014450869011,8
0.07852760736196321,0.08076923076923077,0.01769911504424779,0.048717041231640425,0.02956989247311828,0.040460526315789475,0.046766169154228855,0.0,0.0,0.1,0.5574904176497811,16
0.0539877300613497,0.05384615384615384,0.010619469026548672,0.013271987258892231,0.009576612903225807,0.012697368421052633,0.011442786069651743,0.0,0.1,0.0,0.7345578924131254,9
0.05153374233128835,0.04923076923076923,0.011504424778761064,0.014634577950805167,0.011055107526881722,0.013947368421052632,0.011840796019900499,0.1,0.0,0.0,0.7362532137405413,10
0.05521472392638038,0.05384615384615384,0.011946902654867258,0.01981950097327907,0.015524193548387098,0.018026315789473685,0.014427860696517414,0.1,0.0,0.0,0.7111943485649412,13
0.05153374233128835,0.05,0.011061946902654869,0.01385595469828349,0.01058467741935484,0.013486842105263158,0.011442786069651743,0.0,0.1,0.0,0.7380340504735036,9
0.07852760736196321,0.0776923076923077,0.0168141592920354,0.04517784462926916,0.03249327956989247,0.04315789473684211,0.03980099502487563,0.1,0.0,0.0,0.5663359116928144,12
0.06993865030674848,0.07,0.013274336283185842,0.03397628738276411,0.026008064516129036,0.03138157894736842,0.027363184079601994,0.0,0.0,0.1,0.6280578984842021,11
0.05030674846625768,0.05,0.010619469026548672,0.013254291275880375,0.010618279569892475,0.010657894736842106,0.012437810945273632,0.0,0.0,0.1,0.742105505979305,12
0.05950920245398774,0.06307692307692307,0.013274336283185842,0.02463280835250398,0.01616263440860215,0.02138157894736842,0.026368159203980102,0.0,0.0,0.1,0.6755943572734486,13
0.07484662576687118,0.07384615384615384,0.0168141592920354,0.0458502919837197,0.03504704301075269,0.04243421052631579,0.03631840796019901,0.1,0.0,0.0,0.5748431076139524,12
0.07239263803680983,0.07461538461538461,0.018141592920353982,0.04358520615820209,0.030409946236559144,0.031315789473684214,0.041791044776119404,0.1,0.0,0.0,0.5877483977828868,13
0.08159509202453989,0.08230769230769232,0.013716814159292037,0.04894708901079455,0.040053763440860216,0.03375,0.04825870646766169,0.0,0.0,0.1,0.5513708425891592,14
0.04233128834355829,0.04384615384615384,0.008849557522123895,0.007874712440276058,0.005813172043010753,0.0076315789473684215,0.00746268656716418,0.0,0.1,0.0,0.7761908502903445,8
0.07791411042944786,0.07846153846153846,0.013716814159292037,0.04091311272341178,0.028763440860215057,0.038026315789473686,0.03134328358208956,0.0,0.0,0.1,0.5908613839945316,18
0.08527607361963191,0.08153846153846155,0.013274336283185842,0.05227393381702354,0.04284274193548387,0.03980263157894737,0.042786069651741296,0.0,0.0,0.1,0.5422057515755246,14
0.08466257668711658,0.08307692307692308,0.016371681415929203,0.05561847460626437,0.046606182795698926,0.041842105263157896,0.046766169154228855,0.1,0.0,0.0,0.5250558870006811,15
0.06809815950920248,0.06692307692307692,0.011946902654867258,0.030366306848345428,0.025336021505376345,0.020855263157894738,0.028855721393034828,0.0,0.0,0.1,0.6476185480082021,15
0.07975460122699388,0.08076923076923077,0.0168141592920354,0.053070253052557075,0.04210349462365591,0.05269736842105264,0.03930348258706468,0.0,0.0,0.1,0.5354874100274096,14
0.07791411042944786,0.07384615384615384,0.0168141592920354,0.05192001415678642,0.03914650537634409,0.03986842105263158,0.041791044776119404,0.0,0.0,0.1,0.5586995910704815,15
0.08036809815950922,0.07846153846153846,0.014159292035398232,0.038648026897894185,0.026612903225806454,0.037171052631578945,0.03681592039800995,0.1,0.0,0.0,0.5877631681902645,14
0.08466257668711658,0.08538461538461539,0.018141592920353982,0.06428950628207397,0.05231854838709678,0.057828947368421056,0.05124378109452737,0.1,0.0,0.0,0.48613043187579497,19
0.08527607361963191,0.08461538461538462,0.014159292035398232,0.0579189523978057,0.04663978494623656,0.03953947368421053,0.04378109452736319,0.1,0.0,0.0,0.5280699441739692,13
0.06748466257668713,0.06692307692307692,0.014159292035398232,0.03206512121748363,0.02298387096774194,0.02881578947368421,0.029353233830845774,0.0,0.0,0.1,0.6382149529750822,13
0.07484662576687118,0.07615384615384616,0.0168141592920354,0.04293045478676341,0.031182795698924733,0.04026315789473684,0.03631840796019901,0.1,0.0,0.0,0.5814905524466233,15
0.07300613496932516,0.07692307692307693,0.014601769911504426,0.03751548398513538,0.027016129032258068,0.0368421052631579,0.027363184079601994,0.0,0.0,0.1,0.6067321158359401,11
0.03680981595092025,0.03692307692307692,0.007964601769911504,0.005698106529817732,0.004872311827956989,0.005131578947368421,0.0049751243781094535,0.0,0.0,0.1,0.7976253836728388,6
0.05337423312883437,0.05384615384615384,0.011061946902654869,0.016244912404884092,0.013239247311827958,0.015065789473684211,0.014427860696517414,0.1,0.0,0.0,0.7227398562354432,9
0.055828220858895716,0.057692307692307696,0.011061946902654869,0.018863917890638827,0.015658602150537635,0.013947368421052632,0.018407960199004977,0.0,0.1,0.0,0.7085396758849076,8
0.0588957055214724,0.05846153846153846,0.011504424778761064,0.021854539019642544,0.020161290322580645,0.01868421052631579,0.017412935323383085,0.0,0.0,0.1,0.693025356046306,12
0.052760736196319026,0.05384615384615384,0.009292035398230088,0.012953459564678818,0.011458333333333334,0.011250000000000001,0.010945273631840797,0.0,0.1,0.0,0.7374940080294441,6
0.05337423312883437,0.05384615384615384,0.009292035398230088,0.014846929746947443,0.013037634408602151,0.013223684210526318,0.012935323383084578,0.1,0.0,0.0,0.7294440058776213,7
0.03680981595092025,0.03538461538461539,0.006637168141592921,0.005308794903556893,0.004065860215053764,0.005526315789473685,0.004477611940298508,0.0,0.1,0.0,0.8017898176744886,5
0.07055214723926381,0.07384615384615384,0.013274336283185842,0.03095027428773669,0.02520161290322581,0.025394736842105265,0.028855721393034828,0.1,0.0,0.0,0.6319250172052939,12
0.06196319018404909,0.05923076923076923,0.009734513274336285,0.023181737745531766,0.02140456989247312,0.019736842105263157,0.018407960199004977,0.0,0.0,0.1,0.6863404173685723,9
0.055828220858895716,0.057692307692307696,0.011061946902654869,0.017129711555476906,0.01448252688172043,0.013421052631578946,0.016417910447761197,0.0,0.0,0.1,0.7139663230296043,7
0.07852760736196321,0.0776923076923077,0.014601769911504426,0.05108830295522916,0.041297043010752696,0.03993421052631579,0.038805970149253737,0.0,0.0,0.1,0.5580527883926732,18
0.06871165644171781,0.06692307692307692,0.011061946902654869,0.03105645018580782,0.022479838709677423,0.028223684210526317,0.028855721393034828,0.1,0.0,0.0,0.642687625233504,13
0.07914110429447854,0.08,0.0168141592920354,0.04638117147407539,0.038978494623655914,0.03789473684210526,0.03681592039800995,0.1,0.0,0.0,0.5639744130756396,12
0.07300613496932516,0.07461538461538461,0.012831858407079646,0.044293045478676345,0.03383736559139785,0.03848684210526316,0.032835820895522394,0.1,0.0,0.0,0.5900935479373508,14
0.06932515337423313,0.06923076923076923,0.01017699115044248,0.03215360113254291,0.026747311827956994,0.02592105263157895,0.028855721393034828,0.0,0.0,0.1,0.6375893992594415,17
0.08036809815950922,0.07692307692307693,0.012389380530973453,0.041426296230755624,0.036323924731182795,0.04177631578947369,0.028358208955223882,0.1,0.0,0.0,0.5824346986798044,12
0.0588957055214724,0.05846153846153846,0.011946902654867258,0.018686958060520262,0.013440860215053765,0.01835526315789474,0.01592039800995025,0.0,0.0,0.1,0.7042923739187029,14
0.060736196319018415,0.05923076923076923,0.011946902654867258,0.023447177490709608,0.02019489247311828,0.021513157894736845,0.018407960199004977,0.1,0.0,0.0,0.6845229437377753,11
0.049079754601227,0.05153846153846154,0.01017699115044248,0.01534241727127942,0.014146505376344086,0.015855263157894737,0.011940298507462687,0.1,0.0,0.0,0.731920308396888,10
0.05030674846625768,0.047692307692307694,0.011061946902654869,0.012723411785524686,0.009509408602150538,0.011644736842105263,0.011442786069651743,0.0,0.0,0.1,0.7456186536393475,11
0.07300613496932516,0.07153846153846154,0.012831858407079646,0.03917890638824987,0.027016129032258068,0.03177631578947369,0.03084577114427861,0.1,0.0,0.0,0.6138064227308734,12
0.0766871165644172,0.07307692307692307,0.011504424778761064,0.030419394797380997,0.021471774193548388,0.023355263157894737,0.023880597014925373,0.1,0.0,0.0,0.6396045064161492,13
0.06380368098159511,0.06538461538461539,0.013716814159292037,0.027375685719341708,0.019959677419354838,0.01618421052631579,0.02537313432835821,0.0,0.0,0.1,0.6682021814811269,17
0.05705521472392639,0.05538461538461538,0.011061946902654869,0.015448593169350558,0.01135752688172043,0.014144736842105264,0.014427860696517414,0.0,0.0,0.1,0.7211195053991097,11
0.058282208588957066,0.057692307692307696,0.012389380530973453,0.01773137497788002,0.012903225806451615,0.015460526315789473,0.017412935323383085,0.1,0.0,0.0,0.7081280407642576,13
0.061349693251533756,0.062307692307692314,0.012389380530973453,0.02383648911697045,0.017809139784946238,0.01631578947368421,0.024875621890547265,0.1,0.0,0.0,0.6811161936436523,18
0.05644171779141106,0.054615384615384614,0.009734513274336285,0.014687665899840736,0.014448924731182797,0.010789473684210528,0.012935323383084578,0.0,0.0,0.1,0.7263469966205494,12
0.05950920245398774,0.05923076923076923,0.011061946902654869,0.016899663776322776,0.013440860215053765,0.010328947368421054,0.016915422885572143,0.0,0.0,0.1,0.7126131871672184,12
0.05705521472392639,0.060000000000000005,0.012389380530973453,0.019660237126172358,0.014314516129032258,0.014144736842105264,0.021393034825870648,0.1,0.0,0.0,0.7010428798219196,15
0.06441717791411045,0.06384615384615384,0.014159292035398232,0.02281012210228278,0.017473118279569894,0.020723684210526318,0.021890547263681594,0.0,0.0,0.1,0.674679904348277,12
0.08036809815950922,0.08153846153846155,0.0168141592920354,0.05053972748186162,0.03313172043010753,0.041842105263157896,0.05621890547263682,0.1,0.0,0.0,0.53954682236223,18
0.08466257668711658,0.08307692307692308,0.016371681415929203,0.057317288975402586,0.03581989247311829,0.04644736842105263,0.055223880597014934,0.0,0.0,0.1,0.5210803883534427,24
0.06748466257668713,0.06923076923076923,0.015044247787610623,0.028667492479207222,0.021303763440860216,0.020657894736842108,0.021890547263681594,0.0,0.0,0.1,0.6557206224843419,11
0.07116564417177915,0.07307692307692307,0.014601769911504426,0.03675455671562555,0.027822580645161292,0.034210526315789476,0.030348258706467665,0.1,0.0,0.0,0.6120197404567493,13
0.07239263803680983,0.07307692307692307,0.013716814159292037,0.03438329499203681,0.02493279569892473,0.030921052631578946,0.02786069651741294,0.1,0.0,0.0,0.6227157848870216,11
0.06932515337423313,0.06769230769230769,0.013716814159292037,0.030720226508582554,0.02338709677419355,0.02855263157894737,0.025870646766169157,0.0,0.0,0.1,0.6407351231462745,11
0.08159509202453989,0.08769230769230768,0.016371681415929203,0.05386657228809061,0.04680779569892474,0.03980263157894737,0.040298507462686574,0.1,0.0,0.0,0.5335654118385739,13
0.07607361963190186,0.07846153846153846,0.015486725663716814,0.03983365775968855,0.033501344086021505,0.029868421052631582,0.03134328358208956,0.1,0.0,0.0,0.5954314097624117,14
0.06748466257668713,0.07076923076923078,0.011504424778761064,0.02507520792780039,0.020497311827956992,0.019144736842105263,0.020398009950248756,0.0,0.0,0.1,0.6651264153272096,12
0.07423312883435584,0.07307692307692307,0.012831858407079646,0.0360467173951513,0.03155241935483871,0.02960526315789474,0.026865671641791048,0.1,0.0,0.0,0.6157880181319656,15
0.06564417177914111,0.06461538461538462,0.014159292035398232,0.025482215537073083,0.01848118279569893,0.021578947368421055,0.02238805970149254,0.0,0.0,0.1,0.6676507461673904,15
0.06257668711656443,0.06076923076923077,0.010619469026548672,0.021854539019642544,0.01760752688172043,0.01605263157894737,0.01920398009950249,0.1,0.0,0.0,0.6913159355078433,12
0.06503067484662578,0.062307692307692314,0.011504424778761064,0.026119270925499913,0.019119623655913978,0.022368421052631583,0.01920398009950249,0.0,0.0,0.1,0.6743459123333728,9
0.060736196319018415,0.057692307692307696,0.013274336283185842,0.021129003716156433,0.017573924731182796,0.017763157894736845,0.01771144278606965,0.1,0.0,0.0,0.6941196305773423,11
0.07055214723926381,0.07,0.016371681415929203,0.04091311272341178,0.03713037634408602,0.031973684210526314,0.029353233830845774,0.0,0.0,0.1,0.6037057642359371,13
0.07730061349693253,0.07692307692307693,0.014159292035398232,0.043178198548929396,0.03296370967741936,0.039473684210526314,0.034328358208955224,0.1,0.0,0.0,0.581673066898762,14
0.07239263803680983,0.06923076923076923,0.010619469026548672,0.026490886568748897,0.022479838709677423,0.01730263157894737,0.021890547263681594,0.0,0.0,0.1,0.659593219584817,14
0.07423312883435584,0.07461538461538461,0.014601769911504426,0.03799327552645549,0.029368279569892474,0.026973684210526316,0.032835820895522394,0.1,0.0,0.0,0.6093786564363585,14
0.07914110429447854,0.07692307692307693,0.0168141592920354,0.04349672624314281,0.03521505376344086,0.03657894736842106,0.03930348258706468,0.0,0.0,0.1,0.5725274495283398,17
0.07607361963190186,0.07692307692307693,0.015486725663716814,0.04055919306317466,0.03205645161290323,0.030263157894736846,0.038805970149253737,0.1,0.0,0.0,0.589831805061236,13
0.07423312883435584,0.07461538461538461,0.015486725663716814,0.04052380109715095,0.029065860215053765,0.03552631578947369,0.040298507462686574,0.0,0.0,0.1,0.5902502763221777,16
0.07546012269938651,0.07692307692307693,0.018141592920353982,0.0391258184392143,0.029872311827956993,0.029868421052631582,0.038805970149253737,0.1,0.0,0.0,0.591802685988126,16
0.08098159509202456,0.08076923076923077,0.0168141592920354,0.05910458325960007,0.043850806451612906,0.06414473684210527,0.04875621890547264,0.1,0.0,0.0,0.5055786693879184,11
0.08711656441717792,0.08846153846153845,0.015486725663716814,0.05503450716687312,0.04344758064516129,0.04875,0.05174129353233831,0.1,0.0,0.0,0.5099617901131941,15
0.06932515337423313,0.06923076923076923,0.016371681415929203,0.032861440453017164,0.020295698924731185,0.02375,0.026368159203980102,0.1,0.0,0.0,0.6417970973973399,12
0.06993865030674848,0.06692307692307692,0.012389380530973453,0.028614404530171653,0.021740591397849465,0.024078947368421054,0.021890547263681594,0.1,0.0,0.0,0.6544244016790773,16
0.0736196319018405,0.06846153846153846,0.015486725663716814,0.03740930808706423,0.02573924731182796,0.028421052631578948,0.035323383084577116,0.0,0.1,0.0,0.6155391128578559,16
0.05030674846625768,0.04615384615384615,0.01017699115044248,0.009184215183153425,0.006518817204301076,0.006776315789473684,0.007960199004975126,0.0,0.1,0.0,0.7629228670475504,10
0.05521472392638038,0.05,0.011946902654867258,0.015501681118386127,0.012130376344086022,0.015328947368421055,0.010945273631840797,0.1,0.0,0.0,0.7289320949560183,9
0.033742331288343565,0.03076923076923077,0.007079646017699116,0.0035038046363475494,0.0024865591397849464,0.0031578947368421056,0.0029850746268656717,0.0,0.0,0.1,0.8162754587848863,5
0.05950920245398774,0.054615384615384614,0.010619469026548672,0.017996814723057863,0.014112903225806451,0.01605263157894737,0.013432835820895524,0.0,0.1,0.0,0.7136607585553718,9
0.07607361963190186,0.07461538461538461,0.014601769911504426,0.04126703238364891,0.03245967741935484,0.031315789473684214,0.035323383084577116,0.1,0.0,0.0,0.594343343479944,13
0.0588957055214724,0.05846153846153846,0.011946902654867258,0.017943726774022298,0.01286962365591398,0.017960526315789475,0.015422885572139305,0.1,0.0,0.0,0.7064990910442568,12
0.06196319018404909,0.06307692307692307,0.013274336283185842,0.022456202442045655,0.016330645161290323,0.01756578947368421,0.021393034825870648,0.1,0.0,0.0,0.6839398785529511,17
0.049079754601227,0.047692307692307694,0.009734513274336285,0.011113077331445762,0.009274193548387098,0.007500000000000001,0.009950248756218907,0.0,0.0,0.1,0.7556559047960772,11
0.05521472392638038,0.054615384615384614,0.01017699115044248,0.015519377101397983,0.012365591397849462,0.014210526315789474,0.01119402985074627,0.0,0.1,0.0,0.7267033756420094,11
0.04294478527607362,0.04,0.007964601769911504,0.0069014333746239605,0.005006720430107527,0.005394736842105264,0.006517412935323384,0.0,0.0,0.1,0.7852703093718547,9
0.0539877300613497,0.05384615384615384,0.012389380530973453,0.015961776676694392,0.01149193548387097,0.009276315789473685,0.018308457711442787,0.0,0.0,0.1,0.7247382499000412,16
0.03251533742331289,0.03076923076923077,0.005752212389380532,0.00297292514599186,0.0022849462365591403,0.0013815789473684212,0.0029850746268656717,0.0,0.0,0.1,0.8213386944612907,7
0.02024539877300614,0.019230769230769232,0.003539823008849558,0.0008671031675809592,0.0006384408602150538,0.0005921052631578947,0.0007960199004975125,0.0,0.0,0.1,0.8540903397959236,4
0.08650306748466259,0.08538461538461539,0.01769911504424779,0.051973102105821976,0.031686827956989246,0.04256578947368422,0.05174129353233831,0.1,0.0,0.0,0.5324461890176405,19
0.06564417177914111,0.06538461538461539,0.013716814159292037,0.027481861617412846,0.020295698924731185,0.020592105263157894,0.024875621890547265,0.1,0.0,0.0,0.6620091109811023,16
0.060122699386503074,0.05923076923076923,0.012389380530973453,0.019200141567864096,0.013306451612903227,0.016710526315789474,0.017412935323383085,0.0,0.1,0.0,0.7016270960318143,11
0.0588957055214724,0.05692307692307692,0.011504424778761064,0.020828172004954876,0.016633064516129035,0.01980263157894737,0.015870646766169155,0.1,0.0,0.0,0.6995422779104892,15
0.04846625766871167,0.04615384615384615,0.009292035398230088,0.01194478853300301,0.009643817204301075,0.00993421052631579,0.009751243781094529,0.1,0.0,0.0,0.7548138007344977,12
0.04601226993865031,0.04307692307692308,0.008849557522123895,0.009078039285082287,0.007829301075268818,0.0076973684210526324,0.007213930348258707,0.0,0.1,0.0,0.7702426103326403,12
0.04233128834355829,0.04076923076923077,0.007964601769911504,0.005768890461865157,0.004133064516129032,0.004868421052631579,0.00482587064676617,0.0,0.0,0.1,0.7893386324399074,10
0.06748466257668713,0.06384615384615384,0.011946902654867258,0.028649796496195364,0.020060483870967743,0.026513157894736846,0.02786069651741294,0.0,0.1,0.0,0.6536381461429789,12
0.07791411042944786,0.07384615384615384,0.01769911504424779,0.04832772960537958,0.04203629032258065,0.03414473684210526,0.04228855721393035,0.0,0.1,0.0,0.5637433066961547,16
0.07055214723926381,0.07307692307692307,0.015044247787610623,0.0342240311449301,0.02536962365591398,0.03736842105263158,0.027363184079601994,0.0,0.1,0.0,0.6170014219631249,13
0.0668711656441718,0.06692307692307692,0.013274336283185842,0.024261192709255,0.019522849462365592,0.019078947368421053,0.02238805970149254,0.1,0.0,0.0,0.6676803719080313,10
0.04723926380368099,0.04692307692307692,0.011061946902654869,0.011113077331445762,0.009811827956989247,0.007302631578947369,0.007960199004975126,0.1,0.0,0.0,0.7585879764982297,10
0.06257668711656443,0.05230769230769231,0.01592920353982301,0.02479207219961069,0.020967741935483872,0.021710526315789475,0.019900497512437814,0.1,0.0,0.0,0.6818155790725984,11
0.0539877300613497,0.05230769230769231,0.011061946902654869,0.017324367368607325,0.01165994623655914,0.011513157894736841,0.019900497512437814,0.0,0.1,0.0,0.722244661715962,13
0.05521472392638038,0.05538461538461538,0.011061946902654869,0.01592638471067068,0.012836021505376344,0.011381578947368421,0.014427860696517414,0.0,0.1,0.0,0.7237668679264165,12
0.04785276073619633,0.04615384615384615,0.009292035398230088,0.009166519200141568,0.006418010752688172,0.005,0.008457711442786071,0.0,0.1,0.0,0.7676591163161116,8
0.05214723926380369,0.05,0.011946902654867258,0.013519731021058221,0.009845430107526882,0.010394736842105264,0.01393034825870647,0.1,0.0,0.0,0.7382156118519322,12
0.05521472392638038,0.05384615384615384,0.011061946902654869,0.015696336931516546,0.012432795698924732,0.011842105263157895,0.014427860696517414,0.1,0.0,0.0,0.7254780767346943,11
0.08098159509202456,0.08076923076923077,0.01592920353982301,0.05993629446115732,0.04049059139784947,0.05269736842105264,0.041791044776119404,0.0,0.1,0.0,0.5274046715427428,15
0.08404907975460124,0.08076923076923077,0.015486725663716814,0.06052026190054858,0.036391129032258066,0.04065789473684211,0.057711442786069655,0.1,0.0,0.0,0.5244142353567328,16
0.07177914110429448,0.07307692307692307,0.016371681415929203,0.03034861086533357,0.023286290322580644,0.023486842105263157,0.027363184079601994,0.1,0.0,0.0,0.6342873270300738,12
0.06625766871165646,0.06692307692307692,0.012831858407079646,0.034330207043001236,0.02879704301075269,0.02894736842105263,0.026268656716417916,0.0,0.1,0.0,0.6356441207669625,17
0.060122699386503074,0.060000000000000005,0.011946902654867258,0.020881259953990445,0.014448924731182797,0.01644736842105263,0.018358208955223883,0.1,0.0,0.0,0.6977946358971798,12
0.052760736196319026,0.050769230769230775,0.0084070796460177,0.012033268448062292,0.00883736559139785,0.011184210526315791,0.011144278606965175,0.0,0.0,0.1,0.7448638302156914,14
0.055828220858895716,0.05615384615384615,0.009734513274336285,0.013625906919129358,0.011155913978494626,0.0060526315789473685,0.01338308457711443,0.1,0.0,0.0,0.7340658826592361,13
0.060736196319018415,0.05846153846153846,0.012831858407079646,0.018226862502211998,0.011760752688172043,0.012894736842105264,0.021094527363184082,0.0,0.1,0.0,0.7039935274166901,13
0.0588957055214724,0.05846153846153846,0.012831858407079646,0.020881259953990445,0.015591397849462367,0.01855263157894737,0.022885572139303485,0.1,0.0,0.0,0.6919000360882058,12
0.057668711656441725,0.06153846153846154,0.014159292035398232,0.018049902672093436,0.010853494623655915,0.009605263157894737,0.019701492537313434,0.0,0.1,0.0,0.708423381778741,14
0.05092024539877301,0.04923076923076923,0.008849557522123895,0.010635285790125642,0.008165322580645161,0.0075657894736842115,0.010348258706467663,0.0,0.0,0.1,0.7542847712974112,11
0.060122699386503074,0.05923076923076923,0.01017699115044248,0.02417271279419572,0.021942204301075272,0.02125,0.016417910447761197,0.0,0.1,0.0,0.6866867126892531,13
0.057668711656441725,0.057692307692307696,0.009292035398230088,0.016563440099097507,0.011189516129032259,0.014210526315789474,0.016915422885572143,0.0,0.1,0.0,0.7164680398235291,10
0.05460122699386504,0.05307692307692307,0.011504424778761064,0.014422226154662892,0.009173387096774194,0.008486842105263159,0.01791044776119403,0.0,0.1,0.0,0.7308245220325565,11
0.06257668711656443,0.05846153846153846,0.011504424778761064,0.02066890815784817,0.015053763440860216,0.017828947368421055,0.018407960199004977,0.1,0.0,0.0,0.6954977704770016,13
0.06380368098159511,0.062307692307692314,0.012831858407079646,0.02933993983365776,0.023756720430107528,0.02217105263157895,0.020398009950248756,0.1,0.0,0.0,0.6653910454580398,15
0.058282208588957066,0.05615384615384615,0.012389380530973453,0.016085648557777384,0.01149193548387097,0.015526315789473685,0.01572139303482587,0.0,0.1,0.0,0.7143492718602754,8
0.055828220858895716,0.05538461538461538,0.009734513274336285,0.015519377101397983,0.013844086021505376,0.012894736842105264,0.012437810945273632,0.1,0.0,0.0,0.7243566395718704,10
0.05337423312883437,0.05230769230769231,0.009734513274336285,0.014404530171651034,0.011323924731182797,0.009605263157894737,0.012935323383084578,0.0,0.1,0.0,0.7363145198453238,10
0.04785276073619633,0.04615384615384615,0.008849557522123895,0.010918421518315343,0.009307795698924733,0.009671052631578947,0.008457711442786071,0.0,0.1,0.0,0.7587888542962286,6
0.04601226993865031,0.04384615384615384,0.008849557522123895,0.008458679879667315,0.007056451612903226,0.007302631578947369,0.006965174129353235,0.0,0.1,0.0,0.7715090814922008,8
0.03496932515337424,0.03307692307692307,0.006637168141592921,0.0037515483985135377,0.0027889784946236564,0.0030263157894736843,0.0034825870646766175,0.0,0.0,0.1,0.8122671538808223,5
0.07116564417177915,0.06846153846153846,0.015044247787610623,0.04169173597593346,0.026444892473118282,0.028486842105263158,0.03134328358208956,0.0,0.1,0.0,0.6173618154426673,20
0.07116564417177915,0.06769230769230769,0.015486725663716814,0.03797557954344364,0.026915322580645166,0.030855263157894736,0.03333333333333334,0.1,0.0,0.0,0.6165758238568795,19
0.05030674846625768,0.04846153846153846,0.0084070796460177,0.01082994160325606,0.008131720430107528,0.009671052631578947,0.008955223880597015,0.0,0.0,0.1,0.7552366948806466,9
0.05030674846625768,0.04615384615384615,0.008849557522123895,0.010652981773137497,0.008333333333333333,0.009078947368421054,0.008955223880597015,0.0,0.0,0.1,0.7576693615022834,9
0.06625766871165646,0.062307692307692314,0.013274336283185842,0.02684480622898602,0.02063172043010753,0.02730263157894737,0.018905472636815922,0.0,0.1,0.0,0.6644756718226086,10
0.04049079754601228,0.03769230769230769,0.007522123893805311,0.006052026190054858,0.004401881720430108,0.004802631578947368,0.005472636815920398,0.0,0.0,0.1,0.793565594562522,11
0.0539877300613497,0.047692307692307694,0.01017699115044248,0.012829587683595824,0.009005376344086023,0.010789473684210528,0.011940298507462687,0.0,0.1,0.0,0.7435782348765451,11
0.034355828220858906,0.03230769230769231,0.005752212389380532,0.003202972925145992,0.002352150537634409,0.0026315789473684214,0.0029850746268656717,0.0,0.0,0.1,0.8164124900450538,5
0.07239263803680983,0.07153846153846154,0.017256637168141596,0.03852415501681119,0.02476478494623656,0.024605263157894738,0.0373134328358209,0.0,0.1,0.0,0.6136046272998237,17
0.07484662576687118,0.07384615384615384,0.014601769911504426,0.03882498672801274,0.028326612903225808,0.03473684210526316,0.03333333333333334,0.0,0.1,0.0,0.6014836754056355,13
0.07484662576687118,0.07076923076923078,0.015044247787610623,0.045230932578304725,0.027553763440860215,0.033815789473684216,0.03681592039800995,0.0,0.1,0.0,0.5959234897854283,17
0.055828220858895716,0.05307692307692307,0.011061946902654869,0.015572465050433552,0.01135752688172043,0.014013157894736842,0.013432835820895524,0.0,0.0,0.1,0.72565692351374,12
0.04049079754601228,0.036153846153846154,0.007964601769911504,0.005768890461865157,0.004133064516129032,0.004473684210526316,0.005472636815920398,0.0,0.0,0.1,0.7955424785257892,10
0.0539877300613497,0.050769230769230775,0.011946902654867258,0.018474606264377986,0.011424731182795701,0.011907894736842105,0.019402985074626868,0.0,0.1,0.0,0.7220859192559096,16
0.06625766871165646,0.062307692307692314,0.013716814159292037,0.03438329499203681,0.021673387096774195,0.025526315789473685,0.028855721393034828,0.0,0.0,0.1,0.6472791055500396,19
0.058282208588957066,0.057692307692307696,0.011061946902654869,0.020810476021943018,0.01592741935483871,0.022565789473684213,0.015422885572139305,0.1,0.0,0.0,0.6982369663934751,10
0.05644171779141106,0.050769230769230775,0.013274336283185842,0.01884622190762697,0.01401209677419355,0.02375,0.012437810945273632,0.1,0.0,0.0,0.7104685855290782,10
0.03803680981595093,0.036153846153846154,0.007964601769911504,0.004494779685011502,0.0032258064516129037,0.004078947368421053,0.003980099502487563,0.0,0.1,0.0,0.8020651092527584,6
0.031288343558282215,0.02923076923076923,0.0061946902654867264,0.0028844452309325784,0.001881720430107527,0.002105263157894737,0.003084577114427861,0.0,0.1,0.0,0.8233301910120991,5
0.04110429447852762,0.03923076923076923,0.006637168141592921,0.0057865864448770135,0.004133064516129032,0.004539473684210527,0.005671641791044777,0.0,0.0,0.1,0.7928970017128489,8
0.036196319018404914,0.03230769230769231,0.007079646017699116,0.003539196602371262,0.002553763440860215,0.0034210526315789475,0.003084577114427861,0.0,0.1,0.0,0.8118177528669654,8
0.023312883435582826,0.02,0.003982300884955752,0.0009378870996283844,0.0006048387096774194,0.0006578947368421054,0.0008955223880597015,0.0,0.1,0.0,0.8496086727452539,5
0.0668711656441718,0.06692307692307692,0.014601769911504426,0.035232702176605915,0.021807795698924732,0.03506578947368422,0.03233830845771145,0.0,0.0,0.1,0.6271593917143206,19
0.060736196319018415,0.06153846153846154,0.010619469026548672,0.023376393558662185,0.01750672043010753,0.02118421052631579,0.018905472636815922,0.0,0.0,0.1,0.6861330759640699,15
0.061349693251533756,0.057692307692307696,0.011504424778761064,0.025517607503096798,0.020530913978494623,0.02269736842105263,0.021890547263681594,0.0,0.0,0.1,0.6788171371110718,14
0.03742331288343559,0.03461538461538462,0.0061946902654867264,0.005255706954521324,0.003931451612903226,0.0044078947368421054,0.004477611940298508,0.1,0.0,0.0,0.803693946991128,7
0.058282208588957066,0.05384615384615384,0.01017699115044248,0.017235887453548045,0.013037634408602151,0.019144736842105263,0.012437810945273632,0.1,0.0,0.0,0.7158385767649176,13
0.06319018404907976,0.06153846153846154,0.011061946902654869,0.03379932755264555,0.02291666666666667,0.03335526315789474,0.025870646766169157,0.0,0.0,0.1,0.6482675033664277,13
0.0668711656441718,0.06307692307692307,0.012831858407079646,0.030897186338701116,0.020396505376344087,0.02578947368421053,0.03084577114427861,0.0,0.0,0.1,0.6492911163282912,18
0.09079754601226996,0.08230769230769232,0.016371681415929203,0.05839674393912582,0.049327956989247315,0.05927631578947369,0.03333333333333334,0.0,0.0,0.1,0.5101887302129284,13
0.06932515337423313,0.07153846153846154,0.013274336283185842,0.039939833657759695,0.025336021505376345,0.04638157894736842,0.032835820895522394,0.0,0.0,0.1,0.6013687937980926,16
0.06871165644171781,0.06769230769230769,0.014159292035398232,0.03933817023535657,0.03383736559139785,0.03664473684210527,0.025870646766169157,0.0,0.0,0.1,0.6137458243955474,10
0.0668711656441718,0.06461538461538462,0.011061946902654869,0.03448947089010795,0.023723118279569893,0.022894736842105263,0.030348258706467665,0.0,0.0,0.1,0.6459959181195379,13
0.07914110429447854,0.07923076923076923,0.016371681415929203,0.051689966377632277,0.039213709677419356,0.04151315789473684,0.04079601990049751,0.0,0.0,0.1,0.552043591208537,19
0.07055214723926381,0.06692307692307692,0.011504424778761064,0.0357635816669616,0.024731182795698924,0.029210526315789475,0.0318407960199005,0.0,0.0,0.1,0.6294742642605478,10
0.07607361963190186,0.07384615384615384,0.014159292035398232,0.038099451424526636,0.02768817204301075,0.03328947368421053,0.02985074626865672,0.0,0.0,0.1,0.6069930910661415,13
0.07423312883435584,0.06923076923076923,0.014601769911504426,0.04326667846398868,0.023991935483870967,0.026578947368421056,0.03830845771144279,0.1,0.0,0.0,0.609788312995647,13
0.07423312883435584,0.07307692307692307,0.014159292035398232,0.0571934170943196,0.03692876344086022,0.04368421052631579,0.033830845771144286,0.0,0.0,0.1,0.566893419220683,18
0.058282208588957066,0.057692307692307696,0.013274336283185842,0.019784109007255357,0.013138440860215055,0.015986842105263157,0.019353233830845775,0.1,0.0,0.0,0.7024885216319701,12
0.04478527607361964,0.04384615384615384,0.007522123893805311,0.007803928508228633,0.005745967741935485,0.006776315789473684,0.006965174129353235,0.0,0.0,0.1,0.7765550600174301,9
0.05644171779141106,0.05384615384615384,0.01017699115044248,0.015572465050433552,0.012768817204301076,0.013486842105263158,0.012935323383084578,0.1,0.0,0.0,0.7247716894689102,8
0.06503067484662578,0.06615384615384615,0.011946902654867258,0.031109538134843392,0.018817204301075273,0.028486842105263158,0.024875621890547265,0.0,0.0,0.1,0.6535793699129318,10
0.0588957055214724,0.06076923076923077,0.013274336283185842,0.02411962484516015,0.014415322580645162,0.01848684210526316,0.024825870646766172,0.0,0.0,0.1,0.6852130672482764,18
0.055828220858895716,0.05307692307692307,0.013274336283185842,0.020509644310741464,0.011323924731182797,0.01644736842105263,0.021393034825870648,0.0,0.0,0.1,0.7081465474921478,13
0.04294478527607362,0.04076923076923077,0.009734513274336285,0.007396920898955937,0.004435483870967743,0.0077631578947368425,0.00746268656716418,0.0,0.1,0.0,0.7794932214485346,9
0.04539877300613498,0.04307692307692308,0.009292035398230088,0.007927800389311627,0.005477150537634409,0.0075657894736842115,0.00746268656716418,0.0,0.0,0.1,0.7737988415509174,8
0.041717791411042954,0.038461538461538464,0.006637168141592921,0.006246682003185277,0.005275537634408602,0.005328947368421053,0.0049751243781094535,0.0,0.1,0.0,0.7913572106017013,7
0.04294478527607362,0.04307692307692308,0.006637168141592921,0.006936825340647674,0.0055107526881720435,0.005263157894736843,0.0063681592039801,0.0,0.1,0.0,0.7832622283778737,8
0.04294478527607362,0.04076923076923077,0.007079646017699116,0.006795257476552823,0.005443548387096775,0.006118421052631579,0.0052736318407960205,0.0,0.1,0.0,0.7855754791799192,6
0.04785276073619633,0.04846153846153846,0.007964601769911504,0.010953813484339055,0.009879032258064517,0.006578947368421053,0.008955223880597015,0.0,0.1,0.0,0.759354082040932,7
0.04846625766871167,0.047692307692307694,0.0084070796460177,0.011077685365422049,0.008803763440860216,0.009473684210526315,0.009253731343283583,0.0,0.1,0.0,0.7568254906328709,7
0.05092024539877301,0.047692307692307694,0.009292035398230088,0.012723411785524686,0.011223118279569894,0.010921052631578948,0.009104477611940298,0.0,0.1,0.0,0.7481233512020754,6
0.052760736196319026,0.04923076923076923,0.008849557522123895,0.013643602902141215,0.012903225806451615,0.009802631578947368,0.009950248756218907,0.0,0.1,0.0,0.7428592280070287,7
0.0588957055214724,0.054615384615384614,0.01017699115044248,0.02047425234471775,0.016801075268817207,0.013947368421052632,0.018308457711442787,0.0,0.1,0.0,0.7067807649666702,8
0.060122699386503074,0.06076923076923077,0.010619469026548672,0.023854185099982307,0.022345430107526883,0.01625,0.018407960199004977,0.0,0.0,0.1,0.6876310254112034,9
0.060122699386503074,0.05692307692307692,0.009292035398230088,0.018633870111484693,0.016733870967741937,0.013223684210526318,0.014726368159203982,0.1,0.0,0.0,0.710344394843233,7
0.06871165644171781,0.07153846153846154,0.014159292035398232,0.03650681295345957,0.02903225806451613,0.026644736842105266,0.03353233830845772,0.1,0.0,0.0,0.6198744438158837,9
0.06871165644171781,0.06923076923076923,0.012389380530973453,0.03185276942134136,0.031720430107526884,0.02394736842105263,0.021691542288557217,0.0,0.0,0.1,0.6404560835580614,7
0.07116564417177915,0.07076923076923078,0.013274336283185842,0.035975933463103876,0.03299731182795699,0.029078947368421055,0.026368159203980102,0.0,0.0,0.1,0.6203704369123422,9
0.07116564417177915,0.07384615384615384,0.01592920353982301,0.04422226154662892,0.03323252688172043,0.03552631578947369,0.03691542288557214,0.1,0.0,0.0,0.5891624713388488,8
0.07239263803680983,0.07230769230769231,0.011946902654867258,0.0413555122987082,0.0362231182795699,0.03671052631578948,0.02786069651741294,0.0,0.0,0.1,0.60120291358915,8
0.07300613496932516,0.07307692307692307,0.014601769911504426,0.040629976995222084,0.029838709677419358,0.028157894736842107,0.03681592039800995,0.1,0.0,0.0,0.6038726702347539,10
0.0736196319018405,0.07307692307692307,0.013274336283185842,0.03854185099982304,0.03491263440860215,0.029342105263157895,0.029054726368159204,0.0,0.0,0.1,0.6081777916983083,11
0.07484662576687118,0.07230769230769231,0.013716814159292037,0.036542204919483276,0.0334005376344086,0.02861842105263158,0.027711442786069657,0.0,0.0,0.1,0.6128562613735514,9
0.07730061349693253,0.07307692307692307,0.013274336283185842,0.04147938417979118,0.03602150537634409,0.03342105263157895,0.03144278606965174,0.1,0.0,0.0,0.5939833988855926,11
0.07852760736196321,0.07846153846153846,0.015044247787610623,0.048540081401521856,0.038104838709677416,0.04039473684210526,0.040696517412935326,0.0,0.0,0.1,0.5602304320226479,10
0.07975460122699388,0.08384615384615385,0.016371681415929203,0.05328260484869935,0.04411962365591398,0.044868421052631585,0.042786069651741296,0.1,0.0,0.0,0.5349708443019369,10
0.08711656441717792,0.08461538461538462,0.01769911504424779,0.06740399929216069,0.0592741935483871,0.05789473684210526,0.04975124378109453,0.0,0.0,0.1,0.47624476245944203,13
0.09079754601226996,0.09307692307692307,0.01769911504424779,0.0882144753141037,0.07698252688172043,0.0756578947368421,0.05208955223880597,0.0,0.0,0.1,0.40548196669508707,13
0.030674846625766878,0.02769230769230769,0.005752212389380532,0.002849053264908866,0.0023185483870967745,0.0024342105263157896,0.002139303482587065,0.0,0.1,0.0,0.8261395176316364,4
0.034355828220858906,0.03230769230769231,0.005752212389380532,0.003928508228632101,0.0028561827956989252,0.0037500000000000003,0.0029850746268656717,0.0,0.1,0.0,0.8140645014308716,6
0.03987730061349694,0.03692307692307692,0.006637168141592921,0.005379578835604318,0.004368279569892474,0.004013157894736843,0.004477611940298508,0.0,0.1,0.0,0.798323826081301,6
0.04294478527607362,0.04076923076923077,0.0084070796460177,0.007043001238718811,0.0049059139784946235,0.006447368421052632,0.005970149253731343,0.0,0.1,0.0,0.7835124714166805,5
0.0441717791411043,0.04153846153846154,0.007964601769911504,0.0077508405591930635,0.006518817204301076,0.005328947368421053,0.006467661691542289,0.0,0.1,0.0,0.7802588907270651,6
0.04478527607361964,0.04153846153846154,0.009292035398230088,0.007626968678110069,0.006149193548387097,0.00625,0.006268656716417911,0.0,0.1,0.0,0.7780894080467736,6
0.04539877300613498,0.04307692307692308,0.007964601769911504,0.009078039285082287,0.008434139784946237,0.008486842105263159,0.006417910447761195,0.0,0.1,0.0,0.7711427705239775,6
0.04601226993865031,0.04384615384615384,0.007964601769911504,0.009095735268094143,0.007022849462365591,0.008157894736842105,0.00746268656716418,0.0,0.1,0.0,0.7704378084108183,7
0.04662576687116565,0.04230769230769231,0.0084070796460177,0.00886568748894001,0.006350806451612904,0.008618421052631579,0.00746268656716418,0.0,0.1,0.0,0.7713618596147757,6
0.04846625766871167,0.04615384615384615,0.007964601769911504,0.009874358520615821,0.009005376344086023,0.006447368421052632,0.00746268656716418,0.0,0.1,0.0,0.764625504554612,8
0.052760736196319026,0.05153846153846154,0.009292035398230088,0.01337816315696337,0.01263440860215054,0.010328947368421054,0.008955223880597015,0.0,0.1,0.0,0.7411120238588573,6
0.0539877300613497,0.05384615384615384,0.011061946902654869,0.016138736506812953,0.014112903225806451,0.01256578947368421,0.013034825870646768,0.0,0.1,0.0,0.7252519141128912,8
0.05705521472392639,0.05692307692307692,0.008849557522123895,0.017890638824986725,0.015725806451612905,0.014473684210526316,0.01393034825870647,0.0,0.1,0.0,0.7151516730850404,7
0.05705521472392639,0.054615384615384614,0.01017699115044248,0.016651920014156787,0.013138440860215055,0.015526315789473685,0.012537313432835822,0.1,0.0,0.0,0.7202984194135651,7
0.0588957055214724,0.05692307692307692,0.011504424778761064,0.022757034153247216,0.023454301075268816,0.015197368421052633,0.013432835820895524,0.0,0.0,0.1,0.6978352533062254,8
0.05950920245398774,0.05692307692307692,0.008849557522123895,0.018156078570164574,0.014717741935483872,0.014144736842105264,0.012935323383084578,0.0,0.1,0.0,0.7147642823699731,7
0.060122699386503074,0.06153846153846154,0.01017699115044248,0.020138028667492477,0.017204301075268817,0.01743421052631579,0.014427860696517414,0.1,0.0,0.0,0.6989574469589983,9
0.060736196319018415,0.06153846153846154,0.012831858407079646,0.02045655636170589,0.017103494623655915,0.017171052631578948,0.0163681592039801,0.0,0.1,0.0,0.6937942209145196,8
0.061349693251533756,0.05923076923076923,0.009734513274336285,0.021093611750132718,0.02026209677419355,0.01368421052631579,0.015024875621890548,0.0,0.1,0.0,0.699620229570828,8
0.06196319018404909,0.060000000000000005,0.010619469026548672,0.020261900548575476,0.017170698924731186,0.01743421052631579,0.014527363184079602,0.1,0.0,0.0,0.6980231676057002,8
0.06380368098159511,0.060000000000000005,0.010619469026548672,0.02277473013625907,0.019388440860215055,0.020657894736842108,0.01601990049751244,0.0,0.0,0.1,0.6867358837610276,7
0.06380368098159511,0.06076923076923077,0.011061946902654869,0.02872058042824279,0.027116935483870973,0.021842105263157895,0.019900497512437814,0.0,0.0,0.1,0.6667850226588098,7
0.06441717791411045,0.06769230769230769,0.011061946902654869,0.02518138382587153,0.02153897849462366,0.020921052631578948,0.019054726368159206,0.1,0.0,0.0,0.6701324261706937,7
0.06748466257668713,0.06769230769230769,0.013716814159292037,0.0324013448947089,0.024495967741935486,0.02565789473684211,0.024875621890547265,0.0,0.0,0.1,0.6436753863076793,8
0.06809815950920248,0.06769230769230769,0.012831858407079646,0.03119801804990267,0.028897849462365593,0.02598684210526316,0.021442786069651745,0.1,0.0,0.0,0.6438521787042271,8
0.06809815950920248,0.06461538461538462,0.009734513274336285,0.03294992036807645,0.029872311827956993,0.022500000000000003,0.02238805970149254,0.1,0.0,0.0,0.6498416507035507,8
0.07055214723926381,0.07076923076923078,0.014601769911504426,0.03769244381525394,0.033501344086021505,0.028223684210526317,0.02800995024875622,0.1,0.0,0.0,0.6166494297194429,8
0.0736196319018405,0.07307692307692307,0.013716814159292037,0.04029375331799682,0.03373655913978495,0.030197368421052636,0.03084577114427861,0.0,0.0,0.1,0.6045131788388314,9
0.07484662576687118,0.07384615384615384,0.014159292035398232,0.04367368607326137,0.040188172043010756,0.031315789473684214,0.03134328358208956,0.1,0.0,0.0,0.5906269971795308,12
0.07484662576687118,0.07615384615384616,0.015486725663716814,0.0447177490709609,0.035618279569892476,0.041447368421052636,0.03437810945273632,0.1,0.0,0.0,0.5773512959009235,10
0.07484662576687118,0.07230769230769231,0.014159292035398232,0.03802866749247921,0.03309811827956989,0.03105263157894737,0.028855721393034828,0.1,0.0,0.0,0.6076512511460069,8
0.07546012269938651,0.0776923076923077,0.0168141592920354,0.049654928331268805,0.04512768817204301,0.03848684210526316,0.03631840796019901,0.0,0.0,0.1,0.5604455437474964,8
0.07607361963190186,0.07461538461538461,0.014601769911504426,0.04008140152185454,0.035181451612903224,0.032960526315789475,0.02810945273631841,0.0,0.0,0.1,0.5983763936543434,9
0.0766871165644172,0.07615384615384616,0.014159292035398232,0.03933817023535657,0.030208333333333337,0.037171052631578945,0.034328358208955224,0.1,0.0,0.0,0.5919538308371143,11
0.0766871165644172,0.07230769230769231,0.015044247787610623,0.044416917359759334,0.03528225806451613,0.03177631578947369,0.040298507462686574,0.1,0.0,0.0,0.5841869446638441,10
0.0766871165644172,0.07461538461538461,0.015044247787610623,0.050858255176075035,0.039348118279569896,0.038552631578947366,0.0472636815920398,0.0,0.0,0.1,0.5576305644059554,11
0.07791411042944786,0.07615384615384616,0.013716814159292037,0.048256945673332156,0.03918010752688172,0.03927631578947369,0.029353233830845774,0.0,0.0,0.1,0.5761486264368806,10
0.07852760736196321,0.07384615384615384,0.017256637168141596,0.04047071314811538,0.03303091397849463,0.030855263157894736,0.035124378109452736,0.1,0.0,0.0,0.5908883332297838,9
0.07852760736196321,0.07692307692307693,0.015044247787610623,0.05147761458149,0.04314516129032259,0.04703947368421053,0.03522388059701493,0.0,0.0,0.1,0.5526189377743113,9
0.08098159509202456,0.08076923076923077,0.01592920353982301,0.05230932578304725,0.03907930107526882,0.05013157894736842,0.03701492537313433,0.0,0.0,0.1,0.5437848394201028,10
0.08159509202453989,0.08,0.014601769911504426,0.05975933463103875,0.04902553763440861,0.053552631578947366,0.04243781094527364,0.1,0.0,0.0,0.5190278232742873,11
0.08773006134969326,0.09,0.02035398230088496,0.0733498495841444,0.05816532258064517,0.05388157894736842,0.05621890547263682,0.1,0.0,0.0,0.46030029976462694,10
0.0883435582822086,0.08692307692307691,0.01769911504424779,0.06324544328437445,0.048252688172043014,0.05065789473684211,0.05263681592039802,0.0,0.0,0.1,0.492241407636809,11
0.08895705521472394,0.08923076923076922,0.016371681415929203,0.053901964254114317,0.05406586021505377,0.04730263157894737,0.043532338308457715,0.1,0.0,0.0,0.5066376997820045,9
0.02024539877300614,0.01846153846153846,0.004424778761061948,0.000743231286497965,0.0005040322580645161,0.0005921052631578947,0.0013930348258706469,0.0,0.1,0.0,0.8536358803708024,3
0.025766871165644176,0.023076923076923075,0.004867256637168142,0.0016103344540789241,0.0013440860215053765,0.0008552631578947369,0.0012935323383084579,0.0,0.1,0.0,0.8411857331484771,4
0.04355828220858896,0.04076923076923077,0.007522123893805311,0.008617943726774022,0.008198924731182796,0.006907894736842105,0.005970149253731343,0.0,0.1,0.0,0.7784554506798447,6
0.049079754601227,0.04846153846153846,0.007522123893805311,0.009467350911343125,0.007795698924731183,0.0076973684210526324,0.007611940298507464,0.0,0.1,0.0,0.7623642244877948,6
0.049079754601227,0.04461538461538461,0.008849557522123895,0.009131127234117856,0.006989247311827957,0.0077631578947368425,0.008109452736318409,0.0,0.1,0.0,0.7654623180842635,7
0.049079754601227,0.04615384615384615,0.009734513274336285,0.010564501858078217,0.009240591397849465,0.009342105263157895,0.00746268656716418,0.0,0.1,0.0,0.7584220008843408,6
0.05337423312883437,0.05153846153846154,0.009734513274336285,0.014546098035745886,0.013608870967741937,0.01243421052631579,0.009950248756218907,0.0,0.1,0.0,0.7348133637723453,7
0.0539877300613497,0.050769230769230775,0.009734513274336285,0.013448947089010795,0.013239247311827958,0.010394736842105264,0.008955223880597015,0.0,0.1,0.0,0.7394703707715422,7
0.05521472392638038,0.05230769230769231,0.009292035398230088,0.015519377101397983,0.014112903225806451,0.012171052631578947,0.011940298507462687,0.0,0.1,0.0,0.7294419169014512,8
0.05705521472392639,0.05307692307692307,0.009292035398230088,0.014209874358520617,0.016263440860215056,0.004539473684210527,0.010845771144278609,0.0,0.1,0.0,0.7347172667536956,6
0.057668711656441725,0.054615384615384614,0.012831858407079646,0.01587329676163511,0.010483870967741936,0.013421052631578946,0.012238805970149255,0.0,0.1,0.0,0.7228670189899887,7
0.057668711656441725,0.054615384615384614,0.01017699115044248,0.014705361882852592,0.011223118279569894,0.01105263157894737,0.013830845771144282,0.0,0.1,0.0,0.726726955065217,7
0.058282208588957066,0.06461538461538462,0.014159292035398232,0.025110599893824102,0.023521505376344086,0.01980263157894737,0.018358208955223883,0.0,0.1,0.0,0.6761501689559206,8
0.05950920245398774,0.05692307692307692,0.01017699115044248,0.02254468235710494,0.025537634408602152,0.01756578947368421,0.0127363184079602,0.0,0.1,0.0,0.6950063048251414,7
0.06196319018404909,0.07307692307692307,0.014159292035398232,0.03947973809945143,0.03420698924731183,0.031447368421052634,0.030497512437810948,0.1,0.0,0.0,0.6151689864980028,8
0.06257668711656443,0.062307692307692314,0.011504424778761064,0.021199787648203856,0.020598118279569894,0.015197368421052633,0.014776119402985075,0.0,0.1,0.0,0.6918398020451708,8
0.06380368098159511,0.05846153846153846,0.011504424778761064,0.018917005839674393,0.015961021505376344,0.01605263157894737,0.01527363184079602,0.0,0.1,0.0,0.7000260650133112,8
0.06503067484662578,0.06461538461538462,0.012389380530973453,0.022190762696867813,0.019522849462365592,0.015328947368421055,0.018208955223880597,0.1,0.0,0.0,0.682713045255481,8
0.06564417177914111,0.06461538461538462,0.014159292035398232,0.02642010263670147,0.02338709677419355,0.01993421052631579,0.02174129353233831,0.0,0.0,0.1,0.664098448100527,10
0.06748466257668713,0.06769230769230769,0.014159292035398232,0.03486108653335693,0.03121639784946237,0.026447368421052636,0.026865671641791048,0.0,0.0,0.1,0.6312732132499439,8
0.06809815950920248,0.06769230769230769,0.012831858407079646,0.030083171120155724,0.027990591397849464,0.02217105263157895,0.022885572139303485,0.0,0.0,0.1,0.6482472871025226,8
0.06809815950920248,0.06769230769230769,0.013274336283185842,0.029658467527871175,0.027923387096774194,0.019210526315789473,0.022885572139303485,0.0,0.0,0.1,0.6512572434355657,8
0.06809815950920248,0.06615384615384615,0.011946902654867258,0.02873827641125465,0.02725134408602151,0.02144736842105263,0.022039800995024877,0.1,0.0,0.0,0.6543243017687305,9
0.06871165644171781,0.06384615384615384,0.011504424778761064,0.026950982127057158,0.02483198924731183,0.022368421052631583,0.01945273631840796,0.0,0.0,0.1,0.6623336361879587,8
0.07055214723926381,0.06769230769230769,0.012831858407079646,0.030791010440629978,0.026512096774193552,0.02888157894736842,0.02238805970149254,0.0,0.0,0.1,0.6403509407976643,8
0.07177914110429448,0.06923076923076923,0.012831858407079646,0.03480799858432136,0.032560483870967744,0.031842105263157894,0.021890547263681594,0.1,0.0,0.0,0.625057096275728,9
0.07239263803680983,0.07076923076923078,0.012831858407079646,0.03287913643602902,0.025537634408602152,0.031578947368421054,0.02537313432835821,0.0,0.0,0.1,0.6286374202454693,10
0.07300613496932516,0.07230769230769231,0.014601769911504426,0.03594054149708017,0.03299731182795699,0.02506578947368421,0.028756218905472638,0.1,0.0,0.0,0.6173245411072841,9
0.0736196319018405,0.06307692307692307,0.012831858407079646,0.033233056096266145,0.030073924731182797,0.02578947368421053,0.026666666666666672,0.0,0.0,0.1,0.6347084654358306,8
0.0736196319018405,0.07307692307692307,0.014159292035398232,0.04119624845160148,0.03390456989247312,0.03467105263157895,0.03333333333333334,0.0,0.0,0.1,0.5960389486768514,12
0.07484662576687118,0.07230769230769231,0.015486725663716814,0.04296584675278712,0.03571908602150538,0.037302631578947365,0.03233830845771145,0.0,0.0,0.1,0.5890330834507684,10
0.07546012269938651,0.07538461538461538,0.0168141592920354,0.040152185453901965,0.03155241935483871,0.033815789473684216,0.03462686567164179,0.1,0.0,0.0,0.5921938426698959,11
0.07607361963190186,0.07846153846153846,0.01592920353982301,0.043638294107237664,0.03978494623655914,0.03605263157894737,0.03203980099502488,0.1,0.0,0.0,0.5780199654489676,10
0.0766871165644172,0.07615384615384616,0.01592920353982301,0.03827641125464519,0.031686827956989246,0.03342105263157895,0.031194029850746274,0.0,0.0,0.1,0.596651512047954,10
0.0766871165644172,0.07230769230769231,0.015486725663716814,0.04172712794195718,0.04065860215053763,0.033947368421052636,0.026965174129353238,0.0,0.0,0.1,0.592220192821273,9
0.07852760736196321,0.07692307692307693,0.014601769911504426,0.04117855246858963,0.03723118279569893,0.031447368421052634,0.0318407960199005,0.1,0.0,0.0,0.5882496460982138,11
0.07852760736196321,0.07307692307692307,0.015486725663716814,0.04086002477437622,0.032694892473118284,0.044868421052631585,0.028656716417910448,0.1,0.0,0.0,0.5858286891793604,9
0.07914110429447854,0.08,0.015486725663716814,0.04723057865864449,0.044825268817204306,0.03506578947368422,0.035323383084577116,0.1,0.0,0.0,0.5629271500076946,10
0.07975460122699388,0.0776923076923077,0.01592920353982301,0.05199079808883384,0.04781586021505377,0.043881578947368424,0.037810945273631845,0.0,0.0,0.1,0.5451247050159875,9
0.08036809815950922,0.08,0.01592920353982301,0.052804813307379225,0.04828629032258065,0.04736842105263158,0.035323383084577116,0.0,0.0,0.1,0.5399197905334993,11
0.08036809815950922,0.08307692307692308,0.015486725663716814,0.05515837904795612,0.04895833333333334,0.05289473684210527,0.03830845771144279,0.1,0.0,0.0,0.5257483461650133,11
0.08098159509202456,0.07692307692307693,0.015486725663716814,0.0469828348964785,0.037365591397849465,0.03690789473684211,0.04064676616915423,0.1,0.0,0.0,0.5647055151208573,9
0.08220858895705524,0.08076923076923077,0.01592920353982301,0.058803751548398515,0.05379704301075269,0.047960526315789474,0.042786069651741296,0.0,0.0,0.1,0.517745586207209,10
0.08466257668711658,0.08076923076923077,0.0168141592920354,0.052804813307379225,0.04317876344086022,0.051381578947368424,0.041791044776119404,0.1,0.0,0.0,0.5285978327798899,12
0.08588957055214724,0.08846153846153845,0.01769911504424779,0.06145814900017696,0.05211693548387097,0.05217105263157895,0.045870646766169164,0.1,0.0,0.0,0.4963329920602705,11
0.08588957055214724,0.08615384615384616,0.015486725663716814,0.05876835958237481,0.057829301075268826,0.0430921052631579,0.03960199004975125,0.1,0.0,0.0,0.513178101659737,11
0.08711656441717792,0.08769230769230768,0.017256637168141596,0.047708370199964614,0.060383064516129036,0.05835526315789474,0.045124378109452745,0.0,0.0,0.1,0.49636341473893164,11
0.08773006134969326,0.08384615384615385,0.01592920353982301,0.06159971686427181,0.058534946236559145,0.045657894736842106,0.04467661691542289,0.0,0.0,0.1,0.5020254065112338,10
0.0883435582822086,0.08384615384615385,0.016371681415929203,0.06082109361175013,0.05325940860215054,0.052763157894736845,0.04656716417910448,0.1,0.0,0.0,0.4980277821679663,11
0.026380368098159513,0.023076923076923075,0.004867256637168142,0.0014510706069722173,0.0010080645161290322,0.0011842105263157893,0.0012437810945273634,0.0,0.1,0.0,0.8407883254438049,3
0.0294478527607362,0.02846153846153846,0.005309734513274336,0.0023181737745531766,0.0019825268817204303,6.578947368421052e-05,0.0019900497512437814,0.0,0.1,0.0,0.8304243343832494,4
0.031901840490797556,0.031538461538461536,0.0061946902654867264,0.003433020704300124,0.0027889784946236564,0.0025,0.0030348258706467666,0.0,0.1,0.0,0.8186081826356836,4
0.039263803680981604,0.03692307692307692,0.007522123893805311,0.004636347549106353,0.004133064516129032,0.003486842105263158,0.0037810945273631844,0.0,0.1,0.0,0.8002536468042745,6
0.04049079754601228,0.03538461538461539,0.007522123893805311,0.005998938241019289,0.005309139784946237,0.0034210526315789475,0.0050248756218905484,0.0,0.1,0.0,0.796848456896132,6
0.04110429447852762,0.04,0.007522123893805311,0.006795257476552823,0.006518817204301076,0.003947368421052632,0.0053731343283582094,0.0,0.1,0.0,0.7887390041974023,6
0.04294478527607362,0.04,0.007964601769911504,0.006246682003185277,0.004838709677419355,0.004671052631578947,0.005721393034825871,0.0,0.1,0.0,0.7876127756070054,7
0.04294478527607362,0.04076923076923077,0.007522123893805311,0.006140506105114139,0.005208333333333334,0.004473684210526316,0.005572139303482587,0.0,0.1,0.0,0.7873691971084339,6
0.0441717791411043,0.04076923076923077,0.006637168141592921,0.0063174659352327025,0.005275537634408602,0.004605263157894737,0.0053731343283582094,0.0,0.1,0.0,0.7868504208921778,6
0.0441717791411043,0.04076923076923077,0.007964601769911504,0.007273049017872943,0.006451612903225807,0.004868421052631579,0.00582089552238806,0.0,0.1,0.0,0.7826804098236351,7
0.04478527607361964,0.04230769230769231,0.007964601769911504,0.00829941603256061,0.007258064516129033,0.006710526315789473,0.006218905472636816,0.0,0.1,0.0,0.7764555175116605,7
0.04662576687116565,0.04384615384615384,0.007964601769911504,0.00815784816846576,0.006754032258064517,0.005131578947368421,0.007711442786069653,0.0,0.1,0.0,0.7738085753528007,7
0.049079754601227,0.047692307692307694,0.01017699115044248,0.011113077331445762,0.010383064516129033,0.007828947368421053,0.008656716417910448,0.0,0.1,0.0,0.7550691409221165,6
0.049079754601227,0.04846153846153846,0.007964601769911504,0.011679348787825165,0.010147849462365592,0.008947368421052633,0.007960199004975126,0.0,0.1,0.0,0.7557593394911045,6
0.049079754601227,0.04076923076923077,0.008849557522123895,0.009821270571580252,0.008366935483870968,0.007960526315789473,0.007960199004975126,0.0,0.1,0.0,0.7671925257312026,9
0.05214723926380369,0.05,0.009734513274336285,0.014333746239603611,0.011391129032258066,0.012105263157894737,0.010597014925373136,0.0,0.1,0.0,0.7396910941067305,8
0.052760736196319026,0.05,0.009292035398230088,0.010936117501327199,0.00799731182795699,0.010526315789473686,0.009751243781094529,0.0,0.1,0.0,0.7487362395055984,6
0.05337423312883437,0.05153846153846154,0.009734513274336285,0.015519377101397983,0.01394489247311828,0.009407894736842105,0.013084577114427863,0.0,0.0,0.1,0.7333960506325815,7
0.05337423312883437,0.05230769230769231,0.010619469026548672,0.014015218545390198,0.011928763440860215,0.010657894736842106,0.012437810945273632,0.0,0.1,0.0,0.7346589178685585,8
0.05460122699386504,0.054615384615384614,0.0084070796460177,0.01279419571757211,0.009509408602150538,0.010328947368421054,0.011940298507462687,0.0,0.1,0.0,0.7378034585491262,8
0.05521472392638038,0.05384615384615384,0.009734513274336285,0.018191470536188286,0.017002688172043014,0.01375,0.01393034825870647,0.0,0.1,0.0,0.7183301019861916,8
0.055828220858895716,0.06692307692307692,0.009734513274336285,0.015094673509113431,0.01310483870967742,0.011842105263157895,0.011990049751243782,0.0,0.1,0.0,0.7154825217104985,8
0.05644171779141106,0.05230769230769231,0.007964601769911504,0.013590514953105646,0.012063172043010753,0.008947368421052633,0.010945273631840797,0.0,0.1,0.0,0.7377396590819754,8
0.058282208588957066,0.054615384615384614,0.011061946902654869,0.017218191470536187,0.01448252688172043,0.014539473684210527,0.014129353233830846,0.0,0.1,0.0,0.7156709146227055,9
0.058282208588957066,0.05538461538461538,0.011946902654867258,0.015413201203326845,0.01317204301075269,0.012171052631578947,0.012437810945273632,0.0,0.1,0.0,0.7211921655806282,8
0.058282208588957066,0.05384615384615384,0.01017699115044248,0.017625199079808883,0.015961021505376344,0.013026315789473686,0.01393034825870647,0.0,0.1,0.0,0.7171517617810812,7
0.0588957055214724,0.054615384615384614,0.011061946902654869,0.017483631215714033,0.016028225806451614,0.01098684210526316,0.01492537313432836,0.0,0.1,0.0,0.7160028906987309,9
0.060736196319018415,0.05692307692307692,0.010619469026548672,0.021022827818085295,0.018817204301075273,0.014473684210526316,0.013681592039800997,0.1,0.0,0.0,0.7037259493618682,7
0.061349693251533756,0.05615384615384615,0.011061946902654869,0.018686958060520262,0.015389784946236561,0.013552631578947368,0.0163681592039801,0.0,0.1,0.0,0.7074369799022809,9
0.06196319018404909,0.060000000000000005,0.01017699115044248,0.019766413024243496,0.017305107526881722,0.015657894736842107,0.01527363184079602,0.0,0.0,0.1,0.6998567715367451,8
0.06319018404907976,0.06153846153846154,0.011946902654867258,0.022509290391081224,0.020530913978494623,0.015986842105263157,0.01845771144278607,0.0,0.1,0.0,0.6858396938399663,9
0.06441717791411045,0.060000000000000005,0.009292035398230088,0.020067244735445054,0.019321236559139785,0.014144736842105264,0.01592039800995025,0.0,0.1,0.0,0.6968371705410191,8
0.06503067484662578,0.062307692307692314,0.011504424778761064,0.023411785524685896,0.019791666666666666,0.01835526315789474,0.018905472636815922,0.0,0.1,0.0,0.6806930200808576,9
0.06503067484662578,0.06461538461538462,0.011504424778761064,0.023287913643602904,0.01989247311827957,0.01638157894736842,0.019701492537313434,0.0,0.1,0.0,0.6795860575126642,8
0.06564417177914111,0.06384615384615384,0.011946902654867258,0.027605733498495842,0.02127016129032258,0.02223684210526316,0.023532338308457714,0.0,0.0,0.1,0.6639176965172985,8
0.06564417177914111,0.06307692307692307,0.011504424778761064,0.021500619359405417,0.018010752688172045,0.01611842105263158,0.01965174129353234,0.0,0.1,0.0,0.6844929459714333,9
0.06625766871165646,0.06307692307692307,0.011946902654867258,0.024862856131658114,0.020833333333333336,0.023289473684210527,0.019900497512437814,0.0,0.1,0.0,0.6698323448949134,8
0.06748466257668713,0.06538461538461539,0.013716814159292037,0.030879490355689262,0.02768817204301075,0.024605263157894738,0.024129353233830846,0.0,0.1,0.0,0.6461116290889798,10
0.06932515337423313,0.06923076923076923,0.015486725663716814,0.04376216598832065,0.03565188172043011,0.03230263157894737,0.03064676616915423,0.1,0.0,0.0,0.6035939062744284,10
0.06993865030674848,0.07230769230769231,0.013716814159292037,0.041974871704123166,0.042708333333333334,0.030460526315789476,0.027562189054726374,0.0,0.0,0.1,0.6013309228182948,10
0.06993865030674848,0.06461538461538462,0.011504424778761064,0.027411077685365423,0.023756720430107528,0.01980263157894737,0.023532338308457714,0.0,0.1,0.0,0.6594387722962278,9
0.06993865030674848,0.06461538461538462,0.014159292035398232,0.03141036984604495,0.028998655913978495,0.02519736842105263,0.022189054726368163,0.1,0.0,0.0,0.6434912241350245,8
0.07055214723926381,0.07,0.013716814159292037,0.030879490355689262,0.023454301075268816,0.02756578947368421,0.028358208955223882,0.0,0.1,0.0,0.635473248741578,8
0.07055214723926381,0.06769230769230769,0.011061946902654869,0.030136259069191297,0.03061155913978495,0.022565789473684213,0.01955223880597015,0.0,0.1,0.0,0.647827751677143,9
0.07055214723926381,0.07307692307692307,0.014159292035398232,0.03167580959122279,0.02422715053763441,0.029078947368421055,0.026965174129353238,0.1,0.0,0.0,0.6302645560217833,9
0.07055214723926381,0.06923076923076923,0.013716814159292037,0.03135728189700938,0.02422715053763441,0.027763157894736844,0.025621890547263684,0.0,0.0,0.1,0.6375307884940306,9
0.07116564417177915,0.07076923076923078,0.012389380530973453,0.03279065652096974,0.027788978494623657,0.024276315789473684,0.026865671641791048,0.0,0.1,0.0,0.6339541220811584,10
0.07116564417177915,0.07076923076923078,0.012389380530973453,0.029357635816669617,0.026310483870967745,0.021710526315789475,0.023681592039800997,0.0,0.1,0.0,0.6446155064847888,10
0.07116564417177915,0.07230769230769231,0.013274336283185842,0.032100513183507345,0.029838709677419358,0.024407894736842108,0.024328358208955226,0.0,0.1,0.0,0.6325768514306187,11
0.07116564417177915,0.07230769230769231,0.014601769911504426,0.03684303663068483,0.036290322580645164,0.021842105263157895,0.027761194029850753,0.0,0.0,0.1,0.6191882351046855,9
0.07177914110429448,0.07153846153846154,0.014601769911504426,0.033109184215183156,0.027116935483870973,0.029934210526315792,0.02577114427860697,0.1,0.0,0.0,0.6261491529417627,9
0.07177914110429448,0.07076923076923078,0.014601769911504426,0.037444700053087955,0.032661290322580645,0.03289473684210526,0.029253731343283584,0.1,0.0,0.0,0.6105953996539129,9
0.07300613496932516,0.07153846153846154,0.012831858407079646,0.028154308971863388,0.023017473118279574,0.02361842105263158,0.024129353233830846,0.1,0.0,0.0,0.6437039887085283,10
0.0736196319018405,0.07230769230769231,0.015044247787610623,0.03824101928862148,0.033568548387096775,0.02953947368421053,0.031890547263681596,0.1,0.0,0.0,0.6057888393792462,9
0.0736196319018405,0.07230769230769231,0.013274336283185842,0.032843744470005314,0.028393817204301078,0.024078947368421054,0.027363184079601994,0.0,0.0,0.1,0.6281186463849519,8
0.0736196319018405,0.07307692307692307,0.013716814159292037,0.03748009201911166,0.02963709677419355,0.025,0.038805970149253737,0.1,0.0,0.0,0.6086634719193854,11
0.0736196319018405,0.07307692307692307,0.02035398230088496,0.0409485046894355,0.03508064516129033,0.02940789473684211,0.03582089552238806,0.0,0.0,0.1,0.5916915226103955,11
0.0736196319018405,0.07307692307692307,0.015044247787610623,0.03850645903379933,0.03296370967741936,0.032565789473684215,0.03084577114427861,0.1,0.0,0.0,0.6033774679044444,10
0.0736196319018405,0.07461538461538461,0.012831858407079646,0.027464165634400992,0.023823924731182795,0.020855263157894738,0.023781094527363187,0.1,0.0,0.0,0.6430086770248535,9
0.07607361963190186,0.07384615384615384,0.014601769911504426,0.03691382056273226,0.03249327956989247,0.029078947368421055,0.03084577114427861,0.1,0.0,0.0,0.6061466379651155,10
0.0766871165644172,0.07384615384615384,0.014159292035398232,0.04039992921606795,0.03894489247311828,0.028223684210526317,0.028855721393034828,0.0,0.0,0.1,0.5988832102612834,9
0.0766871165644172,0.07307692307692307,0.014159292035398232,0.04719518669262077,0.04065860215053763,0.03782894736842105,0.03174129353233831,0.1,0.0,0.0,0.5786526385793437,10
0.0766871165644172,0.07692307692307693,0.015486725663716814,0.045053972748186163,0.03790322580645161,0.03973684210526316,0.03721393034825871,0.1,0.0,0.0,0.5709951098406294,9
0.0766871165644172,0.07538461538461538,0.014601769911504426,0.041886391789063886,0.034744623655913985,0.03125,0.038805970149253737,0.0,0.0,0.1,0.5866395125452314,11
0.0766871165644172,0.07461538461538461,0.014159292035398232,0.04294815076977526,0.04240591397849463,0.02940789473684211,0.030049751243781096,0.0,0.0,0.1,0.5897264960559068,9
0.07730061349693253,0.07153846153846154,0.013274336283185842,0.03650681295345957,0.02866263440860215,0.031578947368421054,0.03233830845771145,0.0,0.1,0.0,0.6087998854932258,11
0.07791411042944786,0.07615384615384616,0.015044247787610623,0.048469297469474426,0.04415322580645162,0.040197368421052634,0.03631840796019901,0.0,0.0,0.1,0.5617494959719176,10
0.07975460122699388,0.07923076923076923,0.016371681415929203,0.048646257299592995,0.05040322580645162,0.02375,0.03671641791044777,0.0,0.0,0.1,0.5651270471098153,12
0.07975460122699388,0.07923076923076923,0.01592920353982301,0.051778446292691564,0.04422043010752689,0.04125,0.0409452736318408,0.0,0.0,0.1,0.5468912759703546,11
0.07975460122699388,0.08,0.017256637168141596,0.057600424703592286,0.046303763440860214,0.051381578947368424,0.042985074626865676,0.1,0.0,0.0,0.5247179198861779,11
0.07975460122699388,0.07307692307692307,0.014601769911504426,0.049106352857901256,0.038978494623655914,0.04585526315789474,0.030796019900497514,0.1,0.0,0.0,0.5678305752446292,9
0.08036809815950922,0.08076923076923077,0.014159292035398232,0.05167227039462042,0.04610215053763442,0.04092105263157895,0.040298507462686574,0.0,0.0,0.1,0.5457093980093414,11
0.08036809815950922,0.08153846153846155,0.014601769911504426,0.04542558839143515,0.03918010752688172,0.016513157894736844,0.03980099502487563,0.1,0.0,0.0,0.5825718215525955,8
0.08098159509202456,0.07692307692307693,0.013716814159292037,0.048717041231640425,0.043581989247311825,0.03789473684210526,0.03333333333333334,0.1,0.0,0.0,0.5648514131712156,12
0.08098159509202456,0.07923076923076923,0.01769911504424779,0.05827287205804283,0.05033602150537635,0.05552631578947369,0.039900497512437814,0.0,0.0,0.1,0.5180528137676278,11
0.08282208588957057,0.07923076923076923,0.012831858407079646,0.04477083701999646,0.04049059139784947,0.039342105263157894,0.03233830845771145,0.0,0.0,0.1,0.5681734443338653,10
0.08404907975460124,0.08153846153846155,0.015044247787610623,0.055211466996991684,0.04348118279569893,0.05039473684210526,0.046268656716417916,0.0,0.0,0.1,0.5240121675681129,11
0.08773006134969326,0.08,0.01592920353982301,0.05662714563794019,0.047580645161290326,0.04638157894736842,0.04427860696517413,0.0,0.0,0.1,0.5214727583987107,12
0.09018404907975462,0.08538461538461539,0.01946902654867257,0.08256945673332154,0.08329973118279571,0.047960526315789474,0.06164179104477613,0.0,0.0,0.1,0.4294908037102746,12
0.02147239263803681,0.019230769230769232,0.003539823008849558,0.0009909750486639534,0.0006384408602150538,0.0010526315789473684,0.0008955223880597015,0.0,0.1,0.0,0.8521794452464584,4
0.04539877300613498,0.04384615384615384,0.0084070796460177,0.007998584321359052,0.0076276881720430114,0.006776315789473684,0.006716417910447762,0.0,0.1,0.0,0.77322898730837,8
0.04846625766871167,0.04615384615384615,0.007964601769911504,0.010104406299769952,0.009307795698924733,0.008223684210526315,0.007661691542288558,0.0,0.1,0.0,0.7621177166560211,5
0.05153374233128835,0.05,0.009734513274336285,0.011502388957706602,0.008366935483870968,0.00993421052631579,0.010199004975124378,0.0,0.1,0.0,0.7487292044513576,7
0.055828220858895716,0.05692307692307692,0.009734513274336285,0.018191470536188286,0.016028225806451614,0.01625,0.012537313432835822,0.0,0.1,0.0,0.7145071791682154,8
0.060736196319018415,0.057692307692307696,0.01017699115044248,0.02036807644664661,0.020833333333333336,0.015065789473684211,0.013880597014925377,0.0,0.1,0.0,0.7012467085696419,8
0.06257668711656443,0.057692307692307696,0.009734513274336285,0.020545036276765176,0.019254032258064515,0.015526315789473685,0.014726368159203982,0.1,0.0,0.0,0.6999447394332843,7
0.06319018404907976,0.060000000000000005,0.012389380530973453,0.023995752964077157,0.02291666666666667,0.01743421052631579,0.011840796019900499,0.0,0.0,0.1,0.6882330092429866,8
0.0668711656441718,0.06615384615384615,0.013716814159292037,0.028437444700053088,0.027486559139784945,0.01894736842105263,0.02268656716417911,0.0,0.0,0.1,0.6557002346176202,7
0.06809815950920248,0.062307692307692314,0.010619469026548672,0.03231286497964962,0.030813172043010754,0.02578947368421053,0.02054726368159204,0.1,0.0,0.0,0.6495119047680936,9
0.07116564417177915,0.06923076923076923,0.014159292035398232,0.030702530525570697,0.026444892473118282,0.029078947368421055,0.021393034825870648,0.0,0.0,0.1,0.6378248893690727,9
0.07239263803680983,0.07153846153846154,0.015044247787610623,0.036896124579720406,0.0311491935483871,0.031578947368421054,0.026865671641791048,0.1,0.0,0.0,0.6145347154987983,10
0.0736196319018405,0.07076923076923078,0.01592920353982301,0.040346841267032384,0.02842741935483871,0.03388157894736842,0.03631840796019901,0.0,0.0,0.1,0.6007076862596672,10
0.07484662576687118,0.07538461538461538,0.015044247787610623,0.04769067421695275,0.047345430107526884,0.03289473684210526,0.03029850746268657,0.1,0.0,0.0,0.5764951624316313,11
0.07546012269938651,0.07307692307692307,0.013716814159292037,0.03799327552645549,0.02940188172043011,0.03401315789473684,0.03084577114427861,0.0,0.0,0.1,0.6054920537784974,11
0.07546012269938651,0.07307692307692307,0.0168141592920354,0.05073438329499204,0.04915994623655914,0.04013157894736842,0.03268656716417911,0.0,0.0,0.1,0.5619363192885563,9
0.07546012269938651,0.07615384615384616,0.01769911504424779,0.046151123694921255,0.03894489247311828,0.04098684210526316,0.03691542288557214,0.0,0.0,0.1,0.5676886349436447,14
0.07607361963190186,0.07076923076923078,0.014159292035398232,0.03364006370553885,0.03303091397849463,0.026315789473684213,0.02268656716417911,0.0,0.0,0.1,0.6233245232415723,9
0.07730061349693253,0.07923076923076923,0.015044247787610623,0.049017872942841975,0.042708333333333334,0.03888157894736842,0.037810945273631845,0.0,0.0,0.1,0.560005638987512,11
0.07852760736196321,0.07692307692307693,0.015044247787610623,0.03963900194655814,0.0332997311827957,0.03480263157894737,0.0318407960199005,0.1,0.0,0.0,0.5899229071991475,12
0.07852760736196321,0.07692307692307693,0.015044247787610623,0.044753141036984606,0.03797043010752688,0.04440789473684211,0.03134328358208956,0.1,0.0,0.0,0.5710303184639061,9
0.08036809815950922,0.07,0.015044247787610623,0.04512475668023359,0.03918010752688172,0.03986842105263158,0.03313432835820896,0.1,0.0,0.0,0.5772800404349243,8
0.08036809815950922,0.0776923076923077,0.014601769911504426,0.044947796850115025,0.04055779569892474,0.034473684210526316,0.03333333333333334,0.0,0.0,0.1,0.5740252141437793,10
0.08098159509202456,0.08153846153846155,0.015486725663716814,0.056025482215537076,0.0496975806451613,0.04611842105263158,0.040298507462686574,0.0,0.0,0.1,0.5298532263297805,10
0.08159509202453989,0.07692307692307693,0.015486725663716814,0.05080516722703946,0.04321236559139786,0.04539473684210526,0.03681592039800995,0.1,0.0,0.0,0.5497669153301138,9
0.08220858895705524,0.08076923076923077,0.017256637168141596,0.05025659175367191,0.03850806451612903,0.04842105263157895,0.03885572139303483,0.1,0.0,0.0,0.5437241128111577,10
0.08466257668711658,0.08153846153846155,0.0168141592920354,0.05646788179083348,0.04556451612903226,0.04355263157894737,0.04776119402985075,0.0,0.0,0.1,0.5236385789537226,10
0.08773006134969326,0.08076923076923077,0.01769911504424779,0.06689081578481684,0.06384408602150538,0.05736842105263158,0.04283582089552239,0.0,0.0,0.1,0.482862449082352,10
0.09018404907975462,0.08692307692307691,0.019911504424778764,0.0720934347903026,0.058467741935483875,0.06769736842105263,0.0564676616915423,0.1,0.0,0.0,0.44825516273400834,13
0.03312883435582823,0.031538461538461536,0.004424778761061948,0.00297292514599186,0.0020161290322580645,0.0024342105263157896,0.002885572139303483,0.0,0.1,0.0,0.820599088500779,6
0.03496932515337424,0.03461538461538462,0.0061946902654867264,0.0035568925853831186,0.0028561827956989252,0.0024342105263157896,0.0034825870646766175,0.0,0.1,0.0,0.8118907269936799,7
0.036196319018404914,0.033846153846153845,0.007522123893805311,0.0045478676340470715,0.003931451612903226,0.0035526315789473684,0.0036318407960199005,0.0,0.1,0.0,0.8067716116197183,5
0.03680981595092025,0.03461538461538462,0.006637168141592921,0.004760219430189347,0.003830645161290323,0.00368421052631579,0.004378109452736319,0.0,0.1,0.0,0.8052844467215704,5
0.03680981595092025,0.033846153846153845,0.005752212389380532,0.0042293399398336574,0.0034946236559139786,0.0020394736842105263,0.0034825870646766175,0.0,0.1,0.0,0.8103457934689107,5
0.0441717791411043,0.04076923076923077,0.007522123893805311,0.0067067775614935415,0.004872311827956989,0.006776315789473684,0.005472636815920398,0.0,0.1,0.0,0.7837088242010151,6
0.04539877300613498,0.04230769230769231,0.0084070796460177,0.009095735268094143,0.006821236559139786,0.007236842105263158,0.008208955223880599,0.0,0.1,0.0,0.7725236858837774,6
0.04785276073619633,0.04461538461538461,0.007964601769911504,0.009715094673509115,0.009072580645161291,0.005986842105263158,0.007761194029850747,0.0,0.1,0.0,0.7670315414247232,8
0.05337423312883437,0.05,0.008849557522123895,0.012104052380109717,0.008971774193548387,0.01098684210526316,0.010447761194029851,0.0,0.1,0.0,0.7452657794760906,6
0.0539877300613497,0.05230769230769231,0.009292035398230088,0.01217483631215714,0.008266129032258065,0.010657894736842106,0.012437810945273632,0.0,0.1,0.0,0.7408758712061969,8
0.0539877300613497,0.04923076923076923,0.0084070796460177,0.011590868872765883,0.010047043010752689,0.0077631578947368425,0.009950248756218907,0.0,0.1,0.0,0.749023102527389,8
0.05460122699386504,0.05307692307692307,0.010619469026548672,0.014280658290568042,0.01135752688172043,0.010855263157894738,0.012935323383084578,0.0,0.1,0.0,0.7322736091893954,7
0.05705521472392639,0.05692307692307692,0.01017699115044248,0.014422226154662892,0.010181451612903226,0.012302631578947369,0.014477611940298509,0.0,0.1,0.0,0.7244607959157422,9
0.05705521472392639,0.054615384615384614,0.010619469026548672,0.01760750309679703,0.015961021505376344,0.013026315789473686,0.01393034825870647,0.0,0.1,0.0,0.7171847429837868,8
0.057668711656441725,0.05307692307692307,0.010619469026548672,0.013041939479738099,0.010248655913978496,0.008092105263157895,0.012437810945273632,0.0,0.1,0.0,0.7348143846379384,8
0.058282208588957066,0.05615384615384615,0.009292035398230088,0.014776145814900018,0.011055107526881722,0.013026315789473686,0.012636815920398012,0.0,0.1,0.0,0.7247775248073133,7
0.058282208588957066,0.05153846153846154,0.008849557522123895,0.015660944965492835,0.012735215053763441,0.01131578947368421,0.013432835820895524,0.0,0.1,0.0,0.7281849870366215,9
0.058282208588957066,0.05384615384615384,0.011061946902654869,0.014953105645018581,0.012802419354838711,0.010394736842105264,0.013482587064676619,0.0,0.1,0.0,0.725176841755595,9
0.05950920245398774,0.05615384615384615,0.011061946902654869,0.015076977526101576,0.010954301075268819,0.012697368421052633,0.015024875621890548,0.0,0.1,0.0,0.7195214818451977,8
0.060122699386503074,0.060000000000000005,0.010619469026548672,0.018085294638117148,0.014818548387096776,0.013552631578947368,0.017363184079601992,0.0,0.1,0.0,0.7054381729031849,9
0.06319018404907976,0.062307692307692314,0.011504424778761064,0.02027959653158733,0.014314516129032258,0.017631578947368422,0.019402985074626868,0.0,0.1,0.0,0.691369022181852,9
0.06380368098159511,0.06384615384615384,0.012389380530973453,0.022597770306140505,0.019791666666666666,0.01848684210526316,0.017014925373134333,0.0,0.1,0.0,0.6820695801900729,8
0.06441717791411045,0.062307692307692314,0.011061946902654869,0.023252521677579192,0.020060483870967743,0.01980263157894737,0.016716417910447763,0.0,0.1,0.0,0.6823811278376003,10
0.06441717791411045,0.06538461538461539,0.012389380530973453,0.030914882321712973,0.028259408602150538,0.02394736842105263,0.022139303482587067,0.1,0.0,0.0,0.6525478633427975,10
0.06503067484662578,0.06538461538461539,0.011504424778761064,0.027641125464519557,0.026243279569892475,0.026381578947368423,0.021393034825870648,0.0,0.1,0.0,0.6564212661823466,9
0.06503067484662578,0.06461538461538462,0.012389380530973453,0.023942665015041584,0.017204301075268817,0.024407894736842108,0.020696517412935326,0.0,0.1,0.0,0.6717131817669283,9
0.06503067484662578,0.06307692307692307,0.011061946902654869,0.027216421872235004,0.023252688172043012,0.022763157894736843,0.021393034825870648,0.0,0.0,0.1,0.6662051524089108,9
0.06503067484662578,0.06076923076923077,0.011061946902654869,0.02206689081578482,0.019993279569892473,0.014210526315789474,0.019402985074626868,0.0,0.1,0.0,0.687464465705395,11
0.06564417177914111,0.062307692307692314,0.012389380530973453,0.025889223146345782,0.022580645161290325,0.020526315789473684,0.018905472636815922,0.0,0.0,0.1,0.6717570986482674,7
0.06564417177914111,0.06923076923076923,0.013716814159292037,0.028579012564147938,0.024563172043010752,0.019473684210526317,0.025820895522388063,0.0,0.1,0.0,0.6529714804907245,10
0.0668711656441718,0.06307692307692307,0.012389380530973453,0.026083878959476198,0.023454301075268816,0.019736842105263157,0.021094527363184082,0.0,0.0,0.1,0.6672929812447395,9
0.0668711656441718,0.06307692307692307,0.011061946902654869,0.023146345779508054,0.019791666666666666,0.01730263157894737,0.020398009950248756,0.1,0.0,0.0,0.6783513104008794,10
0.06748466257668713,0.06384615384615384,0.013274336283185842,0.028012741107768538,0.023756720430107528,0.023157894736842106,0.023482587064676617,0.0,0.1,0.0,0.6569849039545784,10
0.06748466257668713,0.06923076923076923,0.012389380530973453,0.0266501504158556,0.023151881720430107,0.01743421052631579,0.023880597014925373,0.0,0.1,0.0,0.6597783479840432,8
0.06748466257668713,0.06153846153846154,0.011946902654867258,0.025376039639001948,0.022278225806451616,0.019671052631578947,0.021990049751243784,0.0,0.1,0.0,0.6697146054017078,9
0.06809815950920248,0.06615384615384615,0.013274336283185842,0.02771190939656698,0.023185483870967742,0.023092105263157893,0.0245771144278607,0.0,0.1,0.0,0.6539070450952122,9
0.07055214723926381,0.06923076923076923,0.012831858407079646,0.030861794372677404,0.03141801075268818,0.02368421052631579,0.021592039800995028,0.0,0.1,0.0,0.6398291696702109,9
0.07055214723926381,0.06769230769230769,0.013274336283185842,0.034790302601309504,0.032661290322580645,0.028289473684210528,0.023781094527363187,0.0,0.1,0.0,0.6289590476497788,8
0.07177914110429448,0.06461538461538462,0.013716814159292037,0.03659529286851885,0.029368279569892474,0.029276315789473685,0.0318407960199005,0.1,0.0,0.0,0.6228079758732434,11
0.07177914110429448,0.07153846153846154,0.012831858407079646,0.034878782516368785,0.029065860215053765,0.028223684210526317,0.028308457711442785,0.1,0.0,0.0,0.6233737542967727,10
0.07177914110429448,0.07076923076923078,0.012389380530973453,0.02702176605910458,0.021908602150537637,0.02013157894736842,0.026368159203980102,0.0,0.1,0.0,0.6496321412345105,9
0.07239263803680983,0.07153846153846154,0.011946902654867258,0.03502035038046364,0.028461021505376344,0.026184210526315792,0.02786069651741294,0.0,0.0,0.1,0.6265957188402926,8
0.07300613496932516,0.07230769230769231,0.011946902654867258,0.033144576181206864,0.029166666666666667,0.024210526315789474,0.028557213930348258,0.0,0.1,0.0,0.627660286974104,10
0.07300613496932516,0.06769230769230769,0.011946902654867258,0.034117855246858966,0.03363575268817204,0.022565789473684213,0.025621890547263684,0.1,0.0,0.0,0.631413366727521,10
0.07300613496932516,0.07076923076923078,0.013716814159292037,0.037002300477791544,0.030678763440860218,0.031578947368421054,0.030696517412935328,0.1,0.0,0.0,0.6125512914021439,10
0.07300613496932516,0.06923076923076923,0.014601769911504426,0.03825871527163334,0.03293010752688172,0.033223684210526315,0.027761194029850753,0.1,0.0,0.0,0.6109876248495091,12
0.0736196319018405,0.07230769230769231,0.014159292035398232,0.03581666961599717,0.02963709677419355,0.026513157894736846,0.030348258706467665,0.0,0.0,0.1,0.6175982007636738,10
0.0736196319018405,0.07692307692307693,0.014159292035398232,0.03970978587860556,0.03424059139784946,0.03368421052631579,0.03074626865671642,0.1,0.0,0.0,0.596917142680197,10
0.07423312883435584,0.07538461538461538,0.014601769911504426,0.03979826579366484,0.03306451612903226,0.029210526315789475,0.03537313432835821,0.0,0.0,0.1,0.5983340433026796,11
0.07423312883435584,0.07538461538461538,0.013274336283185842,0.040152185453901965,0.02893145161290323,0.033223684210526315,0.03482587064676617,0.1,0.0,0.0,0.5999747275737453,10
0.07484662576687118,0.06923076923076923,0.0168141592920354,0.03824101928862148,0.034744623655913985,0.032828947368421055,0.02920398009950249,0.0,0.0,0.1,0.6040898752978652,10
0.07484662576687118,0.07615384615384616,0.014601769911504426,0.03834719518669262,0.030409946236559144,0.03592105263157895,0.031542288557213936,0.1,0.0,0.0,0.5981772755557336,9
0.07546012269938651,0.07230769230769231,0.015486725663716814,0.04395682180145107,0.038138440860215055,0.03776315789473684,0.031542288557213936,0.0,0.0,0.1,0.5853447502155875,11
0.07607361963190186,0.07692307692307693,0.01592920353982301,0.04924792072199611,0.04879032258064516,0.03677631578947369,0.033034825870646774,0.0,0.0,0.1,0.5632247149424364,11
0.07607361963190186,0.08076923076923077,0.013716814159292037,0.03840028313572819,0.030510752688172046,0.02585526315789474,0.03482587064676617,0.0,0.0,0.1,0.5998481658110142,10
0.07607361963190186,0.07230769230769231,0.013716814159292037,0.03418863917890639,0.030040322580645165,0.022500000000000003,0.028258706467661692,0.0,0.1,0.0,0.6229142056739005,11
0.07607361963190186,0.07384615384615384,0.014601769911504426,0.038417979118740044,0.0323252688172043,0.03388157894736842,0.030348258706467665,0.0,0.0,0.1,0.6005053710206595,10
0.0766871165644172,0.07461538461538461,0.011946902654867258,0.04609803574588568,0.040994623655913984,0.03519736842105264,0.035870646766169155,0.1,0.0,0.0,0.5785899215763095,14
0.0766871165644172,0.07461538461538461,0.014159292035398232,0.04070076092726951,0.035315860215053764,0.033815789473684216,0.032985074626865674,0.0,0.1,0.0,0.5917207215419268,11
0.07730061349693253,0.07538461538461538,0.015044247787610623,0.04307202265085826,0.03706317204301075,0.027894736842105264,0.03084577114427861,0.0,0.1,0.0,0.5933948206505886,11
0.07730061349693253,0.0776923076923077,0.017256637168141596,0.046221907626968685,0.034677419354838715,0.043486842105263164,0.0373134328358209,0.1,0.0,0.0,0.5660508397197267,9
0.07852760736196321,0.07692307692307693,0.015486725663716814,0.045053972748186163,0.03403897849462365,0.03848684210526316,0.040298507462686574,0.0,0.0,0.1,0.5711842892404835,13
0.07914110429447854,0.07846153846153846,0.0168141592920354,0.052610157494248806,0.04331317204301075,0.03894736842105263,0.04228855721393035,0.0,0.0,0.1,0.5484239427797051,12
0.07975460122699388,0.08,0.015044247787610623,0.04832772960537958,0.041364247311827966,0.03796052631578947,0.03582089552238806,0.0,0.0,0.1,0.5617277522300104,11
0.07975460122699388,0.07615384615384616,0.015044247787610623,0.0451601486462573,0.04176747311827957,0.030328947368421056,0.03970149253731344,0.0,0.0,0.1,0.572089243161278,11
0.07975460122699388,0.07615384615384616,0.014159292035398232,0.042735798973632985,0.03696236559139786,0.03546052631578948,0.0318407960199005,0.0,0.0,0.1,0.5829327736830409,10
0.07975460122699388,0.08,0.017256637168141596,0.04533710847637586,0.040221774193548394,0.03236842105263158,0.03805970149253732,0.1,0.0,0.0,0.5670017563897713,10
0.07975460122699388,0.08076923076923077,0.018141592920353982,0.05052203149884976,0.046370967741935484,0.04026315789473684,0.043333333333333335,0.0,0.0,0.1,0.5408450846145659,13
0.07975460122699388,0.07846153846153846,0.015486725663716814,0.040877720757388075,0.0332997311827957,0.026644736842105266,0.03830845771144279,0.0,0.0,0.1,0.5871664881540191,12
0.07975460122699388,0.07846153846153846,0.015486725663716814,0.04777915413201204,0.03864247311827957,0.04151315789473684,0.03865671641791045,0.1,0.0,0.0,0.5597056330848119,10
0.07975460122699388,0.08076923076923077,0.0168141592920354,0.04843390550345072,0.040154569892473124,0.03894736842105263,0.03980099502487563,0.0,0.0,0.1,0.5553251698698879,11
0.08098159509202456,0.08153846153846155,0.015044247787610623,0.05064590337993276,0.041801075268817205,0.04065789473684211,0.03960199004975125,0.1,0.0,0.0,0.54972883214656,10
0.08098159509202456,0.07846153846153846,0.01592920353982301,0.04462926915590161,0.03360215053763441,0.03072368421052632,0.03373134328358209,0.0,0.0,0.1,0.5819412157189696,10
0.08159509202453989,0.08307692307692308,0.017256637168141596,0.06243142806582906,0.05715725806451614,0.047565789473684214,0.046766169154228855,0.1,0.0,0.0,0.5041507029721372,11
0.08220858895705524,0.07846153846153846,0.013716814159292037,0.045230932578304725,0.03766801075268818,0.040065789473684214,0.03562189054726368,0.1,0.0,0.0,0.5670264350701735,11
0.08220858895705524,0.08307692307692308,0.017256637168141596,0.04307202265085826,0.035752688172043016,0.035986842105263164,0.032985074626865674,0.0,0.0,0.1,0.56966122324285,11
0.08220858895705524,0.08307692307692308,0.01769911504424779,0.05167227039462042,0.04324596774193548,0.04315789473684211,0.041442786069651745,0.1,0.0,0.0,0.5374964539787241,9
0.08282208588957057,0.08230769230769232,0.016371681415929203,0.055122987081932404,0.047278225806451614,0.05289473684210527,0.03980099502487563,0.1,0.0,0.0,0.523401595631443,11
0.08282208588957057,0.07846153846153846,0.015044247787610623,0.05404353211820916,0.05436827956989248,0.041842105263157896,0.03393034825870647,0.0,0.0,0.1,0.5394878626513143,11
0.08282208588957057,0.08153846153846155,0.017256637168141596,0.05303486108653336,0.04166666666666667,0.049342105263157895,0.04228855721393035,0.1,0.0,0.0,0.532050625173538,9
0.08404907975460124,0.08461538461538462,0.0168141592920354,0.06671385595469828,0.05981182795698925,0.05394736842105263,0.048706467661691545,0.0,0.0,0.1,0.485341856343547,10
0.08404907975460124,0.08230769230769232,0.015486725663716814,0.050681295345956466,0.04280913978494624,0.0325,0.04577114427860697,0.0,0.0,0.1,0.54639492286448,11
0.08650306748466259,0.08461538461538462,0.018584070796460177,0.0509113431251106,0.04401881720430108,0.04282894736842106,0.04597014925373135,0.0,0.0,0.1,0.5265682201519285,11
0.08650306748466259,0.08153846153846155,0.015044247787610623,0.05535303486108654,0.04112903225806452,0.0518421052631579,0.04378109452736319,0.1,0.0,0.0,0.5248089562795931,10
0.08711656441717792,0.08538461538461539,0.015486725663716814,0.075738807290745,0.08370295698924732,0.04901315789473684,0.043184079601990055,0.0,0.0,0.1,0.4603730927577706,11
0.08895705521472394,0.08615384615384616,0.016371681415929203,0.06342240311449301,0.05866935483870968,0.04828947368421053,0.04328358208955224,0.1,0.0,0.0,0.4948526034885352,11
0.09570552147239265,0.0923076923076923,0.018584070796460177,0.09017872942841976,0.0802755376344086,0.0755921052631579,0.06711442786069652,0.0,0.0,0.1,0.3802419152367721,11
0.028834355828220862,0.02,0.006637168141592921,0.00560962661475845,0.004603494623655915,0.004868421052631579,0.004626865671641792,0.0,0.1,0.0,0.8248200680674984,5
0.04294478527607362,0.038461538461538464,0.008849557522123895,0.014209874358520617,0.011592741935483871,0.008289473684210527,0.012487562189054727,0.0,0.1,0.0,0.7631644665729943,7
0.0441717791411043,0.038461538461538464,0.01017699115044248,0.01645726420102637,0.014112903225806451,0.013881578947368422,0.0127363184079602,0.0,0.1,0.0,0.7500016264647533,7
0.04662576687116565,0.04307692307692308,0.0084070796460177,0.01021058219784109,0.011088709677419355,0.005723684210526316,0.006666666666666668,0.0,0.1,0.0,0.7682005876534401,7
0.04662576687116565,0.04923076923076923,0.01017699115044248,0.02291629800035392,0.02170698924731183,0.01743421052631579,0.016318407960199007,0.1,0.0,0.0,0.7155905670134421,7
0.052760736196319026,0.047692307692307694,0.011504424778761064,0.02295168996637763,0.018380376344086024,0.02144736842105263,0.018308457711442787,0.0,0.0,0.1,0.7069546388896532,9
0.05705521472392639,0.05538461538461538,0.009292035398230088,0.015997168642718104,0.01478494623655914,0.020921052631578948,0.010298507462686568,0.0,0.1,0.0,0.7162664595196854,9
0.057668711656441725,0.054615384615384614,0.010619469026548672,0.017395151300654752,0.011861559139784946,0.01480263157894737,0.013184079601990051,0.0,0.1,0.0,0.7198530130802478,9
0.05950920245398774,0.05615384615384615,0.013274336283185842,0.03236595292868519,0.027856182795698924,0.026184210526315792,0.027164179104477618,0.1,0.0,0.0,0.6574920897538028,7
0.060736196319018415,0.057692307692307696,0.013716814159292037,0.03454255883914351,0.030241935483870972,0.030065789473684212,0.024626865671641792,0.0,0.0,0.1,0.6483775323610413,9
0.061349693251533756,0.06076923076923077,0.012831858407079646,0.027835781277649973,0.02231182795698925,0.02388157894736842,0.024427860696517416,0.0,0.1,0.0,0.6665921686936308,8
0.06196319018404909,0.06153846153846154,0.013274336283185842,0.02742877366837728,0.023151881720430107,0.020657894736842108,0.018407960199004977,0.0,0.0,0.1,0.673577501669649,7
0.06257668711656443,0.057692307692307696,0.013274336283185842,0.02978233940895417,0.02584005376344086,0.020526315789473684,0.02537313432835821,0.0,0.1,0.0,0.6649348256177151,10
0.06257668711656443,0.05846153846153846,0.011946902654867258,0.024101928862148295,0.02308467741935484,0.01868421052631579,0.016915422885572143,0.0,0.0,0.1,0.6842286320736388,9
0.06319018404907976,0.05692307692307692,0.01017699115044248,0.021748363121571405,0.022950268817204304,0.020394736842105264,0.014527363184079602,0.0,0.0,0.1,0.6900890159124402,9
0.06748466257668713,0.06384615384615384,0.01592920353982301,0.041249336400637056,0.03373655913978495,0.03960526315789474,0.0309452736318408,0.1,0.0,0.0,0.6072035477071784,9
0.07055214723926381,0.06461538461538462,0.0168141592920354,0.06243142806582906,0.061424731182795705,0.04960526315789474,0.04074626865671642,0.1,0.0,0.0,0.5338106177900802,10
0.07423312883435584,0.07,0.014159292035398232,0.039692089895593696,0.03581989247311829,0.03592105263157895,0.026965174129353238,0.0,0.0,0.1,0.6032093700006017,10
0.07546012269938651,0.0776923076923077,0.014601769911504426,0.04130242434967263,0.03289650537634409,0.03888157894736842,0.034328358208955224,0.0,0.0,0.1,0.584836932814461,10
0.07546012269938651,0.07307692307692307,0.013274336283185842,0.036719164749601844,0.03198924731182796,0.030592105263157896,0.028159203980099502,0.0,0.0,0.1,0.6107288966358173,9
0.0766871165644172,0.07384615384615384,0.01592920353982301,0.043284374447000534,0.03797043010752688,0.03914473684210526,0.03358208955223881,0.0,0.0,0.1,0.5795558951007345,10
0.0766871165644172,0.07230769230769231,0.013274336283185842,0.039780569810652984,0.037365591397849465,0.030460526315789476,0.028557213930348258,0.0,0.0,0.1,0.6015669533900645,9
0.07791411042944786,0.0776923076923077,0.015044247787610623,0.0447177490709609,0.034408602150537634,0.04236842105263158,0.035323383084577116,0.1,0.0,0.0,0.5725311787319265,9
0.07975460122699388,0.08076923076923077,0.014601769911504426,0.04381525393735622,0.04348118279569893,0.032697368421052635,0.029900497512437813,0.1,0.0,0.0,0.5749800954257254,9
0.07975460122699388,0.07692307692307693,0.015044247787610623,0.04970801628030438,0.04663978494623656,0.041842105263157896,0.03218905472636816,0.1,0.0,0.0,0.5578991128462515,11
0.08220858895705524,0.08076923076923077,0.017256637168141596,0.04848699345248629,0.04075940860215054,0.03888157894736842,0.04049751243781095,0.1,0.0,0.0,0.5511400496657561,12
0.08527607361963191,0.08076923076923077,0.018141592920353982,0.0643602902141214,0.05504032258064516,0.05296052631578948,0.04502487562189055,0.1,0.0,0.0,0.4984270879583368,13
0.08650306748466259,0.08538461538461539,0.017256637168141596,0.06202442045655636,0.0477486559139785,0.055460526315789474,0.05134328358208956,0.1,0.0,0.0,0.4942787936941666,12
0.033742331288343565,0.031538461538461536,0.005752212389380532,0.003574588568394975,0.0027553763440860217,0.0027631578947368424,0.0033830845771144285,0.0,0.1,0.0,0.8164907873994821,5
0.03496932515337424,0.031538461538461536,0.0061946902654867264,0.0037515483985135377,0.002620967741935484,0.0037500000000000003,0.0033830845771144285,0.0,0.1,0.0,0.813791922325114,5
0.0441717791411043,0.04076923076923077,0.007522123893805311,0.006600601663422403,0.0045362903225806455,0.004868421052631579,0.006119402985074627,0.0,0.1,0.0,0.7854121501721504,7
0.04723926380368099,0.04461538461538461,0.008849557522123895,0.009113431251105999,0.006720430107526883,0.008026315789473685,0.00855721393034826,0.0,0.1,0.0,0.7668784029803557,6
0.049079754601227,0.04846153846153846,0.008849557522123895,0.01141390904264732,0.00961021505376344,0.009671052631578947,0.009054726368159205,0.0,0.1,0.0,0.7538592463189617,6
0.052760736196319026,0.050769230769230775,0.0084070796460177,0.011325429127588039,0.007930107526881721,0.008552631578947369,0.012238805970149255,0.0,0.1,0.0,0.7480159791848662,7
0.05337423312883437,0.057692307692307696,0.009734513274336285,0.014705361882852592,0.011424731182795701,0.01,0.014427860696517414,0.0,0.1,0.0,0.728640992142356,8
0.05521472392638038,0.05153846153846154,0.01017699115044248,0.013926738630330915,0.01310483870967742,0.009342105263157895,0.010945273631840797,0.0,0.1,0.0,0.7357508671497086,7
0.058282208588957066,0.054615384615384614,0.011946902654867258,0.016899663776322776,0.014415322580645162,0.011842105263157895,0.014278606965174129,0.0,0.1,0.0,0.7177198055554911,8
0.058282208588957066,0.05538461538461538,0.009734513274336285,0.015997168642718104,0.012836021505376344,0.013026315789473686,0.012935323383084578,0.0,0.1,0.0,0.7218038334314385,8
0.05950920245398774,0.05692307692307692,0.012389380530973453,0.01792603079101044,0.016297043010752688,0.011578947368421053,0.014577114427860697,0.0,0.1,0.0,0.710799204493917,8
0.06257668711656443,0.06076923076923077,0.009292035398230088,0.019554061228101223,0.015725806451612905,0.016710526315789474,0.016417910447761197,0.0,0.1,0.0,0.6989537422727099,8
0.06319018404907976,0.060000000000000005,0.010619469026548672,0.019996460803397627,0.015793010752688172,0.017763157894736845,0.01781094527363184,0.0,0.1,0.0,0.6948267721999171,9
0.06380368098159511,0.06307692307692307,0.012389380530973453,0.02473898425057512,0.022815860215053767,0.016973684210526318,0.019353233830845775,0.0,0.1,0.0,0.6768482529035074,10
0.06441717791411045,0.06153846153846154,0.012389380530973453,0.02142983542735799,0.01750672043010753,0.014210526315789474,0.020895522388059702,0.0,0.1,0.0,0.6876123754551399,9
0.06503067484662578,0.06538461538461539,0.013716814159292037,0.027977349141744823,0.02063172043010753,0.022500000000000003,0.025820895522388063,0.0,0.0,0.1,0.6589379305152264,9
0.06503067484662578,0.06538461538461539,0.011504424778761064,0.024845160148646257,0.019993279569892473,0.01835526315789474,0.021890547263681594,0.0,0.0,0.1,0.6729960348498827,9
0.06503067484662578,0.06461538461538462,0.011946902654867258,0.02388957706600602,0.019758064516129034,0.020526315789473684,0.018159203980099504,0.0,0.0,0.1,0.676073876531414,10
0.06503067484662578,0.06076923076923077,0.01017699115044248,0.01681118386126349,0.013608870967741937,0.013289473684210528,0.014726368159203982,0.0,0.1,0.0,0.705587206561281,8
0.06503067484662578,0.06307692307692307,0.013274336283185842,0.02165988320651212,0.016364247311827958,0.02006578947368421,0.01885572139303483,0.0,0.1,0.0,0.6816724244082062,11
0.06564417177914111,0.06153846153846154,0.012831858407079646,0.024951336046717395,0.020598118279569894,0.017960526315789475,0.021890547263681594,0.0,0.1,0.0,0.6745849803695594,10
0.06564417177914111,0.06923076923076923,0.011946902654867258,0.025765351265262786,0.019119623655913978,0.024276315789473684,0.026368159203980102,0.0,0.1,0.0,0.6576487064205918,9
0.06809815950920248,0.06769230769230769,0.012389380530973453,0.029941603256060875,0.023252688172043012,0.022565789473684213,0.02721393034825871,0.1,0.0,0.0,0.6488461410174695,10
0.06809815950920248,0.07076923076923078,0.014159292035398232,0.03043709078039285,0.022479838709677423,0.025460526315789475,0.027363184079601994,0.0,0.0,0.1,0.6412326778007068,10
0.06871165644171781,0.07153846153846154,0.012831858407079646,0.03141036984604495,0.022479838709677423,0.02894736842105263,0.026815920398009955,0.0,0.0,0.1,0.637264526237956,9
0.06871165644171781,0.06615384615384615,0.012831858407079646,0.03178198548929393,0.026176075268817208,0.030592105263157896,0.02437810945273632,0.1,0.0,0.0,0.6393743635233511,9
0.06932515337423313,0.06615384615384615,0.011061946902654869,0.023164041762519908,0.01891801075268817,0.01828947368421053,0.020895522388059702,0.0,0.1,0.0,0.6721920049817875,9
0.07055214723926381,0.06923076923076923,0.012831858407079646,0.028136612988851534,0.02446236559139785,0.01980263157894737,0.025870646766169157,0.0,0.1,0.0,0.6491129681975214,10
0.07055214723926381,0.07153846153846154,0.010619469026548672,0.037285436205981244,0.034677419354838715,0.02875,0.023383084577114428,0.0,0.0,0.1,0.6231939820577916,9
0.07055214723926381,0.07076923076923078,0.013274336283185842,0.0328083525039816,0.022379032258064518,0.027236842105263157,0.029701492537313436,0.1,0.0,0.0,0.6332785663036969,9
0.07116564417177915,0.06461538461538462,0.012389380530973453,0.024809768182622545,0.02207661290322581,0.013421052631578946,0.022437810945273636,0.0,0.1,0.0,0.6690843460191619,9
0.07116564417177915,0.06923076923076923,0.013716814159292037,0.02928685188462219,0.021572580645161293,0.02598684210526316,0.024328358208955226,0.0,0.0,0.1,0.6447121395941577,8
0.07177914110429448,0.06461538461538462,0.013716814159292037,0.03484339055034508,0.029704301075268818,0.028355263157894738,0.028606965174129355,0.1,0.0,0.0,0.6283787401633909,13
0.07177914110429448,0.07230769230769231,0.012831858407079646,0.03385241550168112,0.027049731182795703,0.03111842105263158,0.026368159203980102,0.0,0.0,0.1,0.6246925812398451,9
0.07239263803680983,0.06923076923076923,0.011061946902654869,0.03043709078039285,0.029368279569892474,0.01993421052631579,0.02437810945273632,0.0,0.1,0.0,0.6431969555004287,9
0.07300613496932516,0.07384615384615384,0.016371681415929203,0.041709431958945324,0.0353494623655914,0.03914473684210526,0.031243781094527367,0.0,0.0,0.1,0.5893286175074224,10
0.07546012269938651,0.07384615384615384,0.016371681415929203,0.04319589453194125,0.033501344086021505,0.041447368421052636,0.032835820895522394,0.0,0.0,0.1,0.5833416141039927,10
0.07546012269938651,0.07,0.011504424778761064,0.03427711909396567,0.03293010752688172,0.02394736842105263,0.0264179104477612,0.0,0.0,0.1,0.6254629470321912,10
0.07607361963190186,0.07692307692307693,0.015486725663716814,0.03917890638824987,0.03289650537634409,0.031578947368421054,0.03412935323383085,0.1,0.0,0.0,0.5937328654144586,11
0.07607361963190186,0.07384615384615384,0.01592920353982301,0.04001061758980712,0.03551747311827957,0.03493421052631579,0.030447761194029855,0.0,0.1,0.0,0.5932409605536889,12
0.07607361963190186,0.07384615384615384,0.013716814159292037,0.04443461334277119,0.03541666666666667,0.049210526315789475,0.03159203980099503,0.0,0.0,0.1,0.5757095662364299,11
0.0766871165644172,0.07615384615384616,0.013716814159292037,0.04165634400990975,0.03397177419354839,0.03657894736842106,0.034328358208955224,0.0,0.0,0.1,0.5869067993416102,9
0.0766871165644172,0.07692307692307693,0.016371681415929203,0.04397451778446292,0.04028897849462366,0.03263157894736842,0.03333333333333334,0.0,0.0,0.1,0.5797897165367883,10
0.07730061349693253,0.07538461538461538,0.014159292035398232,0.038577242965846754,0.027352150537634408,0.02947368421052632,0.03522388059701493,0.0,0.0,0.1,0.6025285207720315,12
0.07730061349693253,0.07307692307692307,0.013274336283185842,0.03794018757741993,0.0290994623655914,0.03914473684210526,0.03134328358208956,0.1,0.0,0.0,0.5988204567757524,8
0.07914110429447854,0.07846153846153846,0.013716814159292037,0.039957529640771546,0.03370295698924731,0.031578947368421054,0.034029850746268665,0.1,0.0,0.0,0.5894112583399824,10
0.07975460122699388,0.0776923076923077,0.015486725663716814,0.042735798973632985,0.03430779569892473,0.034473684210526316,0.038805970149253737,0.1,0.0,0.0,0.5767431163846438,10
0.07975460122699388,0.07615384615384616,0.015486725663716814,0.04342594231109539,0.03548387096774194,0.033947368421052636,0.03681592039800995,0.1,0.0,0.0,0.5789317248575433,11
0.08036809815950922,0.08,0.015486725663716814,0.05209697398690497,0.04217069892473118,0.03552631578947369,0.04477611940298508,0.1,0.0,0.0,0.5495750680726791,13
0.08159509202453989,0.08076923076923077,0.01592920353982301,0.05586621836843037,0.04556451612903226,0.030131578947368422,0.04537313432835822,0.1,0.0,0.0,0.544771025893217,14
0.08220858895705524,0.08,0.015486725663716814,0.05222084586798797,0.04217069892473118,0.04986842105263158,0.03721393034825871,0.0,0.0,0.1,0.5408307891856186,10
0.08282208588957057,0.08307692307692308,0.015486725663716814,0.055016811183861265,0.044657258064516134,0.03657894736842106,0.0509452736318408,0.0,0.0,0.1,0.5314159751211502,12
0.08282208588957057,0.08307692307692308,0.018584070796460177,0.0563794018757742,0.04610215053763442,0.041842105263157896,0.04477611940298508,0.1,0.0,0.0,0.5264171431574945,11
0.08527607361963191,0.08923076923076922,0.01769911504424779,0.06722703946204212,0.04536290322580646,0.06289473684210527,0.052686567164179104,0.0,0.0,0.1,0.4796227954112182,13
0.08527607361963191,0.08230769230769232,0.015486725663716814,0.048168465758272876,0.03672715053763441,0.037039473684210525,0.046268656716417916,0.1,0.0,0.0,0.5487257617124233,10
0.08650306748466259,0.08615384615384616,0.015044247787610623,0.051583790479561145,0.04079301075268817,0.041842105263157896,0.04378109452736319,0.1,0.0,0.0,0.5342988375511102,11
0.09079754601226996,0.08923076923076922,0.018141592920353982,0.08426827110245974,0.054805107526881724,0.061776315789473686,0.048557213930348266,0.0,0.0,0.1,0.45242318348744337,12
0.02515337423312884,0.023846153846153847,0.003982300884955752,0.0017519023181737747,0.0015793010752688174,0.0014473684210526317,0.0013930348258706469,0.0,0.1,0.0,0.8408465643953957,3
0.03742331288343559,0.03538461538461539,0.006637168141592921,0.005149531056450185,0.003998655913978495,0.004013157894736843,0.0049751243781094535,0.0,0.1,0.0,0.802418434347081,6
0.039263803680981604,0.03538461538461539,0.005309734513274336,0.004565563617058928,0.004133064516129032,0.003618421052631579,0.0035323383084577115,0.0,0.1,0.0,0.8041924589268514,7
0.04355828220858896,0.04153846153846154,0.008849557522123895,0.007980888338347196,0.00739247311827957,0.005526315789473685,0.0063681592039801,0.0,0.1,0.0,0.7787858622807451,7
0.05214723926380369,0.04692307692307692,0.009734513274336285,0.01270571580251283,0.011626344086021506,0.011513157894736841,0.009701492537313434,0.0,0.0,0.1,0.7456484602181985,9
0.05214723926380369,0.047692307692307694,0.0084070796460177,0.012404884091311272,0.011055107526881722,0.009342105263157895,0.009950248756218907,0.0,0.1,0.0,0.7490010277603011,8
0.05521472392638038,0.05615384615384615,0.01017699115044248,0.020828172004954876,0.021370967741935486,0.015921052631578947,0.013184079601990051,0.1,0.0,0.0,0.7071501667888717,8
0.06319018404907976,0.05923076923076923,0.011504424778761064,0.022049194832772963,0.01918682795698925,0.016907894736842108,0.017412935323383085,0.0,0.0,0.1,0.6905177690914025,10
0.06380368098159511,0.057692307692307696,0.011946902654867258,0.01902318173774553,0.014852150537634409,0.015394736842105265,0.016915422885572143,0.1,0.0,0.0,0.7003716166681726,8
0.06441717791411045,0.06153846153846154,0.011061946902654869,0.020014156786409484,0.016364247311827958,0.015657894736842107,0.017412935323383085,0.0,0.1,0.0,0.6935331794863105,8
0.06809815950920248,0.06846153846153846,0.011504424778761064,0.030525570695452135,0.028393817204301078,0.020394736842105264,0.023880597014925373,0.0,0.0,0.1,0.6487411554937141,9
0.07484662576687118,0.07538461538461538,0.015044247787610623,0.040240665368961245,0.030947580645161295,0.037171052631578945,0.03422885572139304,0.1,0.0,0.0,0.5921363566938083,12
0.04294478527607362,0.04,0.0084070796460177,0.007821624491240489,0.006619623655913979,0.005657894736842105,0.006965174129353235,0.0,0.1,0.0,0.7815838180645589,8
0.04662576687116565,0.04230769230769231,0.0084070796460177,0.008582551760750309,0.007123655913978495,0.006381578947368421,0.020895522388059702,0.0,0.1,0.0,0.7596761521649674,6
0.05644171779141106,0.05230769230769231,0.008849557522123895,0.013661298885153071,0.012130376344086022,0.011513157894736841,0.009601990049751244,0.0,0.1,0.0,0.7354942092050456,8
0.05705521472392639,0.054615384615384614,0.010619469026548672,0.018810829941603255,0.018313172043010754,0.012763157894736843,0.013880597014925377,0.0,0.0,0.1,0.7139421747398641,8
0.058282208588957066,0.05923076923076923,0.010619469026548672,0.019890284905326492,0.019422043010752687,0.011907894736842105,0.015223880597014927,0.0,0.0,0.1,0.7054234499037888,8
0.06932515337423313,0.06846153846153846,0.012389380530973453,0.029587683595823748,0.027284946236559145,0.02111842105263158,0.022338308457711446,0.0,0.0,0.1,0.649494568290529,9
0.06993865030674848,0.06923076923076923,0.012389380530973453,0.032826048486993456,0.03205645161290323,0.02111842105263158,0.02502487562189055,0.0,0.0,0.1,0.63741540315709,8
0.06993865030674848,0.06769230769230769,0.012831858407079646,0.03119801804990267,0.02422715053763441,0.02572368421052632,0.02721393034825871,0.0,0.0,0.1,0.641174400447542,10
0.07300613496932516,0.07076923076923078,0.013716814159292037,0.036453725004423995,0.02872983870967742,0.027236842105263157,0.03288557213930349,0.0,0.0,0.1,0.617201842143484,10
0.07423312883435584,0.07384615384615384,0.015486725663716814,0.0413555122987082,0.03235887096774193,0.030328947368421056,0.0354228855721393,0.1,0.0,0.0,0.596967775448763,9
0.07546012269938651,0.07,0.011946902654867258,0.03748009201911166,0.031821236559139786,0.03460526315789474,0.027263681592039807,0.1,0.0,0.0,0.6114227013175603,9
0.07607361963190186,0.07076923076923078,0.015044247787610623,0.03988674570872412,0.03595430107526882,0.03467105263157895,0.029452736318407963,0.0,0.0,0.1,0.5981480660772769,7
0.0766871165644172,0.07230769230769231,0.015044247787610623,0.04128472836666077,0.030947580645161295,0.03375,0.03925373134328359,0.0,0.0,0.1,0.5907249029851742,11
0.08343558282208591,0.08,0.016371681415929203,0.05453901964254114,0.040221774193548394,0.05197368421052632,0.0455223880597015,0.1,0.0,0.0,0.5279358696556675,10
0.08343558282208591,0.08307692307692308,0.017256637168141596,0.06308617943726774,0.0373991935483871,0.04256578947368422,0.042636815920398016,0.0,0.0,0.1,0.5305428785531123,11
0.08343558282208591,0.08,0.015486725663716814,0.05460980357458857,0.05057123655913978,0.046184210526315786,0.03721393034825871,0.0,0.0,0.1,0.5324985105058944,11
0.08711656441717792,0.08538461538461539,0.015044247787610623,0.05202619005485755,0.03612231182795699,0.05,0.04288557213930349,0.1,0.0,0.0,0.531420498388478,12
0.061349693251533756,0.05923076923076923,0.010619469026548672,0.022420810476021943,0.015490591397849465,0.01644736842105263,0.023383084577114428,0.0,0.0,0.1,0.6910582136191098,14
0.0668711656441718,0.06461538461538462,0.015486725663716814,0.026685542381879316,0.017204301075268817,0.023355263157894737,0.027363184079601994,0.1,0.0,0.0,0.658418433382082,10
0.05644171779141106,0.05615384615384615,0.01017699115044248,0.01587329676163511,0.011088709677419355,0.010921052631578948,0.016915422885572143,0.1,0.0,0.0,0.7224289629480948,14
0.06564417177914111,0.06307692307692307,0.013274336283185842,0.028685188462219076,0.023185483870967742,0.024605263157894738,0.023880597014925373,0.0,0.0,0.1,0.657648036354743,11
0.04110429447852762,0.04,0.006637168141592921,0.007786232525216776,0.005745967741935485,0.005263157894736843,0.008457711442786071,0.0,0.0,0.1,0.7850054677752043,6
0.05214723926380369,0.05384615384615384,0.008849557522123895,0.015660944965492835,0.011760752688172043,0.00993421052631579,0.017412935323383085,0.1,0.0,0.0,0.7303882058645548,7
0.05030674846625768,0.05,0.008849557522123895,0.012581843921429836,0.009811827956989247,0.009473684210526315,0.010447761194029851,0.0,0.0,0.1,0.7485285767286431,9
0.020858895705521477,0.016153846153846154,0.0030973451327433632,0.001203326844806229,0.0008064516129032259,0.001118421052631579,0.0004975124378109454,0.0,0.1,0.0,0.856264201059737,4
0.04110429447852762,0.038461538461538464,0.0084070796460177,0.006547513714386834,0.005342741935483872,0.006513157894736843,0.005472636815920398,0.0,0.1,0.0,0.7881510370533883,8
0.06380368098159511,0.06538461538461539,0.011061946902654869,0.02795965315873297,0.025,0.026973684210526316,0.018905472636815922,0.0,0.0,0.1,0.6609109467250595,8
0.06503067484662578,0.06307692307692307,0.012831858407079646,0.029216067952574767,0.02520161290322581,0.026842105263157893,0.02437810945273632,0.1,0.0,0.0,0.6534226480976767,9
0.061349693251533756,0.06461538461538462,0.011061946902654869,0.021943018934701825,0.01713709677419355,0.019736842105263157,0.020398009950248756,0.0,0.0,0.1,0.6837580074660194,11
0.07546012269938651,0.07307692307692307,0.012831858407079646,0.03371084763758627,0.026310483870967745,0.02565789473684211,0.0318407960199005,0.1,0.0,0.0,0.6211110735513141,9
0.07055214723926381,0.06923076923076923,0.014159292035398232,0.03379932755264555,0.02956989247311828,0.02217105263157895,0.026865671641791048,0.0,0.0,0.1,0.6336518471954349,16
0.06993865030674848,0.06923076923076923,0.013716814159292037,0.032206689081578484,0.021908602150537637,0.02493421052631579,0.035323383084577116,0.0,0.0,0.1,0.6327408814601813,14
0.055828220858895716,0.05384615384615384,0.009292035398230088,0.014723057865864449,0.010920698924731184,0.012763157894736843,0.014427860696517414,0.0,0.0,0.1,0.7281988145148705,11
0.04539877300613498,0.04230769230769231,0.007522123893805311,0.00723765705184923,0.006451612903225807,0.00736842105263158,0.007960199004975126,0.0,0.1,0.0,0.7757535207796856,6
0.05460122699386504,0.05692307692307692,0.011061946902654869,0.018226862502211998,0.01676747311827957,0.011447368421052631,0.01582089552238806,0.0,0.0,0.1,0.715151149616471,9
0.08282208588957057,0.08230769230769232,0.01946902654867257,0.056768713502035044,0.0414986559139785,0.05598684210526316,0.045074626865671645,0.1,0.0,0.0,0.5160723568671162,14
0.04723926380368099,0.04615384615384615,0.01017699115044248,0.012157140329145286,0.011055107526881722,0.011184210526315791,0.010199004975124378,0.0,0.0,0.1,0.7518344355345632,6
0.04601226993865031,0.045384615384615384,0.009734513274336285,0.010635285790125642,0.008434139784946237,0.0075657894736842115,0.010298507462686568,0.1,0.0,0.0,0.7619348788909553,7
0.06871165644171781,0.06769230769230769,0.011504424778761064,0.029216067952574767,0.016297043010752688,0.026578947368421056,0.028358208955223882,0.0,0.0,0.1,0.6516413438002411,10
0.06748466257668713,0.06307692307692307,0.013274336283185842,0.027782693328614407,0.018951612903225806,0.024473684210526318,0.027363184079601994,0.0,0.0,0.1,0.6575929035412355,12
0.06993865030674848,0.07153846153846154,0.013716814159292037,0.03427711909396567,0.029973118279569895,0.034342105263157896,0.02537313432835821,0.1,0.0,0.0,0.6208405970304464,9
0.05950920245398774,0.06153846153846154,0.013716814159292037,0.025871527163333925,0.015860215053763442,0.024078947368421054,0.02537313432835821,0.1,0.0,0.0,0.674051697934382,11
0.05030674846625768,0.05153846153846154,0.01017699115044248,0.015590161033445408,0.012768817204301076,0.011184210526315791,0.013432835820895524,0.0,0.0,0.1,0.7350017742598804,8
0.04110429447852762,0.03923076923076923,0.007522123893805311,0.0063174659352327025,0.004771505376344086,0.005328947368421053,0.005472636815920398,0.0,0.1,0.0,0.7902522569009796,9
0.08036809815950922,0.07923076923076923,0.01769911504424779,0.04859316935055742,0.029771505376344088,0.04440789473684211,0.04875621890547264,0.0,0.0,0.1,0.5511732291962574,16
0.06932515337423313,0.06923076923076923,0.014601769911504426,0.03456025482215537,0.02163978494623656,0.03210526315789474,0.03681592039800995,0.1,0.0,0.0,0.6217210841591966,12
0.06993865030674848,0.06769230769230769,0.0168141592920354,0.03602902141213945,0.030040322580645165,0.027236842105263157,0.026368159203980102,0.1,0.0,0.0,0.6258805374068805,9
0.06748466257668713,0.07153846153846154,0.013274336283185842,0.038294107237657055,0.0240255376344086,0.025526315789473685,0.018905472636815922,0.1,0.0,0.0,0.6409511063033102,14
0.07730061349693253,0.07307692307692307,0.015486725663716814,0.05036276765174306,0.027923387096774194,0.04453947368421053,0.04875621890547264,0.1,0.0,0.0,0.5625538904242271,14
0.058282208588957066,0.05692307692307692,0.011061946902654869,0.023181737745531766,0.017876344086021508,0.02269736842105263,0.018407960199004977,0.0,0.0,0.1,0.6915693571337003,10
0.08036809815950922,0.07692307692307693,0.01592920353982301,0.05009732790656521,0.03413978494623656,0.041315789473684215,0.04427860696517413,0.1,0.0,0.0,0.5569481120859308,18
0.039263803680981604,0.036153846153846154,0.005752212389380532,0.004901787294284198,0.0038978494623655917,0.0029605263157894738,0.0049751243781094535,0.0,0.1,0.0,0.802094850325243,5
0.06441717791411045,0.06076923076923077,0.014601769911504426,0.02767651743054327,0.019153225806451613,0.01848684210526316,0.028358208955223882,0.0,0.0,0.1,0.6665370271076724,19
0.06441717791411045,0.06615384615384615,0.014601769911504426,0.025376039639001948,0.019422043010752687,0.022960526315789473,0.019402985074626868,0.1,0.0,0.0,0.667665611980368,10
0.061349693251533756,0.060000000000000005,0.011504424778761064,0.022491594408069367,0.01683467741935484,0.021513157894736845,0.019402985074626868,0.1,0.0,0.0,0.6869034671729173,15
0.0539877300613497,0.05230769230769231,0.011946902654867258,0.014068306494425767,0.010114247311827957,0.01243421052631579,0.013432835820895524,0.1,0.0,0.0,0.7317080748226257,8
0.060122699386503074,0.05923076923076923,0.014159292035398232,0.023217129711555477,0.016498655913978495,0.022500000000000003,0.020398009950248756,0.1,0.0,0.0,0.6838734437715467,9
0.0668711656441718,0.06769230769230769,0.014601769911504426,0.02633162272164219,0.019321236559139785,0.026842105263157893,0.024875621890547265,0.0,0.0,0.1,0.653464170317529,15
0.05521472392638038,0.05538461538461538,0.009734513274336285,0.015820208812599542,0.013642473118279572,0.010789473684210528,0.012935323383084578,0.1,0.0,0.0,0.7264786684164937,12
0.06319018404907976,0.06153846153846154,0.01017699115044248,0.02045655636170589,0.012836021505376344,0.019013157894736843,0.016915422885572143,0.1,0.0,0.0,0.695873204614625,9
0.04049079754601228,0.038461538461538464,0.006637168141592921,0.004972571226331623,0.003763440860215054,0.004605263157894737,0.0049751243781094535,0.0,0.1,0.0,0.7960940962283054,5
0.06441717791411045,0.06307692307692307,0.013274336283185842,0.025057511944788533,0.01841397849462366,0.01986842105263158,0.024875621890547265,0.1,0.0,0.0,0.6710160293431896,12
0.036196319018404914,0.03461538461538462,0.007964601769911504,0.004901787294284198,0.0032258064516129037,0.0060526315789473685,0.0049751243781094535,0.0,0.0,0.1,0.802068344893345,9
0.0668711656441718,0.06923076923076923,0.014159292035398232,0.030490178729428424,0.01965725806451613,0.020328947368421054,0.03631840796019901,0.0,0.0,0.1,0.6429439809670962,16
0.07914110429447854,0.07692307692307693,0.019911504424778764,0.05754733675455671,0.0394489247311828,0.053355263157894746,0.04079601990049751,0.1,0.0,0.0,0.532876769813534,15
0.05521472392638038,0.054615384615384614,0.01017699115044248,0.01691735975933463,0.012096774193548387,0.015592105263157895,0.015422885572139305,0.0,0.0,0.1,0.7199637755196123,10
0.07484662576687118,0.07538461538461538,0.015044247787610623,0.04167403999292161,0.03800403225806452,0.03138157894736842,0.029353233830845774,0.1,0.0,0.0,0.5943116260317025,15
0.04662576687116565,0.04615384615384615,0.008849557522123895,0.010122102282781808,0.008770161290322582,0.00736842105263158,0.008955223880597015,0.0,0.1,0.0,0.7631549209465314,7
0.06932515337423313,0.07,0.011504424778761064,0.037444700053087955,0.029502688172043014,0.03480263157894737,0.02985074626865672,0.1,0.0,0.0,0.6175696557742708,10
0.08220858895705524,0.08384615384615385,0.014159292035398232,0.054556715625553004,0.040221774193548394,0.03375,0.049253731343283584,0.1,0.0,0.0,0.5420037439990076,15
0.06625766871165646,0.06538461538461539,0.010619469026548672,0.028915236241373207,0.019791666666666666,0.02013157894736842,0.019402985074626868,0.0,0.0,0.1,0.6694967799471443,10
0.03558282208588957,0.03461538461538462,0.006637168141592921,0.005379578835604318,0.004771505376344086,0.0077631578947368425,0.004477611940298508,0.0,0.1,0.0,0.8007727711101491,9
0.05030674846625768,0.050769230769230775,0.009292035398230088,0.011856308617943729,0.010248655913978496,0.009736842105263158,0.010945273631840797,0.0,0.1,0.0,0.7468449050972552,7
0.05644171779141106,0.057692307692307696,0.010619469026548672,0.017395151300654752,0.014818548387096776,0.011578947368421053,0.016915422885572143,0.1,0.0,0.0,0.7145384355479878,7
0.06871165644171781,0.06769230769230769,0.013716814159292037,0.0343479030260131,0.028998655913978495,0.03460526315789474,0.02537313432835821,0.1,0.0,0.0,0.6265542652804379,9
0.07055214723926381,0.06923076923076923,0.008849557522123895,0.0329676163510883,0.02896505376344086,0.029210526315789475,0.023383084577114428,0.1,0.0,0.0,0.63684124500041,12
0.07607361963190186,0.07692307692307693,0.01769911504424779,0.04321359051495311,0.030947580645161295,0.03460526315789474,0.042786069651741296,0.0,0.0,0.1,0.577751684431023,12
0.06319018404907976,0.06153846153846154,0.012389380530973453,0.026066182976464344,0.019858870967741936,0.024210526315789474,0.018407960199004977,0.0,0.0,0.1,0.6743384334224845,16
0.06871165644171781,0.07076923076923078,0.01592920353982301,0.034330207043001236,0.02298387096774194,0.02578947368421053,0.035323383084577116,0.1,0.0,0.0,0.6261629744696976,12
0.061349693251533756,0.06153846153846154,0.013274336283185842,0.028614404530171653,0.01834677419354839,0.01473684210526316,0.029353233830845774,0.1,0.0,0.0,0.6727862542669899,13
0.05337423312883437,0.054615384615384614,0.011061946902654869,0.014422226154662892,0.010315860215053764,0.009736842105263158,0.016417910447761197,0.0,0.1,0.0,0.7300555964303852,9
0.060736196319018415,0.05846153846153846,0.011946902654867258,0.02227924261192709,0.0176747311827957,0.01875,0.021393034825870648,0.0,0.0,0.1,0.6887583539439824,12
0.07300613496932516,0.07692307692307693,0.01592920353982301,0.03726774022296939,0.029603494623655916,0.025263157894736845,0.038805970149253737,0.1,0.0,0.0,0.603201221677159,13
0.0932515337423313,0.08846153846153845,0.0168141592920354,0.06473190585737038,0.047278225806451614,0.05078947368421053,0.05572139303482588,0.0,0.0,0.1,0.48295177012123636,14
0.07546012269938651,0.07692307692307693,0.014601769911504426,0.0416386480268979,0.032795698924731186,0.03210526315789474,0.034328358208955224,0.1,0.0,0.0,0.5921470621475531,17
0.06932515337423313,0.07076923076923078,0.013274336283185842,0.031021058219784108,0.023219086021505377,0.025328947368421055,0.027363184079601994,0.1,0.0,0.0,0.6396990038840377,10
0.017177914110429453,0.016153846153846154,0.0030973451327433632,0.000513183507343833,0.0003360215053763441,0.00046052631578947373,0.0004975124378109454,0.0,0.1,0.0,0.8617636508366604,4
0.05460122699386504,0.05307692307692307,0.012389380530973453,0.016846575827287207,0.013810483870967743,0.013355263157894738,0.010796019900497514,0.0,0.0,0.1,0.7251241266415912,15
0.06441717791411045,0.06615384615384615,0.011061946902654869,0.028773668377278357,0.022278225806451616,0.021842105263157895,0.017661691542288558,0.1,0.0,0.0,0.6678113380402122,12
0.019631901840490802,0.01846153846153846,0.001769911504424779,0.000637055388426827,0.0005040322580645161,0.0005921052631578947,0.0004975124378109454,0.0,0.1,0.0,0.8579059428460858,4
0.07791411042944786,0.07384615384615384,0.02079646017699115,0.037657051849230225,0.027755376344086022,0.030000000000000002,0.03582089552238806,0.0,0.0,0.1,0.5962099518317028,16
0.07055214723926381,0.07230769230769231,0.014601769911504426,0.030189347018226863,0.019623655913978494,0.02355263157894737,0.03482587064676617,0.0,0.0,0.1,0.6343468853836205,16
0.04662576687116565,0.04153846153846154,0.0084070796460177,0.0077508405591930635,0.005611559139784947,0.006776315789473684,0.006965174129353235,0.0,0.0,0.1,0.7763248023265501,6
0.030061349693251537,0.02769230769230769,0.005752212389380532,0.002247389842505751,0.0016465053763440863,0.0017763157894736842,0.0019900497512437814,0.0,0.0,0.1,0.8288338694654929,4
0.0588957055214724,0.060000000000000005,0.013274336283185842,0.022208458679879667,0.018548387096774196,0.017631578947368422,0.018407960199004977,0.0,0.1,0.0,0.6910335732723145,13
0.055828220858895716,0.05615384615384615,0.011946902654867258,0.015607857016457265,0.010181451612903226,0.015328947368421055,0.014427860696517414,0.0,0.1,0.0,0.7205249136380919,9
0.055828220858895716,0.057692307692307696,0.011061946902654869,0.01620952043886038,0.013340053763440862,0.014605263157894737,0.011940298507462687,0.1,0.0,0.0,0.7193223886784831,10
0.055828220858895716,0.054615384615384614,0.011946902654867258,0.016793487878251637,0.012533602150537636,0.012302631578947369,0.016716417910447763,0.0,0.0,0.1,0.719263352352668,13
0.04355828220858896,0.04153846153846154,0.008849557522123895,0.007644664661121925,0.005577956989247313,0.004868421052631579,0.00746268656716418,0.0,0.1,0.0,0.7804999694606606,10
0.06380368098159511,0.062307692307692314,0.012389380530973453,0.023942665015041584,0.019254032258064515,0.019210526315789473,0.020398009950248756,0.0,0.1,0.0,0.6786940126405947,15
0.06625766871165646,0.06153846153846154,0.012831858407079646,0.02679171827995045,0.02116935483870968,0.02381578947368421,0.021393034825870648,0.0,0.1,0.0,0.6662021139245874,11
0.06380368098159511,0.060000000000000005,0.012389380530973453,0.025924615112369494,0.01622983870967742,0.01894736842105263,0.025870646766169157,0.0,0.1,0.0,0.6768344694781627,19
0.06871165644171781,0.06846153846153846,0.014601769911504426,0.03640063705538843,0.03047715053763441,0.03328947368421053,0.027363184079601994,0.0,0.1,0.0,0.620694589828404,11
0.06380368098159511,0.06307692307692307,0.014159292035398232,0.025199079808883383,0.019119623655913978,0.02013157894736842,0.02238805970149254,0.1,0.0,0.0,0.6721217617924252,10
0.07546012269938651,0.07076923076923078,0.0168141592920354,0.037727835781277655,0.029133064516129036,0.02973684210526316,0.032835820895522394,0.0,0.1,0.0,0.607522923941155,13
0.07914110429447854,0.07538461538461538,0.0168141592920354,0.046239603609980535,0.03219086021505376,0.04690789473684211,0.034328358208955224,0.1,0.0,0.0,0.568993404258039,18
0.06932515337423313,0.06615384615384615,0.011946902654867258,0.030242434967262435,0.021572580645161293,0.023355263157894737,0.027363184079601994,0.0,0.1,0.0,0.650040634967133,11
0.036196319018404914,0.03538461538461539,0.007522123893805311,0.004423995752964077,0.0028225806451612906,0.0037500000000000003,0.00427860696517413,0.0,0.0,0.1,0.8056217583398748,8
0.04601226993865031,0.04307692307692308,0.0084070796460177,0.007874712440276058,0.0058803763440860215,0.005657894736842105,0.007960199004975126,0.0,0.0,0.1,0.7751305448122296,10
0.06441717791411045,0.06153846153846154,0.012389380530973453,0.024615112369492126,0.01616263440860215,0.02105263157894737,0.025174129353233834,0.0,0.1,0.0,0.674650472306179,10
0.04846625766871167,0.04307692307692308,0.007079646017699116,0.009414262962307556,0.0066868279569892485,0.00868421052631579,0.008955223880597015,0.0,0.0,0.1,0.7676366479104565,12
0.061349693251533756,0.06153846153846154,0.014601769911504426,0.025145991859847817,0.018145161290322582,0.019144736842105263,0.02238805970149254,0.1,0.0,0.0,0.6776861256047321,20
0.057668711656441725,0.05384615384615384,0.01017699115044248,0.017235887453548045,0.013138440860215055,0.016710526315789474,0.015422885572139305,0.1,0.0,0.0,0.71580040314527,8
0.07116564417177915,0.06461538461538462,0.014159292035398232,0.025765351265262786,0.018313172043010754,0.025,0.018905472636815922,0.0,0.1,0.0,0.6620756832323486,14
0.061349693251533756,0.05846153846153846,0.013716814159292037,0.023624137320828173,0.018447580645161294,0.020526315789473684,0.01791044776119403,0.0,0.1,0.0,0.6859634726109786,12
0.08895705521472394,0.08461538461538462,0.01946902654867257,0.07253583436559902,0.051982526881720434,0.057960526315789476,0.06517412935323384,0.0,0.1,0.0,0.45930551670487607,10
0.07975460122699388,0.07923076923076923,0.019026548672566375,0.0530171651035215,0.03790322580645161,0.0425,0.04228855721393035,0.1,0.0,0.0,0.5462791327457671,16
0.08220858895705524,0.08230769230769232,0.016371681415929203,0.05652096973986905,0.04217069892473118,0.046052631578947366,0.046766169154228855,0.1,0.0,0.0,0.5276015679215468,21
0.06748466257668713,0.06769230769230769,0.014601769911504426,0.03045478676340471,0.020967741935483872,0.02223684210526316,0.02985074626865672,0.0,0.1,0.0,0.6467111427466923,17
0.060122699386503074,0.05692307692307692,0.01017699115044248,0.019147053618828527,0.01149193548387097,0.015460526315789473,0.018407960199004977,0.1,0.0,0.0,0.7082697569224836,11
0.028834355828220862,0.02769230769230769,0.005309734513274336,0.002052734029375332,0.001478494623655914,0.0019078947368421054,0.001791044776119403,0.0,0.1,0.0,0.8309334338002043,6
0.028834355828220862,0.02692307692307692,0.007079646017699116,0.002282781808529464,0.0014448924731182795,0.0023026315789473686,0.002139303482587065,0.0,0.1,0.0,0.8289933118878209,5
0.06380368098159511,0.06307692307692307,0.01017699115044248,0.027251813838258716,0.0176747311827957,0.020657894736842108,0.025870646766169157,0.0,0.0,0.1,0.6714873182669736,11
0.058282208588957066,0.06153846153846154,0.01017699115044248,0.019147053618828527,0.0125,0.013486842105263158,0.020895522388059702,0.1,0.0,0.0,0.7039729206099875,13
0.06503067484662578,0.06538461538461539,0.009734513274336285,0.026154662891523624,0.01592741935483871,0.02118421052631579,0.029353233830845774,0.0,0.0,0.1,0.6672306698908986,13
0.04294478527607362,0.04230769230769231,0.005752212389380532,0.007255353034861086,0.005006720430107527,0.006118421052631579,0.006965174129353235,0.1,0.0,0.0,0.7836496413799001,10
0.06809815950920248,0.06461538461538462,0.012831858407079646,0.030773314457618123,0.020665322580645164,0.03388157894736842,0.024875621890547265,0.0,0.0,0.1,0.6442587595921543,14
0.06196319018404909,0.060000000000000005,0.009292035398230088,0.02319943372854362,0.01743951612903226,0.02368421052631579,0.018905472636815922,0.0,0.0,0.1,0.6855161413970132,11
0.06625766871165646,0.06769230769230769,0.014159292035398232,0.03859493894885861,0.02627688172043011,0.030197368421052636,0.035323383084577116,0.1,0.0,0.0,0.6214981593857191,15
0.06441717791411045,0.06153846153846154,0.01017699115044248,0.02227924261192709,0.017170698924731186,0.01894736842105263,0.01791044776119403,0.1,0.0,0.0,0.6875596116780806,11
0.06748466257668713,0.06923076923076923,0.015486725663716814,0.03887807467704831,0.02530241935483871,0.028289473684210528,0.03980099502487563,0.0,0.0,0.1,0.6155268797878536,14
0.06748466257668713,0.06769230769230769,0.014159292035398232,0.035073438329499204,0.02338709677419355,0.02210526315789474,0.0373134328358209,0.0,0.0,0.1,0.6327845065981985,20
0.028834355828220862,0.02692307692307692,0.005752212389380532,0.002176605910458326,0.0013776881720430109,0.0026315789473684214,0.0018905472636815922,0.0,0.1,0.0,0.8304139345657704,6
0.06441717791411045,0.06307692307692307,0.014601769911504426,0.02833126880198195,0.017708333333333336,0.026118421052631582,0.024875621890547265,0.0,0.0,0.1,0.660870484018968,13
0.058282208588957066,0.05615384615384615,0.012389380530973453,0.021854539019642544,0.013575268817204302,0.019013157894736843,0.018905472636815922,0.0,0.0,0.1,0.6998261263578237,16
0.06503067484662578,0.06153846153846154,0.014601769911504426,0.027322597770306142,0.01918682795698925,0.02598684210526316,0.022885572139303485,0.1,0.0,0.0,0.6634472537315462,12
0.06441717791411045,0.06384615384615384,0.013274336283185842,0.02532295168996638,0.015826612903225807,0.022500000000000003,0.026865671641791048,0.1,0.0,0.0,0.6679470957215666,13
0.06503067484662578,0.06538461538461539,0.011504424778761064,0.025376039639001948,0.014213709677419355,0.021842105263157895,0.02537313432835821,0.1,0.0,0.0,0.6712752960820604,13
0.05705521472392639,0.060000000000000005,0.009734513274336285,0.022491594408069367,0.01219758064516129,0.020657894736842108,0.02238805970149254,0.1,0.0,0.0,0.695475142510172,13
0.038650306748466264,0.036153846153846154,0.007079646017699116,0.006370553884268271,0.005376344086021506,0.0059210526315789476,0.004676616915422886,0.0,0.1,0.0,0.7957716335626969,5
0.05705521472392639,0.054615384615384614,0.010619469026548672,0.020545036276765176,0.01713709677419355,0.012039473684210527,0.018308457711442787,0.0,0.1,0.0,0.7096798671875283,8
0.05950920245398774,0.05923076923076923,0.009292035398230088,0.01967793310918422,0.01989247311827957,0.01368421052631579,0.013233830845771146,0.0,0.0,0.1,0.7054795453174622,7
0.060122699386503074,0.05923076923076923,0.010619469026548672,0.020916651920014157,0.018212365591397852,0.01480263157894737,0.017661691542288558,0.0,0.1,0.0,0.698433721723531,9
0.06319018404907976,0.06076923076923077,0.012389380530973453,0.024278888692266857,0.01888440860215054,0.016513157894736844,0.021890547263681594,0.1,0.0,0.0,0.6820842021978801,12
0.06809815950920248,0.06769230769230769,0.013716814159292037,0.03595823748009202,0.03316532258064516,0.024407894736842108,0.026169154228855726,0.1,0.0,0.0,0.6307921096127628,10
0.07484662576687118,0.07692307692307693,0.01592920353982301,0.05089364714209874,0.03484543010752688,0.04914473684210526,0.03328358208955225,0.1,0.0,0.0,0.5641336975889458,9
0.08343558282208591,0.08461538461538462,0.0168141592920354,0.0639532826048487,0.05527553763440861,0.048092105263157894,0.05124378109452737,0.1,0.0,0.0,0.49657016667355147,11
0.08466257668711658,0.08461538461538462,0.017256637168141596,0.06289152362413732,0.05168010752688172,0.05,0.04283582089552239,0.0,0.0,0.1,0.5060579494828158,11
0.08527607361963191,0.08461538461538462,0.018141592920353982,0.07690674216952752,0.07614247311827957,0.061381578947368426,0.04935323383084578,0.0,0.0,0.1,0.4481829207786082,10
0.0883435582822086,0.08846153846153845,0.017256637168141596,0.07611042293399399,0.07221102150537635,0.05026315789473684,0.0582089552238806,0.1,0.0,0.0,0.44914470853012356,10
0.03312883435582823,0.031538461538461536,0.006637168141592921,0.004176251990798089,0.0039650537634408605,0.004078947368421053,0.0030348258706467666,0.0,0.1,0.0,0.8134404569708105,4
0.03312883435582823,0.02923076923076923,0.005309734513274336,0.0035038046363475494,0.0029905913978494625,0.002236842105263158,0.0029850746268656717,0.0,0.1,0.0,0.8206143491338024,5
0.036196319018404914,0.033846153846153845,0.0061946902654867264,0.004831003362236773,0.0038642473118279575,0.0038815789473684212,0.0034825870646766175,0.0,0.1,0.0,0.8077034201838448,6
0.036196319018404914,0.033846153846153845,0.005752212389380532,0.004583259600070784,0.0034946236559139786,0.00368421052631579,0.0034825870646766175,0.0,0.1,0.0,0.8089606338990836,6
0.038650306748466264,0.03538461538461539,0.0061946902654867264,0.005804282427888869,0.004200268817204302,0.005263157894736843,0.004477611940298508,0.0,0.1,0.0,0.8000250665213031,6
0.04601226993865031,0.04461538461538461,0.0084070796460177,0.010175190231817377,0.008266129032258065,0.007960526315789473,0.007960199004975126,0.0,0.1,0.0,0.7666032212151073,6
0.04662576687116565,0.04615384615384615,0.007964601769911504,0.009803574588568396,0.01112231182795699,0.008223684210526315,0.008159203980099504,0.0,0.1,0.0,0.7619470105979255,6
0.04723926380368099,0.04384615384615384,0.007964601769911504,0.00877720757388073,0.0062836021505376346,0.00868421052631579,0.006965174129353235,0.0,0.1,0.0,0.7702397862001662,6
0.049079754601227,0.045384615384615384,0.0084070796460177,0.00891877543797558,0.0074260752688172045,0.0075657894736842115,0.006567164179104479,0.0,0.1,0.0,0.7666507460085584,6
0.05092024539877301,0.04846153846153846,0.010619469026548672,0.014209874358520617,0.013373655913978497,0.011447368421052631,0.00965174129353234,0.0,0.0,0.1,0.7413161071260558,8
0.05092024539877301,0.050769230769230775,0.008849557522123895,0.013820562732259779,0.012936827956989248,0.00993421052631579,0.010199004975124378,0.0,0.1,0.0,0.7425703601191831,7
0.05153374233128835,0.04923076923076923,0.01017699115044248,0.01447531410369846,0.013810483870967743,0.012302631578947369,0.010447761194029851,0.0,0.1,0.0,0.7380223065398566,8
0.0539877300613497,0.050769230769230775,0.011946902654867258,0.014493010086710317,0.010954301075268819,0.013223684210526318,0.011840796019900499,0.0,0.1,0.0,0.7327843451221463,6
0.05521472392638038,0.05384615384615384,0.011946902654867258,0.017483631215714033,0.014818548387096776,0.01243421052631579,0.013980099502487565,0.0,0.1,0.0,0.7202757299409843,7
0.058282208588957066,0.05384615384615384,0.010619469026548672,0.01735975933463104,0.013676075268817204,0.017105263157894738,0.013432835820895524,0.0,0.1,0.0,0.7156782349561019,7
0.05950920245398774,0.060000000000000005,0.010619469026548672,0.021199787648203856,0.016868279569892473,0.017697368421052635,0.016815920398009953,0.0,0.0,0.1,0.6972899724823047,8
0.060736196319018415,0.057692307692307696,0.01017699115044248,0.022102282781808532,0.018951612903225806,0.01881578947368421,0.015422885572139305,0.0,0.0,0.1,0.6961019341073735,6
0.06441717791411045,0.06307692307692307,0.01017699115044248,0.027411077685365423,0.02795698924731183,0.02144736842105263,0.01791044776119403,0.1,0.0,0.0,0.6676030247436001,7
0.06932515337423313,0.07,0.013274336283185842,0.03466643072022651,0.029838709677419358,0.026973684210526316,0.027363184079601994,0.0,0.0,0.1,0.6285585016548069,8
0.07116564417177915,0.06692307692307692,0.013274336283185842,0.031551937710139796,0.02439516129032258,0.025328947368421055,0.02502487562189055,0.0,0.1,0.0,0.6423360206311841,6
0.07177914110429448,0.06923076923076923,0.011061946902654869,0.030932578304724827,0.023823924731182795,0.02730263157894737,0.02238805970149254,0.1,0.0,0.0,0.6434809484459338,6
0.0736196319018405,0.07153846153846154,0.013716814159292037,0.044664661121925325,0.041969086021505383,0.03230263157894737,0.032835820895522394,0.0,0.0,0.1,0.5893528927825055,10
0.07730061349693253,0.07384615384615384,0.016371681415929203,0.042824278888692266,0.035618279569892476,0.03361842105263158,0.03203980099502488,0.0,0.0,0.1,0.5883807707347432,11
0.07914110429447854,0.08076923076923077,0.015044247787610623,0.04848699345248629,0.041229838709677426,0.03723684210526316,0.033830845771144286,0.1,0.0,0.0,0.5642608971101088,10
0.08036809815950922,0.08384615384615385,0.016371681415929203,0.06225446823571049,0.04613575268817205,0.04118421052631579,0.05442786069651742,0.1,0.0,0.0,0.515411774431692,11
0.08159509202453989,0.07923076923076923,0.014601769911504426,0.04903556892585383,0.04173387096774194,0.03973684210526316,0.03427860696517413,0.0,0.0,0.1,0.5597874798691533,8
0.08220858895705524,0.08,0.017256637168141596,0.06393558662183685,0.050940860215053764,0.04914473684210526,0.05029850746268657,0.1,0.0,0.0,0.5062150827331208,11
0.08220858895705524,0.07846153846153846,0.01769911504424779,0.05643248982480977,0.04506048387096774,0.0505921052631579,0.04482587064676617,0.0,0.0,0.1,0.5247198079314569,10
0.08404907975460124,0.07846153846153846,0.01592920353982301,0.05147761458149,0.04243951612903226,0.04085526315789474,0.037064676616915426,0.0,0.0,0.1,0.5497231077587048,9
0.08588957055214724,0.0923076923076923,0.02035398230088496,0.07089010794549638,0.05446908602150538,0.05322368421052632,0.05726368159203981,0.0,0.0,0.1,0.4656021950697077,10
0.0883435582822086,0.0923076923076923,0.02079646017699115,0.0792249159440807,0.06612903225806452,0.05407894736842105,0.06179104477611941,0.0,0.0,0.1,0.43732834888642225,12
0.02269938650306749,0.02076923076923077,0.003982300884955752,0.001132542912758804,0.000739247311827957,0.0008552631578947369,0.0009950248756218907,0.0,0.1,0.0,0.8488270035846426,4
0.030061349693251537,0.02692307692307692,0.004867256637168142,0.0027782693328614405,0.002688172043010753,0.0023684210526315787,0.0019900497512437814,0.0,0.1,0.0,0.8283234045667558,5
0.038650306748466264,0.03538461538461539,0.0,0.0047425234471774914,0.0038642473118279575,0.0037500000000000003,0.03487562189054726,0.0,0.1,0.0,0.7787326852173656,6
0.0441717791411043,0.04153846153846154,0.007964601769911504,0.007343832949920368,0.006586021505376345,0.005131578947368421,0.006169154228855722,0.0,0.1,0.0,0.7810945699190017,6
0.04601226993865031,0.04307692307692308,0.007079646017699116,0.007910104406299771,0.007728494623655915,0.005657894736842105,0.005472636815920398,0.0,0.1,0.0,0.7770620303840092,6
0.05092024539877301,0.047692307692307694,0.0084070796460177,0.012033268448062292,0.012163978494623657,0.007500000000000001,0.008258706467661693,0.0,0.1,0.0,0.7530244138525539,6
0.055828220858895716,0.05384615384615384,0.011946902654867258,0.01898778977172182,0.01918682795698925,0.011250000000000001,0.013184079601990051,0.0,0.1,0.0,0.715770025309382,7
0.0588957055214724,0.05384615384615384,0.009292035398230088,0.022473898425057513,0.023655913978494623,0.016710526315789474,0.013432835820895524,0.0,0.1,0.0,0.7016929306939066,6
0.05950920245398774,0.057692307692307696,0.011061946902654869,0.019890284905326492,0.01683467741935484,0.017697368421052635,0.015174129353233833,0.0,0.1,0.0,0.7021400828520818,8
0.06257668711656443,0.060000000000000005,0.011061946902654869,0.021129003716156433,0.019690860215053764,0.016644736842105264,0.0154726368159204,0.0,0.1,0.0,0.6934241283915449,8
0.06380368098159511,0.06076923076923077,0.011061946902654869,0.020580428242788888,0.017237903225806452,0.016644736842105264,0.016915422885572143,0.0,0.0,0.1,0.6929866501502465,10
0.06809815950920248,0.06615384615384615,0.012389380530973453,0.02670323836489117,0.023689516129032258,0.024144736842105264,0.020049751243781097,0.1,0.0,0.0,0.6587713712261681,9
0.07177914110429448,0.07153846153846154,0.013274336283185842,0.034684126703238366,0.028998655913978495,0.03348684210526316,0.0245771144278607,0.0,0.0,0.1,0.6216613219237175,9
0.07177914110429448,0.07076923076923078,0.013274336283185842,0.035515837904795615,0.03380376344086022,0.02769736842105263,0.02502487562189055,0.1,0.0,0.0,0.6221354464546899,11
0.07177914110429448,0.07,0.013716814159292037,0.0400990975048664,0.03706317204301075,0.029342105263157895,0.030348258706467665,0.0,0.0,0.1,0.6076514112189108,12
0.07484662576687118,0.07538461538461538,0.014159292035398232,0.04055919306317466,0.040120967741935486,0.03236842105263158,0.026368159203980102,0.0,0.0,0.1,0.5961927257513934,8
0.07484662576687118,0.07307692307692307,0.013274336283185842,0.04041762519907981,0.04166666666666667,0.03118421052631579,0.02437810945273632,0.0,0.0,0.1,0.6011555030282213,9
0.07546012269938651,0.08153846153846155,0.015044247787610623,0.03963900194655814,0.03881048387096774,0.02756578947368421,0.028457711442786072,0.0,0.0,0.1,0.5934841812405451,9
0.07607361963190186,0.07153846153846154,0.012389380530973453,0.03578127764997345,0.03219086021505376,0.03138157894736842,0.02537313432835821,0.1,0.0,0.0,0.6152716871579094,8
0.0766871165644172,0.0776923076923077,0.015486725663716814,0.04002831357281897,0.036458333333333336,0.029802631578947372,0.03213930348258707,0.0,0.0,0.1,0.5917052681118715,8
0.0766871165644172,0.07384615384615384,0.015486725663716814,0.03769244381525394,0.032694892473118284,0.034078947368421056,0.028358208955223882,0.0,0.0,0.1,0.601155511313695,10
0.07791411042944786,0.07384615384615384,0.012831858407079646,0.041797911874004605,0.044690860215053765,0.030131578947368422,0.02238805970149254,0.0,0.0,0.1,0.5963994665793994,10
0.07852760736196321,0.08076923076923077,0.015486725663716814,0.04891169704477084,0.04341397849462366,0.04098684210526316,0.03681592039800995,0.1,0.0,0.0,0.5550879981624216,9
0.08098159509202456,0.0776923076923077,0.0168141592920354,0.0509113431251106,0.045530913978494625,0.0375,0.01771144278606965,0.0,0.0,0.1,0.5728582380339575,11
0.08098159509202456,0.07461538461538461,0.013716814159292037,0.04344363829410724,0.040994623655913984,0.03605263157894737,0.02985074626865672,0.0,0.0,0.1,0.5803445663356734,8
0.08098159509202456,0.07923076923076923,0.013716814159292037,0.05101751902318174,0.047412634408602154,0.04677631578947369,0.03333333333333334,0.0,0.0,0.1,0.5475310189633232,10
0.08343558282208591,0.08461538461538462,0.015486725663716814,0.05213236595292869,0.04791666666666667,0.03710526315789474,0.0427363184079602,0.1,0.0,0.0,0.5365716927133624,11
0.08466257668711658,0.08923076923076922,0.017256637168141596,0.05867987966731552,0.047580645161290326,0.047565789473684214,0.04691542288557214,0.1,0.0,0.0,0.5081082797261104,10
0.0883435582822086,0.08384615384615385,0.017256637168141596,0.061847460626437804,0.05520833333333334,0.05039473684210526,0.046815920398009955,0.0,0.0,0.1,0.49628719950360956,11
0.033742331288343565,0.03076923076923077,0.0061946902654867264,0.0033976287382764116,0.0024865591397849464,0.0029605263157894738,0.0029850746268656717,0.0,0.1,0.0,0.8174639588562225,6
0.04049079754601228,0.03769230769230769,0.005752212389380532,0.005114139090426473,0.0038978494623655917,0.004210526315789474,0.0050248756218905484,0.0,0.1,0.0,0.7978172918818274,6
0.04049079754601228,0.04,0.007522123893805311,0.00695452132365953,0.006149193548387097,0.005592105263157896,0.005472636815920398,0.0,0.1,0.0,0.7878186216090575,7
0.04478527607361964,0.04307692307692308,0.007964601769911504,0.006936825340647674,0.005813172043010753,0.004736842105263157,0.006019900497512438,0.0,0.1,0.0,0.7806664590931117,7
0.04478527607361964,0.04153846153846154,0.007964601769911504,0.007626968678110069,0.006754032258064517,0.006447368421052632,0.006517412935323384,0.0,0.1,0.0,0.7783658783254567,6
0.05153374233128835,0.047692307692307694,0.008849557522123895,0.00992744646965139,0.007560483870967743,0.008092105263157895,0.009203980099502488,0.0,0.1,0.0,0.7571403767510005,8
0.05337423312883437,0.05153846153846154,0.009734513274336285,0.011820916651920015,0.009106182795698926,0.010197368421052632,0.009601990049751244,0.0,0.1,0.0,0.7446263341399451,7
0.05337423312883437,0.05,0.008849557522123895,0.012953459564678818,0.011693548387096775,0.009539473684210526,0.010845771144278609,0.0,0.1,0.0,0.742743956568777,7
0.0539877300613497,0.05,0.009734513274336285,0.017572111130773314,0.017338709677419357,0.015723684210526317,0.010696517412935324,0.0,0.1,0.0,0.7249467342326597,8
0.05950920245398774,0.05615384615384615,0.007964601769911504,0.023040169881436916,0.02127016129032258,0.01736842105263158,0.01791044776119403,0.0,0.1,0.0,0.6967831496366694,8
0.060736196319018415,0.05923076923076923,0.011061946902654869,0.018138382587152717,0.01394489247311828,0.015197368421052633,0.01711442786069652,0.0,0.1,0.0,0.7045760162055373,10
0.06257668711656443,0.062307692307692314,0.011061946902654869,0.024508936471420988,0.021975806451612904,0.020394736842105264,0.017960199004975124,0.0,0.0,0.1,0.6792139949029741,7
0.06380368098159511,0.06307692307692307,0.012389380530973453,0.021217483631215717,0.016263440860215056,0.018092105263157895,0.01810945273631841,0.0,0.1,0.0,0.6870475329196012,11
0.06625766871165646,0.06461538461538462,0.012389380530973453,0.026190054857547336,0.024159946236559142,0.020921052631578948,0.01975124378109453,0.0,0.1,0.0,0.6657152686352055,8
0.06625766871165646,0.06384615384615384,0.013716814159292037,0.024845160148646257,0.02163978494623656,0.02197368421052632,0.018905472636815922,0.0,0.1,0.0,0.6688152613406726,10
0.06748466257668713,0.06846153846153846,0.011061946902654869,0.02378340116793488,0.01935483870967742,0.017960526315789475,0.020895522388059702,0.0,0.1,0.0,0.6709975634776582,11
0.06871165644171781,0.06769230769230769,0.013716814159292037,0.028702884445230937,0.02476478494623656,0.023421052631578947,0.023383084577114428,0.0,0.1,0.0,0.6496074151065215,11
0.07055214723926381,0.06923076923076923,0.010619469026548672,0.03392319943372855,0.030040322580645165,0.02223684210526316,0.027363184079601994,0.1,0.0,0.0,0.6360340663041795,12
0.07055214723926381,0.06923076923076923,0.013274336283185842,0.030366306848345428,0.030174731182795702,0.021842105263157895,0.021393034825870648,0.0,0.1,0.0,0.6431665691266114,10
0.07055214723926381,0.07076923076923078,0.014601769911504426,0.03388780746770483,0.03235887096774193,0.025592105263157895,0.023482587064676617,0.1,0.0,0.0,0.6287554813167198,10
0.07116564417177915,0.07076923076923078,0.011946902654867258,0.03277296053795788,0.027049731182795703,0.02736842105263158,0.027363184079601994,0.1,0.0,0.0,0.6315639255511356,8
0.07116564417177915,0.06538461538461539,0.013716814159292037,0.030897186338701116,0.02429435483870968,0.03276315789473684,0.023781094527363187,0.1,0.0,0.0,0.6379971326848025,10
0.07239263803680983,0.06923076923076923,0.014159292035398232,0.035321182091665196,0.029905913978494625,0.028157894736842107,0.02995024875621891,0.0,0.0,0.1,0.6208820611338018,9
0.0736196319018405,0.07076923076923078,0.013716814159292037,0.023553353388780746,0.019153225806451613,0.019605263157894737,0.02676616915422886,0.0,0.0,0.1,0.6528163116622807,11
0.07607361963190186,0.07461538461538461,0.012831858407079646,0.03549814192178375,0.03128360215053764,0.02888157894736842,0.02786069651741294,0.0,0.0,0.1,0.6129551178085311,11
0.0766871165644172,0.07615384615384616,0.014159292035398232,0.04367368607326137,0.042573924731182794,0.025263157894736845,0.03482587064676617,0.1,0.0,0.0,0.5866631059003913,13
0.0766871165644172,0.07615384615384616,0.013716814159292037,0.036276765174305434,0.03091397849462366,0.025592105263157895,0.033830845771144286,0.0,0.0,0.1,0.6068285284192133,9
0.0766871165644172,0.07615384615384616,0.015486725663716814,0.045779508051672274,0.03901209677419355,0.041710526315789476,0.035323383084577116,0.0,0.0,0.1,0.5698467973917875,9
0.0766871165644172,0.07692307692307693,0.015486725663716814,0.03739161210405238,0.03101478494623656,0.033947368421052636,0.030348258706467665,0.0,0.0,0.1,0.5982010566709799,10
0.0766871165644172,0.07230769230769231,0.012831858407079646,0.06319235533533889,0.04536290322580646,0.0325,0.032288557213930355,0.0,0.0,0.1,0.5648295169457351,13
0.0766871165644172,0.07461538461538461,0.014601769911504426,0.043372854362059815,0.03410618279569892,0.03894736842105263,0.03582089552238806,0.1,0.0,0.0,0.5818484278074944,10
0.07791411042944786,0.07692307692307693,0.01592920353982301,0.044470005308794906,0.0362231182795699,0.038421052631578946,0.03482587064676617,0.1,0.0,0.0,0.5752935622409422,10
0.07914110429447854,0.07692307692307693,0.013274336283185842,0.04101928862148293,0.03141801075268818,0.04414473684210527,0.03084577114427861,0.1,0.0,0.0,0.5832336751387037,9
0.07914110429447854,0.07846153846153846,0.014601769911504426,0.049654928331268805,0.03867607526881721,0.033092105263157895,0.04522388059701493,0.0,0.0,0.1,0.5611485978722197,11
0.08466257668711658,0.08230769230769232,0.016371681415929203,0.06462572995929924,0.05356182795698925,0.05381578947368421,0.049651741293532344,0.1,0.0,0.0,0.4950029609057569,11
0.08527607361963191,0.08615384615384616,0.016371681415929203,0.0626968678110069,0.0550739247311828,0.04355263157894737,0.04348258706467662,0.1,0.0,0.0,0.507392387624779,10
0.06319018404907976,0.060000000000000005,0.010619469026548672,0.02167757918952398,0.020295698924731185,0.017960526315789475,0.014079601990049751,0.0,0.0,0.1,0.6921769405042771,8
0.0668711656441718,0.062307692307692314,0.011504424778761064,0.023287913643602904,0.021975806451612904,0.019013157894736843,0.017313432835820895,0.0,0.1,0.0,0.6777264064436013,8
0.07607361963190186,0.07153846153846154,0.012831858407079646,0.0322420810476022,0.02520161290322581,0.028223684210526317,0.027661691542288563,0.0,0.0,0.1,0.6262269907189141,10
0.07730061349693253,0.07538461538461538,0.013274336283185842,0.04231109538134844,0.039280913978494626,0.033815789473684216,0.02985074626865672,0.0,0.0,0.1,0.5887818897330823,9
0.07730061349693253,0.07923076923076923,0.014159292035398232,0.04728366660768006,0.03716397849462366,0.04217105263157895,0.03482587064676617,0.1,0.0,0.0,0.5678647568562512,11
0.07852760736196321,0.07538461538461538,0.01592920353982301,0.04813307379224917,0.043884408602150544,0.045657894736842106,0.030348258706467665,0.1,0.0,0.0,0.5621349378758889,9
0.04539877300613498,0.04230769230769231,0.007079646017699116,0.008228632100513184,0.00625,0.00736842105263158,0.007164179104477612,0.0,0.1,0.0,0.7762026564108513,6
0.04846625766871167,0.047692307692307694,0.007522123893805311,0.0112192532295169,0.01028225806451613,0.006644736842105264,0.009303482587064678,0.0,0.1,0.0,0.7588695800219724,7
0.049079754601227,0.04615384615384615,0.01017699115044248,0.011254645195540612,0.008971774193548387,0.009539473684210526,0.009303482587064678,0.0,0.1,0.0,0.7555200324341202,6
0.05030674846625768,0.04692307692307692,0.008849557522123895,0.009361175013271989,0.006720430107526883,0.008618421052631579,0.008457711442786071,0.0,0.1,0.0,0.760762879472325,7
0.055828220858895716,0.05153846153846154,0.009292035398230088,0.014351442222615468,0.011760752688172043,0.012105263157894737,0.011791044776119404,0.0,0.1,0.0,0.733332779359611,8
0.0588957055214724,0.05153846153846154,0.011061946902654869,0.018545390196425413,0.01653225806451613,0.014407894736842106,0.014427860696517414,0.0,0.1,0.0,0.7145904823431101,7
0.05950920245398774,0.057692307692307696,0.009734513274336285,0.016421872235002657,0.013541666666666669,0.011842105263157895,0.01482587064676617,0.0,0.1,0.0,0.7164324617677749,8
0.061349693251533756,0.05538461538461538,0.010619469026548672,0.015537073084409839,0.012600806451612904,0.013881578947368422,0.012985074626865673,0.0,0.1,0.0,0.7176416892270453,8
0.06319018404907976,0.06076923076923077,0.011061946902654869,0.020545036276765176,0.015893817204301077,0.014144736842105264,0.018905472636815922,0.0,0.1,0.0,0.6954895753190471,9
0.06380368098159511,0.06153846153846154,0.012389380530973453,0.022013802866749248,0.018682795698924733,0.019144736842105263,0.016815920398009953,0.0,0.1,0.0,0.6856112211431806,8
0.0668711656441718,0.06923076923076923,0.013274336283185842,0.027623429481507696,0.025504032258064517,0.02138157894736842,0.021492537313432838,0.0,0.0,0.1,0.6546221508414997,8
0.0668711656441718,0.06615384615384615,0.012389380530973453,0.027322597770306142,0.019422043010752687,0.025,0.026019900497512443,0.0,0.1,0.0,0.6568210663924373,8
0.06748466257668713,0.06692307692307692,0.011061946902654869,0.02622544682357105,0.02338709677419355,0.020855263157894738,0.020497512437810946,0.0,0.1,0.0,0.6635649944041109,9
0.06748466257668713,0.06615384615384615,0.01592920353982301,0.02925145991859848,0.029603494623655916,0.020921052631578948,0.02238805970149254,0.0,0.0,0.1,0.6482682208543178,10
0.06748466257668713,0.05923076923076923,0.011504424778761064,0.025747655282250932,0.02305107526881721,0.02138157894736842,0.018905472636815922,0.0,0.0,0.1,0.6726943612785301,8
0.06809815950920248,0.06615384615384615,0.011061946902654869,0.02479207219961069,0.022815860215053767,0.017828947368421055,0.02084577114427861,0.0,0.1,0.0,0.6684033965069324,8
0.06871165644171781,0.06923076923076923,0.012831858407079646,0.033109184215183156,0.02856182795698925,0.021644736842105265,0.02711442786069652,0.0,0.0,0.1,0.638795539045459,11
0.06932515337423313,0.07153846153846154,0.013274336283185842,0.041815607857016455,0.039045698924731184,0.029144736842105265,0.030796019900497514,0.0,0.1,0.0,0.605059985279769,9
0.06993865030674848,0.06846153846153846,0.014159292035398232,0.03590514953105645,0.034677419354838715,0.021578947368421055,0.02985074626865672,0.0,0.0,0.1,0.6254282566733419,10
0.07055214723926381,0.07384615384615384,0.015044247787610623,0.038931162626083884,0.03400537634408603,0.032697368421052635,0.03084577114427861,0.1,0.0,0.0,0.6040777725914706,10
0.07177914110429448,0.07846153846153846,0.014159292035398232,0.043107414616881966,0.042943548387096776,0.031710526315789474,0.02985074626865672,0.0,0.0,0.1,0.587987792810344,11
0.07239263803680983,0.06923076923076923,0.013716814159292037,0.030932578304724827,0.024798387096774194,0.028092105263157894,0.023880597014925373,0.0,0.0,0.1,0.6369561108935466,8
0.07300613496932516,0.07307692307692307,0.013716814159292037,0.03482569456733322,0.032694892473118284,0.024210526315789474,0.02741293532338309,0.0,0.1,0.0,0.6210560791148357,10
0.0736196319018405,0.07230769230769231,0.011504424778761064,0.0357635816669616,0.02842741935483871,0.02881578947368421,0.02965174129353234,0.0,0.0,0.1,0.6199097192226893,9
0.07484662576687118,0.05615384615384615,0.013716814159292037,0.038099451424526636,0.032795698924731186,0.03276315789473684,0.026865671641791048,0.0,0.0,0.1,0.6247587340342049,9
0.07546012269938651,0.07307692307692307,0.018141592920353982,0.04731905857370377,0.04028897849462366,0.037039473684210525,0.03681592039800995,0.0,0.0,0.1,0.5718579301527885,11
0.0766871165644172,0.07692307692307693,0.01592920353982301,0.04850468943549815,0.04334677419354839,0.03986842105263158,0.03686567164179105,0.0,0.0,0.1,0.5618750466492136,12
0.0766871165644172,0.07538461538461538,0.0168141592920354,0.06021943018934702,0.05016801075268818,0.05401315789473684,0.038358208955223884,0.1,0.0,0.0,0.5283553009669361,11
0.07730061349693253,0.07461538461538461,0.01592920353982301,0.044009909750486645,0.03477822580645161,0.04052631578947369,0.03681592039800995,0.0,0.0,0.1,0.5760244266034379,11
0.07730061349693253,0.08153846153846155,0.015486725663716814,0.050026543974517786,0.044825268817204306,0.03875,0.03537313432835821,0.0,0.0,0.1,0.5566992521808088,13
0.07791411042944786,0.07461538461538461,0.013716814159292037,0.03797557954344364,0.03138440860215054,0.02598684210526316,0.03482587064676617,0.1,0.0,0.0,0.6035809898982519,11
0.07791411042944786,0.07692307692307693,0.015486725663716814,0.05227393381702354,0.04596774193548388,0.03953947368421053,0.038805970149253737,0.1,0.0,0.0,0.5530889673977868,12
0.07791411042944786,0.07692307692307693,0.01592920353982301,0.04570872411962485,0.039919354838709675,0.03546052631578948,0.03681592039800995,0.0,0.0,0.1,0.5713290834355182,9
0.07975460122699388,0.07615384615384616,0.014159292035398232,0.04638117147407539,0.03877688172043011,0.043618421052631584,0.035323383084577116,0.1,0.0,0.0,0.5658324032520475,9
0.08220858895705524,0.08076923076923077,0.01592920353982301,0.052787117324367375,0.0489247311827957,0.045131578947368425,0.03791044776119403,0.0,0.0,0.1,0.5363391015181654,9
0.08282208588957057,0.08,0.015486725663716814,0.05287559723942665,0.04949596774193549,0.040197368421052634,0.03681592039800995,0.1,0.0,0.0,0.5423063346462879,9
0.08282208588957057,0.07846153846153846,0.013274336283185842,0.04234648734737215,0.03192204301075269,0.04,0.03840796019900498,0.1,0.0,0.0,0.5727655488085753,11
0.08343558282208591,0.08384615384615385,0.016371681415929203,0.059175367191647496,0.047547043010752695,0.04789473684210526,0.04776119402985075,0.0,0.0,0.1,0.5139682408414749,11
0.08588957055214724,0.08384615384615385,0.019026548672566375,0.06768713502035038,0.059307795698924734,0.057697368421052636,0.05034825870646767,0.0,0.0,0.1,0.4761971690823371,10
0.08711656441717792,0.08384615384615385,0.015486725663716814,0.06749247920721996,0.05863575268817205,0.06006578947368422,0.0472636815920398,0.1,0.0,0.0,0.48009285311183536,11
0.08773006134969326,0.08692307692307691,0.01592920353982301,0.06335161918244558,0.056720430107526885,0.04651315789473684,0.05358208955223881,0.1,0.0,0.0,0.48925036145045864,9
0.0883435582822086,0.09076923076923077,0.018141592920353982,0.06191824455848523,0.05211693548387097,0.055592105263157894,0.04776119402985075,0.1,0.0,0.0,0.4853571386928418,11
0.05153374233128835,0.04692307692307692,0.008849557522123895,0.01208635639709786,0.011055107526881722,0.010197368421052632,0.00855721393034826,0.0,0.1,0.0,0.7507975769481303,7
0.0588957055214724,0.05384615384615384,0.008849557522123895,0.01836843036630685,0.015893817204301077,0.016776315789473684,0.012537313432835822,0.0,0.1,0.0,0.7148327063173324,7
0.0588957055214724,0.05615384615384615,0.011504424778761064,0.018775437975579543,0.01616263440860215,0.016710526315789474,0.013830845771144282,0.0,0.0,0.1,0.7079665790748049,8
0.06257668711656443,0.06307692307692307,0.013716814159292037,0.04539019642541143,0.038239247311827956,0.038289473684210526,0.03776119402985075,0.0,0.0,0.1,0.6009494641959198,9
0.06319018404907976,0.06153846153846154,0.012389380530973453,0.02535834365599009,0.02348790322580645,0.020986842105263158,0.017761194029850748,0.0,0.1,0.0,0.6752876908645747,8
0.06871165644171781,0.06461538461538462,0.01592920353982301,0.058909927446469654,0.05211693548387097,0.046052631578947366,0.04502487562189055,0.1,0.0,0.0,0.548639385271896,9
0.06871165644171781,0.06461538461538462,0.012389380530973453,0.02962307556184746,0.027822580645161292,0.028157894736842107,0.019900497512437814,0.0,0.1,0.0,0.6487795299556355,8
0.06993865030674848,0.06923076923076923,0.013274336283185842,0.034135551229870824,0.035685483870967746,0.02486842105263158,0.020796019900497512,0.1,0.0,0.0,0.6320707681253288,9
0.07423312883435584,0.07153846153846154,0.013716814159292037,0.038931162626083884,0.03676075268817205,0.03506578947368422,0.025721393034825873,0.1,0.0,0.0,0.6040324976451246,10
0.0766871165644172,0.07384615384615384,0.014159292035398232,0.043939125818439215,0.04418682795698925,0.03453947368421053,0.027711442786069657,0.0,0.0,0.1,0.5849305673083222,9
0.07852760736196321,0.0776923076923077,0.015486725663716814,0.04666430720226509,0.04156586021505377,0.03973684210526316,0.032985074626865674,0.1,0.0,0.0,0.5673412751325646,9
0.07975460122699388,0.08076923076923077,0.016371681415929203,0.04761989028490533,0.03938172043010753,0.03657894736842106,0.03845771144278608,0.0,0.0,0.1,0.5610662170616262,9
0.03680981595092025,0.03307692307692307,0.004424778761061948,0.004193947973809945,0.0032258064516129037,0.0029605263157894738,0.004179104477611941,0.0,0.1,0.0,0.8111290969922704,4
0.04294478527607362,0.04076923076923077,0.007964601769911504,0.006972217306671386,0.0049059139784946235,0.004802631578947368,0.007661691542288558,0.0,0.0,0.1,0.7839789277783822,7
0.055828220858895716,0.05384615384615384,0.011504424778761064,0.01672270394620421,0.014448924731182797,0.009802631578947368,0.01492537313432836,0.0,0.1,0.0,0.7229215671255266,9
0.05644171779141106,0.05615384615384615,0.009734513274336285,0.015908688727658823,0.011794354838709678,0.013421052631578946,0.01492537313432836,0.0,0.1,0.0,0.7216204534481307,8
0.060122699386503074,0.057692307692307696,0.01017699115044248,0.01971332507520793,0.015288978494623658,0.01756578947368421,0.017562189054726368,0.0,0.1,0.0,0.7018777196725046,8
0.061349693251533756,0.05923076923076923,0.010619469026548672,0.018262254468235713,0.013239247311827958,0.017171052631578948,0.016417910447761197,0.0,0.1,0.0,0.7037096036317445,8
0.06625766871165646,0.06384615384615384,0.011946902654867258,0.025092903910812245,0.021471774193548388,0.022894736842105263,0.018407960199004977,0.0,0.1,0.0,0.6700818996418516,9
0.06748466257668713,0.06461538461538462,0.012831858407079646,0.02613696690851177,0.021572580645161293,0.019539473684210527,0.025074626865671645,0.0,0.0,0.1,0.6627444462972933,11
0.06748466257668713,0.06846153846153846,0.009734513274336285,0.02808352503981596,0.025403225806451615,0.01868421052631579,0.025870646766169157,0.0,0.1,0.0,0.6562776775486856,10
0.06809815950920248,0.06692307692307692,0.012831858407079646,0.032578304724827464,0.027150537634408604,0.029934210526315792,0.02537313432835821,0.0,0.0,0.1,0.6371107179467309,8
0.06993865030674848,0.06538461538461539,0.012389380530973453,0.027092549991152008,0.02224462365591398,0.01842105263157895,0.023880597014925373,0.0,0.1,0.0,0.6606485304840923,10
0.07116564417177915,0.06923076923076923,0.012389380530973453,0.029162980003539195,0.023286290322580644,0.023223684210526317,0.026169154228855726,0.0,0.0,0.1,0.6453720973009762,10
0.07116564417177915,0.06538461538461539,0.012831858407079646,0.02937533179968147,0.025470430107526882,0.02111842105263158,0.025621890547263684,0.0,0.1,0.0,0.6490318085294222,11
0.07177914110429448,0.07230769230769231,0.015044247787610623,0.03486108653335693,0.02483198924731183,0.03151315789473684,0.03134328358208956,0.0,0.1,0.0,0.6183194015429074,10
0.07177914110429448,0.06923076923076923,0.013274336283185842,0.03528579012564148,0.02725134408602151,0.03723684210526316,0.024975124378109455,0.0,0.0,0.1,0.6209666526867148,11
0.07300613496932516,0.07,0.012389380530973453,0.03234825694567334,0.026176075268817208,0.029276315789473685,0.026965174129353238,0.1,0.0,0.0,0.6298386623663839,9
0.0736196319018405,0.07692307692307693,0.015044247787610623,0.039992921606795254,0.029603494623655916,0.03513157894736842,0.03333333333333334,0.1,0.0,0.0,0.596351714876319,11
0.07546012269938651,0.07615384615384616,0.013716814159292037,0.03824101928862148,0.03494623655913979,0.025,0.0318407960199005,0.1,0.0,0.0,0.6046411651198136,9
0.07730061349693253,0.0776923076923077,0.013716814159292037,0.039108122456202446,0.03306451612903226,0.02973684210526316,0.03233830845771145,0.0,0.0,0.1,0.5970424755032584,11
0.07730061349693253,0.07538461538461538,0.013716814159292037,0.04349672624314281,0.03595430107526882,0.038157894736842106,0.03333333333333334,0.0,0.0,0.1,0.582655701570573,11
0.07791411042944786,0.07615384615384616,0.015486725663716814,0.043726774022296945,0.03497983870967742,0.040592105263157895,0.034527363184079604,0.1,0.0,0.0,0.5766192365737773,10
0.07914110429447854,0.08230769230769232,0.0168141592920354,0.04386834188639179,0.03145161290322581,0.03138157894736842,0.042189054726368164,0.1,0.0,0.0,0.5728464556424395,10
0.07975460122699388,0.0776923076923077,0.014601769911504426,0.04802689789417802,0.0384744623655914,0.03697368421052632,0.042786069651741296,0.1,0.0,0.0,0.561690207047157,11
0.08036809815950922,0.08076923076923077,0.01592920353982301,0.04961953636524509,0.041935483870967745,0.03861842105263158,0.03631840796019901,0.0,0.0,0.1,0.5564416182823936,13
0.08036809815950922,0.07692307692307693,0.01946902654867257,0.048097681826225445,0.04314516129032259,0.04282894736842106,0.040298507462686574,0.1,0.0,0.0,0.5488695004210855,13
0.08220858895705524,0.08230769230769232,0.0168141592920354,0.059069191293576365,0.05016801075268818,0.03861842105263158,0.05054726368159205,0.0,0.0,0.1,0.5202666726627289,11
0.08220858895705524,0.08076923076923077,0.01769911504424779,0.06159971686427181,0.04170026881720431,0.03907894736842105,0.06537313432835822,0.0,0.0,0.1,0.5115709978512109,11
0.08527607361963191,0.08153846153846155,0.018584070796460177,0.053441868695806055,0.0446236559139785,0.05388157894736842,0.03830845771144279,0.0,0.0,0.1,0.5243458327768505,10
0.08527607361963191,0.08461538461538462,0.017256637168141596,0.058909927446469654,0.04885752688172043,0.04736842105263158,0.04427860696517413,0.0,0.0,0.1,0.5134374222508461,11
0.09447852760736199,0.09307692307692307,0.015486725663716814,0.07257122633162272,0.05379704301075269,0.06921052631578949,0.035323383084577116,0.0,0.0,0.1,0.4660556449092561,11
0.034355828220858906,0.03307692307692307,0.0061946902654867264,0.004388603786940365,0.004233870967741936,0.0028289473684210524,0.0029850746268656717,0.0,0.1,0.0,0.8119360616867622,6
0.04049079754601228,0.03538461538461539,0.007079646017699116,0.004954875243319767,0.0037970430107526886,0.004802631578947368,0.004577114427860697,0.0,0.1,0.0,0.7989132767907927,7
0.04294478527607362,0.038461538461538464,0.006637168141592921,0.005998938241019289,0.005611559139784947,0.004671052631578947,0.004079601990049752,0.0,0.1,0.0,0.7915953561183621,6
0.04539877300613498,0.04307692307692308,0.007964601769911504,0.007715448593169351,0.0066868279569892485,0.007171052631578948,0.006119402985074627,0.0,0.1,0.0,0.7758669699802183,7
0.052760736196319026,0.04846153846153846,0.01017699115044248,0.013590514953105646,0.012668010752688173,0.009407894736842105,0.010945273631840797,0.0,0.1,0.0,0.7419890401172233,8
0.05337423312883437,0.050769230769230775,0.0084070796460177,0.01390904264731906,0.014717741935483872,0.009868421052631578,0.008805970149253732,0.0,0.1,0.0,0.740148280671229,6
0.0539877300613497,0.05384615384615384,0.009734513274336285,0.013466643072022652,0.01058467741935484,0.011776315789473685,0.011442786069651743,0.0,0.1,0.0,0.7351611804676572,6
0.058282208588957066,0.05692307692307692,0.009734513274336285,0.017324367368607325,0.014684139784946237,0.014078947368421054,0.014527363184079602,0.0,0.0,0.1,0.7144453835075755,8
0.058282208588957066,0.05538461538461538,0.012389380530973453,0.01817377455317643,0.016196236559139786,0.01375,0.015422885572139305,0.0,0.0,0.1,0.7104008988109985,8
0.0588957055214724,0.054615384615384614,0.009734513274336285,0.015908688727658823,0.013508064516129034,0.011710526315789473,0.01393034825870647,0.0,0.1,0.0,0.7216967687705229,8
0.06871165644171781,0.06769230769230769,0.011946902654867258,0.028402052734029376,0.023521505376344086,0.02125,0.02577114427860697,0.1,0.0,0.0,0.6527044308221268,9
0.07177914110429448,0.07307692307692307,0.014601769911504426,0.03726774022296939,0.030779569892473123,0.02855263157894737,0.02985074626865672,0.1,0.0,0.0,0.6140914779442315,11
0.07177914110429448,0.07,0.015044247787610623,0.0351973102105822,0.02859543010752688,0.03460526315789474,0.028308457711442785,0.1,0.0,0.0,0.6164701499206483,11
0.04723926380368099,0.03923076923076923,0.008849557522123895,0.011236949212528756,0.00920698924731183,0.008947368421052633,0.009154228855721393,0.0,0.0,0.1,0.7661348737068112,8
0.04785276073619633,0.047692307692307694,0.007522123893805311,0.01217483631215714,0.012163978494623657,0.009144736842105265,0.007860696517412936,0.0,0.1,0.0,0.7555885595113916,7
0.04785276073619633,0.04461538461538461,0.008849557522123895,0.010069014333746238,0.008434139784946237,0.008355263157894737,0.008059701492537314,0.0,0.1,0.0,0.7637641783571707,7
0.04969325153374234,0.04615384615384615,0.007522123893805311,0.01074146168819678,0.010080645161290322,0.006644736842105264,0.008756218905472637,0.0,0.1,0.0,0.7604077158215412,7
0.058282208588957066,0.05615384615384615,0.01017699115044248,0.017660591045832598,0.015591397849462367,0.011644736842105263,0.015522388059701494,0.0,0.1,0.0,0.7149678403096525,10
0.061349693251533756,0.05846153846153846,0.011061946902654869,0.02042116439568218,0.018077956989247315,0.016644736842105264,0.01527363184079602,0.0,0.0,0.1,0.6987093313164421,9
0.06319018404907976,0.06153846153846154,0.011061946902654869,0.02176605910458326,0.019254032258064515,0.01618421052631579,0.017562189054726368,0.1,0.0,0.0,0.6894429165661139,8
0.06380368098159511,0.05923076923076923,0.014601769911504426,0.027995045124756684,0.02520161290322581,0.02368421052631579,0.018059701492537314,0.0,0.0,0.1,0.6674232098292957,10
0.06748466257668713,0.06615384615384615,0.011504424778761064,0.029711555476906744,0.021202956989247315,0.02572368421052632,0.02393034825870647,0.0,0.0,0.1,0.6542885215553188,10
0.06871165644171781,0.06615384615384615,0.013716814159292037,0.030702530525570697,0.02688172043010753,0.02263157894736842,0.022786069651741295,0.0,0.0,0.1,0.648415783690356,8
0.06932515337423313,0.06923076923076923,0.014601769911504426,0.03139267386303309,0.024865591397849465,0.031447368421052634,0.02477611940298508,0.1,0.0,0.0,0.6343605543985729,11
0.07239263803680983,0.06769230769230769,0.011946902654867258,0.03418863917890639,0.029502688172043014,0.028223684210526317,0.025920398009950253,0.0,0.0,0.1,0.6301327420445892,10
0.0736196319018405,0.07307692307692307,0.018141592920353982,0.041620952043886036,0.035315860215053764,0.03782894736842105,0.03064676616915423,0.0,0.0,0.1,0.5897493263043674,9
0.0766871165644172,0.07461538461538461,0.013274336283185842,0.038736506812953465,0.035685483870967746,0.034342105263157896,0.029452736318407963,0.1,0.0,0.0,0.5972063302715253,10
0.08711656441717792,0.08538461538461539,0.017256637168141596,0.06896124579720403,0.06354166666666668,0.04953947368421053,0.049253731343283584,0.0,0.0,0.1,0.4789460655387002,12
