fixed acidity,volatile acidity,citric acid,residual sugar,chlorides,free sulfur dioxide,total sulfur dioxide,density,pH,sulphates,alcohol,Adjusted_p,quality
0.04230989136649514,0.040276179516685835,0.0,0.011143695014662756,0.011307841095075138,0.014705882352941176,0.0106951871657754,0.09037560492691062,0.07957379279075039,0.025454545454545455,0.05735204392922514,0.6168053363869329,5
0.044596912521440824,0.050632911392405056,0.0,0.015249266862170088,0.01458116351733373,0.03342245989304813,0.021075810003145644,0.0902850300572705,0.07254590795737928,0.03090909090909091,0.05979255643685174,0.5669088904498643,5
0.044596912521440824,0.04372842347525891,0.0036363636363636364,0.01348973607038123,0.013688439220354114,0.020053475935828877,0.016986473733878578,0.09030314503119852,0.07390614373158014,0.029545454545454545,0.05979255643685174,0.5902728756614088,5
0.06403659233847912,0.016110471806674336,0.05090909090909091,0.011143695014662756,0.0111590537122452,0.022727272727272728,0.01887385970430953,0.09039371990083864,0.07163908410791205,0.026363636363636363,0.05979255643685174,0.5568509669780266,6
0.04230989136649514,0.040276179516685835,0.0,0.011143695014662756,0.011307841095075138,0.014705882352941176,0.0106951871657754,0.09037560492691062,0.07957379279075039,0.025454545454545455,0.05735204392922514,0.6168053363869329,5
0.04230989136649514,0.03797468354430379,0.0,0.010557184750733138,0.0111590537122452,0.017379679144385027,0.012582573136206355,0.09037560492691062,0.07957379279075039,0.025454545454545455,0.05735204392922514,0.6152809472441998,5
0.04516866781017725,0.034522439585730716,0.005454545454545454,0.0093841642228739,0.010266329415265587,0.020053475935828877,0.018559295375904374,0.09024880010941444,0.07481296758104738,0.02090909090909091,0.05735204392922514,0.613268179670896,5
0.04173813607775872,0.03739930955120828,0.0,0.007038123167155425,0.009671179883945842,0.020053475935828877,0.006605850896508336,0.09008576534406224,0.07685332124234867,0.021363636363636362,0.06101281269066504,0.6281783888468822,7
0.044596912521440824,0.03337169159953969,0.0018181818181818182,0.011730205278592375,0.010861478946585328,0.012032085561497326,0.005662157911292859,0.0902850300572705,0.07617320335524824,0.025909090909090906,0.057962172056131786,0.6295977899851284,7
0.038307604345340196,0.03337169159953969,0.007272727272727273,0.010557184750733138,0.01443237613450378,0.020053475935828877,0.020446681346335326,0.09020351267459438,0.07435955565631376,0.024545454545454547,0.05613178767541183,0.6103179480632173,5
0.03201829616923956,0.035385500575373985,0.0,0.0093841642228739,0.013242077071864306,0.0213903743315508,0.018559295375904374,0.0900585928831702,0.08116073452731808,0.023636363636363636,0.06040268456375839,0.6147619166425827,5
0.044596912521440824,0.03509781357882623,0.026363636363636363,0.0093841642228739,0.01696176164261271,0.012032085561497326,0.009122365523749607,0.09033937497905456,0.07390614373158014,0.07090909090909091,0.05552165954850518,0.5557649914171323,5
0.04859919954259577,0.016110471806674336,0.05090909090909091,0.010557184750733138,0.013688439220354114,0.04679144385026738,0.03240012582573136,0.0902940875442345,0.07481296758104738,0.03409090909090909,0.06406345332519829,0.5176826265531638,7
0.04516866781017725,0.018411967779056383,0.046363636363636364,0.010557184750733138,0.05073649754500819,0.022727272727272728,0.017615602390688895,0.0902940875442345,0.06891861255951032,0.049090909090909095,0.05613178767541183,0.5239837737633612,6
0.043453401943967976,0.022439585730724968,0.028181818181818183,0.01348973607038123,0.01220056539205474,0.03074866310160428,0.02233406731676628,0.09041183487476666,0.0798004987531172,0.029545454545454545,0.05918242830994508,0.5682119457793988,5
0.04516866781017725,0.024741081703107015,0.01909090909090909,0.0093841642228739,0.01577146257997322,0.013368983957219251,0.011638880150990877,0.09026691508334247,0.07186579007027885,0.041363636363636366,0.057962172056131786,0.59937733691136,5
0.04859919954259577,0.028193325661680087,0.01,0.01348973607038123,0.012498140157714626,0.012032085561497326,0.021075810003145644,0.0902850300572705,0.07186579007027885,0.024090909090909093,0.05735204392922514,0.6105179298553017,5
0.03945111492281304,0.02301495972382048,0.012727272727272728,0.01407624633431085,0.012646927540544563,0.02807486631016043,0.012582573136206355,0.0902850300572705,0.07776014509181592,0.028636363636363637,0.05918242830994508,0.6015620722094764,6
0.03602058319039451,0.022439585730724968,0.014545454545454545,0.008211143695014663,0.011902990626394883,0.014705882352941176,0.007234979553318654,0.09016728272673834,0.07571979143051462,0.025454545454545455,0.056741915802318486,0.6368558448916397,5
0.043453401943967976,0.02359033371691599,0.021818181818181816,0.010557184750733138,0.011902990626394883,0.0053475935828877,0.0034602076124567475,0.09023068513548642,0.07435955565631376,0.026818181818181817,0.057962172056131786,0.6304995112823479,5
0.04059462550028588,0.04085155350978135,0.0,0.011143695014662756,0.011902990626394883,0.01871657754010695,0.01100975149418056,0.09032126000512654,0.07866696894128317,0.025,0.05735204392922514,0.6144405334389527,5
0.044596912521440824,0.03711162255466052,0.0,0.011730205278592375,0.01220056539205474,0.0106951871657754,0.0050330292544825414,0.09024880010941444,0.07662661527998187,0.026818181818181817,0.05979255643685174,0.6251463241885638,6
0.038307604345340196,0.03883774453394706,0.006363636363636364,0.01407624633431085,0.013242077071864306,0.022727272727272728,0.025794274929223027,0.09019445518763038,0.07594649739288144,0.024545454545454547,0.061622940817571685,0.5883417957508674,5
0.04745568896512293,0.037686996547756035,0.010909090909090908,0.01348973607038123,0.01234935277488469,0.020053475935828877,0.03554576910978295,0.09026691508334247,0.07186579007027885,0.030000000000000002,0.05979255643685174,0.5705846280966793,5
0.029731275014293884,0.018411967779056383,0.022727272727272728,0.010557184750733138,0.01532510043148341,0.017379679144385027,0.015728216420257943,0.09018539770066636,0.07662661527998187,0.025,0.05613178767541183,0.6221955030764574,5
0.044596912521440824,0.03711162255466052,0.0,0.03225806451612903,0.012795714923374496,0.0066844919786096255,0.005662157911292859,0.09044806482262271,0.07708002720471548,0.025,0.05857230018303843,0.609790643384116,6
0.044596912521440824,0.034522439585730716,0.012727272727272728,0.01407624633431085,0.012795714923374496,0.004010695187165776,0.004718464926077383,0.09034843246601858,0.0775334391294491,0.02727272727272727,0.06589383770591825,0.6115038172205141,6
0.04631217838765008,0.021864211737629455,0.025454545454545455,0.012316715542521995,0.009819967266775777,0.017379679144385027,0.009436929852154765,0.0902850300572705,0.07322602584447971,0.03318181818181818,0.05918242830994508,0.601540470220824,7
0.04173813607775872,0.02589182968929804,0.03272727272727272,0.03460410557184751,0.011010266329415265,0.016042780748663103,0.02736709657124882,0.09037560492691062,0.07549308546814781,0.03772727272727273,0.06406345332519829,0.5429590958369663,5
0.050314465408805034,0.03509781357882623,0.02727272727272727,0.016422287390029325,0.013093289689034369,0.022727272727272728,0.014469959106637308,0.0903574899529826,0.07390614373158014,0.023181818181818182,0.056741915802318486,0.5764148171579684,4
0.04288164665523156,0.028193325661680087,0.018181818181818184,0.015249266862170088,0.04939741109953876,0.0106951871657754,0.004403900597672224,0.0902850300572705,0.07277261391974608,0.04090909090909091,0.06406345332519829,0.562967255564808,6
0.04631217838765008,0.03797468354430379,0.02,0.012903225806451615,0.010266329415265587,0.012032085561497326,0.007234979553318654,0.0902850300572705,0.07481296758104738,0.05454545454545454,0.062843197071385,0.5707898684763555,5
0.026300743281875354,0.029919447640966625,0.013636363636363636,0.012316715542521995,0.008034518672816545,0.0106951871657754,0.020446681346335326,0.08997707550049408,0.088415325323056,0.025454545454545455,0.0799267846247712,0.5948766118104784,4
0.0440251572327044,0.053797468354430375,0.03909090909090909,0.012903225806451615,0.01696176164261271,0.029411764705882353,0.03586033343818811,0.09030314503119852,0.07367943776921333,0.03318181818181818,0.05613178767541183,0.5146531910711795,5
0.050314465408805034,0.03797468354430379,0.023636363636363636,0.009970674486803518,0.011010266329415265,0.0053475935828877,0.007234979553318654,0.09031220251816252,0.07141237814554523,0.03363636363636364,0.05613178767541183,0.6030182414826193,5
0.03773584905660377,0.029919447640966625,0.0036363636363636364,0.012903225806451615,0.010266329415265587,0.0106951871657754,0.004718464926077383,0.09017634021370236,0.07708002720471548,0.028636363636363637,0.05735204392922514,0.6368803573684894,6
0.03773584905660377,0.0287686996547756,0.0036363636363636364,0.012316715542521995,0.01011754203243565,0.008021390374331552,0.004403900597672224,0.09016728272673834,0.07685332124234867,0.02909090909090909,0.05735204392922514,0.6415359821160743,6
0.049170954831332186,0.021864211737629455,0.03272727272727272,0.017595307917888565,0.012051778009224818,0.040106951871657755,0.0374331550802139,0.09030314503119852,0.07254590795737928,0.025454545454545455,0.05735204392922514,0.5433947254524322,5
0.043453401943967976,0.029344073647871113,0.013636363636363636,0.016422287390029325,0.016366612111292964,0.04411764705882353,0.022963195973576597,0.09016728272673834,0.07186579007027885,0.028636363636363637,0.06223306894447833,0.5607939128602157,6
0.05831903945111492,0.024165707710011503,0.05181818181818181,0.019941348973607036,0.010415116798095522,0.0053475935828877,0.0031456432840515887,0.09031220251816252,0.06891861255951032,0.028636363636363637,0.05857230018303843,0.5804078894849751,5
0.044596912521440824,0.0339470655926352,0.01636363636363636,0.01348973607038123,0.011307841095075138,0.022727272727272728,0.016986473733878578,0.09034843246601858,0.07776014509181592,0.026818181818181817,0.06101281269066504,0.5846414898289987,5
0.04173813607775872,0.022439585730724968,0.028181818181818183,0.01407624633431085,0.011010266329415265,0.012032085561497326,0.014469959106637308,0.09023068513548642,0.0773067331670823,0.024545454545454547,0.05735204392922514,0.606616985900589,6
0.050314465408805034,0.02301495972382048,0.03636363636363637,0.012903225806451615,0.011754203243564946,0.02540106951871658,0.01635734507706826,0.09039371990083864,0.07798685105418272,0.02909090909090909,0.05613178767541183,0.5702878271365944,5
0.0440251572327044,0.03970080552359032,0.04454545454545455,0.010557184750733138,0.017110549025442644,0.026737967914438502,0.03523120478137779,0.0902850300572705,0.07277261391974608,0.03227272727272727,0.056741915802318486,0.5300193891741963,5
0.040022870211549454,0.04228998849252013,0.004545454545454546,0.011730205278592375,0.012051778009224818,0.017379679144385027,0.016986473733878578,0.09026691508334247,0.07685332124234867,0.025909090909090906,0.05979255643685174,0.6021716669127612,5
0.0411663807890223,0.04171461449942462,0.004545454545454546,0.027272727272727275,0.012795714923374496,0.0053475935828877,0.0034602076124567475,0.09023068513548642,0.0773067331670823,0.017727272727272727,0.06650396583282489,0.611928649911986,5
0.0411663807890223,0.04171461449942462,0.004545454545454546,0.027272727272727275,0.012795714923374496,0.0053475935828877,0.0034602076124567475,0.09023068513548642,0.0773067331670823,0.017727272727272727,0.06650396583282489,0.611928649911986,5
0.03773584905660377,0.04056386651323359,0.006363636363636364,0.0093841642228739,0.011307841095075138,0.008021390374331552,0.004718464926077383,0.09023068513548642,0.07798685105418272,0.026363636363636363,0.06528370957901158,0.6220399053158512,5
0.045740423098913664,0.04056386651323359,0.004545454545454546,0.011143695014662756,0.011010266329415265,0.0106951871657754,0.005976722239698019,0.09023068513548642,0.07571979143051462,0.04318181818181818,0.06406345332519829,0.5971286370198292,6
0.0440251572327044,0.03970080552359032,0.02,0.011143695014662756,0.012498140157714626,0.02406417112299465,0.029569046870084933,0.0902216276485224,0.07503967354341419,0.021818181818181816,0.057962172056131786,0.5739573290119981,5
0.04745568896512293,0.03883774453394706,0.023636363636363636,0.012316715542521995,0.012498140157714626,0.014705882352941176,0.013526266121421831,0.0903574899529826,0.07503967354341419,0.024090909090909093,0.05613178767541183,0.591403338427249,4
0.050314465408805034,0.02359033371691599,0.05818181818181818,0.012903225806451615,0.013837226603184049,0.012032085561497326,0.013211701793016672,0.09044806482262271,0.08025391067785083,0.030000000000000002,0.06406345332519829,0.5511637141026393,5
0.03887935963407661,0.04516685845799769,0.0,0.01407624633431085,0.015473887814313345,0.01871657754010695,0.009436929852154765,0.09026691508334247,0.0798004987531172,0.025,0.06528370957901158,0.5978990169515686,6
0.038307604345340196,0.0431530494821634,0.010909090909090908,0.011730205278592375,0.012795714923374496,0.016042780748663103,0.02516514627241271,0.09019445518763038,0.07662661527998187,0.023636363636363636,0.061622940817571685,0.5898160331188153,5
0.04745568896512293,0.0359608745684695,0.018181818181818184,0.008797653958944282,0.011902990626394883,0.03609625668449198,0.0374331550802139,0.09032126000512654,0.07163908410791205,0.05090909090909091,0.05552165954850518,0.5357804673639097,4
0.03544882790165809,0.02589182968929804,0.018181818181818184,0.0093841642228739,0.010266329415265587,0.004010695187165776,0.004718464926077383,0.09019445518763038,0.0773067331670823,0.025454545454545455,0.05613178767541183,0.6430103489911732,5
0.04230989136649514,0.0287686996547756,0.042727272727272725,0.011730205278592375,0.012795714923374496,0.02807486631016043,0.022963195973576597,0.09030314503119852,0.07617320335524824,0.025909090909090906,0.05552165954850518,0.5627230549217098,5
0.03602058319039451,0.017261219792865358,0.04363636363636363,0.010557184750733138,0.010266329415265587,0.02406417112299465,0.01918842403271469,0.09020351267459438,0.07798685105418272,0.035454545454545454,0.062843197071385,0.5725176178039608,6
0.03945111492281304,0.03164556962025316,0.013636363636363636,0.012903225806451615,0.011307841095075138,0.02540106951871658,0.012582573136206355,0.0902216276485224,0.0773067331670823,0.026818181818181817,0.061622940817571685,0.5971027588127622,5
0.049170954831332186,0.028193325661680087,0.025454545454545455,0.011143695014662756,0.016366612111292964,0.026737967914438502,0.0427807486631016,0.09032126000512654,0.06642484697347541,0.08863636363636364,0.06040268456375839,0.49436699517022253,6
0.0440251572327044,0.028193325661680087,0.023636363636363636,0.011143695014662756,0.009224817735456033,0.012032085561497326,0.009751494180559924,0.09026691508334247,0.07685332124234867,0.02909090909090909,0.05857230018303843,0.6072096153774371,5
0.05317324185248714,0.022439585730724968,0.04,0.012316715542521995,0.015920249962803154,0.045454545454545456,0.03932054105064486,0.09037560492691062,0.07118567218317842,0.05545454545454545,0.057962172056131786,0.4963971257855062,5
0.040022870211549454,0.03567318757192174,0.007272727272727273,0.010557184750733138,0.011307841095075138,0.0106951871657754,0.007549543881723813,0.09037560492691062,0.07889367490364997,0.024090909090909093,0.05491153142159853,0.6286497377074258,5
0.04516866781017725,0.029919447640966625,0.023636363636363636,0.011143695014662756,0.011754203243564946,0.05614973262032086,0.04403900597672224,0.09024880010941444,0.07322602584447971,0.024545454545454547,0.057962172056131786,0.5322064315017412,5
0.049170954831332186,0.028193325661680087,0.025454545454545455,0.011143695014662756,0.016366612111292964,0.026737967914438502,0.0427807486631016,0.09032126000512654,0.06642484697347541,0.08863636363636364,0.06040268456375839,0.49436699517022253,6
0.0440251572327044,0.028193325661680087,0.023636363636363636,0.011143695014662756,0.009224817735456033,0.012032085561497326,0.009751494180559924,0.09026691508334247,0.07685332124234867,0.02909090909090909,0.05857230018303843,0.6072096153774371,5
0.02858776443682104,0.058688147295742225,0.0036363636363636364,0.008211143695014663,0.006695432227347121,0.05481283422459893,0.026737967914438502,0.09001330544835014,0.08501473588755384,0.021818181818181816,0.06406345332519829,0.5517206700903898,4
0.03887935963407661,0.04459148446490218,0.0,0.017595307917888565,0.015176313048653472,0.0106951871657754,0.007234979553318654,0.09025785759637846,0.07821355701654954,0.025454545454545455,0.06528370957901158,0.6066176985689001,5
0.043453401943967976,0.05178365937859608,0.005454545454545454,0.01466275659824047,0.011754203243564946,0.0066844919786096255,0.0031456432840515887,0.09027597257030648,0.07685332124234867,0.025454545454545455,0.05979255643685174,0.6106849024143716,5
0.04631217838765008,0.0313578826237054,0.01636363636363636,0.011143695014662756,0.011902990626394883,0.017379679144385027,0.01100975149418056,0.09032126000512654,0.07481296758104738,0.026818181818181817,0.05491153142159853,0.6076662455194306,6
0.04745568896512293,0.03509781357882623,0.02727272727272727,0.012316715542521995,0.012498140157714626,0.014705882352941176,0.015728216420257943,0.09032126000512654,0.07708002720471548,0.027727272727272725,0.06223306894447833,0.5775631868282948,6
0.04631217838765008,0.0313578826237054,0.01636363636363636,0.011143695014662756,0.011902990626394883,0.017379679144385027,0.01100975149418056,0.09032126000512654,0.07481296758104738,0.026818181818181817,0.05491153142159853,0.6076662455194306,6
0.04631217838765008,0.033084004602991934,0.02,0.012316715542521995,0.011456628477905073,0.016042780748663103,0.020446681346335326,0.09027597257030648,0.07458626161868058,0.023181818181818182,0.05613178767541183,0.5961651708477154,5
0.0411663807890223,0.028193325661680087,0.021818181818181816,0.012903225806451615,0.010415116798095522,0.0066844919786096255,0.011324315822585718,0.0902125701615584,0.07549308546814781,0.021818181818181816,0.05735204392922514,0.6226190799482602,5
0.04631217838765008,0.033084004602991934,0.02,0.012316715542521995,0.011456628477905073,0.016042780748663103,0.020446681346335326,0.09027597257030648,0.07458626161868058,0.023181818181818182,0.05613178767541183,0.5961651708477154,5
0.044596912521440824,0.02359033371691599,0.06181818181818182,0.009970674486803518,0.06948370778158013,0.02406417112299465,0.02170493865995596,0.09033031749209054,0.06982543640897756,0.05954545454545455,0.056741915802318486,0.468327955643286,5
0.03544882790165809,0.036248561565017254,0.028181818181818183,0.009970674486803518,0.013093289689034369,0.020053475935828877,0.020132117017930166,0.0902940875442345,0.07844026297891635,0.03590909090909091,0.056741915802318486,0.5754858779873494,5
0.044596912521440824,0.03222094361334867,0.017272727272727273,0.010557184750733138,0.015473887814313345,0.016042780748663103,0.014784523435042466,0.09024880010941444,0.07231920199501247,0.042272727272727274,0.057962172056131786,0.5862481384104452,5
0.048027444253859346,0.03567318757192174,0.00818181818181818,0.012903225806451615,0.012498140157714626,0.014705882352941176,0.033972947467757156,0.09024880010941444,0.07141237814554523,0.030000000000000002,0.05979255643685174,0.5825836195157248,5
0.057747284162378495,0.01783659378596087,0.04,0.01348973607038123,0.011902990626394883,0.029411764705882353,0.014469959106637308,0.09046617979655074,0.075266379505781,0.030454545454545456,0.05918242830994508,0.5597721384755425,6
0.044596912521440824,0.03222094361334867,0.017272727272727273,0.010557184750733138,0.015473887814313345,0.016042780748663103,0.014784523435042466,0.09024880010941444,0.07231920199501247,0.042272727272727274,0.057962172056131786,0.5862481384104452,5
0.053744997141223556,0.02301495972382048,0.028181818181818183,0.012903225806451615,0.013390864454694241,0.017379679144385027,0.019502988361119848,0.09026691508334247,0.06959873044661075,0.028636363636363637,0.06406345332519829,0.5793160046949719,6
0.04745568896512293,0.03107019562715765,0.025454545454545455,0.011143695014662756,0.011456628477905073,0.014705882352941176,0.012582573136206355,0.09037560492691062,0.07685332124234867,0.027727272727272725,0.06101281269066504,0.5901617793842615,6
0.04173813607775872,0.06156501726121979,0.00818181818181818,0.009970674486803518,0.02648415414372861,0.013368983957219251,0.027996225228059137,0.09023068513548642,0.07481296758104738,0.025909090909090906,0.05491153142159853,0.5648307156161696,5
0.050314465408805034,0.03164556962025316,0.0036363636363636364,0.012903225806451615,0.017705698556762385,0.01871657754010695,0.017615602390688895,0.09023068513548642,0.07277261391974608,0.02727272727272727,0.06650396583282489,0.5906825048797837,6
0.04173813607775872,0.03998849252013808,0.0,0.01466275659824047,0.0111590537122452,0.004010695187165776,0.004089336269267065,0.09039371990083864,0.07912038086601678,0.023636363636363636,0.05613178767541183,0.6350692775565538,5
0.044596912521440824,0.0287686996547756,0.015454545454545455,0.0093841642228739,0.01220056539205474,0.02807486631016043,0.03208556149732621,0.0902125701615584,0.07685332124234867,0.021818181818181816,0.057962172056131786,0.5825884396686022,5
0.0468839336763865,0.0765247410817031,0.0,0.009970674486803518,0.012051778009224818,0.004010695187165776,0.0037747719408619063,0.09024880010941444,0.08002720471548401,0.022272727272727274,0.06650396583282489,0.5877307076874038,5
0.04631217838765008,0.0765247410817031,0.0,0.010557184750733138,0.01220056539205474,0.004010695187165776,0.0037747719408619063,0.09024880010941444,0.08025391067785083,0.021818181818181816,0.06650396583282489,0.5877950048215593,5
0.045740423098913664,0.0339470655926352,0.014545454545454545,0.010557184750733138,0.009671179883945842,0.004010695187165776,0.0050330292544825414,0.09023068513548642,0.0775334391294491,0.04181818181818182,0.06406345332519829,0.6028492082783536,7
0.045740423098913664,0.04286536248561564,0.05090909090909091,0.011730205278592375,0.01755691117393245,0.040106951871657755,0.04215162000629129,0.0902850300572705,0.07345273180684653,0.030000000000000002,0.05735204392922514,0.4978496293825637,5
0.03201829616923956,0.0287686996547756,0.00818181818181818,0.01348973607038123,0.007290581758666865,0.022727272727272728,0.031141868512110725,0.09000424796138612,0.08229426433915212,0.028636363636363637,0.07931665649786455,0.5761301944909687,5
0.04516866781017725,0.05983889528193325,0.004545454545454546,0.012903225806451615,0.012498140157714626,0.017379679144385027,0.009122365523749607,0.09020351267459438,0.0729993198821129,0.025,0.06040268456375839,0.5899380546096684,6
0.048027444253859346,0.04286536248561564,0.01,0.011143695014662756,0.013390864454694241,0.0213903743315508,0.01981755268952501,0.09025785759637846,0.07231920199501247,0.03727272727272727,0.05857230018303843,0.5749426197229356,5
0.0411663807890223,0.023878020713463746,0.03272727272727272,0.011730205278592375,0.012051778009224818,0.017379679144385027,0.014155394778232149,0.09032126000512654,0.07889367490364997,0.02909090909090909,0.05613178767541183,0.5924736368847094,5
0.048027444253859346,0.04286536248561564,0.01,0.011143695014662756,0.013390864454694241,0.0213903743315508,0.01981755268952501,0.09025785759637846,0.07231920199501247,0.03727272727272727,0.05857230018303843,0.5749426197229356,5
0.029731275014293884,0.01956271576524741,0.0,0.010557184750733138,0.007439369141496802,0.03609625668449198,0.01981755268952501,0.08981404073514188,0.08342779415098618,0.03590909090909091,0.08541793776693105,0.5822267823920618,6
0.03602058319039451,0.022439585730724968,0.007272727272727273,0.009970674486803518,0.009819967266775777,0.004010695187165776,0.0062912865681031774,0.09015822523977432,0.07571979143051462,0.026363636363636363,0.05735204392922514,0.6545807833341546,5
0.029731275014293884,0.01956271576524741,0.0,0.010557184750733138,0.007439369141496802,0.03609625668449198,0.01981755268952501,0.08981404073514188,0.08342779415098618,0.03590909090909091,0.08541793776693105,0.5822267823920618,6
0.04631217838765008,0.038550057537399304,0.05,0.010557184750733138,0.017408123791102497,0.0427807486631016,0.0443535703051274,0.0902850300572705,0.07186579007027885,0.028181818181818183,0.05735204392922514,0.5023534543262933,5
0.0331618067467124,0.03912543153049482,0.0018181818181818182,0.010557184750733138,0.012944502306204433,0.02807486631016043,0.029569046870084933,0.0900676503701342,0.08025391067785083,0.023636363636363636,0.06101281269066504,0.5897782422924143,5
0.03945111492281304,0.028193325661680087,0.009090909090909092,0.01348973607038123,0.011010266329415265,0.016042780748663103,0.009436929852154765,0.09020351267459438,0.0775334391294491,0.026363636363636363,0.06223306894447833,0.6169512802118252,6
0.04173813607775872,0.018987341772151896,0.042727272727272725,0.012316715542521995,0.011456628477905073,0.0066844919786096255,0.0034602076124567475,0.09019445518763038,0.07549308546814781,0.024090909090909093,0.062843197071385,0.6100075589932509,6
0.05260148656375071,0.029919447640966625,0.09090909090909091,0.019941348973607036,0.09076030352626097,0.0427807486631016,0.02170493865995596,0.09053863969226283,0.062117433688506016,0.09090909090909091,0.05735204392922514,0.35046542684418136,4
0.04288164665523156,0.034522439585730716,0.002727272727272727,0.010557184750733138,0.014134801368843921,0.03342245989304813,0.031141868512110725,0.09012199529191828,0.07594649739288144,0.024545454545454547,0.061622940817571685,0.578375438459203,5
0.04288164665523156,0.034522439585730716,0.002727272727272727,0.010557184750733138,0.014134801368843921,0.03342245989304813,0.031141868512110725,0.09012199529191828,0.07594649739288144,0.024545454545454547,0.061622940817571685,0.578375438459203,5
0.04059462550028588,0.024741081703107015,0.03818181818181818,0.03225806451612903,0.010563904180925456,0.0374331550802139,0.04026423403586033,0.09033031749209054,0.0775334391294491,0.03227272727272727,0.06406345332519829,0.5117631795821951,5
0.04059462550028588,0.024741081703107015,0.03818181818181818,0.03225806451612903,0.010415116798095522,0.03877005347593583,0.04057879836426549,0.09033031749209054,0.0775334391294491,0.03272727272727272,0.06406345332519829,0.5098059587863524,5
0.04059462550028588,0.024741081703107015,0.03818181818181818,0.03225806451612903,0.010563904180925456,0.0374331550802139,0.04026423403586033,0.09033031749209054,0.0775334391294491,0.03227272727272727,0.06406345332519829,0.5117631795821951,5
0.04059462550028588,0.03912543153049482,0.0,0.012903225806451615,0.010861478946585328,0.016042780748663103,0.006920415224913495,0.0902940875442345,0.07889367490364997,0.022727272727272728,0.056741915802318486,0.6248950912651301,5
0.03887935963407661,0.034522439585730716,0.01636363636363636,0.011143695014662756,0.011754203243564946,0.02406417112299465,0.027052532242843663,0.0902850300572705,0.08138744048968488,0.025909090909090906,0.056741915802318486,0.5818964855341255,6
0.043453401943967976,0.05466052934407364,0.002727272727272727,0.011730205278592375,0.013390864454694241,0.009358288770053475,0.0062912865681031774,0.09020351267459438,0.07254590795737928,0.025454545454545455,0.05857230018303843,0.6116118846436849,5
0.043453401943967976,0.03912543153049482,0.0018181818181818182,0.007624633431085044,0.010712691563755393,0.012032085561497326,0.0062912865681031774,0.09025785759637846,0.07186579007027885,0.049090909090909095,0.05613178767541183,0.6115959431499363,4
0.044596912521440824,0.030494821634062138,0.0036363636363636364,0.009970674486803518,0.011307841095075138,0.022727272727272728,0.009751494180559924,0.09024880010941444,0.07549308546814781,0.025454545454545455,0.06101281269066504,0.6153053759956493,6
0.04230989136649514,0.034522439585730716,0.023636363636363636,0.04281524926686217,0.010415116798095522,0.0481283422459893,0.03806228373702422,0.09041183487476666,0.07639990931761506,0.022272727272727274,0.05735204392922514,0.5136737979691051,5
0.04173813607775872,0.0339470655926352,0.023636363636363636,0.04222873900293255,0.010415116798095522,0.04679144385026738,0.03806228373702422,0.09040277738780264,0.07639990931761506,0.022272727272727274,0.05735204392922514,0.5167533933975527,5
0.044596912521440824,0.036248561565017254,0.04363636363636363,0.009970674486803518,0.014878738282993603,0.01871657754010695,0.03019817552689525,0.0902216276485224,0.07231920199501247,0.028181818181818183,0.057962172056131786,0.5530691765588941,5
0.03887935963407661,0.036823935558112766,0.009090909090909092,0.012316715542521995,0.012646927540544563,0.02406417112299465,0.031770997168921046,0.09017634021370236,0.07571979143051462,0.023636363636363636,0.06223306894447833,0.5826414201168604,5
0.04173813607775872,0.03164556962025316,0.002727272727272727,0.0093841642228739,0.010712691563755393,0.022727272727272728,0.013211701793016672,0.09017634021370236,0.07639990931761506,0.021818181818181816,0.05491153142159853,0.6245472284966989,4
0.03887935963407661,0.036248561565017254,0.006363636363636364,0.012316715542521995,0.013242077071864306,0.014705882352941176,0.01384083044982699,0.0901491677528103,0.07866696894128317,0.025,0.06345332519829164,0.6071334751277302,6
0.04516866781017725,0.05092059838895281,0.002727272727272727,0.010557184750733138,0.008629668204136274,0.0053475935828877,0.0025165146272412707,0.09032126000512654,0.07617320335524824,0.015000000000000001,0.05552165954850518,0.6371163769997188,4
0.045740423098913664,0.024165707710011503,0.015454545454545455,0.011730205278592375,0.010861478946585328,0.008021390374331552,0.005662157911292859,0.09032126000512654,0.07458626161868058,0.027727272727272725,0.05613178767541183,0.6295975091992356,6
0.04230989136649514,0.03567318757192174,0.004545454545454546,0.011143695014662756,0.01011754203243565,0.03208556149732621,0.013211701793016672,0.0902216276485224,0.0775334391294491,0.025909090909090906,0.0701647345942648,0.5870840738973602,6
0.03945111492281304,0.0287686996547756,0.0036363636363636364,0.008797653958944282,0.012646927540544563,0.02540106951871658,0.015413652091852784,0.09019445518763038,0.07594649739288144,0.035454545454545454,0.057962172056131786,0.6063268485848003,5
0.04173813607775872,0.021864211737629455,0.01909090909090909,0.011730205278592375,0.011902990626394883,0.009358288770053475,0.01100975149418056,0.0902216276485224,0.07549308546814781,0.021363636363636362,0.057962172056131786,0.6282649853880431,5
0.04288164665523156,0.029919447640966625,0.03818181818181818,0.01348973607038123,0.012944502306204433,0.0106951871657754,0.011953444479396037,0.09032126000512654,0.08116073452731808,0.027727272727272725,0.06406345332519829,0.5766614969153109,6
0.040022870211549454,0.04631760644418872,0.0,0.01466275659824047,0.01011754203243565,0.009358288770053475,0.0062912865681031774,0.0902940875442345,0.07889367490364997,0.025454545454545455,0.05857230018303843,0.6200150412899608,5
0.050314465408805034,0.03509781357882623,0.012727272727272728,0.01407624633431085,0.009968754649605715,0.013368983957219251,0.013211701793016672,0.0902940875442345,0.07231920199501247,0.026818181818181817,0.057962172056131786,0.603841118137383,5
0.050314465408805034,0.03509781357882623,0.012727272727272728,0.01407624633431085,0.009968754649605715,0.013368983957219251,0.013211701793016672,0.0902940875442345,0.07231920199501247,0.026818181818181817,0.057962172056131786,0.603841118137383,5
0.05088622069754145,0.03509781357882623,0.04454545454545455,0.011730205278592375,0.04017259336408273,0.03074866310160428,0.03460207612456748,0.09032126000512654,0.0707322602584448,0.046363636363636364,0.056741915802318486,0.4880579008798047,5
0.0411663807890223,0.04200230149597237,0.0018181818181818182,0.01466275659824047,0.011307841095075138,0.0213903743315508,0.013211701793016672,0.09032126000512654,0.07798685105418272,0.023636363636363636,0.056741915802318486,0.6057540715809491,5
0.03887935963407661,0.03509781357882623,0.018181818181818184,0.010557184750733138,0.011456628477905073,0.014705882352941176,0.020446681346335326,0.09031220251816252,0.08025391067785083,0.026363636363636363,0.056741915802318486,0.5970029663153961,5
0.038307604345340196,0.03567318757192174,0.01909090909090909,0.011143695014662756,0.011754203243564946,0.0106951871657754,0.019502988361119848,0.09030314503119852,0.0798004987531172,0.026363636363636363,0.056741915802318486,0.6006230292564354,6
0.05088622069754145,0.01783659378596087,0.05181818181818181,0.011730205278592375,0.0165153994941229,0.034759358288770054,0.026737967914438502,0.09031220251816252,0.07390614373158014,0.024090909090909093,0.05918242830994508,0.5422243890717953,5
0.04230989136649514,0.022439585730724968,0.04363636363636363,0.011730205278592375,0.01220056539205474,0.01871657754010695,0.021075810003145644,0.09032126000512654,0.07571979143051462,0.025,0.05613178767541183,0.5807181619414636,5
0.04516866781017725,0.0287686996547756,0.030000000000000002,0.011730205278592375,0.012498140157714626,0.020053475935828877,0.04498269896193772,0.0902850300572705,0.07254590795737928,0.025,0.057962172056131786,0.561005002130192,5
0.0468839336763865,0.0287686996547756,0.031818181818181815,0.017008797653958945,0.011456628477905073,0.02807486631016043,0.03994966970745518,0.0903574899529826,0.07322602584447971,0.028181818181818183,0.05735204392922514,0.5469218447926709,5
0.03659233847913093,0.021288837744533943,0.022727272727272728,0.011143695014662756,0.011010266329415265,0.02807486631016043,0.015413652091852784,0.09033937497905456,0.08093402856495126,0.028181818181818183,0.05979255643685174,0.5945012931402954,6
0.043453401943967976,0.03164556962025316,0.01909090909090909,0.012903225806451615,0.010563904180925456,0.009358288770053475,0.008807801195344448,0.09024880010941444,0.07435955565631376,0.025,0.05918242830994508,0.6153861153164215,5
0.043453401943967976,0.03164556962025316,0.01909090909090909,0.012903225806451615,0.010563904180925456,0.009358288770053475,0.008807801195344448,0.09024880010941444,0.07435955565631376,0.025,0.05918242830994508,0.6153861153164215,5
0.04173813607775872,0.03337169159953969,0.02727272727272727,0.01407624633431085,0.011010266329415265,0.020053475935828877,0.01730103806228374,0.0902850300572705,0.07844026297891635,0.026818181818181817,0.06223306894447833,0.5773998745892885,5
0.06575185820468839,0.017261219792865358,0.05454545454545454,0.011730205278592375,0.009968754649605715,0.016042780748663103,0.008493236866939289,0.09040277738780264,0.07050555429607798,0.04409090909090909,0.061622940817571685,0.5495843083208298,6
0.03945111492281304,0.0627157652474108,0.005454545454545454,0.012316715542521995,0.009076030352626097,0.016042780748663103,0.009751494180559924,0.09010388031799026,0.07957379279075039,0.019545454545454546,0.06955460646735814,0.5864138194293063,4
0.0548885077186964,0.018411967779056383,0.042727272727272725,0.008211143695014663,0.008332093438476402,0.012032085561497326,0.007549543881723813,0.09029861628771652,0.0729993198821129,0.03727272727272727,0.062843197071385,0.5844335246843205,7
0.040022870211549454,0.024741081703107015,0.03272727272727272,0.0093841642228739,0.013242077071864306,0.01871657754010695,0.011638880150990877,0.09022615639200442,0.07571979143051462,0.025454545454545455,0.05613178767541183,0.6019947954197584,6
0.07318467695826186,0.017261219792865358,0.06727272727272728,0.015249266862170088,0.014134801368843921,0.012032085561497326,0.008807801195344448,0.0905205247183348,0.07254590795737928,0.035,0.06589383770591825,0.5280971506066573,7
0.07318467695826186,0.017261219792865358,0.06727272727272728,0.015249266862170088,0.014134801368843921,0.012032085561497326,0.008807801195344448,0.0905205247183348,0.07254590795737928,0.035,0.06589383770591825,0.5280971506066573,7
0.044596912521440824,0.025316455696202528,0.025454545454545455,0.01583577712609971,0.014878738282993603,0.02406417112299465,0.02988361119849009,0.09026691508334247,0.0729993198821129,0.030454545454545456,0.05735204392922514,0.5688969642480071,5
0.055460263007432814,0.030494821634062138,0.05454545454545454,0.011730205278592375,0.005802707930367505,0.0066844919786096255,0.005976722239698019,0.09019898393111238,0.07481296758104738,0.03909090909090909,0.07565588773642465,0.5495465850462895,6
0.045740423098913664,0.04171461449942462,0.021818181818181816,0.016422287390029325,0.01234935277488469,0.013368983957219251,0.019502988361119848,0.0902895588007525,0.07594649739288144,0.025454545454545455,0.06101281269066504,0.5763797537613824,6
0.0468839336763865,0.03279631760644418,0.023636363636363636,0.012903225806451615,0.00892724296979616,0.0374331550802139,0.020446681346335326,0.09020351267459438,0.07481296758104738,0.019545454545454546,0.061622940817571685,0.5707882042593407,5
0.044596912521440824,0.04228998849252013,0.007272727272727273,0.01407624633431085,0.013688439220354114,0.013368983957219251,0.012897137464611514,0.09033937497905456,0.07345273180684653,0.03227272727272727,0.05979255643685174,0.595952174241336,6
0.040022870211549454,0.028193325661680087,0.04454545454545455,0.03284457478005865,0.00892724296979616,0.034759358288770054,0.03806228373702422,0.09033937497905456,0.07571979143051462,0.034545454545454546,0.06406345332519829,0.5079768155254448,5
0.0497427101200686,0.0359608745684695,0.014545454545454545,0.011730205278592375,0.015027525665823523,0.017379679144385027,0.015413652091852784,0.09023068513548642,0.07118567218317842,0.025909090909090906,0.06711409395973154,0.5857603563978664,5
0.04631217838765008,0.04171461449942462,0.02,0.012903225806451615,0.010712691563755393,0.014705882352941176,0.012897137464611514,0.09027597257030648,0.07617320335524824,0.025,0.05552165954850518,0.5937834344511057,5
0.04288164665523156,0.028193325661680087,0.017272727272727273,0.011143695014662756,0.011307841095075138,0.013368983957219251,0.01384083044982699,0.09018539770066636,0.07685332124234867,0.024545454545454547,0.05918242830994508,0.6112243480951622,5
0.044596912521440824,0.01956271576524741,0.03363636363636364,0.011730205278592375,0.01220056539205474,0.03208556149732621,0.018244731047499213,0.09024880010941444,0.07571979143051462,0.026818181818181817,0.05735204392922514,0.5778041275741397,6
0.04230989136649514,0.030494821634062138,0.023636363636363636,0.011730205278592375,0.015027525665823523,0.0213903743315508,0.022648631645171436,0.09018539770066636,0.07141237814554523,0.025909090909090906,0.05735204392922514,0.5879032757574133,5
0.03887935963407661,0.03509781357882623,0.0036363636363636364,0.008797653958944282,0.008480880821306354,0.0066844919786096255,0.0031456432840515887,0.0901446390093283,0.0775334391294491,0.02727272727272727,0.057962172056131786,0.6423648156401852,5
0.049170954831332186,0.03711162255466052,0.022727272727272728,0.011730205278592375,0.01234935277488469,0.0106951871657754,0.008807801195344448,0.09040730613128466,0.07435955565631376,0.02727272727272727,0.06101281269066504,0.5943552017211469,6
0.0440251572327044,0.024741081703107015,0.022727272727272728,0.015249266862170088,0.010861478946585328,0.03877005347593583,0.01981755268952501,0.09022615639200442,0.07639990931761506,0.026363636363636363,0.06406345332519829,0.5667549809642454,6
0.05088622069754145,0.0339470655926352,0.045454545454545456,0.011730205278592375,0.05014134801368844,0.03609625668449198,0.025479710600817867,0.09024880010941444,0.06891861255951032,0.07318181818181818,0.057962172056131786,0.45595324477081256,6
0.029731275014293884,0.027617951668584575,0.0036363636363636364,0.0093841642228739,0.008034518672816545,0.02540106951871658,0.03334381881094684,0.089913673091746,0.08025391067785083,0.028181818181818183,0.07443563148261134,0.5900658050213776,7
0.045740423098913664,0.021864211737629455,0.005454545454545454,0.010557184750733138,0.01160541586073501,0.016042780748663103,0.015413652091852784,0.09023521387896842,0.07639990931761506,0.023636363636363636,0.06040268456375839,0.6226476148602218,6
0.04859919954259577,0.021288837744533943,0.018181818181818184,0.016422287390029325,0.013390864454694241,0.02406417112299465,0.018244731047499213,0.09039371990083864,0.07571979143051462,0.031818181818181815,0.05857230018303843,0.5833040971832613,6
0.0468839336763865,0.0575373993095512,0.00818181818181818,0.01348973607038123,0.009671179883945842,0.009358288770053475,0.011638880150990877,0.0902895588007525,0.075266379505781,0.025,0.05491153142159853,0.5977712942287406,6
0.0411663807890223,0.036248561565017254,0.0,0.011143695014662756,0.01443237613450378,0.01871657754010695,0.011953444479396037,0.09028050131378848,0.07639990931761506,0.026363636363636363,0.05491153142159853,0.6183833860606525,6
0.05088622069754145,0.03653624856156501,0.03363636363636364,0.009970674486803518,0.03913108168427318,0.0066844919786096255,0.019502988361119848,0.09031220251816252,0.06801178871004307,0.04954545454545455,0.056741915802318486,0.5390405690177451,5
0.0686106346483705,0.021864211737629455,0.05090909090909091,0.012316715542521995,0.013837226603184049,0.008021390374331552,0.007549543881723813,0.09050693848788878,0.07118567218317842,0.03227272727272727,0.06650396583282489,0.5564218825265284,6
0.0440251572327044,0.03337169159953969,0.009090909090909092,0.010557184750733138,0.015176313048653472,0.0374331550802139,0.034287511796162316,0.09018086895718436,0.06982543640897756,0.022272727272727274,0.05979255643685174,0.573986488325343,6
0.08576329331046312,0.012082853855005751,0.04,0.012903225806451615,0.0111590537122452,0.013368983957219251,0.007549543881723813,0.09057939838360089,0.06959873044661075,0.03818181818181818,0.05613178767541183,0.5626813107894496,7
0.08576329331046312,0.012082853855005751,0.04,0.012903225806451615,0.0111590537122452,0.013368983957219251,0.007549543881723813,0.09057939838360089,0.06959873044661075,0.03818181818181818,0.05613178767541183,0.5626813107894496,7
0.04173813607775872,0.03797468354430379,0.0,0.011730205278592375,0.012498140157714626,0.008021390374331552,0.007234979553318654,0.09042089236173066,0.08184085241441849,0.04363636363636363,0.06040268456375839,0.604501672037709,6
0.04059462550028588,0.03912543153049482,0.006363636363636364,0.011143695014662756,0.0111590537122452,0.0213903743315508,0.016042780748663103,0.0902895588007525,0.07662661527998187,0.023636363636363636,0.057962172056131786,0.6056656930252313,5
0.04173813607775872,0.03797468354430379,0.0,0.011730205278592375,0.012498140157714626,0.008021390374331552,0.007234979553318654,0.09042089236173066,0.08184085241441849,0.04363636363636363,0.06040268456375839,0.604501672037709,6
0.06174957118353345,0.018411967779056383,0.04,0.0093841642228739,0.00937360511828597,0.0213903743315508,0.011638880150990877,0.0904390073356587,0.0729993198821129,0.035454545454545454,0.06101281269066504,0.5681457518507265,6
0.04059462550028588,0.034522439585730716,0.0,0.010557184750733138,0.011010266329415265,0.0213903743315508,0.0106951871657754,0.09032126000512654,0.07866696894128317,0.031818181818181815,0.06040268456375839,0.6100208270081589,6
0.0634648370497427,0.020138089758342918,0.04363636363636363,0.01818181818181818,0.013390864454694241,0.0066844919786096255,0.006605850896508336,0.09044806482262271,0.07186579007027885,0.024090909090909093,0.06406345332519829,0.5774294667349114,5
0.0440251572327044,0.04459148446490218,0.03818181818181818,0.011143695014662756,0.013688439220354114,0.0106951871657754,0.027052532242843663,0.09020351267459438,0.07322602584447971,0.026818181818181817,0.057962172056131786,0.5624117940835517,5
0.045740423098913664,0.03279631760644418,0.02090909090909091,0.0187683284457478,0.010861478946585328,0.022727272727272728,0.0374331550802139,0.09028050131378848,0.07390614373158014,0.025909090909090906,0.056741915802318486,0.5639262814289535,5
0.053744997141223556,0.01956271576524741,0.03363636363636364,0.012903225806451615,0.0111590537122452,0.0066844919786096255,0.004089336269267065,0.09039371990083864,0.0729993198821129,0.028181818181818183,0.05613178767541183,0.6105131700504103,5
0.03773584905660377,0.03998849252013808,0.0,0.012316715542521995,0.0111590537122452,0.016042780748663103,0.017615602390688895,0.0902850300572705,0.07912038086601678,0.030454545454545456,0.05613178767541183,0.6091497619758943,5
0.0440251572327044,0.02359033371691599,0.06909090909090909,0.010557184750733138,0.09090909090909091,0.0106951871657754,0.014155394778232149,0.0902850300572705,0.06937202448424394,0.057272727272727274,0.05735204392922514,0.4626949166121721,5
0.05717552887364208,0.01783659378596087,0.042727272727272725,0.015249266862170088,0.012646927540544563,0.01871657754010695,0.010380622837370242,0.09054316843574484,0.07617320335524824,0.03636363636363637,0.06406345332519829,0.5581237483531047,7
0.04516866781017725,0.018987341772151896,0.02090909090909091,0.009970674486803518,0.011456628477905073,0.02406417112299465,0.014155394778232149,0.09023521387896842,0.07458626161868058,0.029545454545454545,0.056741915802318486,0.6041791847972225,5
0.040022870211549454,0.05609896432681242,0.0036363636363636364,0.011730205278592375,0.012944502306204433,0.016042780748663103,0.021075810003145644,0.09018086895718436,0.07594649739288144,0.02727272727272727,0.05735204392922514,0.5876963659366508,4
0.045740423098913664,0.029919447640966625,0.002727272727272727,0.009970674486803518,0.010415116798095522,0.013368983957219251,0.01100975149418056,0.09018992644414837,0.07571979143051462,0.025909090909090906,0.06101281269066504,0.6240167083221293,5
0.04516866781017725,0.021288837744533943,0.02090909090909091,0.010557184750733138,0.011456628477905073,0.03074866310160428,0.015413652091852784,0.09023974262245042,0.07435955565631376,0.030454545454545456,0.056741915802318486,0.5926615155784745,5
0.0714694110920526,0.03222094361334867,0.04454545454545455,0.01407624633431085,0.009522392501115905,0.0066844919786096255,0.008493236866939289,0.09056581215315486,0.06982543640897756,0.03954545454545454,0.06650396583282489,0.5465471541277566,5
0.04631217838765008,0.05005753739930954,0.0,0.019354838709677417,0.014283588751673858,0.034759358288770054,0.01918842403271469,0.09059751335752891,0.08161414645205169,0.03272727272727272,0.05979255643685174,0.5513125854564993,4
0.04516866781017725,0.020138089758342918,0.04181818181818182,0.021114369501466276,0.01160541586073501,0.020053475935828877,0.011638880150990877,0.09033031749209054,0.07594649739288144,0.03909090909090909,0.07809640024405125,0.5449987949443447,8
0.03945111492281304,0.03107019562715765,0.0036363636363636364,0.017595307917888565,0.011456628477905073,0.009358288770053475,0.008493236866939289,0.09045712230958672,0.08365450011335299,0.041363636363636366,0.05735204392922514,0.606111561065078,6
0.06575185820468839,0.010356731875719215,0.046363636363636364,0.02346041055718475,0.015473887814313345,0.0053475935828877,0.007234979553318654,0.09053863969226283,0.07435955565631376,0.04409090909090909,0.061622940817571685,0.5553988567911943,6
0.04516866781017725,0.0313578826237054,0.005454545454545454,0.02346041055718475,0.012944502306204433,0.03609625668449198,0.01918842403271469,0.09025785759637846,0.07617320335524824,0.030454545454545456,0.06528370957901158,0.5641599945457922,6
0.04516866781017725,0.0313578826237054,0.005454545454545454,0.02346041055718475,0.012944502306204433,0.03609625668449198,0.01918842403271469,0.09025785759637846,0.07617320335524824,0.030454545454545456,0.06528370957901158,0.5641599945457922,6
0.03945111492281304,0.03107019562715765,0.0036363636363636364,0.017595307917888565,0.011456628477905073,0.009358288770053475,0.008493236866939289,0.09045712230958672,0.08365450011335299,0.041363636363636366,0.05735204392922514,0.606111561065078,6
0.06575185820468839,0.010356731875719215,0.046363636363636364,0.02346041055718475,0.015473887814313345,0.0053475935828877,0.007234979553318654,0.09053863969226283,0.07435955565631376,0.04409090909090909,0.061622940817571685,0.5553988567911943,6
0.05889079473985134,0.018411967779056383,0.04090909090909091,0.0375366568914956,0.010861478946585328,0.0066844919786096255,0.004089336269267065,0.0903574899529826,0.07322602584447971,0.03727272727272727,0.07687614399023794,0.5448837954256163,8
0.05088622069754145,0.02301495972382048,0.02909090909090909,0.03284457478005865,0.012944502306204433,0.013368983957219251,0.014784523435042466,0.09049335225744276,0.07662661527998187,0.035,0.06406345332519829,0.5568819051465812,7
0.06518010291595197,0.014959723820483313,0.04,0.021114369501466276,0.010563904180925456,0.008021390374331552,0.005976722239698019,0.09044806482262271,0.0707322602584448,0.03727272727272727,0.056741915802318486,0.5789888188110301,6
0.0440251572327044,0.015535097813578825,0.06181818181818182,0.020527859237536656,0.053265883053117094,0.0066844919786096255,0.0031456432840515887,0.09032126000512654,0.07367943776921333,0.049090909090909095,0.06040268456375839,0.5215033941532126,7
0.05088622069754145,0.02301495972382048,0.02909090909090909,0.03284457478005865,0.012944502306204433,0.013368983957219251,0.014784523435042466,0.09049335225744276,0.07662661527998187,0.035,0.06406345332519829,0.5568819051465812,7
0.05660377358490566,0.0339470655926352,0.006363636363636364,0.019941348973607036,0.015176313048653472,0.0427807486631016,0.02233406731676628,0.0905884558705649,0.07503967354341419,0.03227272727272727,0.05979255643685174,0.5451596333331363,5
0.05660377358490566,0.0339470655926352,0.006363636363636364,0.019941348973607036,0.015176313048653472,0.0427807486631016,0.02233406731676628,0.0905884558705649,0.07503967354341419,0.03227272727272727,0.05979255643685174,0.5451596333331363,5
0.0686106346483705,0.02589182968929804,0.05,0.011730205278592375,0.010861478946585328,0.03342245989304813,0.015413652091852784,0.09054769717922684,0.07027884833371117,0.034545454545454546,0.062843197071385,0.5258545423224753,6
0.04288164665523156,0.02301495972382048,0.010909090909090908,0.017595307917888565,0.013688439220354114,0.03877005347593583,0.01667190940547342,0.09027597257030648,0.07639990931761506,0.031818181818181815,0.062843197071385,0.5751313319147168,6
0.0497427101200686,0.029919447640966625,0.00818181818181818,0.01466275659824047,0.013539651837524178,0.026737967914438502,0.015413652091852784,0.0903574899529826,0.07571979143051462,0.03909090909090909,0.06467358145210493,0.5719602236885795,7
0.0663236134934248,0.024165707710011503,0.04818181818181819,0.019354838709677417,0.015622675197143282,0.04411764705882353,0.030827304183705568,0.09066544450975898,0.07254590795737928,0.04318181818181818,0.05613178767541183,0.4888814371410274,5
0.0497427101200686,0.029919447640966625,0.00818181818181818,0.01466275659824047,0.013539651837524178,0.026737967914438502,0.015413652091852784,0.0903574899529826,0.07571979143051462,0.03909090909090909,0.06467358145210493,0.5719602236885795,7
0.05946255002858777,0.03164556962025316,0.02090909090909091,0.01583577712609971,0.013539651837524178,0.02406417112299465,0.015099087763447625,0.0905205247183348,0.0729993198821129,0.02909090909090909,0.062843197071385,0.5639901508292602,6
0.03945111492281304,0.02071346375143843,0.022727272727272728,0.01407624633431085,0.01458116351733373,0.0066844919786096255,0.0050330292544825414,0.09024880010941444,0.0773067331670823,0.02727272727272727,0.061622940817571685,0.6202820161469433,6
0.07604345340194398,0.01956271576524741,0.04727272727272727,0.0187683284457478,0.013986013986013986,0.022727272727272728,0.01667190940547342,0.09070167445761504,0.06914531852187712,0.03681818181818182,0.057962172056131786,0.5303402321417676,6
0.06174957118353345,0.0287686996547756,0.04181818181818182,0.01466275659824047,0.010861478946585328,0.0066844919786096255,0.008493236866939289,0.09058392712708288,0.06914531852187712,0.02909090909090909,0.057962172056131786,0.5801792561571335,5
0.0606060606060606,0.04775604142692749,0.03363636363636364,0.015249266862170088,0.012795714923374496,0.034759358288770054,0.02201950298836112,0.09040277738780264,0.07163908410791205,0.023636363636363636,0.06040268456375839,0.5270967815721358,5
0.04059462550028588,0.036248561565017254,0.005454545454545454,0.011730205278592375,0.01234935277488469,0.0106951871657754,0.009122365523749607,0.0904435360791407,0.08320108818861936,0.03318181818181818,0.05857230018303843,0.6084064141045327,5
0.0411663807890223,0.03739930955120828,0.0018181818181818182,0.01348973607038123,0.013986013986013986,0.0066844919786096255,0.009751494180559924,0.09051146723137078,0.08320108818861936,0.03636363636363637,0.05918242830994508,0.6064457715324512,5
0.04288164665523156,0.030494821634062138,0.005454545454545454,0.015249266862170088,0.012795714923374496,0.026737967914438502,0.01384083044982699,0.09025785759637846,0.07662661527998187,0.026818181818181817,0.06528370957901158,0.5935588418327971,6
0.0634648370497427,0.010356731875719215,0.04363636363636363,0.008797653958944282,0.01011754203243565,0.009358288770053475,0.004718464926077383,0.09033031749209054,0.0729993198821129,0.02909090909090909,0.061622940817571685,0.5955066304679795,6
0.04745568896512293,0.04056386651323359,0.010909090909090908,0.015249266862170088,0.013688439220354114,0.016042780748663103,0.008807801195344448,0.0905205247183348,0.07957379279075039,0.03272727272727272,0.06101281269066504,0.5834486626589979,5
0.048027444253859346,0.03739930955120828,0.05454545454545454,0.012316715542521995,0.01666418687695282,0.016042780748663103,0.028310789556464298,0.09033031749209054,0.07254590795737928,0.023636363636363636,0.05613178767541183,0.5440489421636303,5
0.043453401943967976,0.03567318757192174,0.02909090909090909,0.012903225806451615,0.01220056539205474,0.009358288770053475,0.016986473733878578,0.09026691508334247,0.07617320335524824,0.023636363636363636,0.05735204392922514,0.5929054216865832,5
0.05889079473985134,0.02359033371691599,0.03818181818181818,0.01407624633431085,0.03169171254277637,0.008021390374331552,0.004403900597672224,0.0905205247183348,0.07231920199501247,0.028181818181818183,0.057962172056131786,0.5721600865610262,6
0.05889079473985134,0.024741081703107015,0.04,0.01407624633431085,0.03184049992560631,0.0066844919786096255,0.0037747719408619063,0.0905205247183348,0.07231920199501247,0.028636363636363637,0.057962172056131786,0.5705538509718102,6
0.04516866781017725,0.030494821634062138,0.021818181818181816,0.011730205278592375,0.010712691563755393,0.020053475935828877,0.03302925448254168,0.0902125701615584,0.07413284969394696,0.024545454545454547,0.05735204392922514,0.5807497831466755,6
0.05145797598627787,0.026467203682393553,0.028181818181818183,0.016422287390029325,0.013837226603184049,0.02540106951871658,0.030827304183705568,0.09040730613128466,0.075266379505781,0.028636363636363637,0.057962172056131786,0.5551328931243138,6
0.049170954831332186,0.027042577675489062,0.02727272727272727,0.017595307917888565,0.011307841095075138,0.040106951871657755,0.04246618433469645,0.0903574899529826,0.07481296758104738,0.024090909090909093,0.05735204392922514,0.5384240444469693,5
0.04230989136649514,0.02071346375143843,0.026363636363636363,0.015249266862170088,0.012944502306204433,0.034759358288770054,0.022648631645171436,0.09025332885289644,0.07685332124234867,0.03090909090909091,0.06711409395973154,0.5598814144520465,5
0.056032018296169245,0.03797468354430379,0.035454545454545454,0.0187683284457478,0.01234935277488469,0.02807486631016043,0.018559295375904374,0.09047523728351474,0.07639990931761506,0.03227272727272727,0.0701647345942648,0.5234743013301624,7
0.0548885077186964,0.044303797468354424,0.010909090909090908,0.017008797653958945,0.01220056539205474,0.040106951871657755,0.023277760301981754,0.09045259356610472,0.07481296758104738,0.02909090909090909,0.06345332519829164,0.5394947332478522,6
0.05317324185248714,0.03509781357882623,0.023636363636363636,0.019941348973607036,0.013390864454694241,0.03342245989304813,0.02736709657124882,0.09055222592270884,0.07345273180684653,0.028181818181818183,0.05918242830994508,0.5426016068184061,5
0.05717552887364208,0.028193325661680087,0.018181818181818184,0.06451612903225806,0.010563904180925456,0.017379679144385027,0.015728216420257943,0.09071073194457906,0.07163908410791205,0.031363636363636364,0.05613178767541183,0.5384161584134939,6
0.05717552887364208,0.028193325661680087,0.018181818181818184,0.06451612903225806,0.010563904180925456,0.017379679144385027,0.015728216420257943,0.09071073194457906,0.07163908410791205,0.031363636363636364,0.05613178767541183,0.5384161584134939,6
0.0663236134934248,0.030494821634062138,0.060000000000000005,0.021407624633431085,0.01800327332242226,0.008021390374331552,0.004403900597672224,0.09037560492691062,0.06914531852187712,0.03363636363636364,0.0701647345942648,0.5280233542652397,7
0.05889079473985134,0.025316455696202528,0.045454545454545456,0.026392961876832845,0.015920249962803154,0.0066844919786096255,0.004089336269267065,0.09039371990083864,0.07435955565631376,0.03772727272727273,0.0701647345942648,0.5446058811431981,5
0.07661520869068039,0.015535097813578825,0.056363636363636366,0.015249266862170088,0.01220056539205474,0.008021390374331552,0.006605850896508336,0.0905929846140469,0.07163908410791205,0.030454545454545456,0.05918242830994508,0.5575399411205901,6
0.048027444253859346,0.03222094361334867,0.007272727272727273,0.012316715542521995,0.015622675197143282,0.0213903743315508,0.01384083044982699,0.09019445518763038,0.0709589662208116,0.023636363636363636,0.06711409395973154,0.5974044103344844,5
0.04516866781017725,0.03739930955120828,0.0009090909090909091,0.01466275659824047,0.01160541586073501,0.022727272727272728,0.011953444479396037,0.09023974262245042,0.07571979143051462,0.03363636363636364,0.07138499084807809,0.5845931535264726,7
0.06803887935963408,0.03998849252013808,0.04818181818181819,0.019941348973607036,0.01904478500223181,0.009358288770053475,0.006605850896508336,0.09050240974440678,0.07186579007027885,0.03818181818181818,0.07443563148261134,0.5138548868168938,7
0.05088622069754145,0.024741081703107015,0.04090909090909091,0.011143695014662756,0.007736943907156672,0.008021390374331552,0.0050330292544825414,0.09010388031799026,0.07594649739288144,0.031818181818181815,0.0762660158633313,0.5773939727472422,6
0.044596912521440824,0.024741081703107015,0.02909090909090909,0.016422287390029325,0.011902990626394883,0.03877005347593583,0.018244731047499213,0.09033937497905456,0.07503967354341419,0.02909090909090909,0.062843197071385,0.558917879459921,5
0.0714694110920526,0.016110471806674336,0.049090909090909095,0.01348973607038123,0.01220056539205474,0.016042780748663103,0.009122365523749607,0.09054769717922684,0.07050555429607798,0.06181818181818182,0.05979255643685174,0.529809770545177,7
0.062321326472269865,0.022439585730724968,0.042727272727272725,0.010557184750733138,0.01755691117393245,0.008021390374331552,0.004403900597672224,0.09041183487476666,0.07481296758104738,0.03409090909090909,0.05979255643685174,0.5728641601894882,6
0.062321326472269865,0.022439585730724968,0.042727272727272725,0.010557184750733138,0.01755691117393245,0.008021390374331552,0.004403900597672224,0.09041183487476666,0.07481296758104738,0.03409090909090909,0.05979255643685174,0.5728641601894882,6
0.06803887935963408,0.03279631760644418,0.045454545454545456,0.015249266862170088,0.01220056539205474,0.008021390374331552,0.010066058508965083,0.09062921456190294,0.0707322602584448,0.035454545454545454,0.06528370957901158,0.5460732465879501,6
0.07890222984562607,0.028193325661680087,0.06090909090909091,0.017595307917888565,0.013837226603184049,0.008021390374331552,0.004718464926077383,0.09044806482262271,0.0684652006347767,0.042272727272727274,0.07321537522879805,0.5134215958031967,6
0.0548885077186964,0.03222094361334867,0.028181818181818183,0.016422287390029325,0.013242077071864306,0.020053475935828877,0.014469959106637308,0.09038466241387462,0.07050555429607798,0.04181818181818182,0.06101281269066504,0.5567997197629775,6
0.05202973127501429,0.045742232451093205,0.0,0.015249266862170088,0.014283588751673858,0.014705882352941176,0.00817867253853413,0.0905205247183348,0.07594649739288144,0.03772727272727273,0.05735204392922514,0.5882642870008592,6
0.0440251572327044,0.03826237054085155,0.0,0.01407624633431085,0.013390864454694241,0.0106951871657754,0.005976722239698019,0.09033937497905456,0.07413284969394696,0.03318181818181818,0.056741915802318486,0.6191774933748273,5
0.07718696397941681,0.030494821634062138,0.07181818181818182,0.0281524926686217,0.01785448593959232,0.03074866310160428,0.02422145328719723,0.09073790440547108,0.07209249603264567,0.035,0.07931665649786455,0.4423758806353424,5
0.03487707261292167,0.012082853855005751,0.03636363636363637,0.008211143695014663,0.009819967266775777,0.05414438502673797,0.05190311418685121,0.08977781078728582,0.07367943776921333,0.026818181818181817,0.0726052471018914,0.5297171495164843,6
0.038307604345340196,0.0431530494821634,0.0009090909090909091,0.01407624633431085,0.01160541586073501,0.022727272727272728,0.010066058508965083,0.09016728272673834,0.08048061664021763,0.027727272727272725,0.07809640024405125,0.5826836894938419,6
0.06575185820468839,0.02359033371691599,0.04727272727272727,0.017595307917888565,0.011902990626394883,0.03877005347593583,0.01730103806228374,0.09058392712708288,0.07390614373158014,0.04,0.06711409395973154,0.5062115259047708,5
0.060034305317324184,0.024165707710011503,0.060000000000000005,0.017302052785923755,0.01725933640827256,0.016042780748663103,0.009122365523749607,0.09030314503119852,0.07345273180684653,0.03409090909090909,0.07138499084807809,0.526841674729023,7
0.06803887935963408,0.024741081703107015,0.060000000000000005,0.01818181818181818,0.016217824728463025,0.013368983957219251,0.007234979553318654,0.09057486964011888,0.07141237814554523,0.038636363636363635,0.06345332519829164,0.5281394958961204,7
0.07204116638078902,0.021864211737629455,0.060000000000000005,0.015249266862170088,0.013093289689034369,0.013368983957219251,0.012897137464611514,0.09066544450975898,0.07186579007027885,0.03090909090909091,0.05979255643685174,0.5382530619825658,6
0.0468839336763865,0.040276179516685835,0.02090909090909091,0.011730205278592375,0.014729950900163666,0.01871657754010695,0.025479710600817867,0.09033031749209054,0.07231920199501247,0.031818181818181815,0.05735204392922514,0.569454606343646,5
0.049170954831332186,0.02589182968929804,0.028181818181818183,0.015249266862170088,0.012795714923374496,0.02807486631016043,0.015728216420257943,0.09041183487476666,0.07639990931761506,0.041363636363636366,0.06040268456375839,0.5563292676618121,6
0.06803887935963408,0.03337169159953969,0.060000000000000005,0.01466275659824047,0.010712691563755393,0.008021390374331552,0.011638880150990877,0.09050240974440678,0.06914531852187712,0.025454545454545455,0.06101281269066504,0.5474386239420135,5
0.0714694110920526,0.026467203682393553,0.057272727272727274,0.011730205278592375,0.010563904180925456,0.008021390374331552,0.004718464926077383,0.09046617979655074,0.06778508274767626,0.03954545454545454,0.06223306894447833,0.54972690715874,5
0.07318467695826186,0.035385500575373985,0.060000000000000005,0.03401759530791789,0.01234935277488469,0.009358288770053475,0.013211701793016672,0.09077413435332714,0.06959873044661075,0.03318181818181818,0.06101281269066504,0.5079253881480703,7
0.07318467695826186,0.035385500575373985,0.060000000000000005,0.03401759530791789,0.01234935277488469,0.009358288770053475,0.013211701793016672,0.09077413435332714,0.06959873044661075,0.03318181818181818,0.06101281269066504,0.5079253881480703,7
0.05946255002858777,0.033084004602991934,0.05545454545454545,0.015249266862170088,0.011307841095075138,0.014705882352941176,0.007549543881723813,0.09057486964011888,0.07163908410791205,0.031363636363636364,0.05491153142159853,0.5546972441886988,5
0.053744997141223556,0.015535097813578825,0.04818181818181819,0.01407624633431085,0.011010266329415265,0.008021390374331552,0.005662157911292859,0.09023068513548642,0.07254590795737928,0.05136363636363636,0.07321537522879805,0.5564124212287288,7
0.04516866781017725,0.013808975834292287,0.03636363636363637,0.0093841642228739,0.008332093438476402,0.014705882352941176,0.007864108210128971,0.09027597257030648,0.075266379505781,0.03954545454545454,0.05308114704087858,0.6062035181050531,6
0.05202973127501429,0.016110471806674336,0.04363636363636363,0.010557184750733138,0.009968754649605715,0.034759358288770054,0.014469959106637308,0.09027597257030648,0.075266379505781,0.04727272727272727,0.06467358145210493,0.5409795156852819,6
0.06575185820468839,0.02589182968929804,0.045454545454545456,0.017595307917888565,0.01160541586073501,0.02540106951871658,0.014784523435042466,0.0906020421010109,0.07390614373158014,0.05045454545454546,0.06711409395973154,0.5114386246722173,6
0.053744997141223556,0.015535097813578825,0.04818181818181819,0.01407624633431085,0.011010266329415265,0.008021390374331552,0.005662157911292859,0.09023068513548642,0.07254590795737928,0.05136363636363636,0.07321537522879805,0.5564124212287288,7
0.06518010291595197,0.0359608745684695,0.060000000000000005,0.03636363636363636,0.013093289689034369,0.008021390374331552,0.007549543881723813,0.09046617979655074,0.07050555429607798,0.045,0.0811470408785845,0.48671238723563925,6
0.04745568896512293,0.014959723820483313,0.03818181818181818,0.011730205278592375,0.011902990626394883,0.014705882352941176,0.008493236866939289,0.09033937497905456,0.07277261391974608,0.03636363636363637,0.05735204392922514,0.5957427847160457,6
0.0440251572327044,0.029344073647871113,0.025454545454545455,0.012316715542521995,0.012944502306204433,0.03074866310160428,0.016986473733878578,0.09039371990083864,0.0775334391294491,0.03363636363636364,0.05613178767541183,0.5704845586386065,5
0.044596912521440824,0.026467203682393553,0.023636363636363636,0.011143695014662756,0.013093289689034369,0.03074866310160428,0.01667190940547342,0.09040277738780264,0.07776014509181592,0.03363636363636364,0.05613178767541183,0.5757108891576332,6
0.03201829616923956,0.04890678941311852,0.004545454545454546,0.008211143695014663,0.006695432227347121,0.016042780748663103,0.02768166089965398,0.08988650063085396,0.08070732260258445,0.03727272727272727,0.0787065283709579,0.5693253634243849,8
0.07833047455688964,0.023878020713463746,0.06181818181818182,0.017008797653958945,0.012646927540544563,0.022727272727272728,0.013526266121421831,0.09070167445761504,0.06937202448424394,0.03636363636363637,0.06101281269066504,0.5126139108721063,6
0.05431675242995997,0.021288837744533943,0.04727272727272727,0.011730205278592375,0.01220056539205474,0.008021390374331552,0.00817867253853413,0.09039371990083864,0.07209249603264567,0.023181818181818182,0.057962172056131786,0.5933606427978317,5
0.0686106346483705,0.021288837744533943,0.06909090909090909,0.02463343108504399,0.009819967266775777,0.009358288770053475,0.011953444479396037,0.09061109958797492,0.0729993198821129,0.02727272727272727,0.07931665649786455,0.5150446836742375,7
0.03773584905660377,0.04228998849252013,0.0018181818181818182,0.04633431085043988,0.018152060705252195,0.09090909090909091,0.039005976722239696,0.0905205247183348,0.07866696894128317,0.024090909090909093,0.06040268456375839,0.4700734541313861,5
0.06575185820468839,0.0339470655926352,0.053636363636363635,0.015249266862170088,0.012944502306204433,0.017379679144385027,0.015413652091852784,0.09046617979655074,0.07209249603264567,0.029545454545454545,0.06711409395973154,0.5264593878273179,6
0.0497427101200686,0.04401611047180667,0.02,0.01348973607038123,0.009522392501115905,0.012032085561497326,0.013211701793016672,0.09023974262245042,0.07027884833371117,0.025,0.05735204392922514,0.5951146285967268,5
0.03773584905660377,0.04228998849252013,0.0018181818181818182,0.04633431085043988,0.018152060705252195,0.09090909090909091,0.039005976722239696,0.0905205247183348,0.07866696894128317,0.024090909090909093,0.06040268456375839,0.4700734541313861,5
0.06975414522584333,0.027617951668584575,0.049090909090909095,0.015249266862170088,0.012646927540544563,0.02540106951871658,0.020132117017930166,0.09057486964011888,0.07027884833371117,0.027727272727272725,0.06406345332519829,0.5274631690490006,6
0.06518010291595197,0.034522439585730716,0.04454545454545455,0.01583577712609971,0.012646927540544563,0.013368983957219251,0.012897137464611514,0.0905205247183348,0.07141237814554523,0.028636363636363637,0.06406345332519829,0.5463704570389458,6
0.0440251572327044,0.03970080552359032,0.004545454545454546,0.01583577712609971,0.0111590537122452,0.020053475935828877,0.008493236866939289,0.09033937497905456,0.07390614373158014,0.027727272727272725,0.05552165954850518,0.608692588070725,5
0.056032018296169245,0.025316455696202528,0.042727272727272725,0.01466275659824047,0.00937360511828597,0.012032085561497326,0.008807801195344448,0.09040277738780264,0.07345273180684653,0.029545454545454545,0.06589383770591825,0.5717532033609654,6
0.0686106346483705,0.022439585730724968,0.060000000000000005,0.017595307917888565,0.013837226603184049,0.016042780748663103,0.009436929852154765,0.09053863969226283,0.07209249603264567,0.028636363636363637,0.06589383770591825,0.5348761974318237,7
0.0714694110920526,0.026467203682393553,0.04454545454545455,0.026392961876832845,0.010415116798095522,0.034759358288770054,0.015413652091852784,0.09040277738780264,0.06914531852187712,0.025909090909090906,0.05857230018303843,0.526507354622739,4
0.05145797598627787,0.024741081703107015,0.03090909090909091,0.01466275659824047,0.011902990626394883,0.034759358288770054,0.027052532242843663,0.09045712230958672,0.07662661527998187,0.028181818181818183,0.057962172056131786,0.5512864858177565,6
0.04059462550028588,0.04228998849252013,0.014545454545454545,0.011143695014662756,0.014878738282993603,0.020053475935828877,0.02422145328719723,0.09026691508334247,0.07413284969394696,0.02909090909090909,0.056741915802318486,0.58203997927054,5
0.05660377358490566,0.02301495972382048,0.04818181818181819,0.03929618768328446,0.01443237613450378,0.008021390374331552,0.005976722239698019,0.09044806482262271,0.07413284969394696,0.03727272727272727,0.07138499084807809,0.5312341394402629,7
0.050314465408805034,0.029919447640966625,0.03090909090909091,0.01583577712609971,0.012944502306204433,0.03208556149732621,0.03837684806542938,0.09041183487476666,0.07390614373158014,0.027727272727272725,0.057962172056131786,0.5396068836563264,5
0.049170954831332186,0.04171461449942462,0.021818181818181816,0.038709677419354833,0.017408123791102497,0.04144385026737968,0.04215162000629129,0.09070167445761504,0.075266379505781,0.04863636363636364,0.056741915802318486,0.4762366439648549,5
0.0606060606060606,0.027617951668584575,0.05818181818181818,0.012903225806451615,0.0165153994941229,0.008021390374331552,0.0062912865681031774,0.09030314503119852,0.07390614373158014,0.030000000000000002,0.07138499084807809,0.5442685876896707,6
0.040022870211549454,0.03337169159953969,0.010909090909090908,0.011143695014662756,0.013539651837524178,0.045454545454545456,0.039005976722239696,0.09017634021370236,0.07798685105418272,0.021818181818181816,0.06406345332519829,0.5525076518395826,5
0.06803887935963408,0.021864211737629455,0.046363636363636364,0.011730205278592375,0.01800327332242226,0.009358288770053475,0.0062912865681031774,0.09053863969226283,0.07345273180684653,0.034545454545454546,0.06345332519829164,0.5563600673570732,6
0.03887935963407661,0.044303797468354424,0.0,0.010557184750733138,0.009819967266775777,0.045454545454545456,0.01635734507706826,0.0903574899529826,0.08206755837678531,0.03090909090909091,0.06040268456375839,0.5708909765458291,5
0.03773584905660377,0.048331415420023005,0.002727272727272727,0.01348973607038123,0.008778455586966225,0.0427807486631016,0.015099087763447625,0.0901401102658463,0.0798004987531172,0.025454545454545455,0.075045759609518,0.5606165206291769,7
0.0440251572327044,0.05523590333716915,0.018181818181818184,0.011730205278592375,0.006993006993006993,0.020053475935828877,0.01887385970430953,0.09016728272673834,0.07617320335524824,0.02,0.06650396583282489,0.572062121421759,5
0.060034305317324184,0.013808975834292287,0.042727272727272725,0.012316715542521995,0.009819967266775777,0.008021390374331552,0.007549543881723813,0.09037560492691062,0.07141237814554523,0.04090909090909091,0.06711409395973154,0.5759106611144793,7
0.03773584905660377,0.048331415420023005,0.002727272727272727,0.01348973607038123,0.008778455586966225,0.0427807486631016,0.015099087763447625,0.0901401102658463,0.0798004987531172,0.025454545454545455,0.075045759609518,0.5606165206291769,7
0.03659233847913093,0.038550057537399304,0.007272727272727273,0.012316715542521995,0.006695432227347121,0.02540106951871658,0.015099087763447625,0.09011293780495426,0.07912038086601678,0.022272727272727274,0.06955460646735814,0.5970119192476527,6
0.05431675242995997,0.044879171461449936,0.02,0.011143695014662756,0.011456628477905073,0.008021390374331552,0.010066058508965083,0.09046617979655074,0.07390614373158014,0.025454545454545455,0.06467358145210493,0.5856158532979443,6
0.05202973127501429,0.029919447640966625,0.030000000000000002,0.007624633431085044,0.010415116798095522,0.012032085561497326,0.009436929852154765,0.09037560492691062,0.07345273180684653,0.02727272727272727,0.056741915802318486,0.6006990756323836,5
0.07318467695826186,0.048331415420023005,0.057272727272727274,0.01407624633431085,0.013093289689034369,0.017379679144385027,0.01100975149418056,0.09054769717922684,0.07027884833371117,0.02727272727272727,0.06345332519829164,0.5140996157031201,6
0.060034305317324184,0.013808975834292287,0.042727272727272725,0.012316715542521995,0.009819967266775777,0.008021390374331552,0.007549543881723813,0.09037560492691062,0.07141237814554523,0.04090909090909091,0.06711409395973154,0.5759106611144793,7
0.044596912521440824,0.03164556962025316,0.031818181818181815,0.012903225806451615,0.011010266329415265,0.02807486631016043,0.020761245674740483,0.09033937497905456,0.07367943776921333,0.025454545454545455,0.05613178767541183,0.5735845860411313,5
0.07032590051457976,0.022439585730724968,0.057272727272727274,0.01348973607038123,0.013539651837524178,0.008021390374331552,0.005662157911292859,0.09061109958797492,0.07163908410791205,0.022272727272727274,0.057962172056131786,0.5667637672636922,5
0.05946255002858777,0.02359033371691599,0.05,0.0187683284457478,0.011307841095075138,0.029411764705882353,0.016986473733878578,0.09053863969226283,0.07141237814554523,0.04045454545454546,0.06040268456375839,0.5276644604178005,6
0.07032590051457976,0.022439585730724968,0.057272727272727274,0.01348973607038123,0.013539651837524178,0.008021390374331552,0.005662157911292859,0.09061109958797492,0.07163908410791205,0.022272727272727274,0.057962172056131786,0.5667637672636922,5
0.045740423098913664,0.038550057537399304,0.02727272727272727,0.011730205278592375,0.00892724296979616,0.05080213903743316,0.019502988361119848,0.09019445518763038,0.07390614373158014,0.025454545454545455,0.06223306894447833,0.545686003125784,6
0.0634648370497427,0.02589182968929804,0.06636363636363636,0.0187683284457478,0.009819967266775777,0.008021390374331552,0.006920415224913495,0.09044806482262271,0.07186579007027885,0.030000000000000002,0.06833435021354484,0.5401013904791079,6
0.040022870211549454,0.03567318757192174,0.01636363636363636,0.008797653958944282,0.009224817735456033,0.009358288770053475,0.015728216420257943,0.09013105277888228,0.06982543640897756,0.02727272727272727,0.056741915802318486,0.6208601967052751,5
0.07204116638078902,0.01783659378596087,0.06545454545454545,0.012903225806451615,0.010712691563755393,0.008021390374331552,0.009122365523749607,0.09045712230958672,0.06529131716164135,0.03727272727272727,0.05979255643685174,0.5510942979296094,8
0.08919382504288165,0.03941311852704257,0.06909090909090909,0.021700879765395895,0.014878738282993603,0.008021390374331552,0.013526266121421831,0.09086470922296726,0.06687825889820903,0.03090909090909091,0.06833435021354484,0.4871884635512118,7
0.0303030303030303,0.03279631760644418,0.0009090909090909091,0.009970674486803518,0.008034518672816545,0.0066844919786096255,0.008493236866939289,0.08997707550049408,0.08093402856495126,0.03818181818181818,0.0762660158633313,0.6174497010656708,7
0.0714694110920526,0.021864211737629455,0.05454545454545454,0.015249266862170088,0.012051778009224818,0.04144385026737968,0.022648631645171436,0.09053863969226283,0.07027884833371117,0.03318181818181818,0.06406345332519829,0.5026646363079268,5
0.05317324185248714,0.027617951668584575,0.026363636363636363,0.012316715542521995,0.018895997619401875,0.008021390374331552,0.0050330292544825414,0.0902850300572705,0.0729993198821129,0.03272727272727272,0.06833435021354484,0.584232064444353,5
0.049170954831332186,0.030494821634062138,0.02,0.011730205278592375,0.014878738282993603,0.009358288770053475,0.008493236866939289,0.09027597257030648,0.07254590795737928,0.025454545454545455,0.06223306894447833,0.6053642594093174,6
0.06803887935963408,0.022439585730724968,0.06272727272727273,0.016422287390029325,0.014134801368843921,0.022727272727272728,0.01100975149418056,0.0905205247183348,0.07027884833371117,0.027727272727272725,0.06589383770591825,0.5280796657168048,6
0.06803887935963408,0.022439585730724968,0.06272727272727273,0.016422287390029325,0.014134801368843921,0.022727272727272728,0.01100975149418056,0.0905205247183348,0.07027884833371117,0.027727272727272725,0.06589383770591825,0.5280796657168048,6
0.03887935963407661,0.03222094361334867,0.002727272727272727,0.009970674486803518,0.012498140157714626,0.02406417112299465,0.01100975149418056,0.0902850300572705,0.07798685105418272,0.028636363636363637,0.06101281269066504,0.6107086293251267,6
0.05946255002858777,0.018987341772151896,0.057272727272727274,0.016422287390029325,0.012498140157714626,0.0066844919786096255,0.006920415224913495,0.09055675466619086,0.07390614373158014,0.03363636363636364,0.06833435021354484,0.5553184339275865,7
0.040022870211549454,0.013233601841196777,0.03636363636363637,0.0093841642228739,0.00937360511828597,0.02807486631016043,0.021075810003145644,0.0901401102658463,0.07934708682838358,0.028636363636363637,0.06772422208663818,0.5766236631119197,5
0.06460834762721555,0.03567318757192174,0.06090909090909091,0.030498533724340176,0.012795714923374496,0.008021390374331552,0.005976722239698019,0.09046617979655074,0.0729993198821129,0.031363636363636364,0.08175716900549115,0.5049307075822363,8
0.05088622069754145,0.0339470655926352,0.035454545454545454,0.01348973607038123,0.014134801368843921,0.0066844919786096255,0.006920415224913495,0.09044806482262271,0.07639990931761506,0.026363636363636363,0.062843197071385,0.5824279160372705,5
0.05260148656375071,0.036248561565017254,0.01909090909090909,0.01583577712609971,0.01443237613450378,0.03877005347593583,0.020446681346335326,0.09046617979655074,0.07435955565631376,0.026363636363636363,0.05857230018303843,0.5528124826979091,5
0.0663236134934248,0.03337169159953969,0.060000000000000005,0.012903225806451615,0.011010266329415265,0.013368983957219251,0.014784523435042466,0.09064732953583096,0.07367943776921333,0.025909090909090906,0.05491153142159853,0.5430903057431732,3
0.05260148656375071,0.024741081703107015,0.04727272727272727,0.01348973607038123,0.01234935277488469,0.01871657754010695,0.007234979553318654,0.0903574899529826,0.07594649739288144,0.027727272727272725,0.06894447834045149,0.5606183201081352,6
0.04745568896512293,0.035385500575373985,0.02,0.015249266862170088,0.012944502306204433,0.008021390374331552,0.005976722239698019,0.09041183487476666,0.07390614373158014,0.027727272727272725,0.056741915802318486,0.606179761541161,5
0.06575185820468839,0.018124280782508627,0.049090909090909095,0.012316715542521995,0.012498140157714626,0.0066844919786096255,0.004718464926077383,0.09045712230958672,0.06755837678530946,0.031818181818181815,0.05613178767541183,0.5848496707284805,6
0.05889079473985134,0.0287686996547756,0.03818181818181818,0.011730205278592375,0.010266329415265587,0.02807486631016043,0.016042780748663103,0.09041183487476666,0.07163908410791205,0.03272727272727272,0.0701647345942648,0.5431015793666572,6
0.050314465408805034,0.026467203682393553,0.04090909090909091,0.015249266862170088,0.009671179883945842,0.009358288770053475,0.005662157911292859,0.09009482283102624,0.075266379505781,0.03590909090909091,0.08541793776693105,0.5556801155594191,6
0.06518010291595197,0.02071346375143843,0.06272727272727273,0.012316715542521995,0.013390864454694241,0.008021390374331552,0.006605850896508336,0.09057486964011888,0.07186579007027885,0.028181818181818183,0.05613178767541183,0.564290073769653,6
0.0497427101200686,0.04718066743383198,0.0018181818181818182,0.007038123167155425,0.010415116798095522,0.0481283422459893,0.015099087763447625,0.0901401102658463,0.07254590795737928,0.026363636363636363,0.05979255643685174,0.5717355596295162,5
0.0743281875357347,0.018411967779056383,0.05909090909090909,0.015249266862170088,0.013837226603184049,0.020053475935828877,0.014784523435042466,0.09053863969226283,0.06914531852187712,0.027727272727272725,0.06467358145210493,0.5321596303645568,5
0.0548885077186964,0.03107019562715765,0.03818181818181818,0.01407624633431085,0.012051778009224818,0.03342245989304813,0.01635734507706826,0.09030314503119852,0.07254590795737928,0.03227272727272727,0.06955460646735814,0.5352752624300124,6
0.0714694110920526,0.021288837744533943,0.05,0.015249266862170088,0.01234935277488469,0.03342245989304813,0.0213903743315508,0.09052958220529882,0.07141237814554523,0.03727272727272727,0.06345332519829164,0.5121622844798968,6
0.0548885077186964,0.03912543153049482,0.021818181818181816,0.012903225806451615,0.012944502306204433,0.0066844919786096255,0.008807801195344448,0.09046617979655074,0.07118567218317842,0.02727272727272727,0.06223306894447833,0.591670209449082,5
0.05317324185248714,0.015535097813578825,0.03727272727272727,0.011730205278592375,0.013539651837524178,0.008021390374331552,0.0050330292544825414,0.09039371990083864,0.07435955565631376,0.031818181818181815,0.05918242830994508,0.5999407706309968,5
0.05946255002858777,0.013808975834292287,0.04454545454545455,0.010557184750733138,0.0111590537122452,0.008021390374331552,0.0062912865681031774,0.0903665474399466,0.07209249603264567,0.04818181818181819,0.06711409395973154,0.5683991485721103,6
0.053744997141223556,0.03941311852704257,0.01,0.01583577712609971,0.011456628477905073,0.008021390374331552,0.009751494180559924,0.09042994984869468,0.07231920199501247,0.031818181818181815,0.061622940817571685,0.5955863196933769,6
0.0606060606060606,0.016110471806674336,0.035454545454545454,0.09090909090909091,0.010266329415265587,0.008021390374331552,0.007234979553318654,0.09081036430118318,0.0707322602584448,0.030000000000000002,0.05613178767541183,0.5237227196456731,5
0.053744997141223556,0.017261219792865358,0.05090909090909091,0.016422287390029325,0.011902990626394883,0.008021390374331552,0.0053475935828877,0.09024880010941444,0.07141237814554523,0.04181818181818182,0.07138499084807809,0.5615260792619572,8
0.0606060606060606,0.02071346375143843,0.05454545454545454,0.012903225806451615,0.022615682190150276,0.009358288770053475,0.005662157911292859,0.09044806482262271,0.06891861255951032,0.04818181818181819,0.05735204392922514,0.5486951269259219,5
0.05831903945111492,0.038550057537399304,0.035454545454545454,0.011143695014662756,0.008034518672816545,0.008021390374331552,0.0053475935828877,0.0903574899529826,0.07186579007027885,0.021363636363636362,0.06101281269066504,0.5905294308346789,5
0.05831903945111492,0.03711162255466052,0.03272727272727272,0.010557184750733138,0.00788573128998661,0.0066844919786096255,0.004403900597672224,0.09041183487476666,0.07186579007027885,0.01909090909090909,0.06101281269066504,0.5999294099233305,6
0.05317324185248714,0.022439585730724968,0.03636363636363637,0.015249266862170088,0.010861478946585328,0.013368983957219251,0.00817867253853413,0.09042994984869468,0.07571979143051462,0.03409090909090909,0.06223306894447833,0.577891414434046,6
0.05260148656375071,0.02359033371691599,0.045454545454545456,0.01466275659824047,0.008183306055646482,0.016042780748663103,0.007864108210128971,0.0901401102658463,0.07571979143051462,0.03590909090909091,0.0811470408785845,0.5486846491680726,7
0.05088622069754145,0.02301495972382048,0.046363636363636364,0.015249266862170088,0.007736943907156672,0.017379679144385027,0.008493236866939289,0.09012199529191828,0.075266379505781,0.04090909090909091,0.08175716900549115,0.5428214217220694,7
0.0497427101200686,0.03970080552359032,0.028181818181818183,0.017595307917888565,0.012795714923374496,0.03074866310160428,0.025479710600817867,0.0905929846140469,0.07889367490364997,0.03363636363636364,0.07077486272117144,0.5218573837556058,6
0.03716409376786735,0.022439585730724968,0.02090909090909091,0.04868035190615836,0.007588156524326736,0.0374331550802139,0.028625353884869455,0.0901401102658463,0.07798685105418272,0.025,0.07382550335570469,0.5302077475210145,6
0.06117781589479702,0.020138089758342918,0.04818181818181819,0.015249266862170088,0.010415116798095522,0.0066844919786096255,0.0050330292544825414,0.09032126000512654,0.07141237814554523,0.029545454545454545,0.06711409395973154,0.5747271846158262,8
0.044596912521440824,0.029919447640966625,0.022727272727272728,0.011143695014662756,0.012051778009224818,0.01871657754010695,0.011953444479396037,0.09042994984869468,0.07776014509181592,0.029545454545454545,0.05491153142159853,0.5962437911593655,6
0.0411663807890223,0.01956271576524741,0.02909090909090909,0.01466275659824047,0.013390864454694241,0.05748663101604278,0.03554576910978295,0.09026691508334247,0.075266379505781,0.03590909090909091,0.06772422208663818,0.5199273655912082,5
0.06117781589479702,0.020138089758342918,0.04818181818181819,0.015249266862170088,0.010415116798095522,0.0066844919786096255,0.0050330292544825414,0.09032126000512654,0.07141237814554523,0.029545454545454545,0.06711409395973154,0.5747271846158262,8
0.0497427101200686,0.03970080552359032,0.028181818181818183,0.017595307917888565,0.012795714923374496,0.03074866310160428,0.025479710600817867,0.0905929846140469,0.07889367490364997,0.03363636363636364,0.07077486272117144,0.5218573837556058,6
0.044596912521440824,0.029919447640966625,0.022727272727272728,0.011143695014662756,0.012051778009224818,0.01871657754010695,0.011953444479396037,0.09042994984869468,0.07776014509181592,0.029545454545454545,0.05491153142159853,0.5962437911593655,6
0.05946255002858777,0.025316455696202528,0.06636363636363636,0.03841642228739003,0.011010266329415265,0.05080213903743316,0.023906888958792075,0.09048429477047876,0.07186579007027885,0.038636363636363635,0.07321537522879805,0.4505198175926236,7
0.05946255002858777,0.025316455696202528,0.06636363636363636,0.03841642228739003,0.011010266329415265,0.05080213903743316,0.023906888958792075,0.09048429477047876,0.07186579007027885,0.038636363636363635,0.07321537522879805,0.4505198175926236,7
0.060034305317324184,0.013808975834292287,0.03818181818181818,0.010557184750733138,0.011456628477905073,0.008021390374331552,0.006920415224913495,0.0903574899529826,0.07277261391974608,0.04772727272727273,0.06589383770591825,0.5742680675327625,7
0.05831903945111492,0.028193325661680087,0.057272727272727274,0.017008797653958945,0.010712691563755393,0.013368983957219251,0.00817867253853413,0.0902850300572705,0.07163908410791205,0.035454545454545454,0.0762660158633313,0.5333010864179507,7
0.05946255002858777,0.013808975834292287,0.04181818181818182,0.010557184750733138,0.0111590537122452,0.008021390374331552,0.006605850896508336,0.0903574899529826,0.07367943776921333,0.046363636363636364,0.06589383770591825,0.5722724107933693,7
0.06403659233847912,0.038550057537399304,0.05,0.01348973607038123,0.012498140157714626,0.008021390374331552,0.004089336269267065,0.09057486964011888,0.07186579007027885,0.03227272727272727,0.057962172056131786,0.5566391882131703,6
0.07604345340194398,0.016685845799769845,0.06818181818181818,0.016422287390029325,0.012498140157714626,0.03074866310160428,0.013526266121421831,0.09044806482262271,0.06891861255951032,0.03090909090909091,0.06955460646735814,0.5060631510871159,7
0.05717552887364208,0.0339470655926352,0.028181818181818183,0.012903225806451615,0.013390864454694241,0.034759358288770054,0.019502988361119848,0.0905205247183348,0.07209249603264567,0.028636363636363637,0.06223306894447833,0.5466566971090463,6
0.06117781589479702,0.02301495972382048,0.04363636363636363,0.012316715542521995,0.018598422853742004,0.020053475935828877,0.015413652091852784,0.09039371990083864,0.0686919065971435,0.03681818181818182,0.05918242830994508,0.5507023576949642,6
0.060034305317324184,0.029344073647871113,0.05818181818181818,0.01407624633431085,0.015920249962803154,0.008021390374331552,0.004718464926077383,0.09033031749209054,0.07005214237134437,0.030000000000000002,0.07199511897498474,0.547325872417044,7
0.060034305317324184,0.029344073647871113,0.05818181818181818,0.01407624633431085,0.015920249962803154,0.008021390374331552,0.004718464926077383,0.09033031749209054,0.07005214237134437,0.030000000000000002,0.07199511897498474,0.547325872417044,7
0.04859919954259577,0.037686996547756035,0.04454545454545455,0.03577712609970674,0.018152060705252195,0.045454545454545456,0.04749921358917899,0.09066544450975898,0.07503967354341419,0.05181818181818181,0.056741915802318486,0.44802018784183684,5
0.0714694110920526,0.034522439585730716,0.04454545454545455,0.025219941348973606,0.014878738282993603,0.0066844919786096255,0.004403900597672224,0.09066544450975898,0.07367943776921333,0.03363636363636364,0.0726052471018914,0.5276891295512858,6
0.05946255002858777,0.03509781357882623,0.04454545454545455,0.012316715542521995,0.029757476565987206,0.0066844919786096255,0.0050330292544825414,0.0905205247183348,0.07163908410791205,0.028636363636363637,0.051250762660158634,0.565055733382761,3
0.056032018296169245,0.0143843498273878,0.04454545454545455,0.01583577712609971,0.013093289689034369,0.020053475935828877,0.010380622837370242,0.09041183487476666,0.0775334391294491,0.04090909090909091,0.06101281269066504,0.5558078341386835,6
0.05317324185248714,0.02301495972382048,0.04454545454545455,0.01466275659824047,0.012646927540544563,0.05080213903743316,0.04466813463353256,0.09037560492691062,0.0729993198821129,0.025,0.05735204392922514,0.5107594173302383,5
0.05260148656375071,0.024741081703107015,0.04454545454545455,0.01407624633431085,0.012795714923374496,0.03074866310160428,0.036489462094998426,0.0903574899529826,0.07322602584447971,0.02909090909090909,0.057962172056131786,0.5333652937888964,5
0.040022870211549454,0.021864211737629455,0.04454545454545455,0.01466275659824047,0.01443237613450378,0.04411764705882353,0.026737967914438502,0.09023068513548642,0.07685332124234867,0.035,0.06955460646735814,0.521978102954167,6
0.05660377358490566,0.036248561565017254,0.021818181818181816,0.01407624633431085,0.011456628477905073,0.008021390374331552,0.010380622837370242,0.09033937497905456,0.07005214237134437,0.025909090909090906,0.05735204392922514,0.5977419428192625,5
0.05202973127501429,0.012658227848101264,0.021818181818181816,0.012316715542521995,0.01160541586073501,0.001336898395721925,0.008807801195344448,0.09048429477047876,0.0773067331670823,0.03954545454545454,0.062843197071385,0.6092473485099786,6
0.06803887935963408,0.021864211737629455,0.04454545454545455,0.01583577712609971,0.01458116351733373,0.016042780748663103,0.013211701793016672,0.09061109958797492,0.07163908410791205,0.027727272727272725,0.062843197071385,0.553059377677624,5
0.06803887935963408,0.021864211737629455,0.04454545454545455,0.01583577712609971,0.01458116351733373,0.016042780748663103,0.013211701793016672,0.09061109958797492,0.07163908410791205,0.027727272727272725,0.062843197071385,0.553059377677624,5
0.05889079473985134,0.015535097813578825,0.021818181818181816,0.012316715542521995,0.010712691563755393,0.020053475935828877,0.010380622837370242,0.09017634021370236,0.0729993198821129,0.030000000000000002,0.07809640024405125,0.5790203594090451,6
0.05717552887364208,0.027617951668584575,0.021818181818181816,0.01583577712609971,0.015176313048653472,0.017379679144385027,0.010066058508965083,0.09057486964011888,0.07435955565631376,0.025454545454545455,0.06101281269066504,0.5835287263698451,6
0.05202973127501429,0.012658227848101264,0.021818181818181816,0.012316715542521995,0.01160541586073501,0.001336898395721925,0.008807801195344448,0.09048429477047876,0.0773067331670823,0.03954545454545454,0.062843197071385,0.6092473485099786,6
0.05660377358490566,0.036248561565017254,0.021818181818181816,0.01407624633431085,0.011456628477905073,0.008021390374331552,0.010380622837370242,0.09033937497905456,0.07005214237134437,0.025909090909090906,0.05735204392922514,0.5977419428192625,5
0.04631217838765008,0.047468354430379736,0.021818181818181816,0.012316715542521995,0.012498140157714626,0.0066844919786096255,0.004089336269267065,0.09032126000512654,0.07639990931761506,0.035,0.06528370957901158,0.5818077225139218,6
0.07375643224699828,0.020138089758342918,0.04454545454545455,0.03401759530791789,0.009819967266775777,0.0066844919786096255,0.01100975149418056,0.09070167445761504,0.07254590795737928,0.030000000000000002,0.07321537522879805,0.533565259757928,7
0.06403659233847912,0.0287686996547756,0.06727272727272728,0.03020527859237537,0.014878738282993603,0.0066844919786096255,0.0053475935828877,0.09053863969226283,0.0729993198821129,0.028181818181818183,0.06833435021354484,0.522751750327413,5
0.05260148656375071,0.0339470655926352,0.021818181818181816,0.019354838709677417,0.015027525665823523,0.026737967914438502,0.014784523435042466,0.09046617979655074,0.07390614373158014,0.030454545454545456,0.05857230018303843,0.5623292411347356,5
0.05431675242995997,0.026467203682393553,0.04454545454545455,0.03695014662756598,0.009522392501115905,0.0066844919786096255,0.0053475935828877,0.09046617979655074,0.07277261391974608,0.03318181818181818,0.06711409395973154,0.5526312587941661,6
0.05317324185248714,0.041139240506329104,0.021818181818181816,0.012316715542521995,0.010415116798095522,0.0066844919786096255,0.0062912865681031774,0.09026691508334247,0.0707322602584448,0.026818181818181817,0.06040268456375839,0.5999416832119442,5
0.06403659233847912,0.03797468354430379,0.021818181818181816,0.01466275659824047,0.012646927540544563,0.0213903743315508,0.01667190940547342,0.09051146723137078,0.06937202448424394,0.03272727272727272,0.06711409395973154,0.551073716020607,6
0.08176100628930817,0.01783659378596087,0.06727272727272728,0.010557184750733138,0.0111590537122452,0.008021390374331552,0.004718464926077383,0.09064732953583096,0.06483790523690773,0.03590909090909091,0.051250762660158634,0.5560284905466282,6
0.05202973127501429,0.027042577675489062,0.04454545454545455,0.015249266862170088,0.013986013986013986,0.05080213903743316,0.03334381881094684,0.09041183487476666,0.06982543640897756,0.026818181818181817,0.05552165954850518,0.5204238851570469,5
0.04288164665523156,0.03164556962025316,0.021818181818181816,0.011730205278592375,0.01160541586073501,0.013368983957219251,0.008807801195344448,0.09042089236173066,0.07821355701654954,0.035454545454545454,0.057962172056131786,0.5960910287254849,6
0.0606060606060606,0.01783659378596087,0.04454545454545455,0.01466275659824047,0.009968754649605715,0.008021390374331552,0.006605850896508336,0.09045712230958672,0.07390614373158014,0.03909090909090909,0.06528370957901158,0.5690152538327504,6
0.07089765580331618,0.020138089758342918,0.04454545454545455,0.015249266862170088,0.011754203243564946,0.03609625668449198,0.02170493865995596,0.0905205247183348,0.0707322602584448,0.03409090909090909,0.06345332519829164,0.5208171151767231,6
0.03887935963407661,0.029344073647871113,0.0009090909090909091,0.012316715542521995,0.011010266329415265,0.012032085561497326,0.007864108210128971,0.09019445518763038,0.07549308546814781,0.025454545454545455,0.057962172056131786,0.6385400419989424,6
0.053744997141223556,0.024741081703107015,0.021818181818181816,0.016422287390029325,0.013688439220354114,0.01871657754010695,0.014155394778232149,0.09039371990083864,0.07231920199501247,0.03318181818181818,0.06101281269066504,0.5798054876404307,6
0.05431675242995997,0.026467203682393553,0.021818181818181816,0.01583577712609971,0.013688439220354114,0.01871657754010695,0.01384083044982699,0.09039371990083864,0.0707322602584448,0.03363636363636364,0.06101281269066504,0.5795410812467647,6
0.02858776443682104,0.05983889528193325,0.021818181818181816,0.0093841642228739,0.007439369141496802,0.0427807486631016,0.03019817552689525,0.08997707550049408,0.08478802992518704,0.028181818181818183,0.0701647345942648,0.5268410427069322,5
0.08862206975414522,0.03711162255466052,0.04454545454545455,0.02463343108504399,0.014134801368843921,0.013368983957219251,0.007234979553318654,0.09086018047948524,0.06619814101110859,0.03363636363636364,0.06772422208663818,0.5119297499677182,5
0.062321326472269865,0.030494821634062138,0.04454545454545455,0.02697947214076246,0.01755691117393245,0.013368983957219251,0.0053475935828877,0.0905929846140469,0.06959873044661075,0.025454545454545455,0.07138499084807809,0.5423541851301303,6
0.08919382504288165,0.03711162255466052,0.04454545454545455,0.02463343108504399,0.014134801368843921,0.013368983957219251,0.007234979553318654,0.09086018047948524,0.06619814101110859,0.03363636363636364,0.06772422208663818,0.5113579946789818,5
0.0743281875357347,0.027042577675489062,0.04454545454545455,0.025219941348973606,0.012646927540544563,0.008021390374331552,0.014784523435042466,0.09076507686636312,0.07481296758104738,0.03090909090909091,0.0774862721171446,0.5194375900707835,6
0.07261292166952543,0.034522439585730716,0.04454545454545455,0.016422287390029325,0.0111590537122452,0.0066844919786096255,0.005976722239698019,0.0905205247183348,0.07118567218317842,0.025909090909090906,0.06955460646735814,0.5509067346007449,5
0.05145797598627787,0.03107019562715765,0.04454545454545455,0.017008797653958945,0.013986013986013986,0.05481283422459893,0.03460207612456748,0.09041183487476666,0.06982543640897756,0.027727272727272725,0.05613178767541183,0.5084203201655418,5
0.043453401943967976,0.016685845799769845,0.04454545454545455,0.01583577712609971,0.013688439220354114,0.03342245989304813,0.01887385970430953,0.09031220251816252,0.07503967354341419,0.027727272727272725,0.061622940817571685,0.5587926721605752,6
0.0743281875357347,0.027042577675489062,0.04454545454545455,0.025219941348973606,0.012646927540544563,0.008021390374331552,0.014784523435042466,0.09076507686636312,0.07481296758104738,0.03090909090909091,0.0774862721171446,0.5194375900707835,6
0.07261292166952543,0.034522439585730716,0.04454545454545455,0.016422287390029325,0.0111590537122452,0.0066844919786096255,0.005976722239698019,0.0905205247183348,0.07118567218317842,0.025909090909090906,0.06955460646735814,0.5509067346007449,5
0.0497427101200686,0.040276179516685835,0.021818181818181816,0.01466275659824047,0.03362594851956554,0.0066844919786096255,0.004718464926077383,0.09049335225744276,0.075266379505781,0.02727272727272727,0.05491153142159853,0.5805272760650211,6
0.056032018296169245,0.0287686996547756,0.04454545454545455,0.015249266862170088,0.03719684570748401,0.0066844919786096255,0.0062912865681031774,0.09048429477047876,0.07503967354341419,0.03590909090909091,0.06528370957901158,0.5385151675852383,6
0.03544882790165809,0.02071346375143843,0.021818181818181816,0.012903225806451615,0.014134801368843921,0.02540106951871658,0.013211701793016672,0.09008576534406224,0.08093402856495126,0.025909090909090906,0.07138499084807809,0.5880548523755105,6
0.06575185820468839,0.020138089758342918,0.04454545454545455,0.019354838709677417,0.010415116798095522,0.013368983957219251,0.011638880150990877,0.0906020421010109,0.075266379505781,0.041363636363636366,0.06711409395973154,0.5404406259453712,6
0.05831903945111492,0.013808975834292287,0.04454545454545455,0.01407624633431085,0.0111590537122452,0.013368983957219251,0.008807801195344448,0.09037560492691062,0.07118567218317842,0.027727272727272725,0.06345332519829164,0.5831725699343652,5
0.05660377358490566,0.0287686996547756,0.021818181818181816,0.01348973607038123,0.01532510043148341,0.008021390374331552,0.004403900597672224,0.09037560492691062,0.07571979143051462,0.023636363636363636,0.06101281269066504,0.6008246447838146,4
0.050314465408805034,0.025316455696202528,0.04454545454545455,0.016422287390029325,0.01234935277488469,0.02406417112299465,0.03491664045297263,0.09041183487476666,0.07481296758104738,0.02727272727272727,0.057962172056131786,0.5416114708239834,5
0.050314465408805034,0.027042577675489062,0.04454545454545455,0.017008797653958945,0.012646927540544563,0.022727272727272728,0.03460207612456748,0.09041183487476666,0.07458626161868058,0.02727272727272727,0.05979255643685174,0.5390490481208814,5
0.0606060606060606,0.01783659378596087,0.04454545454545455,0.012903225806451615,0.00937360511828597,0.02406417112299465,0.012582573136206355,0.0903574899529826,0.07118567218317842,0.023181818181818182,0.05979255643685174,0.5735707791237545,6
0.07032590051457976,0.0287686996547756,0.04454545454545455,0.012903225806451615,0.013242077071864306,0.0066844919786096255,0.004403900597672224,0.0905929846140469,0.07231920199501247,0.02,0.05857230018303843,0.5776417630384945,5
0.07032590051457976,0.0287686996547756,0.04454545454545455,0.012903225806451615,0.013242077071864306,0.0066844919786096255,0.004403900597672224,0.0905929846140469,0.07231920199501247,0.02,0.05857230018303843,0.5776417630384945,5
0.0686106346483705,0.016110471806674336,0.04454545454545455,0.011143695014662756,0.011010266329415265,0.013368983957219251,0.006605850896508336,0.0903574899529826,0.06755837678530946,0.030000000000000002,0.06040268456375839,0.5802860914996446,7
0.04173813607775872,0.04200230149597237,0.021818181818181816,0.011143695014662756,0.01606903734563309,0.02406417112299465,0.03208556149732621,0.09027597257030648,0.07390614373158014,0.026818181818181817,0.056741915802318486,0.5633367017050834,5
0.02858776443682104,0.024165707710011503,0.021818181818181816,0.011730205278592375,0.00892724296979616,0.02540106951871658,0.015728216420257943,0.0898230982221059,0.08433461800045342,0.03363636363636364,0.08541793776693105,0.5704295942217686,8
0.05145797598627787,0.02589182968929804,0.04454545454545455,0.015249266862170088,0.012498140157714626,0.02807486631016043,0.023592324630386914,0.09045712230958672,0.07594649739288144,0.025909090909090906,0.05918242830994508,0.5471950028970334,5
0.03773584905660377,0.022439585730724968,0.04454545454545455,0.009970674486803518,0.010415116798095522,0.03074866310160428,0.04687008493236867,0.08986838565692594,0.0707322602584448,0.022727272727272728,0.0701647345942648,0.5437819181114365,6
0.05145797598627787,0.02589182968929804,0.04454545454545455,0.015249266862170088,0.012498140157714626,0.02807486631016043,0.023592324630386914,0.09045712230958672,0.07594649739288144,0.025909090909090906,0.05918242830994508,0.5471950028970334,5
0.05660377358490566,0.028193325661680087,0.05272727272727273,0.020527859237536656,0.013986013986013986,0.012032085561497326,0.013526266121421831,0.09061109958797492,0.07458626161868058,0.026363636363636363,0.05491153142159853,0.5559308741277813,5
0.05088622069754145,0.03423475258918296,0.03727272727272727,0.04633431085043988,0.012795714923374496,0.040106951871657755,0.034287511796162316,0.09055675466619086,0.07413284969394696,0.025909090909090906,0.056741915802318486,0.4967411989273667,5
0.07089765580331618,0.02301495972382048,0.046363636363636364,0.011730205278592375,0.008778455586966225,0.008021390374331552,0.007549543881723813,0.0905205247183348,0.06891861255951032,0.02727272727272727,0.056741915802318486,0.5801903726347222,6
0.04859919954259577,0.03365937859608745,0.01636363636363636,0.012316715542521995,0.01160541586073501,0.0066844919786096255,0.009436929852154765,0.09027597257030648,0.07254590795737928,0.021818181818181816,0.05979255643685174,0.6169016134809397,6
0.0440251572327044,0.04804372842347525,0.0,0.015249266862170088,0.012051778009224818,0.008021390374331552,0.004403900597672224,0.09034843246601858,0.07481296758104738,0.023636363636363636,0.056741915802318486,0.6226650990146736,5
0.04745568896512293,0.03337169159953969,0.011818181818181818,0.017008797653958945,0.014283588751673858,0.01871657754010695,0.01981755268952501,0.09042994984869468,0.07186579007027885,0.028181818181818183,0.05552165954850518,0.5915287033325939,6
0.050314465408805034,0.027617951668584575,0.03727272727272727,0.019354838709677417,0.013688439220354114,0.034759358288770054,0.01635734507706826,0.09041183487476666,0.07503967354341419,0.024090909090909093,0.06406345332519829,0.5470290035197249,6
0.057747284162378495,0.03739930955120828,0.03363636363636364,0.029912023460410556,0.016366612111292964,0.014705882352941176,0.020446681346335326,0.09081036430118318,0.075266379505781,0.02909090909090909,0.06345332519829164,0.5311648652829046,6
0.03602058319039451,0.02071346375143843,0.017272727272727273,0.0187683284457478,0.0111590537122452,0.020053475935828877,0.012268008807801196,0.09017634021370236,0.08070732260258445,0.023636363636363636,0.0774862721171446,0.5917380603140217,6
0.050314465408805034,0.013808975834292287,0.049090909090909095,0.01466275659824047,0.01234935277488469,0.03342245989304813,0.017930166719094056,0.09042089236173066,0.07685332124234867,0.024545454545454547,0.05613178767541183,0.5604694578557805,5
0.07547169811320754,0.021864211737629455,0.05,0.01583577712609971,0.012051778009224818,0.0066844919786096255,0.0050330292544825414,0.09062921456190294,0.06755837678530946,0.024545454545454547,0.05735204392922514,0.5729739239588543,5
0.04288164665523156,0.036823935558112766,0.0,0.01407624633431085,0.011456628477905073,0.02406417112299465,0.009122365523749607,0.09025785759637846,0.075266379505781,0.02727272727272727,0.06101281269066504,0.6077652292621436,6
0.0548885077186964,0.034522439585730716,0.045454545454545456,0.01348973607038123,0.011754203243564946,0.0374331550802139,0.02233406731676628,0.09054769717922684,0.07934708682838358,0.025909090909090906,0.05918242830994508,0.5251370423034547,5
0.06575185820468839,0.01783659378596087,0.046363636363636364,0.012903225806451615,0.011754203243564946,0.01871657754010695,0.008807801195344448,0.09041183487476666,0.0686919065971435,0.042272727272727274,0.05979255643685174,0.5566970786787573,6
0.06460834762721555,0.021288837744533943,0.03727272727272727,0.01348973607038123,0.013093289689034369,0.008021390374331552,0.0050330292544825414,0.09046617979655074,0.07005214237134437,0.03636363636363637,0.056741915802318486,0.5835687676334436,5
0.04745568896512293,0.03107019562715765,0.021818181818181816,0.019941348973607036,0.011307841095075138,0.0213903743315508,0.03523120478137779,0.0903574899529826,0.07413284969394696,0.027727272727272725,0.05735204392922514,0.5622155081044995,5
0.0468839336763865,0.03222094361334867,0.02090909090909091,0.019941348973607036,0.01160541586073501,0.01871657754010695,0.03271469015413652,0.0903574899529826,0.07435955565631376,0.028181818181818183,0.05735204392922514,0.5667570915522487,5
0.05717552887364208,0.03337169159953969,0.02,0.011143695014662756,0.011902990626394883,0.012032085561497326,0.010066058508965083,0.09033937497905456,0.0709589662208116,0.025,0.057962172056131786,0.6000474365593003,5
0.03887935963407661,0.03970080552359032,0.0,0.03284457478005865,0.018449635470912065,0.02807486631016043,0.018244731047499213,0.09054769717922684,0.07844026297891635,0.03272727272727272,0.06223306894447833,0.5598577254038084,5
0.050314465408805034,0.034522439585730716,0.026363636363636363,0.012903225806451615,0.01458116351733373,0.0066844919786096255,0.004718464926077383,0.09046617979655074,0.07617320335524824,0.022272727272727274,0.05552165954850518,0.6054783424403241,5
0.050314465408805034,0.034522439585730716,0.026363636363636363,0.012903225806451615,0.01458116351733373,0.0066844919786096255,0.004718464926077383,0.09046617979655074,0.07617320335524824,0.022272727272727274,0.05552165954850518,0.6054783424403241,5
0.0497427101200686,0.03107019562715765,0.023636363636363636,0.01466275659824047,0.01443237613450378,0.009358288770053475,0.009751494180559924,0.0903574899529826,0.07413284969394696,0.02727272727272727,0.056741915802318486,0.5988408322110772,6
0.043453401943967976,0.03941311852704257,0.02090909090909091,0.01348973607038123,0.0165153994941229,0.026737967914438502,0.026423403586033345,0.09024880010941444,0.07277261391974608,0.027727272727272725,0.056741915802318486,0.5655672789961709,5
0.0497427101200686,0.03107019562715765,0.023636363636363636,0.01466275659824047,0.01443237613450378,0.009358288770053475,0.009751494180559924,0.0903574899529826,0.07413284969394696,0.02727272727272727,0.056741915802318486,0.5988408322110772,6
0.05946255002858777,0.016110471806674336,0.049090909090909095,0.01583577712609971,0.015622675197143282,0.0066844919786096255,0.005976722239698019,0.09046617979655074,0.07367943776921333,0.028636363636363637,0.057962172056131786,0.5804722492740186,5
0.043453401943967976,0.02359033371691599,0.012727272727272728,0.017595307917888565,0.012944502306204433,0.02807486631016043,0.013526266121421831,0.09024880010941444,0.075266379505781,0.025909090909090906,0.06406345332519829,0.5926003251066834,6
0.057747284162378495,0.053797468354430375,0.02,0.019941348973607036,0.015622675197143282,0.014705882352941176,0.027052532242843663,0.09066544450975898,0.07776014509181592,0.02909090909090909,0.06894447834045149,0.5246718316837204,4
0.04516866781017725,0.020138089758342918,0.01909090909090909,0.011143695014662756,0.010861478946585328,0.06149732620320856,0.03208556149732621,0.09024880010941444,0.07413284969394696,0.026363636363636363,0.057962172056131786,0.5513068134556584,5
0.0497427101200686,0.048331415420023005,0.0,0.008211143695014663,0.009671179883945842,0.03208556149732621,0.010380622837370242,0.09015822523977432,0.07413284969394696,0.025,0.05918242830994508,0.5931038633025851,5
0.0548885077186964,0.050632911392405056,0.025454545454545455,0.01407624633431085,0.012795714923374496,0.040106951871657755,0.046240956275558354,0.09038466241387462,0.07345273180684653,0.024090909090909093,0.05735204392922514,0.5105238187885962,5
0.05431675242995997,0.05092059838895281,0.024545454545454547,0.01348973607038123,0.012498140157714626,0.04144385026737968,0.04561182761874803,0.09037560492691062,0.07345273180684653,0.024090909090909093,0.05735204392922514,0.5119023507675178,5
0.05088622069754145,0.016685845799769845,0.031818181818181815,0.011143695014662756,0.009968754649605715,0.03342245989304813,0.017930166719094056,0.09030314503119852,0.07209249603264567,0.06181818181818182,0.062843197071385,0.5410876554546852,6
0.05660377358490566,0.03107019562715765,0.04090909090909091,0.01348973607038123,0.010563904180925456,0.0213903743315508,0.012582573136206355,0.09049335225744276,0.07685332124234867,0.028181818181818183,0.05735204392922514,0.560509816548947,5
0.05660377358490566,0.03107019562715765,0.04090909090909091,0.01348973607038123,0.010563904180925456,0.0213903743315508,0.012582573136206355,0.09049335225744276,0.07685332124234867,0.028181818181818183,0.05735204392922514,0.560509816548947,5
0.05660377358490566,0.03107019562715765,0.04090909090909091,0.01348973607038123,0.010563904180925456,0.0213903743315508,0.012582573136206355,0.09049335225744276,0.07685332124234867,0.028181818181818183,0.05735204392922514,0.560509816548947,5
0.04745568896512293,0.04861910241657076,0.0009090909090909091,0.012903225806451615,0.010415116798095522,0.0066844919786096255,0.004403900597672224,0.09027597257030648,0.075266379505781,0.026363636363636363,0.06711409395973154,0.609589300128931,4
0.0497427101200686,0.027617951668584575,0.02727272727272727,0.016422287390029325,0.009819967266775777,0.013368983957219251,0.008807801195344448,0.09024880010941444,0.07549308546814781,0.030454545454545456,0.06833435021354484,0.5824167898835981,7
0.038307604345340196,0.024165707710011503,0.024545454545454547,0.05043988269794721,0.01011754203243565,0.03208556149732621,0.04655552060396351,0.09010388031799026,0.07163908410791205,0.025909090909090906,0.06894447834045149,0.5171861928920765,6
0.06117781589479702,0.024741081703107015,0.035454545454545454,0.012903225806451615,0.01577146257997322,0.0106951871657754,0.010066058508965083,0.09044806482262271,0.06551802312400816,0.022727272727272728,0.05857230018303843,0.5919249620294431,5
0.09090909090909091,0.02071346375143843,0.05909090909090909,0.04398826979472141,0.014283588751673858,0.029411764705882353,0.02233406731676628,0.0903574899529826,0.06755837678530946,0.03818181818181818,0.09090909090909091,0.43226206985031645,5
0.053744997141223556,0.018987341772151896,0.053636363636363635,0.016422287390029325,0.011754203243564946,0.012032085561497326,0.009436929852154765,0.0903574899529826,0.0707322602584448,0.024545454545454547,0.07321537522879805,0.5651352114173346,6
0.049170954831332186,0.027042577675489062,0.042727272727272725,0.01407624633431085,0.011010266329415265,0.009358288770053475,0.009122365523749607,0.09038466241387462,0.06982543640897756,0.02090909090909091,0.057962172056131786,0.5984106660203019,5
0.055460263007432814,0.03164556962025316,0.015454545454545455,0.017008797653958945,0.012944502306204433,0.026737967914438502,0.01667190940547342,0.09061109958797492,0.07118567218317842,0.027727272727272725,0.05735204392922514,0.5772003562100421,5
0.06117781589479702,0.024741081703107015,0.035454545454545454,0.012903225806451615,0.01577146257997322,0.0106951871657754,0.010066058508965083,0.09044806482262271,0.06551802312400816,0.022727272727272728,0.05857230018303843,0.5919249620294431,5
0.0686106346483705,0.0287686996547756,0.053636363636363635,0.008211143695014663,0.010861478946585328,0.03074866310160428,0.013211701793016672,0.09039371990083864,0.06619814101110859,0.03090909090909091,0.06406345332519829,0.5343869093780329,7
0.0411663807890223,0.029919447640966625,0.006363636363636364,0.008211143695014663,0.011010266329415265,0.0066844919786096255,0.0062912865681031774,0.09033031749209054,0.075266379505781,0.03681818181818182,0.05857230018303843,0.6293661676361402,6
0.0411663807890223,0.029919447640966625,0.006363636363636364,0.008211143695014663,0.011010266329415265,0.0066844919786096255,0.0062912865681031774,0.09033031749209054,0.075266379505781,0.03681818181818182,0.05857230018303843,0.6293661676361402,6
0.04288164665523156,0.024165707710011503,0.028181818181818183,0.0093841642228739,0.011902990626394883,0.020053475935828877,0.013211701793016672,0.09037560492691062,0.07503967354341419,0.02909090909090909,0.05491153142159853,0.600800775891992,5
0.0411663807890223,0.03279631760644418,0.005454545454545454,0.0093841642228739,0.011307841095075138,0.012032085561497326,0.008493236866939289,0.09032126000512654,0.07617320335524824,0.031818181818181815,0.05857230018303843,0.6224804830420074,6
0.053744997141223556,0.0339470655926352,0.012727272727272728,0.011730205278592375,0.012498140157714626,0.03342245989304813,0.015099087763447625,0.09040277738780264,0.07118567218317842,0.025454545454545455,0.05918242830994508,0.5806053481105942,5
0.04745568896512293,0.028193325661680087,0.03272727272727272,0.010557184750733138,0.0330307989882458,0.008021390374331552,0.0050330292544825414,0.09039371990083864,0.07209249603264567,0.02727272727272727,0.057962172056131786,0.5872601940157879,6
0.06460834762721555,0.01956271576524741,0.04090909090909091,0.011730205278592375,0.01220056539205474,0.008021390374331552,0.004718464926077383,0.09046617979655074,0.06665155293584221,0.030000000000000002,0.05613178767541183,0.5949996993195853,6
0.06460834762721555,0.01956271576524741,0.04090909090909091,0.011730205278592375,0.01220056539205474,0.008021390374331552,0.004718464926077383,0.09046617979655074,0.06665155293584221,0.030000000000000002,0.05613178767541183,0.5949996993195853,6
0.0468839336763865,0.04200230149597237,0.01909090909090909,0.009970674486803518,0.011010266329415265,0.0066844919786096255,0.004089336269267065,0.0902850300572705,0.07254590795737928,0.023636363636363636,0.057962172056131786,0.6158386129654914,5
0.0468839336763865,0.04200230149597237,0.01909090909090909,0.009970674486803518,0.011010266329415265,0.0066844919786096255,0.004089336269267065,0.0902850300572705,0.07254590795737928,0.023636363636363636,0.057962172056131786,0.6158386129654914,5
0.06174957118353345,0.02301495972382048,0.03727272727272727,0.012903225806451615,0.012498140157714626,0.009358288770053475,0.0053475935828877,0.09042994984869468,0.06982543640897756,0.030454545454545456,0.056741915802318486,0.5904036459882751,6
0.049170954831332186,0.04602991944764096,0.01,0.01348973607038123,0.012498140157714626,0.016042780748663103,0.009751494180559924,0.09038466241387462,0.07708002720471548,0.021818181818181816,0.06040268456375839,0.5933314185631777,5
0.04745568896512293,0.044879171461449936,0.009090909090909092,0.015249266862170088,0.012051778009224818,0.06016042780748663,0.02736709657124882,0.09042089236173066,0.07889367490364997,0.024090909090909093,0.06101281269066504,0.5293273721854329,5
0.06174957118353345,0.014959723820483313,0.04090909090909091,0.019354838709677417,0.00892724296979616,0.026737967914438502,0.015413652091852784,0.09032126000512654,0.0709589662208116,0.024545454545454547,0.05857230018303843,0.5675499314466963,5
0.045740423098913664,0.02589182968929804,0.02090909090909091,0.012903225806451615,0.013986013986013986,0.0213903743315508,0.009122365523749607,0.09023068513548642,0.07277261391974608,0.022272727272727274,0.06223306894447833,0.6025475813824932,6
0.04859919954259577,0.026467203682393553,0.028181818181818183,0.013196480938416423,0.01160541586073501,0.0427807486631016,0.018244731047499213,0.09039371990083864,0.07549308546814781,0.024545454545454547,0.05979255643685174,0.5606995857321475,5
0.04631217838765008,0.044879171461449936,0.02090909090909091,0.015249266862170088,0.008778455586966225,0.0066844919786096255,0.004718464926077383,0.09030314503119852,0.07639990931761506,0.025454545454545455,0.06894447834045149,0.5913668017441753,5
0.056032018296169245,0.056386651323360175,0.02909090909090909,0.01348973607038123,0.01160541586073501,0.04679144385026738,0.04781377791758415,0.09039371990083864,0.07367943776921333,0.021818181818181816,0.05735204392922514,0.49554666417313487,5
0.04631217838765008,0.044879171461449936,0.02090909090909091,0.015249266862170088,0.008778455586966225,0.0066844919786096255,0.004718464926077383,0.09030314503119852,0.07639990931761506,0.025454545454545455,0.06894447834045149,0.5913668017441753,5
0.0440251572327044,0.03797468354430379,0.0036363636363636364,0.0093841642228739,0.005802707930367505,0.0053475935828877,0.0028310789556464295,0.09023068513548642,0.07708002720471548,0.021363636363636362,0.05735204392922514,0.6449718582617892,5
0.04631217838765008,0.021864211737629455,0.04363636363636363,0.010557184750733138,0.023359619104299956,0.0066844919786096255,0.0053475935828877,0.0903574899529826,0.07481296758104738,0.04772727272727273,0.05735204392922514,0.5719885826312985,5
0.05260148656375071,0.052934407364787106,0.021818181818181816,0.015249266862170088,0.012944502306204433,0.016042780748663103,0.029254482541679772,0.09055675466619086,0.07889367490364997,0.024545454545454547,0.05979255643685174,0.5453664512424159,5
0.049170954831332186,0.028193325661680087,0.046363636363636364,0.011730205278592375,0.062788275554233,0.0213903743315508,0.019502988361119848,0.09038466241387462,0.0686919065971435,0.05318181818181818,0.05491153142159853,0.4936903210034206,5
0.05145797598627787,0.027617951668584575,0.02909090909090909,0.016422287390029325,0.012498140157714626,0.02807486631016043,0.03837684806542938,0.09042994984869468,0.075266379505781,0.028181818181818183,0.05735204392922514,0.5452308298653756,5
0.05145797598627787,0.027042577675489062,0.028181818181818183,0.01583577712609971,0.012498140157714626,0.03208556149732621,0.03932054105064486,0.09042994984869468,0.07503967354341419,0.027727272727272725,0.05735204392922514,0.5430286682760228,5
0.02915951972555746,0.027042577675489062,0.0018181818181818182,0.007624633431085044,0.005058771016217825,0.02406417112299465,0.01384083044982699,0.08985932816996194,0.088415325323056,0.028181818181818183,0.07809640024405125,0.6068384428417597,6
0.040022870211549454,0.03739930955120828,0.0018181818181818182,0.012316715542521995,0.009819967266775777,0.0106951871657754,0.007864108210128971,0.09032126000512654,0.07866696894128317,0.030454545454545456,0.057962172056131786,0.6226587137767714,6
0.053744997141223556,0.035385500575373985,0.025454545454545455,0.0187683284457478,0.012944502306204433,0.02406417112299465,0.022648631645171436,0.09058392712708288,0.07503967354341419,0.024090909090909093,0.05918242830994508,0.5580923852373874,5
0.06746712407089765,0.021864211737629455,0.05,0.012316715542521995,0.010563904180925456,0.0066844919786096255,0.005976722239698019,0.09044806482262271,0.07050555429607798,0.028181818181818183,0.06589383770591825,0.5700975552432807,6
0.0606060606060606,0.058688147295742225,0.03909090909090909,0.017008797653958945,0.011307841095075138,0.034759358288770054,0.02768166089965398,0.09042994984869468,0.06982543640897756,0.025909090909090906,0.061622940817571685,0.5030698070854952,6
0.040022870211549454,0.03739930955120828,0.0018181818181818182,0.012316715542521995,0.009819967266775777,0.0106951871657754,0.007864108210128971,0.09032126000512654,0.07866696894128317,0.030454545454545456,0.057962172056131786,0.6226587137767714,6
0.040022870211549454,0.036823935558112766,0.0018181818181818182,0.012316715542521995,0.009968754649605715,0.012032085561497326,0.007234979553318654,0.09030314503119852,0.07866696894128317,0.030454545454545456,0.05735204392922514,0.62300577374896,6
0.04288164665523156,0.021864211737629455,0.04363636363636363,0.015249266862170088,0.010861478946585328,0.029411764705882353,0.026423403586033345,0.09032126000512654,0.075266379505781,0.031818181818181815,0.05857230018303843,0.5536937423579764,4
0.05202973127501429,0.04401611047180667,0.0036363636363636364,0.0093841642228739,0.01160541586073501,0.0053475935828877,0.004403900597672224,0.09039371990083864,0.07458626161868058,0.024545454545454547,0.05918242830994508,0.6208688559777278,4
0.048027444253859346,0.05955120828538549,0.013636363636363636,0.03519061583577713,0.010861478946585328,0.014705882352941176,0.016986473733878578,0.09048429477047876,0.07639990931761506,0.022272727272727274,0.06040268456375839,0.5514809170306298,5
0.040022870211549454,0.044879171461449936,0.007272727272727273,0.011730205278592375,0.013837226603184049,0.013368983957219251,0.005976722239698019,0.09017634021370236,0.07708002720471548,0.021363636363636362,0.06101281269066504,0.6132792765028603,5
0.04230989136649514,0.028193325661680087,0.017272727272727273,0.017595307917888565,0.011456628477905073,0.0213903743315508,0.011638880150990877,0.09026691508334247,0.07639990931761506,0.023181818181818182,0.06406345332519829,0.5962307689127881,5
0.044596912521440824,0.0313578826237054,0.010909090909090908,0.01466275659824047,0.01011754203243565,0.014705882352941176,0.01100975149418056,0.0902125701615584,0.07571979143051462,0.027727272727272725,0.07077486272117144,0.5982056844274478,6
0.0606060606060606,0.058975834292289975,0.03909090909090909,0.016422287390029325,0.011902990626394883,0.02807486631016043,0.026423403586033345,0.0904390073356587,0.06937202448424394,0.025909090909090906,0.061622940817571685,0.5111605845515571,5
0.05088622069754145,0.03250863060989642,0.03090909090909091,0.017595307917888565,0.013837226603184049,0.0213903743315508,0.03523120478137779,0.09055675466619086,0.07662661527998187,0.027727272727272725,0.057962172056131786,0.5447691294198928,5
0.05660377358490566,0.042577675489067886,0.025454545454545455,0.015249266862170088,0.01160541586073501,0.02807486631016043,0.02422145328719723,0.09039371990083864,0.07435955565631376,0.023181818181818182,0.05979255643685174,0.5484853529753959,5
0.043453401943967976,0.026467203682393553,0.01,0.015249266862170088,0.011754203243564946,0.016042780748663103,0.015413652091852784,0.0902850300572705,0.07277261391974608,0.025909090909090906,0.06101281269066504,0.611639943850615,5
0.048027444253859346,0.03222094361334867,0.0036363636363636364,0.011730205278592375,0.01220056539205474,0.013368983957219251,0.006920415224913495,0.0903574899529826,0.0729993198821129,0.02,0.05857230018303843,0.6299659686255146,5
0.04059462550028588,0.03797468354430379,0.0,0.02287390029325513,0.012795714923374496,0.022727272727272728,0.014155394778232149,0.0903574899529826,0.07844026297891635,0.024545454545454547,0.057962172056131786,0.5975730286997905,5
0.048027444253859346,0.03222094361334867,0.0036363636363636364,0.011730205278592375,0.01220056539205474,0.013368983957219251,0.006920415224913495,0.0903574899529826,0.0729993198821129,0.02,0.05857230018303843,0.6299659686255146,5
0.05088622069754145,0.027617951668584575,0.021818181818181816,0.016715542521994135,0.013986013986013986,0.04679144385026738,0.03334381881094684,0.09041183487476666,0.07027884833371117,0.024090909090909093,0.05613178767541183,0.547927446671671,5
0.04059462550028588,0.01783659378596087,0.02727272727272727,0.012903225806451615,0.00788573128998661,0.0481283422459893,0.03994966970745518,0.09025785759637846,0.06665155293584221,0.07363636363636364,0.057962172056131786,0.5169211381664272,5
0.05145797598627787,0.03797468354430379,0.015454545454545455,0.017595307917888565,0.011456628477905073,0.0066844919786096255,0.004089336269267065,0.0903574899529826,0.07458626161868058,0.025,0.06345332519829164,0.6018899536012478,5
0.04631217838765008,0.04142692750287686,0.00818181818181818,0.016422287390029325,0.012498140157714626,0.02406417112299465,0.015413652091852784,0.0905205247183348,0.07776014509181592,0.03272727272727272,0.06772422208663818,0.5669486605410019,6
0.03659233847913093,0.03279631760644418,0.0018181818181818182,0.010557184750733138,0.009968754649605715,0.0053475935828877,0.0034602076124567475,0.09030314503119852,0.07844026297891635,0.03090909090909091,0.057962172056131786,0.6418447505252223,5
0.03659233847913093,0.03279631760644418,0.0018181818181818182,0.010557184750733138,0.009968754649605715,0.0053475935828877,0.0034602076124567475,0.09030314503119852,0.07844026297891635,0.03090909090909091,0.057962172056131786,0.6418447505252223,5
0.03659233847913093,0.04976985040276179,0.002727272727272727,0.0187683284457478,0.010563904180925456,0.03609625668449198,0.018244731047499213,0.09012199529191828,0.08184085241441849,0.022272727272727274,0.0774862721171446,0.5555154709359614,6
0.05431675242995997,0.03164556962025316,0.060000000000000005,0.01348973607038123,0.05758071715518524,0.016042780748663103,0.011638880150990877,0.09041183487476666,0.07186579007027885,0.030454545454545456,0.05857230018303843,0.503981093241937,5
0.05088622069754145,0.0503452243958573,0.011818181818181818,0.02023460410557185,0.013093289689034369,0.0053475935828877,0.004403900597672224,0.0905205247183348,0.07798685105418272,0.023636363636363636,0.0701647345942648,0.5815625111101073,5
0.04173813607775872,0.04804372842347525,0.002727272727272727,0.012316715542521995,0.013688439220354114,0.013368983957219251,0.005976722239698019,0.09026691508334247,0.07685332124234867,0.021363636363636362,0.05857230018303843,0.6150838289393339,5
0.040022870211549454,0.02589182968929804,0.03090909090909091,0.01583577712609971,0.01220056539205474,0.0213903743315508,0.022648631645171436,0.09039371990083864,0.08048061664021763,0.02727272727272727,0.057962172056131786,0.5749916248252696,5
0.0440251572327044,0.03222094361334867,0.018181818181818184,0.011730205278592375,0.0111590537122452,0.012032085561497326,0.012268008807801196,0.09045712230958672,0.07889367490364997,0.028181818181818183,0.056741915802318486,0.6041081964146193,5
0.0440251572327044,0.055523590333716906,0.009090909090909092,0.012316715542521995,0.01666418687695282,0.014705882352941176,0.006920415224913495,0.09023974262245042,0.07390614373158014,0.022727272727272728,0.057962172056131786,0.595917812207905,5
0.0468839336763865,0.0339470655926352,0.0,0.01466275659824047,0.013837226603184049,0.02540106951871658,0.018244731047499213,0.0905929846140469,0.07934708682838358,0.029545454545454545,0.056741915802318486,0.5907957751731345,6
0.05145797598627787,0.03970080552359032,0.0,0.01407624633431085,0.013093289689034369,0.02540106951871658,0.011953444479396037,0.09048429477047876,0.07594649739288144,0.02727272727272727,0.056741915802318486,0.5938717332302681,5
0.04745568896512293,0.04372842347525891,0.026363636363636363,0.02463343108504399,0.0111590537122452,0.016042780748663103,0.0050330292544825414,0.09025785759637846,0.07821355701654954,0.03090909090909091,0.0701647345942648,0.5560387162792633,6
0.05260148656375071,0.030494821634062138,0.021818181818181816,0.015249266862170088,0.01160541586073501,0.0374331550802139,0.04372444164831708,0.09038285091648182,0.07277261391974608,0.025909090909090906,0.057962172056131786,0.5400465027311188,5
0.0634648370497427,0.022439585730724968,0.049090909090909095,0.01583577712609971,0.014134801368843921,0.02807486631016043,0.031770997168921046,0.09058392712708288,0.0709589662208116,0.023181818181818182,0.057962172056131786,0.5325013425687537,5
0.04173813607775872,0.029344073647871113,0.01636363636363636,0.012316715542521995,0.010415116798095522,0.016042780748663103,0.008807801195344448,0.0903647359425538,0.0798004987531172,0.03318181818181818,0.057962172056131786,0.6036625146924877,6
0.0468839336763865,0.01956271576524741,0.034545454545454546,0.01466275659824047,0.011902990626394883,0.016042780748663103,0.017930166719094056,0.09037560492691062,0.07481296758104738,0.021363636363636362,0.05491153142159853,0.5970054610273261,6
0.0411663807890223,0.0287686996547756,0.01636363636363636,0.012316715542521995,0.010563904180925456,0.016042780748663103,0.009751494180559924,0.09035839570167899,0.0798004987531172,0.03272727272727272,0.05857230018303843,0.603567921174788,6
0.04173813607775872,0.029344073647871113,0.01636363636363636,0.012316715542521995,0.010415116798095522,0.016042780748663103,0.008807801195344448,0.0903647359425538,0.0798004987531172,0.03318181818181818,0.057962172056131786,0.6036625146924877,6
0.04745568896512293,0.03739930955120828,0.009090909090909092,0.017008797653958945,0.013242077071864306,0.022727272727272728,0.012582573136206355,0.09039643714692784,0.07458626161868058,0.025,0.057962172056131786,0.5925485009817171,5
0.043453401943967976,0.03107019562715765,0.011818181818181818,0.01466275659824047,0.01443237613450378,0.03208556149732621,0.020761245674740483,0.09038013367039262,0.07685332124234867,0.027727272727272725,0.05735204392922514,0.5794035091366425,5
0.04745568896512293,0.03739930955120828,0.009090909090909092,0.017008797653958945,0.013242077071864306,0.022727272727272728,0.012582573136206355,0.09039643714692784,0.07458626161868058,0.025,0.057962172056131786,0.5925485009817171,5
0.044596912521440824,0.027617951668584575,0.06181818181818182,0.009970674486803518,0.061746763874423446,0.01871657754010695,0.010066058508965083,0.09026329208855687,0.07005214237134437,0.04818181818181819,0.05552165954850518,0.5014479673912692,6
0.044596912521440824,0.05235903337169159,0.006363636363636364,0.011143695014662756,0.008629668204136274,0.029411764705882353,0.014784523435042466,0.0901446390093283,0.07957379279075039,0.019545454545454546,0.06528370957901158,0.5781631704589626,6
0.03602058319039451,0.056386651323360175,0.0009090909090909091,0.011730205278592375,0.008480880821306354,0.020053475935828877,0.010380622837370242,0.09011112630756146,0.08161414645205169,0.02090909090909091,0.06833435021354484,0.5950697758218076,6
0.04631217838765008,0.05005753739930954,0.0,0.012903225806451615,0.012498140157714626,0.013368983957219251,0.009751494180559924,0.09026329208855687,0.07367943776921333,0.022727272727272728,0.05979255643685174,0.6086458810892004,5
0.04631217838765008,0.05005753739930954,0.0,0.012903225806451615,0.012498140157714626,0.013368983957219251,0.009751494180559924,0.09026329208855687,0.07367943776921333,0.022727272727272728,0.05979255643685174,0.6086458810892004,5
0.050314465408805034,0.024165707710011503,0.01909090909090909,0.01466275659824047,0.013688439220354114,0.04411764705882353,0.02768166089965398,0.09041455212085586,0.07231920199501247,0.023636363636363636,0.05613178767541183,0.5637765085855585,5
0.05145797598627787,0.03337169159953969,0.022727272727272728,0.016422287390029325,0.0111590537122452,0.012032085561497326,0.03271469015413652,0.09037469917821421,0.07322602584447971,0.025909090909090906,0.05918242830994508,0.5714226986272715,5
0.05317324185248714,0.037686996547756035,0.023636363636363636,0.011730205278592375,0.014283588751673858,0.0066844919786096255,0.01100975149418056,0.09033756348166176,0.07367943776921333,0.01909090909090909,0.05857230018303843,0.6001151499355142,5
0.050314465408805034,0.040276179516685835,0.0,0.009970674486803518,0.010266329415265587,0.0106951871657754,0.005976722239698019,0.09030405077989491,0.07503967354341419,0.024090909090909093,0.06101281269066504,0.6220529956620833,6
0.05202973127501429,0.03912543153049482,0.01,0.016422287390029325,0.013837226603184049,0.014705882352941176,0.01384083044982699,0.09047342578612194,0.07503967354341419,0.025,0.057962172056131786,0.5915633390128414,6
0.05260148656375071,0.038550057537399304,0.009090909090909092,0.017595307917888565,0.013539651837524178,0.016042780748663103,0.015099087763447625,0.09047342578612194,0.07503967354341419,0.024545454545454547,0.057962172056131786,0.5894599926092949,6
0.050314465408805034,0.0339470655926352,0.01636363636363636,0.017008797653958945,0.013242077071864306,0.016042780748663103,0.023277760301981754,0.09033756348166176,0.07118567218317842,0.024545454545454547,0.05735204392922514,0.5863826827189353,5
0.04059462550028588,0.0339470655926352,0.0018181818181818182,0.01348973607038123,0.01220056539205474,0.03208556149732621,0.029569046870084933,0.09034299797384017,0.08048061664021763,0.024090909090909093,0.05918242830994508,0.582198265244138,6
0.04516866781017725,0.04142692750287686,0.0009090909090909091,0.011143695014662756,0.011307841095075138,0.009358288770053475,0.010066058508965083,0.09027416107291368,0.07685332124234867,0.024545454545454547,0.05857230018303843,0.6203741933453433,5
0.04059462550028588,0.0339470655926352,0.0018181818181818182,0.01348973607038123,0.01220056539205474,0.03208556149732621,0.029569046870084933,0.09034299797384017,0.08048061664021763,0.024090909090909093,0.05918242830994508,0.582198265244138,6
0.053744997141223556,0.03941311852704257,0.023636363636363636,0.01407624633431085,0.01220056539205474,0.03074866310160428,0.04498269896193772,0.09037560492691062,0.07435955565631376,0.025,0.05735204392922514,0.534110142393013,5
0.05431675242995997,0.03279631760644418,0.024545454545454547,0.01348973607038123,0.01220056539205474,0.03074866310160428,0.04529726329034287,0.09037741642430341,0.07413284969394696,0.025,0.05735204392922514,0.5397429375162826,5
0.04516866781017725,0.02301495972382048,0.026363636363636363,0.010557184750733138,0.023359619104299956,0.001336898395721925,0.01384083044982699,0.09033031749209054,0.07481296758104738,0.04181818181818182,0.057962172056131786,0.5914345644543324,6
0.0411663807890223,0.0575373993095512,0.0,0.017595307917888565,0.015176313048653472,0.009358288770053475,0.0050330292544825414,0.09019988967980877,0.07776014509181592,0.02090909090909091,0.06101281269066504,0.6042513425389677,5
0.03945111492281304,0.03653624856156501,0.015454545454545455,0.01407624633431085,0.03585775926201458,0.008021390374331552,0.005662157911292859,0.0902216276485224,0.07708002720471548,0.026818181818181817,0.062843197071385,0.5879775034363219,6
0.04745568896512293,0.024741081703107015,0.02727272727272727,0.019941348973607036,0.011754203243564946,0.009358288770053475,0.0106951871657754,0.09038285091648182,0.07617320335524824,0.027727272727272725,0.06406345332519829,0.5904346935818409,5
0.04059462550028588,0.029919447640966625,0.002727272727272727,0.015249266862170088,0.011307841095075138,0.02807486631016043,0.028939918213274615,0.09034390372253656,0.07934708682838358,0.02727272727272727,0.05979255643685174,0.5864304873902954,5
0.040022870211549454,0.03279631760644418,0.0,0.011730205278592375,0.028269602737687843,0.016042780748663103,0.014155394778232149,0.09028140706248489,0.07503967354341419,0.02727272727272727,0.05735204392922514,0.6070369768309793,6
0.03716409376786735,0.026467203682393553,0.012727272727272728,0.01407624633431085,0.01696176164261271,0.012032085561497326,0.011638880150990877,0.09033212898948335,0.08297438222625256,0.029545454545454545,0.05979255643685174,0.6062879339350125,5
0.04059462550028588,0.0339470655926352,0.0009090909090909091,0.01466275659824047,0.011456628477905073,0.026737967914438502,0.026737967914438502,0.09034480947123297,0.08048061664021763,0.026818181818181817,0.05979255643685174,0.5875177327264813,5
0.05660377358490566,0.020138089758342918,0.03727272727272727,0.01348973607038123,0.01234935277488469,0.014705882352941176,0.01918842403271469,0.09041183487476666,0.07277261391974608,0.022727272727272728,0.057962172056131786,0.582378120575185,5
0.05717552887364208,0.03222094361334867,0.021818181818181816,0.012903225806451615,0.011754203243564946,0.02540106951871658,0.018244731047499213,0.09049335225744276,0.07209249603264567,0.025454545454545455,0.061622940817571685,0.5708187815163894,6
0.05717552887364208,0.03222094361334867,0.021818181818181816,0.012903225806451615,0.011754203243564946,0.02540106951871658,0.018244731047499213,0.09049335225744276,0.07209249603264567,0.025454545454545455,0.061622940817571685,0.5708187815163894,6
0.049170954831332186,0.036248561565017254,0.015454545454545455,0.017008797653958945,0.014729950900163666,0.02807486631016043,0.0374331550802139,0.09039371990083864,0.07005214237134437,0.023636363636363636,0.056741915802318486,0.5610550264937431,5
0.04230989136649514,0.021288837744533943,0.03909090909090909,0.015249266862170088,0.01220056539205474,0.02406417112299465,0.025794274929223027,0.09031039102076972,0.07549308546814781,0.03090909090909091,0.05918242830994508,0.5641070877836658,6
0.050314465408805034,0.036823935558112766,0.015454545454545455,0.017008797653958945,0.012498140157714626,0.03342245989304813,0.04089336269267065,0.09041002337737385,0.07322602584447971,0.024545454545454547,0.05857230018303843,0.5468304892307978,5
0.04059462550028588,0.03509781357882623,0.0018181818181818182,0.01466275659824047,0.012051778009224818,0.022727272727272728,0.02736709657124882,0.09034390372253656,0.07889367490364997,0.02727272727272727,0.05918242830994508,0.5899877409878603,6
0.0440251572327044,0.034522439585730716,0.0,0.015249266862170088,0.008183306055646482,0.009358288770053475,0.004089336269267065,0.09024789436071805,0.07662661527998187,0.025454545454545455,0.06589383770591825,0.6263493124232642,5
0.057747284162378495,0.015535097813578825,0.049090909090909095,0.01348973607038123,0.009671179883945842,0.009358288770053475,0.00817867253853413,0.09015007350150672,0.07186579007027885,0.024090909090909093,0.0762660158633313,0.574556043144193,6
0.06174957118353345,0.05120828538550057,0.02727272727272727,0.015249266862170088,0.019639934533551555,0.009358288770053475,0.01887385970430953,0.09038103941908901,0.06778508274767626,0.053636363636363635,0.06223306894447833,0.5226125115405469,5
0.0497427101200686,0.026467203682393553,0.028181818181818183,0.01466275659824047,0.01874721023657194,0.03208556149732621,0.020132117017930166,0.09034480947123297,0.07027884833371117,0.03363636363636364,0.05857230018303843,0.5571483010413047,5
0.05317324185248714,0.021288837744533943,0.04,0.0093841642228739,0.005653920547537569,0.02807486631016043,0.013211701793016672,0.0901455447580247,0.07345273180684653,0.03681818181818182,0.06589383770591825,0.562902971440419,7
0.053744997141223556,0.0287686996547756,0.03090909090909091,0.021114369501466276,0.01220056539205474,0.0066844919786096255,0.004403900597672224,0.09045712230958672,0.07458626161868058,0.023636363636363636,0.06528370957901158,0.5882104276814646,6
0.049170954831332186,0.03164556962025316,0.00818181818181818,0.019354838709677417,0.01011754203243565,0.0106951871657754,0.0053475935828877,0.09033484623557256,0.07322602584447971,0.02,0.06101281269066504,0.620912811105103,5
0.02915951972555746,0.03365937859608745,0.0,0.009970674486803518,0.006546644844517184,0.01871657754010695,0.027052532242843663,0.08990823859956759,0.08070732260258445,0.042727272727272725,0.0787065283709579,0.5828453102637011,7
0.0440251572327044,0.03222094361334867,0.007272727272727273,0.01466275659824047,0.01696176164261271,0.01871657754010695,0.014469959106637308,0.09031220251816252,0.07345273180684653,0.030000000000000002,0.05857230018303843,0.5993328824855747,6
0.048027444253859346,0.029919447640966625,0.02,0.01583577712609971,0.012498140157714626,0.0053475935828877,0.005662157911292859,0.0902868415546633,0.07390614373158014,0.025909090909090906,0.06040268456375839,0.6122046785680864,6
0.048027444253859346,0.0143843498273878,0.035454545454545454,0.011730205278592375,0.006100282696027362,0.0053475935828877,0.0031456432840515887,0.09001873994052854,0.07413284969394696,0.03227272727272727,0.0762660158633313,0.6031196028521143,7
0.04230989136649514,0.030494821634062138,0.010909090909090908,0.011143695014662756,0.024549918166939445,0.0053475935828877,0.0037747719408619063,0.09030495652859132,0.07390614373158014,0.03909090909090909,0.05613178767541183,0.6120364203585077,5
0.043453401943967976,0.027617951668584575,0.028181818181818183,0.016422287390029325,0.010415116798095522,0.0053475935828877,0.004718464926077383,0.0902968047903237,0.0729993198821129,0.025,0.062843197071385,0.6127040437647178,6
0.04173813607775872,0.028193325661680087,0.009090909090909092,0.015249266862170088,0.01011754203243565,0.0053475935828877,0.004403900597672224,0.09017815171109514,0.07481296758104738,0.021363636363636362,0.06406345332519829,0.6354411171135093,5
0.07375643224699828,0.0287686996547756,0.05,0.016422287390029325,0.010712691563755393,0.009358288770053475,0.007549543881723813,0.09058573862447568,0.07005214237134437,0.03090909090909091,0.06650396583282489,0.5453811187549282,6
0.03945111492281304,0.022439585730724968,0.021818181818181816,0.012316715542521995,0.015176313048653472,0.0053475935828877,0.002201950298836112,0.09008757684145503,0.07798685105418272,0.026363636363636363,0.06955460646735814,0.6172558743287486,4
0.07204116638078902,0.02359033371691599,0.049090909090909095,0.016422287390029325,0.01532510043148341,0.02540106951871658,0.012897137464611514,0.0905196189696384,0.07277261391974608,0.034545454545454546,0.06894447834045149,0.5184498302312546,6
0.05202973127501429,0.03797468354430379,0.013636363636363636,0.0187683284457478,0.01443237613450378,0.012032085561497326,0.018559295375904374,0.09055313167140525,0.07435955565631376,0.024545454545454547,0.05857230018303843,0.584536693970453,5
0.040022870211549454,0.03941311852704257,0.0,0.011143695014662756,0.014729950900163666,0.012032085561497326,0.006920415224913495,0.09021800465373679,0.07571979143051462,0.02727272727272727,0.05918242830994508,0.6233449128932469,5
0.028016009148084622,0.024165707710011503,0.0,0.012316715542521995,0.007141794375836929,0.0213903743315508,0.013211701793016672,0.08980860624296347,0.0841079120380866,0.03363636363636364,0.08541793776693105,0.6007868774146328,7
0.038307604345340196,0.03107019562715765,0.011818181818181818,0.011730205278592375,0.011307841095075138,0.020053475935828877,0.011324315822585718,0.09033031749209054,0.08184085241441849,0.02909090909090909,0.05979255643685174,0.6033335446429684,5
0.04059462550028588,0.027617951668584575,0.025454545454545455,0.016422287390029325,0.01011754203243565,0.008021390374331552,0.0050330292544825414,0.0902868415546633,0.07345273180684653,0.024090909090909093,0.062843197071385,0.6160649488015011,5
0.04288164665523156,0.015535097813578825,0.03090909090909091,0.01348973607038123,0.007439369141496802,0.0053475935828877,0.0025165146272412707,0.09013105277888228,0.07708002720471548,0.02909090909090909,0.06711409395973154,0.6184648681658533,7
0.04059462550028588,0.026467203682393553,0.012727272727272728,0.016422287390029325,0.011307841095075138,0.020053475935828877,0.011638880150990877,0.09023430813027203,0.07617320335524824,0.022272727272727274,0.06528370957901158,0.6068244651808645,5
0.04288164665523156,0.03941311852704257,0.006363636363636364,0.01466275659824047,0.008629668204136274,0.0066844919786096255,0.0028310789556464295,0.09024155411984323,0.07662661527998187,0.025,0.06650396583282489,0.6201614674848067,4
0.033733562035448826,0.03509781357882623,0.007272727272727273,0.012316715542521995,0.010563904180925456,0.0213903743315508,0.007549543881723813,0.09000968245356453,0.08070732260258445,0.035,0.06772422208663818,0.5986341320334884,6
0.0663236134934248,0.027042577675489062,0.04,0.0093841642228739,0.021871745276000595,0.0481283422459893,0.016042780748663103,0.09042632685390908,0.07662661527998187,0.03909090909090909,0.06040268456375839,0.5046602405490007,4
0.038307604345340196,0.016110471806674336,0.025454545454545455,0.01407624633431085,0.0017854485939592323,0.0481283422459893,0.031456432840515886,0.08972708886028735,0.07390614373158014,0.017727272727272727,0.07138499084807809,0.5719354122114464,7
0.038307604345340196,0.016110471806674336,0.025454545454545455,0.01407624633431085,0.0017854485939592323,0.0481283422459893,0.031456432840515886,0.08972708886028735,0.07390614373158014,0.017727272727272727,0.07138499084807809,0.5719354122114464,7
0.057747284162378495,0.01783659378596087,0.031818181818181815,0.0093841642228739,0.0111590537122452,0.012032085561497326,0.008807801195344448,0.09027778406769929,0.07345273180684653,0.03772727272727273,0.06833435021354484,0.5814226967261545,7
0.03773584905660377,0.03797468354430379,0.0,0.017595307917888565,0.017110549025442644,0.02807486631016043,0.009751494180559924,0.09023883687375403,0.07821355701654954,0.028636363636363637,0.062843197071385,0.5918252953669887,5
0.0606060606060606,0.0287686996547756,0.04090909090909091,0.015249266862170088,0.017705698556762385,0.045454545454545456,0.0213903743315508,0.09031039102076972,0.07322602584447971,0.03272727272727272,0.06650396583282489,0.5071486081996971,6
0.04059462550028588,0.03941311852704257,0.031818181818181815,0.011730205278592375,0.013093289689034369,0.012032085561497326,0.028939918213274615,0.09023974262245042,0.07435955565631376,0.028181818181818183,0.05735204392922514,0.5722454150222835,5
0.03659233847913093,0.036823935558112766,0.01909090909090909,0.010557184750733138,0.012051778009224818,0.01871657754010695,0.009751494180559924,0.09029318179553811,0.08138744048968488,0.030000000000000002,0.05979255643685174,0.5949426036691476,5
0.04230989136649514,0.03912543153049482,0.014545454545454545,0.010557184750733138,0.01160541586073501,0.016042780748663103,0.012268008807801196,0.0903665474399466,0.07934708682838358,0.031818181818181815,0.06040268456375839,0.5916113317393527,6
0.03659233847913093,0.036823935558112766,0.01909090909090909,0.010557184750733138,0.012051778009224818,0.01871657754010695,0.009751494180559924,0.09029318179553811,0.08138744048968488,0.030000000000000002,0.05979255643685174,0.5949426036691476,5
0.05317324185248714,0.024741081703107015,0.04,0.011143695014662756,0.012646927540544563,0.012032085561497326,0.006920415224913495,0.09031039102076972,0.07435955565631376,0.025,0.057962172056131786,0.5917104343695725,5
0.05317324185248714,0.024741081703107015,0.04,0.011143695014662756,0.012646927540544563,0.012032085561497326,0.006920415224913495,0.09031039102076972,0.07435955565631376,0.025,0.057962172056131786,0.5917104343695725,5
0.05317324185248714,0.02071346375143843,0.035454545454545454,0.008797653958944282,0.011902990626394883,0.05481283422459893,0.01730103806228374,0.09025966909377126,0.07866696894128317,0.03318181818181818,0.06650396583282489,0.5292318100196096,6
0.05317324185248714,0.02071346375143843,0.035454545454545454,0.008797653958944282,0.011902990626394883,0.05481283422459893,0.01730103806228374,0.09025966909377126,0.07866696894128317,0.03318181818181818,0.06650396583282489,0.5292318100196096,6
0.05317324185248714,0.02071346375143843,0.035454545454545454,0.008797653958944282,0.011902990626394883,0.05481283422459893,0.01730103806228374,0.09025966909377126,0.07866696894128317,0.03318181818181818,0.06650396583282489,0.5292318100196096,6
0.0468839336763865,0.014959723820483313,0.03090909090909091,0.01466275659824047,0.010861478946585328,0.0213903743315508,0.014784523435042466,0.09020713566937999,0.07708002720471548,0.035454545454545454,0.06894447834045149,0.5738619316135278,7
0.06689536878216124,0.016110471806674336,0.042727272727272725,0.009970674486803518,0.008034518672816545,0.022727272727272728,0.010066058508965083,0.09029046454944889,0.07141237814554523,0.030454545454545456,0.06467358145210493,0.5666373926863892,7
0.0411663807890223,0.03567318757192174,0.005454545454545454,0.01583577712609971,0.011456628477905073,0.020053475935828877,0.026737967914438502,0.09034480947123297,0.07957379279075039,0.024545454545454547,0.057962172056131786,0.5911958078666686,5
0.04288164665523156,0.024165707710011503,0.02909090909090909,0.01583577712609971,0.009968754649605715,0.009358288770053475,0.007864108210128971,0.09023793112505764,0.07345273180684653,0.02,0.06345332519829164,0.6136908196577642,5
0.0411663807890223,0.03567318757192174,0.005454545454545454,0.01466275659824047,0.01160541586073501,0.022727272727272728,0.026423403586033345,0.09034480947123297,0.07957379279075039,0.024090909090909093,0.05918242830994508,0.5890950977493914,5
0.0411663807890223,0.03653624856156501,0.006363636363636364,0.015249266862170088,0.011456628477905073,0.0213903743315508,0.027052532242843663,0.09034662096862578,0.07957379279075039,0.024545454545454547,0.05918242830994508,0.5871366357565309,5
0.03945111492281304,0.03222094361334867,0.002727272727272727,0.008797653958944282,0.012795714923374496,0.0481283422459893,0.014469959106637308,0.0901419217632391,0.08002720471548401,0.025909090909090906,0.06467358145210493,0.5806571996617012,5
0.04173813607775872,0.020138089758342918,0.021818181818181816,0.011730205278592375,0.009968754649605715,0.0374331550802139,0.015099087763447625,0.09019083219284477,0.07776014509181592,0.024545454545454547,0.06101281269066504,0.5885651450530767,4
0.050314465408805034,0.01783659378596087,0.03636363636363637,0.016422287390029325,0.016217824728463025,0.009358288770053475,0.0050330292544825414,0.09022525064330801,0.07503967354341419,0.03590909090909091,0.07199511897498474,0.5752847402277715,7
0.0440251572327044,0.041139240506329104,0.0009090909090909091,0.012316715542521995,0.009522392501115905,0.04144385026737968,0.013526266121421831,0.09000515371008252,0.0773067331670823,0.025909090909090906,0.07199511897498474,0.5719011901581957,6
0.043453401943967976,0.041139240506329104,0.0,0.012316715542521995,0.01011754203243565,0.040106951871657755,0.01100975149418056,0.09015188499889952,0.07889367490364997,0.029545454545454545,0.06955460646735814,0.5737107756935448,6
0.048027444253859346,0.01783659378596087,0.026363636363636363,0.01818181818181818,0.028864752269007574,0.01871657754010695,0.00817867253853413,0.09015460224498872,0.0729993198821129,0.035454545454545454,0.07321537522879805,0.5620066622566314,6
0.050314465408805034,0.03509781357882623,0.017272727272727273,0.02346041055718475,0.013986013986013986,0.040106951871657755,0.02170493865995596,0.09038194516778542,0.0729993198821129,0.022727272727272728,0.06101281269066504,0.5509353281969929,6
0.05088622069754145,0.0431530494821634,0.012727272727272728,0.01466275659824047,0.012795714923374496,0.012032085561497326,0.009436929852154765,0.09041545786955227,0.07571979143051462,0.02909090909090909,0.06406345332519829,0.5850163584415811,5
0.05145797598627787,0.04602991944764096,0.010909090909090908,0.01407624633431085,0.01234935277488469,0.0106951871657754,0.008807801195344448,0.09042632685390908,0.07549308546814781,0.029545454545454545,0.06345332519829164,0.5867562341208719,6
0.03887935963407661,0.03279631760644418,0.0,0.01466275659824047,0.010712691563755393,0.0427807486631016,0.020132117017930166,0.09011384355365067,0.07776014509181592,0.025454545454545455,0.06833435021354484,0.5783731246028947,6
0.06117781589479702,0.05178365937859608,0.03090909090909091,0.038709677419354833,0.01666418687695282,0.03074866310160428,0.031141868512110725,0.09083663101337883,0.0729993198821129,0.03090909090909091,0.056741915802318486,0.48737808030059226,5
0.0411663807890223,0.03797468354430379,0.002727272727272727,0.01348973607038123,0.01160541586073501,0.0213903743315508,0.027052532242843663,0.09034209222514376,0.08002720471548401,0.025909090909090906,0.05918242830994508,0.5891327882742268,5
0.057747284162378495,0.02589182968929804,0.02090909090909091,0.011143695014662756,0.01220056539205474,0.013368983957219251,0.005662157911292859,0.0903701704347322,0.0729993198821129,0.029545454545454545,0.056741915802318486,0.6034195322993849,6
0.0411663807890223,0.03797468354430379,0.002727272727272727,0.01348973607038123,0.01160541586073501,0.0213903743315508,0.027052532242843663,0.09034209222514376,0.08002720471548401,0.025909090909090906,0.05918242830994508,0.5891327882742268,5
0.0411663807890223,0.036248561565017254,0.002727272727272727,0.012903225806451615,0.011902990626394883,0.022727272727272728,0.02768166089965398,0.09034390372253656,0.08002720471548401,0.026363636363636363,0.05979255643685174,0.5881153336204059,6
0.04059462550028588,0.0339470655926352,0.0009090909090909091,0.01348973607038123,0.011902990626394883,0.03609625668449198,0.013526266121421831,0.09016728272673834,0.0775334391294491,0.026363636363636363,0.06528370957901158,0.5901859006964627,6
0.04745568896512293,0.01783659378596087,0.035454545454545454,0.01407624633431085,0.01160541586073501,0.022727272727272728,0.013526266121421831,0.09007127336491981,0.07503967354341419,0.035,0.0762660158633313,0.560941007978965,7
0.04059462550028588,0.0339470655926352,0.0009090909090909091,0.01348973607038123,0.011902990626394883,0.03609625668449198,0.013526266121421831,0.09016728272673834,0.0775334391294491,0.026363636363636363,0.06528370957901158,0.5901859006964627,6
0.04745568896512293,0.01783659378596087,0.035454545454545454,0.01407624633431085,0.01160541586073501,0.022727272727272728,0.013526266121421831,0.09007127336491981,0.07503967354341419,0.035,0.0762660158633313,0.560941007978965,7
0.05088622069754145,0.01783659378596087,0.03272727272727272,0.015249266862170088,0.008332093438476402,0.013368983957219251,0.012268008807801196,0.09017815171109514,0.07708002720471548,0.031363636363636364,0.07199511897498474,0.5787146254691263,5
0.04230989136649514,0.03653624856156501,0.009090909090909092,0.01407624633431085,0.011902990626394883,0.0213903743315508,0.010380622837370242,0.09033575198426896,0.08116073452731808,0.031363636363636364,0.06589383770591825,0.5855587562702623,7
0.04230989136649514,0.03653624856156501,0.009090909090909092,0.01407624633431085,0.011902990626394883,0.0213903743315508,0.010380622837370242,0.09033575198426896,0.08116073452731808,0.031363636363636364,0.06589383770591825,0.5855587562702623,7
0.03887935963407661,0.0339470655926352,0.005454545454545454,0.03519061583577713,0.00892724296979616,0.014705882352941176,0.005662157911292859,0.09023068513548642,0.0773067331670823,0.026818181818181817,0.06589383770591825,0.5969836924222667,7
0.0411663807890223,0.03107019562715765,0.024545454545454547,0.015249266862170088,0.012498140157714626,0.016042780748663103,0.024536017615602392,0.09024880010941444,0.07685332124234867,0.03227272727272727,0.06711409395973154,0.5684028210699934,5
0.03487707261292167,0.03222094361334867,0.0,0.012903225806451615,0.011754203243564946,0.008021390374331552,0.0028310789556464295,0.09010388031799026,0.08138744048968488,0.024545454545454547,0.0701647345942648,0.6311905754463406,6
0.04230989136649514,0.029919447640966625,0.011818181818181818,0.01407624633431085,0.01160541586073501,0.045454545454545456,0.01918842403271469,0.09014735625541752,0.07776014509181592,0.026818181818181817,0.06589383770591825,0.565008326620717,6
0.05317324185248714,0.021864211737629455,0.04363636363636363,0.02228739002932551,0.019639934533551555,0.004010695187165776,0.0034602076124567475,0.09019173794154117,0.07322602584447971,0.025909090909090906,0.08053691275167785,0.5620641879642306,6
0.05202973127501429,0.016110471806674336,0.04181818181818182,0.05278592375366569,0.01696176164261271,0.004010695187165776,0.0028310789556464295,0.09048520051917515,0.07209249603264567,0.02727272727272727,0.06650396583282489,0.557097765903666,6
0.05717552887364208,0.026467203682393553,0.04,0.017008797653958945,0.009671179883945842,0.0053475935828877,0.0025165146272412707,0.09027959556509207,0.07549308546814781,0.028181818181818183,0.07443563148261134,0.5734230509982612,6
0.049170954831332186,0.018124280782508627,0.03636363636363637,0.012903225806451615,0.011754203243564946,0.004010695187165776,0.0018873859704309531,0.0901328642762751,0.07413284969394696,0.030454545454545456,0.0726052471018914,0.5984601112882506,6
0.0303030303030303,0.041139240506329104,0.017272727272727273,0.008797653958944282,0.0239547686356197,0.009358288770053475,0.019502988361119848,0.09002689167879616,0.08206755837678531,0.027727272727272725,0.06711409395973154,0.5827354854495903,5
0.03887935963407661,0.02359033371691599,0.028181818181818183,0.05161290322580646,0.012498140157714626,0.034759358288770054,0.014155394778232149,0.09041545786955227,0.07662661527998187,0.02909090909090909,0.061622940817571685,0.538566768958651,6
0.048027444253859346,0.02071346375143843,0.02909090909090909,0.012903225806451615,0.012051778009224818,0.0427807486631016,0.02485058194400755,0.09024880010941444,0.07481296758104738,0.03272727272727272,0.06711409395973154,0.5446787141035414,6
0.048027444253859346,0.03567318757192174,0.010909090909090908,0.010557184750733138,0.010712691563755393,0.05080213903743316,0.014469959106637308,0.09012561828670389,0.07662661527998187,0.04045454545454546,0.07199511897498474,0.5396464048103531,6
0.0548885077186964,0.02359033371691599,0.03363636363636364,0.01348973607038123,0.013539651837524178,0.013368983957219251,0.007234979553318654,0.09038103941908901,0.07345273180684653,0.025454545454545455,0.06406345332519829,0.5868996735039014,5
0.048027444253859346,0.03567318757192174,0.010909090909090908,0.010557184750733138,0.010712691563755393,0.05080213903743316,0.014469959106637308,0.09012561828670389,0.07662661527998187,0.04045454545454546,0.07199511897498474,0.5396464048103531,6
0.049170954831332186,0.027042577675489062,0.024545454545454547,0.01348973607038123,0.008183306055646482,0.01871657754010695,0.008807801195344448,0.0901364872710607,0.07209249603264567,0.03636363636363637,0.06833435021354484,0.5831166222053575,5
0.049170954831332186,0.012658227848101264,0.03272727272727272,0.011143695014662756,0.009522392501115905,0.07085561497326204,0.02422145328719723,0.09021619315634401,0.07866696894128317,0.03954545454545454,0.06711409395973154,0.5141576782142425,7
0.053744997141223556,0.013808975834292287,0.030000000000000002,0.01348973607038123,0.009076030352626097,0.06951871657754011,0.022963195973576597,0.09038103941908901,0.07866696894128317,0.04090909090909091,0.06223306894447833,0.5152081798364188,6
0.048027444253859346,0.038550057537399304,0.017272727272727273,0.012903225806451615,0.013837226603184049,0.014705882352941176,0.023592324630386914,0.09033575198426896,0.07254590795737928,0.026818181818181817,0.05613178767541183,0.5852794821078084,4
0.049170954831332186,0.027042577675489062,0.024545454545454547,0.01348973607038123,0.008183306055646482,0.01871657754010695,0.008807801195344448,0.0901364872710607,0.07209249603264567,0.03636363636363637,0.06833435021354484,0.5831166222053575,5
0.0497427101200686,0.018987341772151896,0.034545454545454546,0.019354838709677417,0.00937360511828597,0.013368983957219251,0.005976722239698019,0.09009301133363344,0.07481296758104738,0.03318181818181818,0.07321537522879805,0.5773471712121472,7
0.04230989136649514,0.03509781357882623,0.0009090909090909091,0.011730205278592375,0.011010266329415265,0.017379679144385027,0.011953444479396037,0.09034662096862578,0.07889367490364997,0.029545454545454545,0.05979255643685174,0.6110313020592171,5
0.043453401943967976,0.02301495972382048,0.026363636363636363,0.011143695014662756,0.01160541586073501,0.03877005347593583,0.020761245674740483,0.09031220251816252,0.07821355701654954,0.026818181818181817,0.057962172056131786,0.5715814785334754,6
0.03773584905660377,0.03509781357882623,0.0009090909090909091,0.011143695014662756,0.011902990626394883,0.0106951871657754,0.007864108210128971,0.09034480947123297,0.08365450011335299,0.03318181818181818,0.06406345332519829,0.6134066843469146,5
0.050314465408805034,0.017261219792865358,0.034545454545454546,0.01348973607038123,0.00892724296979616,0.02540106951871658,0.022648631645171436,0.09016094248586354,0.07685332124234867,0.03272727272727272,0.07199511897498474,0.55567552461834,6
0.03544882790165809,0.026467203682393553,0.015454545454545455,0.0093841642228739,0.010861478946585328,0.009358288770053475,0.0034602076124567475,0.09005406413968818,0.08184085241441849,0.024545454545454547,0.06955460646735814,0.6235703058425142,5
0.05660377358490566,0.015535097813578825,0.04454545454545455,0.02932551319648094,0.01220056539205474,0.012032085561497326,0.0053475935828877,0.09010750331277585,0.07231920199501247,0.023636363636363636,0.0762660158633313,0.562080831515657,7
0.057747284162378495,0.024741081703107015,0.03636363636363637,0.015249266862170088,0.013688439220354114,0.017379679144385027,0.01635734507706826,0.09042451535651627,0.0729993198821129,0.02909090909090909,0.06101281269066504,0.5649457104466973,7
0.04745568896512293,0.017261219792865358,0.04454545454545455,0.02228739002932551,0.013390864454694241,0.014705882352941176,0.007549543881723813,0.09012018379452547,0.07413284969394696,0.02909090909090909,0.07382550335570469,0.5656345100427862,7
0.05831903945111492,0.025316455696202528,0.05272727272727273,0.024046920821114367,0.013688439220354114,0.014705882352941176,0.007549543881723813,0.09034390372253656,0.07458626161868058,0.045,0.07321537522879805,0.5205009052792611,7
0.04745568896512293,0.016110471806674336,0.04363636363636363,0.012316715542521995,0.013837226603184049,0.008021390374331552,0.0037747719408619063,0.09003866641184936,0.07390614373158014,0.028181818181818183,0.07565588773642465,0.5870648550692673,7
0.05088622069754145,0.006904487917146144,0.04090909090909091,0.010557184750733138,0.0111590537122452,0.013368983957219251,0.006605850896508336,0.09016909422413114,0.0773067331670823,0.034545454545454546,0.0726052471018914,0.5849825981209562,7
0.05088622069754145,0.006904487917146144,0.04090909090909091,0.010557184750733138,0.0111590537122452,0.013368983957219251,0.006605850896508336,0.09016909422413114,0.0773067331670823,0.034545454545454546,0.0726052471018914,0.5849825981209562,7
0.04745568896512293,0.016110471806674336,0.04363636363636363,0.012316715542521995,0.013837226603184049,0.008021390374331552,0.0037747719408619063,0.09003866641184936,0.07390614373158014,0.028181818181818183,0.07565588773642465,0.5870648550692673,7
0.0468839336763865,0.01783659378596087,0.03636363636363637,0.012903225806451615,0.008629668204136274,0.008021390374331552,0.0031456432840515887,0.09015460224498872,0.07503967354341419,0.03090909090909091,0.06833435021354484,0.6017781915940066,7
0.05831903945111492,0.01956271576524741,0.04363636363636363,0.012316715542521995,0.007736943907156672,0.0066844919786096255,0.0028310789556464295,0.09008395384666942,0.07254590795737928,0.031363636363636364,0.07382550335570469,0.5810936492399496,7
0.04859919954259577,0.012082853855005751,0.04727272727272727,0.011143695014662756,0.013390864454694241,0.012032085561497326,0.007234979553318654,0.09025604609898566,0.07617320335524824,0.030454545454545456,0.06345332519829164,0.5879064746384273,5
0.05145797598627787,0.02071346375143843,0.04727272727272727,0.012316715542521995,0.0165153994941229,0.0066844919786096255,0.0031456432840515887,0.09018358620327356,0.07503967354341419,0.028181818181818183,0.06894447834045149,0.579544026421293,6
0.03659233847913093,0.03279631760644418,0.010909090909090908,0.01348973607038123,0.01785448593959232,0.03342245989304813,0.011324315822585718,0.0901392045171499,0.07866696894128317,0.03227272727272727,0.06894447834045149,0.5735878762081148,7
0.04859919954259577,0.027042577675489062,0.024545454545454547,0.011143695014662756,0.008629668204136274,0.02406417112299465,0.011953444479396037,0.0901382987684535,0.07163908410791205,0.038636363636363635,0.06772422208663818,0.5758838208159036,6
0.04059462550028588,0.03222094361334867,0.012727272727272728,0.0093841642228739,0.01160541586073501,0.009358288770053475,0.005662157911292859,0.09020532417198719,0.07413284969394696,0.028181818181818183,0.056741915802318486,0.6291852235440667,5
0.03773584905660377,0.03279631760644418,0.0018181818181818182,0.012316715542521995,0.017110549025442644,0.008021390374331552,0.0050330292544825414,0.09026148059116405,0.07662661527998187,0.031363636363636364,0.057962172056131786,0.6289540630310774,5
0.04859919954259577,0.027042577675489062,0.024545454545454547,0.011143695014662756,0.008629668204136274,0.02406417112299465,0.011953444479396037,0.0901382987684535,0.07163908410791205,0.038636363636363635,0.06772422208663818,0.5758838208159036,6
0.04859919954259577,0.03797468354430379,0.018181818181818184,0.012316715542521995,0.01443237613450378,0.03074866310160428,0.03554576910978295,0.09033303473817976,0.0709589662208116,0.021818181818181816,0.05613178767541183,0.5629588043902842,5
0.05145797598627787,0.02301495972382048,0.03909090909090909,0.01407624633431085,0.01011754203243565,0.03877005347593583,0.014469959106637308,0.0900585928831702,0.07254590795737928,0.02727272727272727,0.07443563148261134,0.5446894946537848,6
0.05946255002858777,0.014959723820483313,0.04363636363636363,0.011143695014662756,0.009819967266775777,0.008021390374331552,0.0031456432840515887,0.09032488299991215,0.07549308546814781,0.03954545454545454,0.06650396583282489,0.5779432777284041,6
0.050314465408805034,0.018987341772151896,0.03727272727272727,0.03460410557184751,0.010861478946585328,0.009358288770053475,0.004089336269267065,0.09026510358594966,0.07481296758104738,0.028181818181818183,0.07382550335570469,0.5674268632840425,7
0.0411663807890223,0.02359033371691599,0.02727272727272727,0.012316715542521995,0.01234935277488469,0.04679144385026738,0.022648631645171436,0.09030314503119852,0.07798685105418272,0.023636363636363636,0.05735204392922514,0.5645860107575189,5
0.048027444253859346,0.0339470655926352,0.026363636363636363,0.015249266862170088,0.016217824728463025,0.04144385026737968,0.0374331550802139,0.09039462564953503,0.07141237814554523,0.022727272727272728,0.05552165954850518,0.5412618207807842,5
0.040022870211549454,0.02301495972382048,0.02909090909090909,0.021114369501466276,0.009076030352626097,0.012032085561497326,0.009122365523749607,0.09004591240142058,0.07435955565631376,0.022272727272727274,0.06894447834045149,0.6009037363634686,7
0.05202973127501429,0.0287686996547756,0.02727272727272727,0.011143695014662756,0.009671179883945842,0.0106951871657754,0.0053475935828877,0.0903701704347322,0.075266379505781,0.03227272727272727,0.06406345332519829,0.5930984556117724,6
0.05431675242995997,0.04948216340621403,0.023636363636363636,0.011143695014662756,0.011754203243564946,0.017379679144385027,0.008807801195344448,0.09031401401555533,0.07367943776921333,0.028181818181818183,0.06101281269066504,0.5702912592722533,5
0.04173813607775872,0.029919447640966625,0.02909090909090909,0.012316715542521995,0.010415116798095522,0.06818181818181818,0.02201950298836112,0.09004772389881338,0.07571979143051462,0.03727272727272727,0.0787065283709579,0.5045715827065556,6
0.05202973127501429,0.0287686996547756,0.02727272727272727,0.011143695014662756,0.009671179883945842,0.0106951871657754,0.0053475935828877,0.0903701704347322,0.075266379505781,0.03227272727272727,0.06406345332519829,0.5930984556117724,6
0.04230989136649514,0.03337169159953969,0.0,0.011730205278592375,0.009522392501115905,0.009358288770053475,0.0034602076124567475,0.09017815171109514,0.07821355701654954,0.026363636363636363,0.06894447834045149,0.6265474994400142,6
0.04059462550028588,0.02071346375143843,0.02727272727272727,0.0093841642228739,0.011902990626394883,0.04679144385026738,0.02201950298836112,0.0902968047903237,0.07798685105418272,0.022727272727272728,0.05735204392922514,0.5729581092866468,5
0.0440251572327044,0.022439585730724968,0.010909090909090908,0.009970674486803518,0.01443237613450378,0.02540106951871658,0.008493236866939289,0.09020894716677279,0.07163908410791205,0.022272727272727274,0.05735204392922514,0.6228560066438793,5
0.055460263007432814,0.0169735327963176,0.03636363636363637,0.008797653958944282,0.010861478946585328,0.01871657754010695,0.006605850896508336,0.09017271721891675,0.07118567218317842,0.023181818181818182,0.06650396583282489,0.59517683307373,6
0.0440251572327044,0.022439585730724968,0.010909090909090908,0.009970674486803518,0.01443237613450378,0.02540106951871658,0.008493236866939289,0.09020894716677279,0.07163908410791205,0.022272727272727274,0.05735204392922514,0.6228560066438793,5
0.04059462550028588,0.01956271576524741,0.025454545454545455,0.011730205278592375,0.01220056539205474,0.04144385026737968,0.0213903743315508,0.09029771053902011,0.07821355701654954,0.021818181818181816,0.05735204392922514,0.5799416247073671,5
0.04059462550028588,0.01956271576524741,0.025454545454545455,0.011730205278592375,0.01220056539205474,0.04144385026737968,0.0213903743315508,0.09029771053902011,0.07821355701654954,0.021818181818181816,0.05735204392922514,0.5799416247073671,5
0.0440251572327044,0.034522439585730716,0.005454545454545454,0.011730205278592375,0.011754203243564946,0.02540106951871658,0.012897137464611514,0.09030042778510931,0.07685332124234867,0.028181818181818183,0.061622940817571685,0.5972567341946862,6
0.05088622069754145,0.048331415420023005,0.03090909090909091,0.008211143695014663,0.007439369141496802,0.0053475935828877,0.0031456432840515887,0.09017090572152393,0.0707322602584448,0.021818181818181816,0.05552165954850518,0.6074865159232381,6
0.03659233847913093,0.03970080552359032,0.0,0.009677419354838708,0.008183306055646482,0.009358288770053475,0.0037747719408619063,0.08981585223253467,0.07866696894128317,0.024090909090909093,0.0787065283709579,0.6214328112401933,6
0.04288164665523156,0.024741081703107015,0.02727272727272727,0.012903225806451615,0.009224817735456033,0.008021390374331552,0.0037747719408619063,0.09011746654843628,0.07798685105418272,0.03272727272727272,0.0701647345942648,0.6001840135876766,7
0.0468839336763865,0.024741081703107015,0.026363636363636363,0.0093841642228739,0.012051778009224818,0.03609625668449198,0.014155394778232149,0.0902152874076476,0.07367943776921333,0.024545454545454547,0.062843197071385,0.5790403777683468,5
0.03887935963407661,0.02071346375143843,0.02909090909090909,0.010557184750733138,0.009968754649605715,0.0053475935828877,0.0025165146272412707,0.08992273057871002,0.07617320335524824,0.025,0.07809640024405125,0.6137338857350985,7
0.05202973127501429,0.016685845799769845,0.030000000000000002,0.012023460410557183,0.00937360511828597,0.017379679144385027,0.008493236866939289,0.0901364872710607,0.07390614373158014,0.03818181818181818,0.07138499084807809,0.5804050013525113,7
0.05202973127501429,0.017261219792865358,0.03090909090909091,0.011730205278592375,0.009522392501115905,0.016042780748663103,0.007864108210128971,0.0901364872710607,0.07390614373158014,0.03818181818181818,0.07138499084807809,0.581031031251992,7
0.05088622069754145,0.020138089758342918,0.03636363636363637,0.021114369501466276,0.016366612111292964,0.016042780748663103,0.007549543881723813,0.09016637697804193,0.07322602584447971,0.031818181818181815,0.07321537522879805,0.5631127870678316,7
0.05088622069754145,0.016110471806674336,0.04090909090909091,0.009970674486803518,0.009968754649605715,0.009358288770053475,0.0037747719408619063,0.08998975598224371,0.07367943776921333,0.025,0.075045759609518,0.5953067733783937,7
0.05088622069754145,0.018411967779056383,0.028181818181818183,0.011730205278592375,0.013093289689034369,0.016042780748663103,0.005976722239698019,0.09018539770066636,0.07186579007027885,0.025,0.06345332519829164,0.6051724824163592,6
0.0440251572327044,0.05782508630609895,0.013636363636363636,0.012316715542521995,0.015176313048653472,0.014705882352941176,0.010066058508965083,0.09021619315634401,0.07322602584447971,0.021818181818181816,0.06101281269066504,0.5859752098620807,5
0.04288164665523156,0.04085155350978135,0.0,0.0093841642228739,0.013688439220354114,0.029411764705882353,0.009751494180559924,0.09024427136593244,0.07662661527998187,0.026363636363636363,0.06101281269066504,0.599783601805101,6
0.045740423098913664,0.03337169159953969,0.014545454545454545,0.011730205278592375,0.01785448593959232,0.004010695187165776,0.002201950298836112,0.09008033085188381,0.0729993198821129,0.026363636363636363,0.06833435021354484,0.6127674567407276,6
0.05088622069754145,0.021864211737629455,0.03636363636363637,0.012903225806451615,0.01011754203243565,0.016042780748663103,0.008807801195344448,0.09010931481016865,0.07413284969394696,0.03409090909090909,0.07687614399023794,0.5678053638330354,7
0.045740423098913664,0.010356731875719215,0.03363636363636364,0.005278592375366569,0.007290581758666865,0.0481283422459893,0.034287511796162316,0.08967546118459249,0.06551802312400816,0.02,0.0774862721171446,0.5626016967870732,6
0.040022870211549454,0.0287686996547756,0.012727272727272728,0.010557184750733138,0.01160541586073501,0.013368983957219251,0.007234979553318654,0.09024517711462884,0.08002720471548401,0.027727272727272725,0.06345332519829164,0.614261613528719,5
0.06460834762721555,0.02071346375143843,0.060000000000000005,0.01407624633431085,0.01830084808808213,0.004010695187165776,0.0025165146272412707,0.09025061160680724,0.07254590795737928,0.024090909090909093,0.0726052471018914,0.556281208627559,6
0.06460834762721555,0.02071346375143843,0.060000000000000005,0.01407624633431085,0.01830084808808213,0.004010695187165776,0.0025165146272412707,0.09025061160680724,0.07254590795737928,0.024090909090909093,0.0726052471018914,0.556281208627559,6
0.040022870211549454,0.029344073647871113,0.00818181818181818,0.012316715542521995,0.009224817735456033,0.0053475935828877,0.0028310789556464295,0.09019807818241597,0.07594649739288144,0.024545454545454547,0.06406345332519829,0.6379775486962989,5
0.0468839336763865,0.018411967779056383,0.03818181818181818,0.01348973607038123,0.01458116351733373,0.004010695187165776,0.0028310789556464295,0.09012742978409669,0.07413284969394696,0.025,0.075045759609518,0.5973035675446501,6
0.0440251572327044,0.03337169159953969,0.0009090909090909091,0.010557184750733138,0.013093289689034369,0.016042780748663103,0.005662157911292859,0.09018358620327356,0.075266379505781,0.025454545454545455,0.06406345332519829,0.6213706826701432,7
0.049170954831332186,0.04775604142692749,0.0,0.016422287390029325,0.014134801368843921,0.022727272727272728,0.013526266121421831,0.09041364637215946,0.07549308546814781,0.02727272727272727,0.06345332519829164,0.5796295918228463,6
0.04516866781017725,0.01783659378596087,0.02909090909090909,0.011143695014662756,0.009819967266775777,0.01871657754010695,0.011324315822585718,0.08999881346920771,0.0773067331670823,0.025454545454545455,0.07687614399023794,0.5872630375877481,6
0.03659233847913093,0.045742232451093205,0.0,0.012903225806451615,0.009671179883945842,0.0374331550802139,0.01635734507706826,0.09001149395095732,0.07912038086601678,0.023636363636363636,0.07077486272117144,0.5777574220475871,5
0.0440251572327044,0.03337169159953969,0.0009090909090909091,0.010557184750733138,0.013093289689034369,0.016042780748663103,0.005662157911292859,0.09018358620327356,0.075266379505781,0.025454545454545455,0.06406345332519829,0.6213706826701432,7
0.04631217838765008,0.04718066743383198,0.0,0.024046920821114367,0.014134801368843921,0.0066844919786096255,0.004403900597672224,0.09044263033044429,0.07617320335524824,0.024090909090909093,0.05857230018303843,0.6079579964526377,5
0.05088622069754145,0.04286536248561564,0.01636363636363636,0.01466275659824047,0.011456628477905073,0.020053475935828877,0.015099087763447625,0.09033846923035817,0.07254590795737928,0.021363636363636362,0.05918242830994508,0.5851823898164656,6
0.057747284162378495,0.021288837744533943,0.03090909090909091,0.01407624633431085,0.012646927540544563,0.0066844919786096255,0.0053475935828877,0.0902877473033597,0.07186579007027885,0.029545454545454545,0.06467358145210493,0.5949269543764459,7
0.043453401943967976,0.01783659378596087,0.03090909090909091,0.01466275659824047,0.01220056539205474,0.034759358288770054,0.01100975149418056,0.0899915674796365,0.0729993198821129,0.026818181818181817,0.0762660158633313,0.5690933965444719,7
0.0497427101200686,0.02359033371691599,0.03727272727272727,0.03636363636363636,0.01160541586073501,0.03342245989304813,0.013211701793016672,0.0901491677528103,0.07345273180684653,0.035,0.07687614399023794,0.5193129714299571,7
0.05088622069754145,0.0287686996547756,0.01909090909090909,0.012903225806451615,0.013093289689034369,0.02807486631016043,0.012268008807801196,0.09029589904162731,0.07549308546814781,0.03772727272727273,0.06772422208663818,0.5636743006196403,6
0.03945111492281304,0.028193325661680087,0.017272727272727273,0.009970674486803518,0.011754203243564946,0.017379679144385027,0.00817867253853413,0.09016456548064913,0.07662661527998187,0.02909090909090909,0.05979255643685174,0.6121249564411002,6
0.03659233847913093,0.022439585730724968,0.030000000000000002,0.019354838709677417,0.006844219610177057,0.016042780748663103,0.01667190940547342,0.08993541106045963,0.07617320335524824,0.028181818181818183,0.07443563148261134,0.5833282632360157,6
0.03945111492281304,0.025316455696202528,0.0,0.008211143695014663,0.010415116798095522,0.0427807486631016,0.011953444479396037,0.0900658388727414,0.075266379505781,0.026363636363636363,0.06955460646735814,0.6006215145358598,6
0.043453401943967976,0.044879171461449936,0.0,0.009970674486803518,0.011307841095075138,0.04411764705882353,0.014155394778232149,0.09022343914591521,0.07503967354341419,0.028181818181818183,0.06528370957901158,0.5733872287254885,6
0.04059462550028588,0.024741081703107015,0.015454545454545455,0.010557184750733138,0.01220056539205474,0.03609625668449198,0.016042780748663103,0.09024336561723603,0.07912038086601678,0.02909090909090909,0.06345332519829164,0.5824049789936651,5
0.05317324185248714,0.028193325661680087,0.03272727272727272,0.009970674486803518,0.012051778009224818,0.004010695187165776,0.004403900597672224,0.09030495652859132,0.07413284969394696,0.035454545454545454,0.06650396583282489,0.5890727939677851,6
0.05317324185248714,0.0287686996547756,0.03272727272727272,0.010557184750733138,0.012498140157714626,0.008021390374331552,0.0053475935828877,0.09030676802598413,0.07413284969394696,0.035,0.06589383770591825,0.5835730214739482,6
0.04859919954259577,0.026467203682393553,0.053636363636363635,0.008211143695014663,0.06159797649159351,0.0213903743315508,0.014155394778232149,0.09030495652859132,0.0686919065971435,0.06090909090909091,0.05613178767541183,0.48990460213201836,5
0.03201829616923956,0.03481012658227847,0.004545454545454546,0.01407624633431085,0.010861478946585328,0.02540106951871658,0.007864108210128971,0.0899028041073892,0.08070732260258445,0.025,0.0787065283709579,0.5961065646123541,5
0.04745568896512293,0.018987341772151896,0.03818181818181818,0.01348973607038123,0.010415116798095522,0.012032085561497326,0.0062912865681031774,0.09005496988838459,0.07662661527998187,0.035,0.0774862721171446,0.5739790687973187,7
0.0468839336763865,0.036823935558112766,0.024545454545454547,0.011730205278592375,0.014134801368843921,0.0066844919786096255,0.02422145328719723,0.09034571521992937,0.0709589662208116,0.028181818181818183,0.05552165954850518,0.5899675651357386,6
0.05088622069754145,0.027617951668584575,0.04818181818181819,0.02346041055718475,0.015027525665823523,0.004010695187165776,0.0031456432840515887,0.09019988967980877,0.07277261391974608,0.026818181818181817,0.07382550335570469,0.5640535459843887,7
0.043453401943967976,0.024165707710011503,0.022727272727272728,0.02287390029325513,0.015473887814313345,0.0374331550802139,0.028310789556464298,0.09037922792169621,0.07141237814554523,0.025909090909090906,0.05552165954850518,0.5623395283496636,5
0.05660377358490566,0.030494821634062138,0.05181818181818181,0.01407624633431085,0.013837226603184049,0.040106951871657755,0.01635734507706826,0.09031220251816252,0.07231920199501247,0.034545454545454546,0.07077486272117144,0.5087537312968285,7
0.05088622069754145,0.027617951668584575,0.04818181818181819,0.02346041055718475,0.015027525665823523,0.004010695187165776,0.0031456432840515887,0.09019988967980877,0.07277261391974608,0.026818181818181817,0.07382550335570469,0.5640535459843887,7
0.0663236134934248,0.013233601841196777,0.05181818181818181,0.010557184750733138,0.011010266329415265,0.004010695187165776,0.0025165146272412707,0.09040277738780264,0.07118567218317842,0.031818181818181815,0.06040268456375839,0.58672062599972,6
0.05202973127501429,0.02301495972382048,0.045454545454545456,0.010557184750733138,0.010563904180925456,0.009358288770053475,0.0050330292544825414,0.09008757684145503,0.07277261391974608,0.031363636363636364,0.0762660158633313,0.5734985136022563,8
0.045740423098913664,0.021864211737629455,0.04,0.011143695014662756,0.01458116351733373,0.008021390374331552,0.004718464926077383,0.09017634021370236,0.07481296758104738,0.02909090909090909,0.06955460646735814,0.5902958279780345,6
0.05831903945111492,0.016685845799769845,0.05909090909090909,0.01407624633431085,0.0111590537122452,0.008021390374331552,0.0053475935828877,0.09018086895718436,0.0729993198821129,0.028636363636363637,0.07199511897498474,0.5634882502037852,6
0.0468839336763865,0.042577675489067886,0.00818181818181818,0.011730205278592375,0.009968754649605715,0.0066844919786096255,0.0031456432840515887,0.09004772389881338,0.07435955565631376,0.025909090909090906,0.07199511897498474,0.6085159880226654,6
0.0440251572327044,0.03509781357882623,0.01636363636363636,0.01407624633431085,0.01234935277488469,0.008021390374331552,0.0062912865681031774,0.09023974262245042,0.07458626161868058,0.02727272727272727,0.06223306894447833,0.609443316314866,6
0.03773584905660377,0.029919447640966625,0.007272727272727273,0.01407624633431085,0.010415116798095522,0.017379679144385027,0.00817867253853413,0.0899933789770293,0.07708002720471548,0.03272727272727272,0.0762660158633313,0.598955566442028,7
0.0634648370497427,0.01783659378596087,0.04818181818181819,0.012903225806451615,0.00892724296979616,0.004010695187165776,0.0031456432840515887,0.09018720919805917,0.0684652006347767,0.03772727272727273,0.06650396583282489,0.5786462953420797,7
0.045740423098913664,0.03567318757192174,0.031818181818181815,0.016422287390029325,0.012795714923374496,0.0374331550802139,0.01635734507706826,0.09030314503119852,0.07503967354341419,0.028181818181818183,0.06589383770591825,0.5443412305779476,5
0.05317324185248714,0.018987341772151896,0.04090909090909091,0.008797653958944282,0.008480880821306354,0.02540106951871658,0.011638880150990877,0.09012018379452547,0.07209249603264567,0.04045454545454546,0.06772422208663818,0.5622203936479572,7
0.04288164665523156,0.044303797468354424,0.018181818181818184,0.04750733137829912,0.01458116351733373,0.040106951871657755,0.028939918213274615,0.09047704878090755,0.07254590795737928,0.026363636363636363,0.05613178767541183,0.5179789919366956,5
0.045740423098913664,0.03567318757192174,0.030000000000000002,0.01583577712609971,0.013093289689034369,0.0213903743315508,0.011638880150990877,0.09032126000512654,0.07503967354341419,0.026363636363636363,0.06528370957901158,0.5696197885403002,6
0.05660377358490566,0.018411967779056383,0.05090909090909091,0.011730205278592375,0.010861478946585328,0.004010695187165776,0.0025165146272412707,0.09015279074759591,0.07141237814554523,0.03318181818181818,0.06955460646735814,0.5806546801450448,6
0.049170954831332186,0.021288837744533943,0.05909090909090909,0.0375366568914956,0.011902990626394883,0.004010695187165776,0.0025165146272412707,0.09040911762867745,0.07413284969394696,0.026363636363636363,0.06711409395973154,0.556462743354935,5
0.04516866781017725,0.017261219792865358,0.06181818181818182,0.04868035190615836,0.007439369141496802,0.05013368983957219,0.08744888329663417,0.08995533753178046,0.06823849467240987,0.023181818181818182,0.075045759609518,0.42562822639938747,7
0.04516866781017725,0.017261219792865358,0.06181818181818182,0.04868035190615836,0.007439369141496802,0.05013368983957219,0.09090909090909091,0.08995533753178046,0.06823849467240987,0.023181818181818182,0.075045759609518,0.4221680187869308,7
0.0411663807890223,0.021864211737629455,0.02727272727272727,0.010557184750733138,0.010861478946585328,0.04144385026737968,0.02201950298836112,0.0902895588007525,0.0775334391294491,0.026818181818181817,0.057962172056131786,0.5722113114430465,6
0.0497427101200686,0.024165707710011503,0.04090909090909091,0.01407624633431085,0.010712691563755393,0.0427807486631016,0.018559295375904374,0.09022796788939721,0.07549308546814781,0.035,0.07321537522879805,0.5251170807374137,6
0.03887935963407661,0.027617951668584575,0.007272727272727273,0.010557184750733138,0.011010266329415265,0.053475935828877004,0.020132117017930166,0.09014826200411391,0.0707322602584448,0.022272727272727274,0.05857230018303843,0.5893289077793316,5
0.04859919954259577,0.01956271576524741,0.03636363636363637,0.027565982404692085,0.008183306055646482,0.004010695187165776,0.0028310789556464295,0.09033756348166176,0.07662661527998187,0.030000000000000002,0.07077486272117144,0.5851443442425546,7
0.04516866781017725,0.010932105868814728,0.03818181818181818,0.0093841642228739,0.008480880821306354,0.02406417112299465,0.009436929852154765,0.09003142042227816,0.07458626161868058,0.031363636363636364,0.06833435021354484,0.5900355935017203,6
0.0663236134934248,0.02359033371691599,0.049090909090909095,0.008797653958944282,0.014134801368843921,0.029411764705882353,0.012897137464611514,0.09033484623557256,0.0684652006347767,0.034545454545454546,0.06040268456375839,0.5420056002209058,7
0.0663236134934248,0.02359033371691599,0.049090909090909095,0.008797653958944282,0.014134801368843921,0.029411764705882353,0.012897137464611514,0.09033484623557256,0.0684652006347767,0.034545454545454546,0.06040268456375839,0.5420056002209058,7
0.05717552887364208,0.014959723820483313,0.049090909090909095,0.011143695014662756,0.01234935277488469,0.05614973262032086,0.023277760301981754,0.09007761360579462,0.06755837678530946,0.028636363636363637,0.07199511897498474,0.517585824500663,8
0.04516866781017725,0.01956271576524741,0.03818181818181818,0.011730205278592375,0.012795714923374496,0.0106951871657754,0.005976722239698019,0.09016365973195273,0.07594649739288144,0.02727272727272727,0.06955460646735814,0.5929514777703973,6
0.040022870211549454,0.03107019562715765,0.00818181818181818,0.011730205278592375,0.012051778009224818,0.013368983957219251,0.0050330292544825414,0.09010297456929385,0.07776014509181592,0.026818181818181817,0.0701647345942648,0.6136950834063993,6
0.05260148656375071,0.01783659378596087,0.03272727272727272,0.012903225806451615,0.011754203243564946,0.014705882352941176,0.009751494180559924,0.09022615639200442,0.07549308546814781,0.03909090909090909,0.07321537522879805,0.5696943151596386,7
0.03773584905660377,0.04171461449942462,0.00818181818181818,0.03225806451612903,0.017408123791102497,0.012032085561497326,0.0053475935828877,0.09026238633986046,0.07594649739288144,0.022272727272727274,0.06589383770591825,0.5909464020991495,6
0.03773584905660377,0.04171461449942462,0.00818181818181818,0.03225806451612903,0.017408123791102497,0.012032085561497326,0.0053475935828877,0.09026238633986046,0.07594649739288144,0.022272727272727274,0.06589383770591825,0.5909464020991495,6
0.049170954831332186,0.029919447640966625,0.034545454545454546,0.008797653958944282,0.014283588751673858,0.0066844919786096255,0.005662157911292859,0.09027234957552087,0.07254590795737928,0.023636363636363636,0.05735204392922514,0.6071295852832371,5
0.048027444253859346,0.01956271576524741,0.03818181818181818,0.012316715542521995,0.010712691563755393,0.03074866310160428,0.011324315822585718,0.09002417443270695,0.07050555429607798,0.035454545454545454,0.07565588773642465,0.5574854738488526,6
0.04230989136649514,0.028193325661680087,0.024545454545454547,0.012316715542521995,0.010563904180925456,0.01871657754010695,0.007864108210128971,0.09002055143792134,0.07594649739288144,0.028636363636363637,0.07321537522879805,0.5876712352567224,6
0.04230989136649514,0.028193325661680087,0.024545454545454547,0.012316715542521995,0.010563904180925456,0.01871657754010695,0.007864108210128971,0.09002055143792134,0.07594649739288144,0.028636363636363637,0.07321537522879805,0.5876712352567224,6
0.045740423098913664,0.027617951668584575,0.03090909090909091,0.012903225806451615,0.010861478946585328,0.0213903743315508,0.007864108210128971,0.08999519047442212,0.07435955565631376,0.030000000000000002,0.07565588773642465,0.5727027131615335,6
0.03602058319039451,0.03279631760644418,0.025454545454545455,0.012316715542521995,0.007141794375836929,0.017379679144385027,0.015413652091852784,0.09000787095617173,0.0773067331670823,0.02727272727272727,0.07809640024405125,0.5807929809539866,5
0.05202973127501429,0.017261219792865358,0.03727272727272727,0.011730205278592375,0.01011754203243565,0.013368983957219251,0.007549543881723813,0.0901428275119355,0.07413284969394696,0.038636363636363635,0.07138499084807809,0.5763730148190978,7
0.04631217838765008,0.044879171461449936,0.009090909090909092,0.019354838709677417,0.013390864454694241,0.0053475935828877,0.004089336269267065,0.0904435360791407,0.07617320335524824,0.022272727272727274,0.057962172056131786,0.6106834692802166,5
0.06174957118353345,0.027042577675489062,0.03909090909090909,0.012316715542521995,0.02544264246391906,0.03609625668449198,0.020761245674740483,0.09041183487476666,0.07186579007027885,0.034545454545454546,0.06589383770591825,0.5147831644879766,6
0.04745568896512293,0.030494821634062138,0.0,0.008211143695014663,0.010415116798095522,0.008021390374331552,0.004403900597672224,0.09020622992068358,0.07367943776921333,0.02909090909090909,0.06101281269066504,0.6370085484642298,6
0.030874785591766724,0.024165707710011503,0.024545454545454547,0.011730205278592375,0.013688439220354114,0.03074866310160428,0.01730103806228374,0.09009572857972264,0.08569485377465427,0.02909090909090909,0.075045759609518,0.5670184554351287,7
0.04516866781017725,0.018987341772151896,0.03727272727272727,0.008797653958944282,0.008332093438476402,0.008021390374331552,0.01100975149418056,0.09002779742749255,0.07458626161868058,0.03227272727272727,0.06711409395973154,0.5984094936003788,6
0.02858776443682104,0.02301495972382048,0.045454545454545456,0.025219941348973606,0.006844219610177057,0.03877005347593583,0.02516514627241271,0.0896872359176457,0.07912038086601678,0.030000000000000002,0.08297742525930445,0.5251583276343468,6
0.040022870211549454,0.03970080552359032,0.006363636363636364,0.01466275659824047,0.013539651837524178,0.020053475935828877,0.006605850896508336,0.09018720919805917,0.07662661527998187,0.02727272727272727,0.06894447834045149,0.5960199225419023,6
0.040022870211549454,0.03970080552359032,0.006363636363636364,0.01466275659824047,0.013539651837524178,0.020053475935828877,0.006605850896508336,0.09018720919805917,0.07662661527998187,0.02727272727272727,0.06894447834045149,0.5960199225419023,6
0.040022870211549454,0.03970080552359032,0.006363636363636364,0.01466275659824047,0.013539651837524178,0.020053475935828877,0.006605850896508336,0.09018720919805917,0.07662661527998187,0.02727272727272727,0.06894447834045149,0.5960199225419023,6
0.04059462550028588,0.022439585730724968,0.010909090909090908,0.012316715542521995,0.009671179883945842,0.01871657754010695,0.007549543881723813,0.08989736961521078,0.07481296758104738,0.024090909090909093,0.0811470408785845,0.6078543938458478,6
0.03201829616923956,0.03797468354430379,0.0,0.01466275659824047,0.009819967266775777,0.009358288770053475,0.004718464926077383,0.08990099260999639,0.0798004987531172,0.026363636363636363,0.0787065283709579,0.6166758866276016,5
0.04516866781017725,0.03107019562715765,0.03090909090909091,0.01466275659824047,0.011307841095075138,0.0106951871657754,0.0053475935828877,0.08988197188737196,0.07254590795737928,0.03272727272727272,0.0799267846247712,0.5757567300148003,8
0.03602058319039451,0.027042577675489062,0.0,0.008211143695014663,0.008183306055646482,0.03609625668449198,0.010380622837370242,0.08986838565692594,0.07821355701654954,0.021818181818181816,0.075045759609518,0.6091196257604179,6
0.050314465408805034,0.013808975834292287,0.031818181818181815,0.009970674486803518,0.008183306055646482,0.017379679144385027,0.008493236866939289,0.09002598593009975,0.07118567218317842,0.026818181818181817,0.06894447834045149,0.6030571621130352,7
0.03602058319039451,0.04372842347525891,0.0,0.017008797653958945,0.010712691563755393,0.034759358288770054,0.01635734507706826,0.09001239969965373,0.07957379279075039,0.02727272727272727,0.0701647345942648,0.5743891463933977,6
0.05717552887364208,0.024741081703107015,0.030000000000000002,0.01583577712609971,0.014134801368843921,0.0374331550802139,0.027996225228059137,0.09042994984869468,0.0729993198821129,0.03090909090909091,0.06101281269066504,0.5373322572894708,5
0.05202973127501429,0.034522439585730716,0.0,0.011143695014662756,0.008629668204136274,0.0066844919786096255,0.0031456432840515887,0.0903665474399466,0.07209249603264567,0.028636363636363637,0.06345332519829164,0.6292955983505472,6
0.04230989136649514,0.02071346375143843,0.03090909090909091,0.010557184750733138,0.0111590537122452,0.02406417112299465,0.011953444479396037,0.08996801801353008,0.07662661527998187,0.04,0.08297742525930445,0.5587616413547901,7
0.0411663807890223,0.027617951668584575,0.006363636363636364,0.03225806451612903,0.013242077071864306,0.013368983957219251,0.005662157911292859,0.09028865305205609,0.07639990931761506,0.03090909090909091,0.06833435021354484,0.5943887442299445,7
0.04859919954259577,0.016110471806674336,0.031818181818181815,0.009970674486803518,0.009076030352626097,0.008021390374331552,0.004718464926077383,0.09014373326063191,0.07481296758104738,0.03363636363636364,0.07199511897498474,0.6010974032396819,7
0.045740423098913664,0.0143843498273878,0.03909090909090909,0.009970674486803518,0.009968754649605715,0.029411764705882353,0.015728216420257943,0.09008576534406224,0.07662661527998187,0.02727272727272727,0.0726052471018914,0.5691145527215771,6
0.05946255002858777,0.029919447640966625,0.04090909090909091,0.011730205278592375,0.011902990626394883,0.008021390374331552,0.004089336269267065,0.0903701704347322,0.0729993198821129,0.034545454545454546,0.06955460646735814,0.566495437543111,6
0.04288164665523156,0.02359033371691599,0.013636363636363636,0.021700879765395895,0.015473887814313345,0.03877005347593583,0.029569046870084933,0.09038103941908901,0.07118567218317842,0.026363636363636363,0.05552165954850518,0.5709257805513498,5
0.0468839336763865,0.029344073647871113,0.021818181818181816,0.011730205278592375,0.011754203243564946,0.0213903743315508,0.027052532242843663,0.09036111294776819,0.07571979143051462,0.02909090909090909,0.057962172056131786,0.576892510235685,6
0.04173813607775872,0.02301495972382048,0.02727272727272727,0.009970674486803518,0.011902990626394883,0.04411764705882353,0.02485058194400755,0.0902940875442345,0.0773067331670823,0.029545454545454545,0.057962172056131786,0.5620238354967608,6
0.0468839336763865,0.021864211737629455,0.02909090909090909,0.01466275659824047,0.011902990626394883,0.03208556149732621,0.02233406731676628,0.09023430813027203,0.07413284969394696,0.038636363636363635,0.06711409395973154,0.551057954036033,6
0.03945111492281304,0.02589182968929804,0.01,0.01407624633431085,0.006397857461687248,0.008021390374331552,0.0037747719408619063,0.08998975598224371,0.07481296758104738,0.029545454545454545,0.06955460646735814,0.6284840047005936,6
0.040022870211549454,0.012658227848101264,0.02727272727272727,0.010557184750733138,0.009671179883945842,0.0213903743315508,0.0062912865681031774,0.09027778406769929,0.08184085241441849,0.03727272727272727,0.06101281269066504,0.601731972687779,6
0.04173813607775872,0.018411967779056383,0.02090909090909091,0.01348973607038123,0.009819967266775777,0.04679144385026738,0.02201950298836112,0.09020170117720158,0.07776014509181592,0.028181818181818183,0.061622940817571685,0.5690535497899011,5
0.0468839336763865,0.01150747986191024,0.03909090909090909,0.01466275659824047,0.011307841095075138,0.04144385026737968,0.016042780748663103,0.09027778406769929,0.08002720471548401,0.03681818181818182,0.06345332519829164,0.548483952861779,6
0.044596912521440824,0.0287686996547756,0.010909090909090908,0.010557184750733138,0.02648415414372861,0.008021390374331552,0.006605850896508336,0.0902125701615584,0.07435955565631376,0.03954545454545454,0.05979255643685174,0.6001465799492126,6
0.05717552887364208,0.02359033371691599,0.04090909090909091,0.03636363636363636,0.010563904180925456,0.008021390374331552,0.004403900597672224,0.09030495652859132,0.07277261391974608,0.022272727272727274,0.07199511897498474,0.561626798287736,7
0.044596912521440824,0.022439585730724968,0.03818181818181818,0.011730205278592375,0.012795714923374496,0.012032085561497326,0.006605850896508336,0.0901455447580247,0.07685332124234867,0.030000000000000002,0.07077486272117144,0.5838440981844987,6
0.05717552887364208,0.020138089758342918,0.042727272727272725,0.011730205278592375,0.009076030352626097,0.008021390374331552,0.0034602076124567475,0.09019898393111238,0.07322602584447971,0.023636363636363636,0.07321537522879805,0.5873945263819818,6
0.03487707261292167,0.03337169159953969,0.02090909090909091,0.01466275659824047,0.006546644844517184,0.0213903743315508,0.02201950298836112,0.0899879444848509,0.07844026297891635,0.029545454545454545,0.0762660158633313,0.5719831882432251,6
0.04745568896512293,0.034522439585730716,0.022727272727272728,0.012903225806451615,0.01755691117393245,0.012032085561497326,0.011953444479396037,0.09022706214070082,0.07141237814554523,0.024090909090909093,0.05979255643685174,0.5953260258865893,5
0.0548885077186964,0.024165707710011503,0.031818181818181815,0.012316715542521995,0.01234935277488469,0.022727272727272728,0.011953444479396037,0.09023249663287922,0.07322602584447971,0.030000000000000002,0.06772422208663818,0.5685980726650377,6
0.04745568896512293,0.034522439585730716,0.022727272727272728,0.012903225806451615,0.01755691117393245,0.012032085561497326,0.011953444479396037,0.09022706214070082,0.07141237814554523,0.024090909090909093,0.05979255643685174,0.5953260258865893,5
0.04859919954259577,0.010356731875719215,0.046363636363636364,0.010263929618768328,0.010563904180925456,0.06016042780748663,0.02768166089965398,0.09014373326063191,0.07549308546814781,0.034545454545454546,0.07199511897498474,0.5138331174619952,7
0.02915951972555746,0.029344073647871113,0.01636363636363636,0.012316715542521995,0.006249070078857313,0.0213903743315508,0.031770997168921046,0.08988650063085396,0.07844026297891635,0.03954545454545454,0.0787065283709579,0.5668268666149011,7
0.04859919954259577,0.018411967779056383,0.03818181818181818,0.01348973607038123,0.0111590537122452,0.016042780748663103,0.005976722239698019,0.09006221587795579,0.07118567218317842,0.03227272727272727,0.07199511897498474,0.5826229874166958,7
0.05145797598627787,0.04516685845799769,0.021818181818181816,0.009970674486803518,0.01160541586073501,0.013368983957219251,0.006605850896508336,0.09029589904162731,0.07458626161868058,0.030454545454545456,0.06101281269066504,0.583656539730758,5
0.0468839336763865,0.018987341772151896,0.035454545454545454,0.01466275659824047,0.011010266329415265,0.03877005347593583,0.015099087763447625,0.09014735625541752,0.075266379505781,0.04,0.07565588773642465,0.5380623914322538,7
0.03716409376786735,0.01956271576524741,0.024545454545454547,0.016422287390029325,0.009968754649605715,0.0106951871657754,0.01384083044982699,0.09001692844313573,0.07277261391974608,0.025454545454545455,0.07321537522879805,0.6063412132199679,6
0.043453401943967976,0.0287686996547756,0.026363636363636363,0.01348973607038123,0.012795714923374496,0.0066844919786096255,0.004403900597672224,0.09012380678931108,0.075266379505781,0.028181818181818183,0.0701647345942648,0.6003036793964074,6
0.05260148656375071,0.02071346375143843,0.03090909090909091,0.0093841642228739,0.009224817735456033,0.0066844919786096255,0.0037747719408619063,0.09027325532421727,0.07254590795737928,0.030454545454545456,0.06406345332519829,0.6093705508365782,6
0.055460263007432814,0.024165707710011503,0.04181818181818182,0.012316715542521995,0.011010266329415265,0.0066844919786096255,0.0050330292544825414,0.09025695184768205,0.07413284969394696,0.03363636363636364,0.075045759609518,0.5704394195718339,6
0.043453401943967976,0.02071346375143843,0.028181818181818183,0.009970674486803518,0.011754203243564946,0.034759358288770054,0.020446681346335326,0.09031763701034094,0.07844026297891635,0.028181818181818183,0.057962172056131786,0.5758185085300942,6
0.043453401943967976,0.02071346375143843,0.028181818181818183,0.009970674486803518,0.011754203243564946,0.034759358288770054,0.020446681346335326,0.09031763701034094,0.07844026297891635,0.028181818181818183,0.057962172056131786,0.5758185085300942,6
0.03716409376786735,0.03509781357882623,0.0,0.012903225806451615,0.014134801368843921,0.06417112299465241,0.018559295375904374,0.09015913098847073,0.08184085241441849,0.031818181818181815,0.0701647345942648,0.5439867472921183,6
0.03716409376786735,0.050632911392405056,0.002727272727272727,0.03284457478005865,0.011754203243564946,0.03074866310160428,0.014784523435042466,0.09018720919805917,0.08116073452731808,0.022727272727272728,0.06833435021354484,0.5569341908859897,4
0.03201829616923956,0.05264672036823935,0.0,0.012316715542521995,0.006100282696027362,0.022727272727272728,0.024536017615602392,0.08998250999267249,0.08342779415098618,0.03318181818181818,0.06955460646735814,0.5735079660882616,5
0.0468839336763865,0.020138089758342918,0.030000000000000002,0.01407624633431085,0.011307841095075138,0.014705882352941176,0.014784523435042466,0.09021166441286199,0.07413284969394696,0.03681818181818182,0.06711409395973154,0.5798266934631786,6
0.056032018296169245,0.022439585730724968,0.03909090909090909,0.009677419354838708,0.01011754203243565,0.0066844919786096255,0.0034602076124567475,0.09010206882059744,0.07231920199501247,0.02090909090909091,0.06955460646735814,0.599612857711797,5
0.03887935963407661,0.03797468354430379,0.006363636363636364,0.0093841642228739,0.010415116798095522,0.0213903743315508,0.01918842403271469,0.09018720919805917,0.07458626161868058,0.02727272727272727,0.056741915802318486,0.6076161271809628,5
0.038307604345340196,0.036823935558112766,0.02090909090909091,0.012316715542521995,0.011902990626394883,0.014705882352941176,0.0374331550802139,0.09015641374238152,0.07617320335524824,0.031818181818181815,0.06650396583282489,0.5629488608367477,5
0.038307604345340196,0.036823935558112766,0.02090909090909091,0.012316715542521995,0.011902990626394883,0.014705882352941176,0.0374331550802139,0.09015641374238152,0.07617320335524824,0.031818181818181815,0.06650396583282489,0.5629488608367477,5
0.050314465408805034,0.05494821634062139,0.004545454545454546,0.010557184750733138,0.0111590537122452,0.0066844919786096255,0.005976722239698019,0.09022706214070082,0.07481296758104738,0.02,0.05857230018303843,0.6122020811190463,4
0.05202973127501429,0.02301495972382048,0.05181818181818181,0.02697947214076246,0.011902990626394883,0.008021390374331552,0.0062912865681031774,0.09025966909377126,0.07435955565631376,0.025909090909090906,0.0762660158633313,0.5531476559508841,6
0.03716409376786735,0.05092059838895281,0.0,0.01348973607038123,0.02469870554976938,0.008021390374331552,0.0037747719408619063,0.09016818847543474,0.08070732260258445,0.023181818181818182,0.06589383770591825,0.6019795369420802,5
0.0411663807890223,0.0143843498273878,0.03363636363636364,0.01466275659824047,0.00937360511828597,0.014705882352941176,0.012897137464611514,0.09006674462143781,0.0798004987531172,0.03636363636363637,0.07565588773642465,0.5772867567385311,7
0.040022870211549454,0.04286536248561564,0.010909090909090908,0.010557184750733138,0.01696176164261271,0.020053475935828877,0.020132117017930166,0.09020170117720158,0.0729993198821129,0.026818181818181817,0.057962172056131786,0.590516762113011,6
0.03544882790165809,0.024741081703107015,0.02,0.010557184750733138,0.01160541586073501,0.02807486631016043,0.017615602390688895,0.09024245986853964,0.0798004987531172,0.02727272727272727,0.057962172056131786,0.5966791631324014,6
0.0440251572327044,0.03279631760644418,0.01909090909090909,0.008797653958944282,0.010266329415265587,0.0053475935828877,0.0028310789556464295,0.09008395384666942,0.07163908410791205,0.024545454545454547,0.05979255643685174,0.6307839112203106,6
0.0440251572327044,0.014959723820483313,0.023636363636363636,0.011730205278592375,0.007736943907156672,0.02540106951871658,0.02422145328719723,0.09013105277888228,0.07141237814554523,0.03590909090909091,0.06650396583282489,0.5843325956524426,6
0.04516866781017725,0.03337169159953969,0.02090909090909091,0.01348973607038123,0.011307841095075138,0.03074866310160428,0.029569046870084933,0.09029046454944889,0.07277261391974608,0.026363636363636363,0.057962172056131786,0.5680463756550834,6
0.0440251572327044,0.03279631760644418,0.01909090909090909,0.008797653958944282,0.010266329415265587,0.0053475935828877,0.0028310789556464295,0.09008395384666942,0.07163908410791205,0.024545454545454547,0.05979255643685174,0.6307839112203106,6
0.04516866781017725,0.01956271576524741,0.03272727272727272,0.011143695014662756,0.009671179883945842,0.0066844919786096255,0.0031456432840515887,0.09004862964750979,0.07413284969394696,0.024545454545454547,0.06833435021354484,0.6148350494355768,7
0.049170954831332186,0.024165707710011503,0.035454545454545454,0.010557184750733138,0.01011754203243565,0.008021390374331552,0.0037747719408619063,0.0901364872710607,0.07594649739288144,0.031363636363636364,0.07138499084807809,0.5899062910300921,8
0.05660377358490566,0.042577675489067886,0.017272727272727273,0.03401759530791789,0.0165153994941229,0.04411764705882353,0.023906888958792075,0.09046436829915792,0.07118567218317842,0.025,0.05735204392922514,0.5209862084220813,5
0.0411663807890223,0.02071346375143843,0.04181818181818182,0.012316715542521995,0.011010266329415265,0.03208556149732621,0.01384083044982699,0.09015279074759591,0.07708002720471548,0.038636363636363635,0.06711409395973154,0.5540653242738605,7
0.0411663807890223,0.02071346375143843,0.04181818181818182,0.012316715542521995,0.011010266329415265,0.03208556149732621,0.01384083044982699,0.09015279074759591,0.07708002720471548,0.038636363636363635,0.06711409395973154,0.5540653242738605,7
0.05660377358490566,0.04142692750287686,0.05,0.009970674486803518,0.0202350840648713,0.03208556149732621,0.01635734507706826,0.09035024396341138,0.07594649739288144,0.042727272727272725,0.06101281269066504,0.5032838070119177,5
0.0411663807890223,0.02071346375143843,0.04181818181818182,0.012316715542521995,0.011010266329415265,0.03208556149732621,0.01384083044982699,0.09015279074759591,0.07708002720471548,0.038636363636363635,0.06711409395973154,0.5540653242738605,7
0.03544882790165809,0.022439585730724968,0.03909090909090909,0.011730205278592375,0.010563904180925456,0.01871657754010695,0.007549543881723813,0.0900567813857774,0.07821355701654954,0.03954545454545454,0.06833435021354484,0.5783103032340329,7
0.03887935963407661,0.03739930955120828,0.0018181818181818182,0.012316715542521995,0.01160541586073501,0.0106951871657754,0.004718464926077383,0.09012018379452547,0.07594649739288144,0.028181818181818183,0.06345332519829164,0.6248655409339068,6
0.03887935963407661,0.03739930955120828,0.0018181818181818182,0.012316715542521995,0.01160541586073501,0.0106951871657754,0.004718464926077383,0.09012018379452547,0.07594649739288144,0.028181818181818183,0.06345332519829164,0.6248655409339068,6
0.05831903945111492,0.018987341772151896,0.04181818181818182,0.011143695014662756,0.012051778009224818,0.008021390374331552,0.0028310789556464295,0.09023793112505764,0.07027884833371117,0.021818181818181816,0.06345332519829164,0.6010392081294436,6
0.04516866781017725,0.03279631760644418,0.028181818181818183,0.011730205278592375,0.011754203243564946,0.013368983957219251,0.02485058194400755,0.09028231281118129,0.07458626161868058,0.031363636363636364,0.057962172056131786,0.5779548391285463,6
0.05145797598627787,0.022439585730724968,0.03636363636363637,0.007624633431085044,0.006546644844517184,0.03342245989304813,0.015728216420257943,0.09010206882059744,0.07254590795737928,0.03772727272727273,0.06650396583282489,0.5595376319923782,6
0.062321326472269865,0.018411967779056383,0.04727272727272727,0.010557184750733138,0.019639934533551555,0.022727272727272728,0.01384083044982699,0.09033394048687615,0.07435955565631376,0.035,0.0701647345942648,0.5353705252771073,6
0.062321326472269865,0.018411967779056383,0.04727272727272727,0.010557184750733138,0.019639934533551555,0.022727272727272728,0.01384083044982699,0.09033394048687615,0.07435955565631376,0.035,0.0701647345942648,0.5353705252771073,6
0.07204116638078902,0.022439585730724968,0.04454545454545455,0.01466275659824047,0.011902990626394883,0.0106951871657754,0.0062912865681031774,0.09050240974440678,0.06959873044661075,0.03727272727272727,0.062843197071385,0.5572045078493878,6
0.05260148656375071,0.026467203682393553,0.02090909090909091,0.015249266862170088,0.013539651837524178,0.02406417112299465,0.02422145328719723,0.09050422124179958,0.07141237814554523,0.023181818181818182,0.05735204392922514,0.5804972142364906,5
0.04288164665523156,0.03337169159953969,0.002727272727272727,0.024046920821114367,0.011902990626394883,0.03609625668449198,0.014469959106637308,0.09020532417198719,0.0684652006347767,0.021363636363636362,0.05613178767541183,0.5983373129335054,5
0.05145797598627787,0.03337169159953969,0.022727272727272728,0.011730205278592375,0.015473887814313345,0.0106951871657754,0.006605850896508336,0.09036564169125019,0.07413284969394696,0.03272727272727272,0.05857230018303843,0.5921398642362119,5
0.02915951972555746,0.024165707710011503,0.0,0.010557184750733138,0.006546644844517184,0.02406417112299465,0.02768166089965398,0.08981132348905266,0.08342779415098618,0.03318181818181818,0.08297742525930445,0.5884267498653706,7
0.043453401943967976,0.024741081703107015,0.026363636363636363,0.012316715542521995,0.0111590537122452,0.02540106951871658,0.020761245674740483,0.09031944850773373,0.07708002720471548,0.02909090909090909,0.057962172056131786,0.5813512386815742,5
0.0440251572327044,0.010356731875719215,0.03090909090909091,0.01583577712609971,0.009819967266775777,0.020053475935828877,0.018244731047499213,0.09009482283102624,0.07639990931761506,0.035454545454545454,0.07199511897498474,0.5768106720281104,6
0.044596912521440824,0.046892980437284223,0.0009090909090909091,0.015249266862170088,0.011010266329415265,0.06417112299465241,0.028310789556464298,0.09023159088418282,0.07662661527998187,0.028181818181818183,0.06589383770591825,0.5279257083375808,5
0.043453401943967976,0.024741081703107015,0.026363636363636363,0.012316715542521995,0.0111590537122452,0.02540106951871658,0.020761245674740483,0.09031944850773373,0.07708002720471548,0.02909090909090909,0.057962172056131786,0.5813512386815742,5
0.04059462550028588,0.0431530494821634,0.0009090909090909091,0.012903225806451615,0.008778455586966225,0.014705882352941176,0.005662157911292859,0.08988831212824677,0.07685332124234867,0.018181818181818184,0.07809640024405125,0.6102736606543431,6
0.044596912521440824,0.03164556962025316,0.0,0.009970674486803518,0.010415116798095522,0.009358288770053475,0.0053475935828877,0.09026600933464607,0.07390614373158014,0.02909090909090909,0.05735204392922514,0.6380507381341053,6
0.04059462550028588,0.0431530494821634,0.0009090909090909091,0.012903225806451615,0.008778455586966225,0.014705882352941176,0.005662157911292859,0.08988831212824677,0.07685332124234867,0.018181818181818184,0.07809640024405125,0.6102736606543431,6
0.04631217838765008,0.04200230149597237,0.0,0.01466275659824047,0.012051778009224818,0.016042780748663103,0.007549543881723813,0.09039190840344583,0.07662661527998187,0.02090909090909091,0.05857230018303843,0.6148787461029683,4
0.03716409376786735,0.038550057537399304,0.0,0.025219941348973606,0.008480880821306354,0.014705882352941176,0.0062912865681031774,0.09011112630756146,0.07821355701654954,0.025454545454545455,0.07199511897498474,0.6038135098497679,4
0.04288164665523156,0.03509781357882623,0.018181818181818184,0.009970674486803518,0.011307841095075138,0.0481283422459893,0.01887385970430953,0.09011656079973987,0.07027884833371117,0.018181818181818184,0.056741915802318486,0.5802388609343588,5
0.04745568896512293,0.03222094361334867,0.02,0.01407624633431085,0.01220056539205474,0.013368983957219251,0.027052532242843663,0.09042089236173066,0.07639990931761506,0.028181818181818183,0.057962172056131786,0.5806602475778042,5
0.04230989136649514,0.03164556962025316,0.017272727272727273,0.010557184750733138,0.01220056539205474,0.020053475935828877,0.0106951871657754,0.09026238633986046,0.07912038086601678,0.03090909090909091,0.06406345332519829,0.5909100870559658,5
0.04230989136649514,0.042577675489067886,0.006363636363636364,0.009970674486803518,0.012795714923374496,0.020053475935828877,0.015099087763447625,0.09012380678931108,0.0707322602584448,0.021818181818181816,0.06101281269066504,0.6071427821147434,5
0.04059462550028588,0.034522439585730716,0.0009090909090909091,0.01348973607038123,0.011754203243564946,0.03208556149732621,0.011638880150990877,0.09013467577366789,0.07708002720471548,0.027727272727272725,0.06650396583282489,0.5935595215041483,6
0.04288164665523156,0.03337169159953969,0.012727272727272728,0.012903225806451615,0.011456628477905073,0.03609625668449198,0.01887385970430953,0.09023974262245042,0.07435955565631376,0.026818181818181817,0.05979255643685174,0.5804793818110001,5
0.04059462550028588,0.04142692750287686,0.0,0.010557184750733138,0.01830084808808213,0.008021390374331552,0.004403900597672224,0.09023702537636123,0.07821355701654954,0.026363636363636363,0.05979255643685174,0.6220883479926194,5
0.04516866781017725,0.03797468354430379,0.0,0.008211143695014663,0.014283588751673858,0.008021390374331552,0.004089336269267065,0.09018449195196995,0.07776014509181592,0.026363636363636363,0.057962172056131786,0.6299807440916778,5
0.044596912521440824,0.040276179516685835,0.005454545454545454,0.011143695014662756,0.011754203243564946,0.026737967914438502,0.01100975149418056,0.09023793112505764,0.07708002720471548,0.031363636363636364,0.06650396583282489,0.5838411843142468,5
0.04288164665523156,0.0339470655926352,0.02,0.010557184750733138,0.01220056539205474,0.05748663101604278,0.01887385970430953,0.09012108954322189,0.07027884833371117,0.01909090909090909,0.05613178767541183,0.5684304122457391,5
0.040022870211549454,0.03337169159953969,0.025454545454545455,0.0281524926686217,0.012646927540544563,0.016042780748663103,0.02170493865995596,0.09024245986853964,0.075266379505781,0.031818181818181815,0.06711409395973154,0.5581626379643461,6
0.03887935963407661,0.036823935558112766,0.0,0.01583577712609971,0.01830084808808213,0.020053475935828877,0.010380622837370242,0.09015641374238152,0.07798685105418272,0.028636363636363637,0.06894447834045149,0.5940018740470503,6
0.049170954831332186,0.03653624856156501,0.06181818181818182,0.010557184750733138,0.0599613152804642,0.02540106951871658,0.017615602390688895,0.09024155411984323,0.0684652006347767,0.05227272727272727,0.056741915802318486,0.4712180450186525,5
0.03602058319039451,0.058688147295742225,0.0,0.011730205278592375,0.01234935277488469,0.022727272727272728,0.007549543881723813,0.090064933124045,0.08138744048968488,0.025,0.06833435021354484,0.586148171024115,4
0.056032018296169245,0.02589182968929804,0.034545454545454546,0.01466275659824047,0.012051778009224818,0.045454545454545456,0.020761245674740483,0.09032669449730495,0.07141237814554523,0.026363636363636363,0.05979255643685174,0.5427051062889887,5
0.04859919954259577,0.021288837744533943,0.02909090909090909,0.010557184750733138,0.009819967266775777,0.034759358288770054,0.016042780748663103,0.09008214234927663,0.07662661527998187,0.03272727272727272,0.07199511897498474,0.5584106132355031,6
0.0411663807890223,0.03279631760644418,0.004545454545454546,0.01348973607038123,0.012051778009224818,0.0213903743315508,0.011324315822585718,0.09017996320848795,0.07662661527998187,0.02727272727272727,0.062843197071385,0.6063131399927543,6
0.0411663807890223,0.03279631760644418,0.004545454545454546,0.01348973607038123,0.012051778009224818,0.0213903743315508,0.011324315822585718,0.09017996320848795,0.07662661527998187,0.02727272727272727,0.062843197071385,0.6063131399927543,6
0.05946255002858777,0.024741081703107015,0.045454545454545456,0.01348973607038123,0.01011754203243565,0.017379679144385027,0.005976722239698019,0.0902125701615584,0.07027884833371117,0.03954545454545454,0.06955460646735814,0.5537866638187775,6
0.03945111492281304,0.02359033371691599,0.028181818181818183,0.011730205278592375,0.011754203243564946,0.02807486631016043,0.016042780748663103,0.09027416107291368,0.07866696894128317,0.025,0.057962172056131786,0.5892713755271433,6
0.02858776443682104,0.021864211737629455,0.0009090909090909091,0.0093841642228739,0.007141794375836929,0.034759358288770054,0.01887385970430953,0.08974520383421539,0.08388120607571979,0.03409090909090909,0.08541793776693105,0.5853444995568928,6
0.04173813607775872,0.025316455696202528,0.018181818181818184,0.0093841642228739,0.007290581758666865,0.03208556149732621,0.020132117017930166,0.0899861329874581,0.07662661527998187,0.025909090909090906,0.07138499084807809,0.5819643355228145,6
0.033733562035448826,0.026467203682393553,0.0,0.011143695014662756,0.011456628477905073,0.03342245989304813,0.01384083044982699,0.09001783419183214,0.07934708682838358,0.024090909090909093,0.06833435021354484,0.608145440122045,5
0.04288164665523156,0.03337169159953969,0.018181818181818184,0.011730205278592375,0.010861478946585328,0.045454545454545456,0.01384083044982699,0.09011656079973987,0.07027884833371117,0.019545454545454546,0.056741915802318486,0.5869950039526364,5
0.044596912521440824,0.03337169159953969,0.011818181818181818,0.012316715542521995,0.015176313048653472,0.022727272727272728,0.011324315822585718,0.0900676503701342,0.07345273180684653,0.024090909090909093,0.06833435021354484,0.5927229554383691,6
0.045740423098913664,0.041139240506329104,0.02,0.01348973607038123,0.0111590537122452,0.017379679144385027,0.025479710600817867,0.0902922760468417,0.07345273180684653,0.024545454545454547,0.057962172056131786,0.5793595224116534,6
0.04859919954259577,0.02301495972382048,0.03636363636363637,0.03695014662756598,0.007439369141496802,0.004010695187165776,0.0031456432840515887,0.09018177470588075,0.07435955565631376,0.025454545454545455,0.07321537522879805,0.5772650990841293,4
0.040022870211549454,0.03970080552359032,0.0,0.011143695014662756,0.01696176164261271,0.004010695187165776,0.0031456432840515887,0.09024517711462884,0.07594649739288144,0.02727272727272727,0.05918242830994508,0.6323676990461847,6
0.045740423098913664,0.041139240506329104,0.02,0.01348973607038123,0.0111590537122452,0.017379679144385027,0.025479710600817867,0.0902922760468417,0.07345273180684653,0.024545454545454547,0.057962172056131786,0.5793595224116534,6
0.056032018296169245,0.017261219792865358,0.035454545454545454,0.009970674486803518,0.009224817735456033,0.004010695187165776,0.0028310789556464295,0.09010388031799026,0.07118567218317842,0.025909090909090906,0.0701647345942648,0.6078515720868238,7
0.04059462550028588,0.026467203682393553,0.018181818181818184,0.011143695014662756,0.011456628477905073,0.0374331550802139,0.016986473733878578,0.09017634021370236,0.07639990931761506,0.02909090909090909,0.06345332519829164,0.5786159165083239,6
0.04059462550028588,0.026467203682393553,0.018181818181818184,0.011143695014662756,0.011456628477905073,0.0374331550802139,0.016986473733878578,0.09017634021370236,0.07639990931761506,0.02909090909090909,0.06345332519829164,0.5786159165083239,6
0.04516866781017725,0.04401611047180667,0.0,0.011730205278592375,0.012498140157714626,0.012032085561497326,0.006920415224913495,0.09022977938679003,0.07549308546814781,0.03090909090909091,0.06650396583282489,0.6044984538984446,6
0.0497427101200686,0.036248561565017254,0.025454545454545455,0.01583577712609971,0.014283588751673858,0.022727272727272728,0.02170493865995596,0.09033394048687615,0.07390614373158014,0.028636363636363637,0.06223306894447833,0.5588930887960681,6
0.040022870211549454,0.024165707710011503,0.017272727272727273,0.01348973607038123,0.010563904180925456,0.02406417112299465,0.011324315822585718,0.09010025732320465,0.07685332124234867,0.025454545454545455,0.06650396583282489,0.6001844777559011,5
0.06460834762721555,0.021288837744533943,0.045454545454545456,0.010557184750733138,0.013390864454694241,0.026737967914438502,0.014784523435042466,0.09033394048687615,0.07141237814554523,0.025909090909090906,0.06406345332519829,0.5514588657520861,5
0.040022870211549454,0.034522439585730716,0.02727272727272727,0.026392961876832845,0.01011754203243565,0.026737967914438502,0.03460207612456748,0.09049697525222837,0.07481296758104738,0.05318181818181818,0.06223306894447833,0.5196065850221459,5
0.040022870211549454,0.034522439585730716,0.02727272727272727,0.026392961876832845,0.01011754203243565,0.026737967914438502,0.03460207612456748,0.09049697525222837,0.07481296758104738,0.05318181818181818,0.06223306894447833,0.5196065850221459,5
0.043453401943967976,0.042577675489067886,0.0,0.011143695014662756,0.014878738282993603,0.008021390374331552,0.0037747719408619063,0.0901410160145427,0.07617320335524824,0.026818181818181817,0.06711409395973154,0.6159038318064101,5
0.0468839336763865,0.03653624856156501,0.009090909090909092,0.012316715542521995,0.010861478946585328,0.03342245989304813,0.01887385970430953,0.09024698861202164,0.07458626161868058,0.03409090909090909,0.06650396583282489,0.5665862694302382,6
0.033733562035448826,0.022727272727272724,0.011818181818181818,0.01407624633431085,0.008332093438476402,0.01871657754010695,0.008807801195344448,0.08999700197181491,0.08206755837678531,0.030454545454545456,0.07565588773642465,0.6036132713712876,6
0.03773584905660377,0.036248561565017254,0.0,0.025219941348973606,0.013837226603184049,0.06818181818181818,0.024378735451399812,0.09017452871630954,0.07254590795737928,0.020454545454545454,0.057962172056131786,0.5532607136086373,5
0.0411663807890223,0.030494821634062138,0.012727272727272728,0.012316715542521995,0.009522392501115905,0.020053475935828877,0.009122365523749607,0.08996167777265526,0.07594649739288144,0.027727272727272725,0.07382550335570469,0.5971356240979124,6
0.032590051457975985,0.034522439585730716,0.0,0.008211143695014663,0.00937360511828597,0.014705882352941176,0.005662157911292859,0.0898421189447303,0.07821355701654954,0.025454545454545455,0.07443563148261134,0.626988866980322,6
0.043453401943967976,0.0909090909090909,0.0,0.012316715542521995,0.02038387144770122,0.0066844919786096255,0.0028310789556464295,0.09010025732320465,0.07934708682838358,0.018181818181818184,0.06650396583282489,0.5692882210562306,3
0.029731275014293884,0.03711162255466052,0.0,0.012609970674486803,0.011902990626394883,0.020053475935828877,0.008807801195344448,0.09007127336491981,0.08569485377465427,0.027727272727272725,0.0762660158633313,0.6000234482688125,6
0.038307604345340196,0.04948216340621403,0.006363636363636364,0.011730205278592375,0.014878738282993603,0.026737967914438502,0.017930166719094056,0.09021075866416559,0.08161414645205169,0.03363636363636364,0.07138499084807809,0.5577232580890319,6
0.05202973127501429,0.021288837744533943,0.02909090909090909,0.012316715542521995,0.009522392501115905,0.0053475935828877,0.004718464926077383,0.09019083219284477,0.07481296758104738,0.03636363636363637,0.06833435021354484,0.5959835689858664,6
0.043453401943967976,0.04545454545454545,0.01909090909090909,0.01348973607038123,0.012944502306204433,0.02807486631016043,0.0213903743315508,0.09016728272673834,0.0707322602584448,0.02,0.05613178767541183,0.5790703338316856,5
0.04288164665523156,0.03509781357882623,0.023636363636363636,0.011143695014662756,0.010861478946585328,0.03208556149732621,0.02768166089965398,0.09022343914591521,0.07481296758104738,0.024090909090909093,0.05979255643685174,0.5676919075166269,5
0.055460263007432814,0.03970080552359032,0.02909090909090909,0.01466275659824047,0.013093289689034369,0.029411764705882353,0.028625353884869455,0.09038466241387462,0.07458626161868058,0.028181818181818183,0.061622940817571685,0.535179174468096,5
0.040022870211549454,0.03567318757192174,0.009090909090909092,0.008211143695014663,0.010563904180925456,0.03609625668449198,0.01981755268952501,0.0902125701615584,0.07435955565631376,0.027727272727272725,0.05613178767541183,0.5920929896551059,5
0.03716409376786735,0.029344073647871113,0.013636363636363636,0.017595307917888565,0.009522392501115905,0.016042780748663103,0.008493236866939289,0.08993178806567403,0.07549308546814781,0.026818181818181817,0.07809640024405125,0.5978622953172361,6
0.045740423098913664,0.0678941311852704,0.01909090909090909,0.011143695014662756,0.01234935277488469,0.01871657754010695,0.012897137464611514,0.09015097925020311,0.07571979143051462,0.021363636363636362,0.06406345332519829,0.5608699134610886,5
0.04288164665523156,0.036248561565017254,0.024545454545454547,0.011730205278592375,0.01234935277488469,0.022727272727272728,0.028625353884869455,0.09022706214070082,0.07390614373158014,0.026363636363636363,0.05979255643685174,0.5706027538959084,6
0.030874785591766724,0.042577675489067886,0.0,0.007038123167155425,0.006100282696027362,0.0213903743315508,0.014469959106637308,0.0899028041073892,0.09090909090909091,0.026818181818181817,0.0762660158633313,0.5936527069198013,6
0.05202973127501429,0.04372842347525891,0.06181818181818182,0.009970674486803518,0.06159797649159351,0.02406417112299465,0.020132117017930166,0.09025966909377126,0.06574472908637496,0.060454545454545455,0.05552165954850518,0.4546781211290263,6
0.02858776443682104,0.042577675489067886,0.0,0.007038123167155425,0.006100282696027362,0.0213903743315508,0.014469959106637308,0.0899028041073892,0.09090909090909091,0.026818181818181817,0.0762660158633313,0.5959397280747469,6
0.05202973127501429,0.01956271576524741,0.03818181818181818,0.010557184750733138,0.008629668204136274,0.012032085561497326,0.005662157911292859,0.09002417443270695,0.07209249603264567,0.025,0.06955460646735814,0.5966733614175498,5
0.038307604345340196,0.026467203682393553,0.021818181818181816,0.009970674486803518,0.011456628477905073,0.02406417112299465,0.0106951871657754,0.09010388031799026,0.07685332124234867,0.02727272727272727,0.06467358145210493,0.5983168386154347,6
0.038307604345340196,0.026467203682393553,0.021818181818181816,0.009970674486803518,0.011456628477905073,0.02406417112299465,0.0106951871657754,0.09010388031799026,0.07685332124234867,0.02727272727272727,0.06467358145210493,0.5983168386154347,6
0.038307604345340196,0.026467203682393553,0.021818181818181816,0.009970674486803518,0.011456628477905073,0.02406417112299465,0.0106951871657754,0.09010388031799026,0.07685332124234867,0.02727272727272727,0.06467358145210493,0.5983168386154347,6
0.038307604345340196,0.026467203682393553,0.021818181818181816,0.009970674486803518,0.011456628477905073,0.02406417112299465,0.0106951871657754,0.09010388031799026,0.07685332124234867,0.02727272727272727,0.06467358145210493,0.5983168386154347,6
0.03716409376786735,0.029919447640966625,0.01,0.010557184750733138,0.010861478946585328,0.017379679144385027,0.011953444479396037,0.09016728272673834,0.07571979143051462,0.023636363636363636,0.056741915802318486,0.6258993176741314,5
0.04230989136649514,0.034522439585730716,0.023636363636363636,0.012316715542521995,0.01234935277488469,0.022727272727272728,0.028625353884869455,0.09022706214070082,0.07458626161868058,0.025454545454545455,0.05979255643685174,0.5734521848310831,6
0.04230989136649514,0.034522439585730716,0.023636363636363636,0.012316715542521995,0.01234935277488469,0.022727272727272728,0.028625353884869455,0.09022706214070082,0.07458626161868058,0.025454545454545455,0.05979255643685174,0.5734521848310831,6
0.044596912521440824,0.05005753739930954,0.023636363636363636,0.02228739002932551,0.015920249962803154,0.04144385026737968,0.021075810003145644,0.09027416107291368,0.07390614373158014,0.02090909090909091,0.05613178767541183,0.5397607027912354,5
0.048027444253859346,0.022439585730724968,0.009090909090909092,0.009970674486803518,0.0111590537122452,0.008021390374331552,0.007864108210128971,0.09019536093632677,0.07005214237134437,0.019545454545454546,0.05918242830994508,0.6444514479779266,6
0.05202973127501429,0.04459148446490218,0.02,0.012903225806451615,0.011754203243564946,0.016042780748663103,0.015099087763447625,0.0903574899529826,0.07209249603264567,0.023181818181818182,0.05857230018303843,0.5833753823474714,5
0.0411663807890223,0.04804372842347525,0.0,0.011730205278592375,0.02469870554976938,0.0053475935828877,0.0034602076124567475,0.0902198161511296,0.07685332124234867,0.023636363636363636,0.06101281269066504,0.6138308650432893,5
0.03773584905660377,0.03337169159953969,0.0018181818181818182,0.01407624633431085,0.010266329415265587,0.02540106951871658,0.012582573136206355,0.09001964568922495,0.07662661527998187,0.030000000000000002,0.07687614399023794,0.5912256541617305,6
0.03430531732418525,0.0287686996547756,0.0,0.008211143695014663,0.008480880821306354,0.020053475935828877,0.00817867253853413,0.09007489635970542,0.07617320335524824,0.020454545454545454,0.057962172056131786,0.6473369928047242,5
0.03430531732418525,0.0287686996547756,0.0,0.008211143695014663,0.008480880821306354,0.020053475935828877,0.00817867253853413,0.09007489635970542,0.07617320335524824,0.020454545454545454,0.057962172056131786,0.6473369928047242,5
0.03430531732418525,0.0287686996547756,0.0,0.008211143695014663,0.008480880821306354,0.020053475935828877,0.00817867253853413,0.09007489635970542,0.07617320335524824,0.020454545454545454,0.057962172056131786,0.6473369928047242,5
0.04288164665523156,0.029344073647871113,0.0018181818181818182,0.009970674486803518,0.012498140157714626,0.017379679144385027,0.009751494180559924,0.09015641374238152,0.07617320335524824,0.024545454545454547,0.06406345332519829,0.6214175849409698,6
0.04288164665523156,0.029344073647871113,0.0018181818181818182,0.009970674486803518,0.012498140157714626,0.017379679144385027,0.009751494180559924,0.09015641374238152,0.07617320335524824,0.024545454545454547,0.06406345332519829,0.6214175849409698,6
0.04288164665523156,0.029344073647871113,0.0018181818181818182,0.009970674486803518,0.012498140157714626,0.017379679144385027,0.009751494180559924,0.09015641374238152,0.07617320335524824,0.024545454545454547,0.06406345332519829,0.6214175849409698,6
0.04288164665523156,0.029344073647871113,0.0018181818181818182,0.009970674486803518,0.012498140157714626,0.017379679144385027,0.009751494180559924,0.09015641374238152,0.07617320335524824,0.024545454545454547,0.06406345332519829,0.6214175849409698,6
0.06575185820468839,0.024165707710011503,0.04363636363636363,0.015249266862170088,0.011456628477905073,0.0106951871657754,0.0062912865681031774,0.0904408188330515,0.07005214237134437,0.024090909090909093,0.06711409395973154,0.5710557371199463,5
0.0468839336763865,0.025316455696202528,0.021818181818181816,0.01348973607038123,0.00937360511828597,0.013368983957219251,0.008807801195344448,0.0902243448946116,0.07367943776921333,0.024090909090909093,0.06223306894447833,0.6107135417687859,6
0.03487707261292167,0.0339470655926352,0.0009090909090909091,0.012316715542521995,0.008332093438476402,0.0066844919786096255,0.004089336269267065,0.09009663432841905,0.0798004987531172,0.025454545454545455,0.06955460646735814,0.6339378486530373,5
0.0411663807890223,0.037686996547756035,0.002727272727272727,0.010557184750733138,0.01160541586073501,0.009358288770053475,0.0037747719408619063,0.09020079542850519,0.07571979143051462,0.017727272727272727,0.057962172056131786,0.641513656971141,5
0.0411663807890223,0.03567318757192174,0.0009090909090909091,0.01348973607038123,0.009671179883945842,0.0106951871657754,0.014469959106637308,0.08996982951092287,0.075266379505781,0.023181818181818182,0.07199511897498474,0.6135121323297186,6
0.043453401943967976,0.03711162255466052,0.002727272727272727,0.011143695014662756,0.012795714923374496,0.01871657754010695,0.017930166719094056,0.0902940875442345,0.07639990931761506,0.02090909090909091,0.062843197071385,0.605675263734535,5
0.03487707261292167,0.018411967779056383,0.022727272727272728,0.010557184750733138,0.012795714923374496,0.0066844919786096255,0.010066058508965083,0.09008938833884783,0.07617320335524824,0.02,0.061622940817571685,0.6359947042073991,5
0.03487707261292167,0.01956271576524741,0.022727272727272728,0.010557184750733138,0.012498140157714626,0.0053475935828877,0.008807801195344448,0.09008938833884783,0.07617320335524824,0.02,0.061622940817571685,0.6377366866962105,5
0.04173813607775872,0.024741081703107015,0.021818181818181816,0.01466275659824047,0.01160541586073501,0.03609625668449198,0.021075810003145644,0.09025604609898566,0.08161414645205169,0.026818181818181817,0.06772422208663818,0.5618497647984819,6
0.04230989136649514,0.036823935558112766,0.015454545454545455,0.03167155425219942,0.02499628031542925,0.06951871657754011,0.030827304183705568,0.09033575198426896,0.07435955565631376,0.022727272727272728,0.057962172056131786,0.5030130198679851,5
0.0663236134934248,0.02733026467203682,0.03636363636363637,0.008211143695014663,0.013539651837524178,0.008021390374331552,0.008807801195344448,0.09030676802598413,0.06959873044661075,0.029545454545454545,0.061216188732967046,0.5807353566176707,6
0.04745568896512293,0.04890678941311852,0.012727272727272728,0.01466275659824047,0.013837226603184049,0.017379679144385027,0.016986473733878578,0.09032488299991215,0.07617320335524824,0.024545454545454547,0.061622940817571685,0.5753776310966111,5
0.0663236134934248,0.02733026467203682,0.03636363636363637,0.008211143695014663,0.013539651837524178,0.008021390374331552,0.008807801195344448,0.09030676802598413,0.06959873044661075,0.029545454545454545,0.061216188732967046,0.5807353566176707,6
0.0411663807890223,0.03481012658227847,0.0018181818181818182,0.011143695014662756,0.014283588751673858,0.013368983957219251,0.009751494180559924,0.09012199529191828,0.07844026297891635,0.024090909090909093,0.07199511897498474,0.6090092625696731,6
0.04173813607775872,0.042577675489067886,0.007272727272727273,0.009970674486803518,0.013986013986013986,0.013368983957219251,0.014155394778232149,0.09019083219284477,0.07345273180684653,0.022727272727272728,0.05979255643685174,0.6107670007883614,5
0.03945111492281304,0.03107019562715765,0.02727272727272727,0.012903225806451615,0.013093289689034369,0.012032085561497326,0.03302925448254168,0.09032578874860854,0.07367943776921333,0.053636363636363635,0.06406345332519829,0.5494430631583933,6
0.045740423098913664,0.044303797468354424,0.02909090909090909,0.012316715542521995,0.011754203243564946,0.0213903743315508,0.023277760301981754,0.09026329208855687,0.07413284969394696,0.022727272727272728,0.05979255643685174,0.565209845975575,6
0.0497427101200686,0.044879171461449936,0.046363636363636364,0.009970674486803518,0.061746763874423446,0.016042780748663103,0.020761245674740483,0.09023340238157562,0.06801178871004307,0.05318181818181818,0.05613178767541183,0.4829342203213658,5
0.04288164665523156,0.03337169159953969,0.05090909090909091,0.01818181818181818,0.02276446957298021,0.0066844919786096255,0.004403900597672224,0.09010025732320465,0.07277261391974608,0.04681818181818182,0.07077486272117144,0.5403369747227535,6
0.0497427101200686,0.044879171461449936,0.046363636363636364,0.009970674486803518,0.061746763874423446,0.016042780748663103,0.020761245674740483,0.09023340238157562,0.06801178871004307,0.05318181818181818,0.05613178767541183,0.4829342203213658,5
0.0468839336763865,0.05092059838895281,0.018181818181818184,0.008211143695014663,0.012795714923374496,0.009358288770053475,0.009751494180559924,0.09008576534406224,0.07050555429607798,0.02090909090909091,0.06101281269066504,0.6013837849439437,5
0.0411663807890223,0.02589182968929804,0.013636363636363636,0.011730205278592375,0.01160541586073501,0.013368983957219251,0.008807801195344448,0.09022072189982601,0.07458626161868058,0.023181818181818182,0.06040268456375839,0.6254015333293417,6
0.04288164665523156,0.03279631760644418,0.0018181818181818182,0.015249266862170088,0.011456628477905073,0.014705882352941176,0.01100975149418056,0.09017362296761314,0.07617320335524824,0.028181818181818183,0.06589383770591825,0.6096598425223477,6
0.04288164665523156,0.03279631760644418,0.0018181818181818182,0.015249266862170088,0.011456628477905073,0.014705882352941176,0.01100975149418056,0.09017362296761314,0.07617320335524824,0.028181818181818183,0.06589383770591825,0.6096598425223477,6
0.045740423098913664,0.034522439585730716,0.02,0.012316715542521995,0.011902990626394883,0.03342245989304813,0.03302925448254168,0.0902243448946116,0.07481296758104738,0.022272727272727274,0.06040268456375839,0.5613529924587042,5
0.045740423098913664,0.034522439585730716,0.02,0.012316715542521995,0.011902990626394883,0.03342245989304813,0.03302925448254168,0.0902243448946116,0.07481296758104738,0.022272727272727274,0.06040268456375839,0.5613529924587042,5
0.04059462550028588,0.043440736478711155,0.013636363636363636,0.010557184750733138,0.015920249962803154,0.026737967914438502,0.026423403586033345,0.09020622992068358,0.07231920199501247,0.022727272727272728,0.057962172056131786,0.5794745914715307,5
0.045740423098913664,0.046605293440736474,0.022727272727272728,0.019941348973607036,0.011307841095075138,0.045454545454545456,0.026737967914438502,0.09027416107291368,0.07231920199501247,0.01909090909090909,0.05613178767541183,0.543669247461164,5
0.04230989136649514,0.036823935558112766,0.006363636363636364,0.010557184750733138,0.014878738282993603,0.0106951871657754,0.007234979553318654,0.0902216276485224,0.07481296758104738,0.026363636363636363,0.05857230018303843,0.6211659151826903,5
0.03773584905660377,0.036823935558112766,0.028181818181818183,0.03577712609970674,0.01234935277488469,0.009358288770053475,0.015413652091852784,0.09031944850773373,0.07594649739288144,0.03090909090909091,0.062843197071385,0.5643417435858765,5
0.03430531732418525,0.028193325661680087,0.0,0.01348973607038123,0.01011754203243565,0.020053475935828877,0.010380622837370242,0.08993359956306683,0.08116073452731808,0.026818181818181817,0.0762660158633313,0.6092814483662206,6
0.045740423098913664,0.036823935558112766,0.02,0.01407624633431085,0.013986013986013986,0.0066844919786096255,0.010380622837370242,0.09022343914591521,0.07639990931761506,0.026363636363636363,0.06711409395973154,0.5922071874197706,5
0.04059462550028588,0.03567318757192174,0.005454545454545454,0.007624633431085044,0.010415116798095522,0.0066844919786096255,0.0037747719408619063,0.09004953539620618,0.07186579007027885,0.021818181818181816,0.05979255643685174,0.6462525636030763,5
0.045740423098913664,0.029919447640966625,0.022727272727272728,0.011730205278592375,0.01160541586073501,0.02540106951871658,0.018559295375904374,0.09022343914591521,0.07481296758104738,0.021818181818181816,0.06223306894447833,0.585229213009276,5
0.049170954831332186,0.03941311852704257,0.009090909090909092,0.0093841642228739,0.013688439220354114,0.004010695187165776,0.0037747719408619063,0.09034390372253656,0.07503967354341419,0.029545454545454545,0.05826723611958511,0.61827067904847,6
0.0497427101200686,0.03883774453394706,0.009090909090909092,0.0093841642228739,0.013390864454694241,0.0053475935828877,0.0034602076124567475,0.09034390372253656,0.07503967354341419,0.029545454545454545,0.05826723611958511,0.6175495384511722,5
0.04173813607775872,0.0339470655926352,0.023636363636363636,0.011730205278592375,0.011902990626394883,0.022727272727272728,0.03271469015413652,0.09019807818241597,0.07435955565631376,0.023636363636363636,0.06040268456375839,0.5730065938679942,5
0.0411663807890223,0.038550057537399304,0.0,0.012903225806451615,0.01011754203243565,0.013368983957219251,0.007549543881723813,0.09017634021370236,0.0775334391294491,0.03272727272727272,0.06772422208663818,0.6081829918386856,6
0.04516866781017725,0.03970080552359032,0.01909090909090909,0.012316715542521995,0.011902990626394883,0.04411764705882353,0.0443535703051274,0.09023068513548642,0.07367943776921333,0.023181818181818182,0.06040268456375839,0.5358540683921792,5
0.043453401943967976,0.017261219792865358,0.03818181818181818,0.011730205278592375,0.007736943907156672,0.008021390374331552,0.007549543881723813,0.09023974262245042,0.07798685105418272,0.03727272727272727,0.0726052471018914,0.5879609085882922,6
0.0411663807890223,0.018987341772151896,0.030000000000000002,0.009970674486803518,0.009076030352626097,0.004010695187165776,0.004089336269267065,0.0902125701615584,0.07322602584447971,0.05,0.06101281269066504,0.6082481324462603,8
0.045740423098913664,0.0287686996547756,0.035454545454545454,0.015249266862170088,0.01220056539205474,0.016042780748663103,0.014469959106637308,0.0904390073356587,0.07776014509181592,0.028181818181818183,0.06528370957901158,0.5704090794939356,6
0.0468839336763865,0.013808975834292287,0.03090909090909091,0.029912023460410556,0.009224817735456033,0.0106951871657754,0.006920415224913495,0.09033937497905456,0.0729993198821129,0.042727272727272725,0.06650396583282489,0.5790756225724097,6
0.03430531732418525,0.029344073647871113,0.0,0.012316715542521995,0.009522392501115905,0.053475935828877004,0.016986473733878578,0.09012199529191828,0.08025391067785083,0.042272727272727274,0.06528370957901158,0.5661167486000422,6
0.04631217838765008,0.016685845799769845,0.03272727272727272,0.012903225806451615,0.007141794375836929,0.04679144385026738,0.01667190940547342,0.09012199529191828,0.07413284969394696,0.045909090909090906,0.07565588773642465,0.5349465060158972,7
0.03430531732418525,0.029344073647871113,0.0,0.012316715542521995,0.009522392501115905,0.053475935828877004,0.016986473733878578,0.09012199529191828,0.08025391067785083,0.042272727272727274,0.06528370957901158,0.5661167486000422,6
0.03773584905660377,0.05523590333716915,0.0,0.010557184750733138,0.01220056539205474,0.0066844919786096255,0.0050330292544825414,0.08999519047442212,0.07934708682838358,0.02,0.0726052471018914,0.61060545182565,6
0.03659233847913093,0.027042577675489062,0.03636363636363637,0.01407624633431085,0.010563904180925456,0.0106951871657754,0.005976722239698019,0.09023974262245042,0.08070732260258445,0.03318181818181818,0.06467358145210493,0.5898869227020759,6
0.0468839336763865,0.013808975834292287,0.03090909090909091,0.029912023460410556,0.009224817735456033,0.0106951871657754,0.006920415224913495,0.09033937497905456,0.0729993198821129,0.042727272727272725,0.06650396583282489,0.5790756225724097,6
0.05660377358490566,0.03279631760644418,0.022727272727272728,0.011730205278592375,0.015473887814313345,0.016042780748663103,0.027996225228059137,0.09023974262245042,0.06891861255951032,0.04090909090909091,0.061622940817571685,0.5549391501031261,5
0.05717552887364208,0.018411967779056383,0.053636363636363635,0.012903225806451615,0.011456628477905073,0.004010695187165776,0.004718464926077383,0.0905205247183348,0.07254590795737928,0.035454545454545454,0.05857230018303843,0.5805938470000401,5
0.03544882790165809,0.03337169159953969,0.0,0.0093841642228739,0.009671179883945842,0.0106951871657754,0.005662157911292859,0.09026691508334247,0.08070732260258445,0.03818181818181818,0.05735204392922514,0.6292586915179439,5
0.05717552887364208,0.018411967779056383,0.053636363636363635,0.012903225806451615,0.011456628477905073,0.004010695187165776,0.004718464926077383,0.0905205247183348,0.07254590795737928,0.035454545454545454,0.05857230018303843,0.5805938470000401,5
0.04173813607775872,0.01956271576524741,0.030000000000000002,0.01466275659824047,0.009522392501115905,0.02807486631016043,0.011638880150990877,0.0901401102658463,0.07594649739288144,0.035,0.07382550335570469,0.5698881415820537,7
0.044596912521440824,0.030494821634062138,0.0009090909090909091,0.0093841642228739,0.011456628477905073,0.004010695187165776,0.005976722239698019,0.09012199529191828,0.07163908410791205,0.02090909090909091,0.05979255643685174,0.6507082380619904,5
0.0440251572327044,0.036823935558112766,0.01909090909090909,0.012903225806451615,0.011456628477905073,0.0427807486631016,0.04183705567788613,0.09017634021370236,0.07413284969394696,0.020454545454545454,0.06040268456375839,0.5459159195669762,5
0.044596912521440824,0.030494821634062138,0.0009090909090909091,0.0093841642228739,0.011456628477905073,0.004010695187165776,0.005976722239698019,0.09012199529191828,0.07163908410791205,0.02090909090909091,0.05979255643685174,0.6507082380619904,5
0.04288164665523156,0.02301495972382048,0.01636363636363636,0.0093841642228739,0.011754203243564946,0.03208556149732621,0.018244731047499213,0.09025785759637846,0.07571979143051462,0.026363636363636363,0.05735204392922514,0.5965777679262927,5
0.040022870211549454,0.03107019562715765,0.0,0.012316715542521995,0.011754203243564946,0.05213903743315508,0.01730103806228374,0.09017634021370236,0.07685332124234867,0.03818181818181818,0.06955460646735814,0.5606298537745398,6
0.03659233847913093,0.030494821634062138,0.00818181818181818,0.02287390029325513,0.01830084808808213,0.01871657754010695,0.009751494180559924,0.0902850300572705,0.07934708682838358,0.030454545454545456,0.06711409395973154,0.5878874453030535,4
0.043453401943967976,0.02359033371691599,0.030000000000000002,0.01466275659824047,0.01160541586073501,0.008021390374331552,0.007234979553318654,0.09018539770066636,0.07481296758104738,0.026363636363636363,0.06833435021354484,0.6017353700935955,5
0.044596912521440824,0.036823935558112766,0.0,0.011143695014662756,0.010712691563755393,0.03609625668449198,0.01730103806228374,0.09023068513548642,0.07503967354341419,0.028636363636363637,0.06711409395973154,0.5823046543202568,5
0.04516866781017725,0.010356731875719215,0.03636363636363637,0.012903225806451615,0.007290581758666865,0.05080213903743316,0.021075810003145644,0.0902125701615584,0.07549308546814781,0.042272727272727274,0.06894447834045149,0.5391163461018849,5
0.04230989136649514,0.02359033371691599,0.021818181818181816,0.010557184750733138,0.009819967266775777,0.02406417112299465,0.014784523435042466,0.09017634021370236,0.07639990931761506,0.028181818181818183,0.06345332519829164,0.5948443536114337,5
0.043453401943967976,0.024741081703107015,0.028181818181818183,0.012316715542521995,0.010266329415265587,0.017379679144385027,0.023277760301981754,0.09019445518763038,0.07390614373158014,0.024545454545454547,0.06040268456375839,0.591334475738529,6
0.03487707261292167,0.02301495972382048,0.014545454545454545,0.010557184750733138,0.010266329415265587,0.014705882352941176,0.007864108210128971,0.09016728272673834,0.0775334391294491,0.03363636363636364,0.061622940817571685,0.6212089820786117,7
0.05831903945111492,0.03107019562715765,0.03363636363636364,0.0903225806451613,0.03184049992560631,0.07352941176470588,0.02988361119849009,0.09090909090909091,0.07209249603264567,0.035,0.05491153142159853,0.39848517938806505,6
0.05717552887364208,0.021864211737629455,0.034545454545454546,0.0093841642228739,0.025145067698259173,0.03609625668449198,0.028310789556464298,0.09049697525222837,0.07141237814554523,0.029545454545454545,0.05186089078706528,0.5441628279508911,5
0.03887935963407661,0.05264672036823935,0.026363636363636363,0.0281524926686217,0.010415116798095522,0.020053475935828877,0.012268008807801196,0.09019173794154117,0.08002720471548401,0.024545454545454547,0.06772422208663818,0.5487325701345824,5
0.040022870211549454,0.0339470655926352,0.0,0.009970674486803518,0.007736943907156672,0.004010695187165776,0.0025165146272412707,0.0902125701615584,0.0773067331670823,0.021363636363636362,0.062843197071385,0.6500690992237861,5
0.04173813607775872,0.038550057537399304,0.0018181818181818182,0.012903225806451615,0.010712691563755393,0.04144385026737968,0.028939918213274615,0.09018177470588075,0.075266379505781,0.03090909090909091,0.06752084604433617,0.5600158475507101,6
0.03945111492281304,0.03337169159953969,0.018181818181818184,0.010263929618768328,0.008629668204136274,0.0106951871657754,0.006920415224913495,0.08996077202395887,0.07662661527998187,0.022272727272727274,0.07138499084807809,0.6122410696574895,5
0.04230989136649514,0.04516685845799769,0.017272727272727273,0.030498533724340176,0.013986013986013986,0.02540106951871658,0.030827304183705568,0.09031491976425172,0.07163908410791205,0.023636363636363636,0.05857230018303843,0.5503749337984378,6
0.03887935963407661,0.038550057537399304,0.0,0.011143695014662756,0.011902990626394883,0.029411764705882353,0.012268008807801196,0.09030405077989491,0.07708002720471548,0.03363636363636364,0.05918242830994508,0.5976412537428638,5
0.0411663807890223,0.021864211737629455,0.028181818181818183,0.011730205278592375,0.008332093438476402,0.020053475935828877,0.009122365523749607,0.09009663432841905,0.07322602584447971,0.034545454545454546,0.06894447834045149,0.592736856056078,8
0.0411663807890223,0.021288837744533943,0.02909090909090909,0.011730205278592375,0.009224817735456033,0.020053475935828877,0.008807801195344448,0.09009482283102624,0.07322602584447971,0.03318181818181818,0.06894447834045149,0.5931904270325373,7
0.044596912521440824,0.018411967779056383,0.04,0.01583577712609971,0.015473887814313345,0.0106951871657754,0.0053475935828877,0.09033212898948335,0.07549308546814781,0.035454545454545454,0.06711409395973154,0.5812448201385185,7
0.03773584905660377,0.03337169159953969,0.0018181818181818182,0.011730205278592375,0.009224817735456033,0.04946524064171123,0.01667190940547342,0.09000787095617173,0.07594649739288144,0.034545454545454546,0.07077486272117144,0.5687074188487624,7
0.06689536878216124,0.02589182968929804,0.057272727272727274,0.012903225806451615,0.010861478946585328,0.009358288770053475,0.007234979553318654,0.09055132017401243,0.07277261391974608,0.031363636363636364,0.06650396583282489,0.5483905648891846,6
0.03716409376786735,0.05178365937859608,0.0,0.0093841642228739,0.007736943907156672,0.012032085561497326,0.0053475935828877,0.09009210558493705,0.07934708682838358,0.028636363636363637,0.06650396583282489,0.6119719376966118,6
0.043453401943967976,0.028193325661680087,0.030000000000000002,0.011143695014662756,0.011010266329415265,0.03609625668449198,0.026737967914438502,0.09030857952337691,0.0773067331670823,0.026363636363636363,0.05491153142159853,0.5644746059756494,5
0.048027444253859346,0.016685845799769845,0.03636363636363637,0.009970674486803518,0.009968754649605715,0.0106951871657754,0.0062912865681031774,0.0902152874076476,0.07685332124234867,0.02727272727272727,0.06406345332519829,0.6035923814645248,5
0.04516866781017725,0.01150747986191024,0.031818181818181815,0.009970674486803518,0.008034518672816545,0.009358288770053475,0.004718464926077383,0.09008395384666942,0.075266379505781,0.03636363636363637,0.0726052471018914,0.6051045068360016,7
0.03659233847913093,0.024165707710011503,0.00818181818181818,0.01348973607038123,0.008034518672816545,0.045454545454545456,0.020132117017930166,0.09032488299991215,0.0773067331670823,0.03090909090909091,0.06345332519829164,0.581955186138989,6
0.03544882790165809,0.04516685845799769,0.0,0.012316715542521995,0.00892724296979616,0.008021390374331552,0.004089336269267065,0.09027053807812807,0.08138744048968488,0.027727272727272725,0.06101281269066504,0.6256315644986767,4
0.03945111492281304,0.036248561565017254,0.0009090909090909091,0.01407624633431085,0.011307841095075138,0.01871657754010695,0.012268008807801196,0.0901419217632391,0.07571979143051462,0.024090909090909093,0.06589383770591825,0.6111760988352036,6
0.03887935963407661,0.0339470655926352,0.009090909090909092,0.009970674486803518,0.00937360511828597,0.045454545454545456,0.01667190940547342,0.09019445518763038,0.0773067331670823,0.030454545454545456,0.05918242830994508,0.5794737690980676,5
0.04173813607775872,0.027617951668584575,0.02909090909090909,0.012316715542521995,0.009224817735456033,0.04144385026737968,0.016986473733878578,0.09032850599469776,0.07481296758104738,0.029545454545454545,0.06101281269066504,0.5658814050716465,7
0.038307604345340196,0.05983889528193325,0.007272727272727273,0.01348973607038123,0.009968754649605715,0.02540106951871658,0.010066058508965083,0.09025604609898566,0.0798004987531172,0.025909090909090906,0.06711409395973154,0.5725754246314053,4
0.04173813607775872,0.027617951668584575,0.02909090909090909,0.012316715542521995,0.009224817735456033,0.04144385026737968,0.016986473733878578,0.09032850599469776,0.07481296758104738,0.029545454545454545,0.06101281269066504,0.5658814050716465,7
0.04173813607775872,0.056386651323360175,0.004545454545454546,0.012316715542521995,0.009076030352626097,0.026737967914438502,0.015413652091852784,0.09030767377468052,0.07503967354341419,0.025,0.05918242830994508,0.5842556165239474,3
0.05717552887364208,0.03970080552359032,0.01,0.008211143695014663,0.012498140157714626,0.0106951871657754,0.007549543881723813,0.09019264369023756,0.06529131716164135,0.021363636363636362,0.05918242830994508,0.6181396251770788,5
0.038307604345340196,0.040276179516685835,0.007272727272727273,0.021994134897360705,0.009968754649605715,0.0106951871657754,0.0050330292544825414,0.08997164100831569,0.07776014509181592,0.023636363636363636,0.07687614399023794,0.5982080891712892,5
0.043453401943967976,0.020138089758342918,0.05454545454545454,0.015249266862170088,0.010861478946585328,0.03074866310160428,0.01384083044982699,0.09026329208855687,0.07662661527998187,0.03590909090909091,0.06772422208663818,0.5406395940277801,6
0.03487707261292167,0.034522439585730716,0.007272727272727273,0.010557184750733138,0.010563904180925456,0.01871657754010695,0.014155394778232149,0.08997345250570848,0.07662661527998187,0.024545454545454547,0.06711409395973154,0.6110750829877463,5
0.05660377358490566,0.0287686996547756,0.045454545454545456,0.0809384164222874,0.030501413480136883,0.06417112299465241,0.025794274929223027,0.09079406082464797,0.07163908410791205,0.03409090909090909,0.05369127516778524,0.41755242428821915,5
0.0303030303030303,0.027042577675489062,0.01,0.012903225806451615,0.007141794375836929,0.0213903743315508,0.027996225228059137,0.08983396720646271,0.08025391067785083,0.04,0.08277404921700243,0.5703608451782662,7
0.05660377358490566,0.0287686996547756,0.045454545454545456,0.0809384164222874,0.030501413480136883,0.06417112299465241,0.025794274929223027,0.09079406082464797,0.07163908410791205,0.03409090909090909,0.05369127516778524,0.41755242428821915,5
0.0303030303030303,0.027042577675489062,0.01,0.012903225806451615,0.007141794375836929,0.0213903743315508,0.027996225228059137,0.08983396720646271,0.08025391067785083,0.04,0.08297742525930445,0.5701574691359642,7
0.04059462550028588,0.0503452243958573,0.004545454545454546,0.03343108504398827,0.01220056539205474,0.004010695187165776,0.004403900597672224,0.09040096589040984,0.07708002720471548,0.023636363636363636,0.06223306894447833,0.5971180236615541,3
0.0468839336763865,0.016110471806674336,0.05454545454545454,0.017595307917888565,0.015473887814313345,0.013368983957219251,0.006920415224913495,0.09041908086433786,0.07685332124234867,0.03090909090909091,0.06467358145210493,0.5662464705892676,5
0.03201829616923956,0.03567318757192174,0.002727272727272727,0.008797653958944282,0.011902990626394883,0.008021390374331552,0.004089336269267065,0.09012018379452547,0.08297438222625256,0.028181818181818183,0.061622940817571685,0.6338705472824603,4
0.0468839336763865,0.016110471806674336,0.05454545454545454,0.017595307917888565,0.015473887814313345,0.013368983957219251,0.006920415224913495,0.09041908086433786,0.07685332124234867,0.03090909090909091,0.06467358145210493,0.5662464705892676,5
0.04631217838765008,0.018987341772151896,0.04,0.008797653958944282,0.006249070078857313,0.008021390374331552,0.0037747719408619063,0.09016003673716712,0.07594649739288144,0.027727272727272725,0.06528370957901158,0.6087400770508701,5
0.040022870211549454,0.037686996547756035,0.014545454545454545,0.012316715542521995,0.011010266329415265,0.0106951871657754,0.007864108210128971,0.09021800465373679,0.07639990931761506,0.025,0.05918242830994508,0.6150580591661015,5
0.03887935963407661,0.03912543153049482,0.01909090909090909,0.012316715542521995,0.010415116798095522,0.012032085561497326,0.007234979553318654,0.09016365973195273,0.07662661527998187,0.02727272727272727,0.062843197071385,0.6039992029330391,5
0.03430531732418525,0.036823935558112766,0.004545454545454546,0.011143695014662756,0.009819967266775777,0.012032085561497326,0.0053475935828877,0.09011837229713267,0.0798004987531172,0.035454545454545454,0.06467358145210493,0.6159349531895236,5
0.03201829616923956,0.03107019562715765,0.0036363636363636364,0.009970674486803518,0.007290581758666865,0.0066844919786096255,0.004089336269267065,0.09004953539620618,0.08433461800045342,0.026363636363636363,0.06955460646735814,0.634937663846238,5
0.04059462550028588,0.012658227848101264,0.04454545454545455,0.010557184750733138,0.005802707930367505,0.0106951871657754,0.005662157911292859,0.08998069849527969,0.07685332124234867,0.025454545454545455,0.07565588773642465,0.6015400014193909,6
0.03544882790165809,0.03739930955120828,0.005454545454545454,0.0093841642228739,0.007439369141496802,0.008021390374331552,0.005662157911292859,0.0899843214900653,0.08093402856495126,0.024545454545454547,0.07291031116534472,0.6228161196767773,5
0.0440251572327044,0.03107019562715765,0.023636363636363636,0.011143695014662756,0.013242077071864306,0.03074866310160428,0.046240956275558354,0.09024517711462884,0.07390614373158014,0.026818181818181817,0.05918242830994508,0.5497409610657488,5
0.03659233847913093,0.01783659378596087,0.00818181818181818,0.008211143695014663,0.009819967266775777,0.020053475935828877,0.008807801195344448,0.09008485959536583,0.0775334391294491,0.031818181818181815,0.06101281269066504,0.6300475682264645,7
0.040022870211549454,0.024741081703107015,0.0018181818181818182,0.011143695014662756,0.011902990626394883,0.020053475935828877,0.008807801195344448,0.09011474930234707,0.07594649739288144,0.03681818181818182,0.06467358145210493,0.6139568935294155,6
0.03945111492281304,0.042577675489067886,0.002727272727272727,0.01348973607038123,0.008034518672816545,0.009358288770053475,0.0050330292544825414,0.09012924128148948,0.07821355701654954,0.028636363636363637,0.0701647345942648,0.6121844675644451,6
0.03945111492281304,0.042577675489067886,0.002727272727272727,0.01348973607038123,0.008034518672816545,0.009358288770053475,0.0050330292544825414,0.09012924128148948,0.07821355701654954,0.028636363636363637,0.0701647345942648,0.6121844675644451,6
0.044596912521440824,0.04718066743383198,0.026363636363636363,0.025219941348973606,0.01234935277488469,0.02807486631016043,0.020132117017930166,0.09025061160680724,0.07163908410791205,0.024090909090909093,0.05735204392922514,0.5527498574942884,5
0.03544882790165809,0.025316455696202528,0.035454545454545454,0.01466275659824047,0.011456628477905073,0.008021390374331552,0.004403900597672224,0.09017181147022035,0.07957379279075039,0.031363636363636364,0.06711409395973154,0.597012160315106,6
0.04288164665523156,0.021864211737629455,0.05181818181818181,0.01348973607038123,0.01577146257997322,0.0066844919786096255,0.0037747719408619063,0.0902170989050404,0.07617320335524824,0.025,0.06955460646735814,0.5827705884914844,6
0.038307604345340196,0.04372842347525891,0.0018181818181818182,0.010557184750733138,0.01160541586073501,0.008021390374331552,0.0037747719408619063,0.0902125701615584,0.08048061664021763,0.028636363636363637,0.060707748627211705,0.6221497283692061,3
0.03887935963407661,0.046605293440736474,0.004545454545454546,0.011730205278592375,0.010415116798095522,0.008021390374331552,0.004403900597672224,0.09017815171109514,0.07957379279075039,0.030000000000000002,0.06589383770591825,0.6097534971232769,6
0.04288164665523156,0.021864211737629455,0.05181818181818181,0.01348973607038123,0.01577146257997322,0.0066844919786096255,0.0037747719408619063,0.0902170989050404,0.07617320335524824,0.025,0.06955460646735814,0.5827705884914844,6
0.04059462550028588,0.015535097813578825,0.05454545454545454,0.012316715542521995,0.011010266329415265,0.022727272727272728,0.007864108210128971,0.09040640038258825,0.07662661527998187,0.03272727272727272,0.06467358145210493,0.570972589489394,6
0.04516866781017725,0.010356731875719215,0.03636363636363637,0.010557184750733138,0.009224817735456033,0.009358288770053475,0.0062912865681031774,0.09004047790924218,0.07435955565631376,0.031818181818181815,0.06772422208663818,0.6087369486557455,5
0.03659233847913093,0.02071346375143843,0.01909090909090909,0.012903225806451615,0.006993006993006993,0.034759358288770054,0.015099087763447625,0.09026782083203887,0.07866696894128317,0.035,0.05918242830994508,0.5907313917435781,6
0.04059462550028588,0.03970080552359032,0.0036363636363636364,0.012316715542521995,0.01011754203243565,0.02540106951871658,0.008493236866939289,0.09031401401555533,0.07798685105418272,0.030454545454545456,0.05979255643685174,0.6011916744180115,5
0.03945111492281304,0.048331415420023005,0.01909090909090909,0.024046920821114367,0.011010266329415265,0.0213903743315508,0.020446681346335326,0.09043176134608748,0.08002720471548401,0.03272727272727272,0.056335163717714035,0.5567109152312809,6
0.03945111492281304,0.048331415420023005,0.01909090909090909,0.024046920821114367,0.011010266329415265,0.0213903743315508,0.020446681346335326,0.09043176134608748,0.08002720471548401,0.03272727272727272,0.05643685173886516,0.5566092272101297,6
0.03716409376786735,0.030494821634062138,0.005454545454545454,0.011730205278592375,0.00937360511828597,0.03877005347593583,0.01384083044982699,0.09011203205625787,0.07662661527998187,0.03772727272727273,0.062843197071385,0.5858627276859865,6
0.04230989136649514,0.027042577675489062,0.04181818181818182,0.012903225806451615,0.01696176164261271,0.009358288770053475,0.0062912865681031774,0.09025514035028925,0.075266379505781,0.028636363636363637,0.06406345332519829,0.5850934495349808,5
0.03773584905660377,0.040276179516685835,0.007272727272727273,0.015249266862170088,0.01577146257997322,0.01871657754010695,0.008493236866939289,0.09027144382682448,0.07798685105418272,0.026363636363636363,0.06223306894447833,0.5996297001156716,5
0.03487707261292167,0.018411967779056383,0.022727272727272728,0.01348973607038123,0.010563904180925456,0.03074866310160428,0.018244731047499213,0.09024245986853964,0.0775334391294491,0.04409090909090909,0.06467358145210493,0.5743962629393362,5
0.03887935963407661,0.027617951668584575,0.022727272727272728,0.011730205278592375,0.011307841095075138,0.03877005347593583,0.01918842403271469,0.0901491677528103,0.07571979143051462,0.02727272727272727,0.06345332519829164,0.5731838804334042,5
0.038307604345340196,0.027617951668584575,0.007272727272727273,0.012316715542521995,0.009522392501115905,0.02406417112299465,0.0106951871657754,0.09016909422413114,0.07549308546814781,0.02909090909090909,0.05918242830994508,0.6162677332878068,5
0.03887935963407661,0.027042577675489062,0.007272727272727273,0.012903225806451615,0.009522392501115905,0.02406417112299465,0.011953444479396037,0.09016999997282754,0.07481296758104738,0.029545454545454545,0.05857230018303843,0.6152613792253809,6
0.04516866781017725,0.016685845799769845,0.04454545454545455,0.012903225806451615,0.014283588751673858,0.02807486631016043,0.018559295375904374,0.09031582551294813,0.07503967354341419,0.030454545454545456,0.061622940817571685,0.5623460702719286,6
0.04059462550028588,0.03970080552359032,0.007272727272727273,0.012316715542521995,0.00937360511828597,0.05614973262032086,0.01635734507706826,0.0902198161511296,0.0775334391294491,0.02727272727272727,0.06223306894447833,0.5609753918474152,6
0.03773584905660377,0.025316455696202528,0.00818181818181818,0.012903225806451615,0.00937360511828597,0.012032085561497326,0.005662157911292859,0.09007127336491981,0.0775334391294491,0.031363636363636364,0.06894447834045149,0.6208819754693911,6
0.03487707261292167,0.04056386651323359,0.009090909090909092,0.016422287390029325,0.012051778009224818,0.017379679144385027,0.008807801195344448,0.09024064837114684,0.08161414645205169,0.030000000000000002,0.06223306894447833,0.5967187422762752,5
0.0411663807890223,0.030494821634062138,0.011818181818181818,0.011730205278592375,0.008629668204136274,0.02406417112299465,0.006920415224913495,0.09018811494675556,0.07277261391974608,0.03090909090909091,0.06040268456375839,0.610903651588746,6
0.045740423098913664,0.022439585730724968,0.02727272727272727,0.011143695014662756,0.011010266329415265,0.0427807486631016,0.026423403586033345,0.09031854275903733,0.07685332124234867,0.027727272727272725,0.05491153142159853,0.5633784821541639,5
0.03773584905660377,0.03222094361334867,0.012727272727272728,0.01407624633431085,0.009522392501115905,0.017379679144385027,0.009122365523749607,0.09002870317618895,0.0775334391294491,0.028181818181818183,0.07138499084807809,0.6000862997636791,7
0.040022870211549454,0.03164556962025316,0.011818181818181818,0.012903225806451615,0.0111590537122452,0.020053475935828877,0.01100975149418056,0.09020351267459438,0.07617320335524824,0.026818181818181817,0.05918242830994508,0.6090105452433399,6
0.03544882790165809,0.036823935558112766,0.00818181818181818,0.01466275659824047,0.012051778009224818,0.020053475935828877,0.00817867253853413,0.09015641374238152,0.08093402856495126,0.028636363636363637,0.07321537522879805,0.5916565541040882,5
0.03544882790165809,0.029919447640966625,0.007272727272727273,0.02580645161290323,0.010563904180925456,0.014705882352941176,0.010066058508965083,0.09025423460159285,0.08070732260258445,0.028636363636363637,0.07077486272117144,0.5958439169672007,6
0.048027444253859346,0.021288837744533943,0.03909090909090909,0.01348973607038123,0.00937360511828597,0.016042780748663103,0.005976722239698019,0.09016728272673834,0.07186579007027885,0.03681818181818182,0.06833435021354484,0.5795243599049253,7
0.03716409376786735,0.036248561565017254,0.030000000000000002,0.010557184750733138,0.008778455586966225,0.0213903743315508,0.008807801195344448,0.09015007350150672,0.07617320335524824,0.02909090909090909,0.061622940817571685,0.5900164020372851,6
0.040022870211549454,0.03279631760644418,0.0018181818181818182,0.011730205278592375,0.010712691563755393,0.022727272727272728,0.00817867253853413,0.09018992644414837,0.07617320335524824,0.027727272727272725,0.06223306894447833,0.6156903167845222,5
0.06403659233847912,0.02301495972382048,0.045454545454545456,0.011730205278592375,0.014729950900163666,0.02540106951871658,0.015728216420257943,0.0903783221729998,0.07027884833371117,0.026363636363636363,0.06345332519829164,0.5494303282967854,5
0.04230989136649514,0.02071346375143843,0.02727272727272727,0.010557184750733138,0.011010266329415265,0.022727272727272728,0.007549543881723813,0.09004862964750979,0.07345273180684653,0.031818181818181815,0.06955460646735814,0.5929855001802979,8
0.04059462550028588,0.038550057537399304,0.0,0.01348973607038123,0.01234935277488469,0.02406417112299465,0.008493236866939289,0.0903647359425538,0.07798685105418272,0.024545454545454547,0.05735204392922514,0.6122097346556987,5
0.03602058319039451,0.03912543153049482,0.0009090909090909091,0.021700879765395895,0.01532510043148341,0.0427807486631016,0.016986473733878578,0.09019988967980877,0.07957379279075039,0.030000000000000002,0.06894447834045149,0.5584335309651496,6
0.04173813607775872,0.04228998849252013,0.0,0.012903225806451615,0.011902990626394883,0.02406417112299465,0.008807801195344448,0.0903620186964646,0.0773067331670823,0.02727272727272727,0.05735204392922514,0.6060001636130362,5
0.040022870211549454,0.03222094361334867,0.015454545454545455,0.009970674486803518,0.009671179883945842,0.020053475935828877,0.007549543881723813,0.09013467577366789,0.07798685105418272,0.03090909090909091,0.06436851738865162,0.6016576314066613,7
0.03773584905660377,0.050632911392405056,0.0036363636363636364,0.012903225806451615,0.009819967266775777,0.016042780748663103,0.0062912865681031774,0.09024517711462884,0.08002720471548401,0.025454545454545455,0.06040268456375839,0.6068080036762171,5
0.03773584905660377,0.049194476409666274,0.0018181818181818182,0.01407624633431085,0.009224817735456033,0.020053475935828877,0.007234979553318654,0.09023702537636123,0.08025391067785083,0.02727272727272727,0.06711409395973154,0.5957842158699629,6
0.03945111492281304,0.036248561565017254,0.030000000000000002,0.03929618768328446,0.03496503496503496,0.08823529411764706,0.036174897766593266,0.09038194516778542,0.0729993198821129,0.025454545454545455,0.057962172056131786,0.44883092641903444,5
0.044596912521440824,0.034522439585730716,0.023636363636363636,0.011730205278592375,0.011902990626394883,0.04144385026737968,0.04120792702107581,0.09023249663287922,0.07277261391974608,0.023636363636363636,0.06040268456375839,0.5439151523102748,5
0.044596912521440824,0.034522439585730716,0.023636363636363636,0.011730205278592375,0.011902990626394883,0.04144385026737968,0.04120792702107581,0.09023249663287922,0.07277261391974608,0.023636363636363636,0.06040268456375839,0.5439151523102748,5
0.044596912521440824,0.034522439585730716,0.023636363636363636,0.011730205278592375,0.011902990626394883,0.04144385026737968,0.04120792702107581,0.09023249663287922,0.07277261391974608,0.023636363636363636,0.06040268456375839,0.5439151523102748,5
0.0411663807890223,0.03998849252013808,0.011818181818181818,0.011730205278592375,0.011307841095075138,0.016042780748663103,0.0062912865681031774,0.09016365973195273,0.07458626161868058,0.024545454545454547,0.061622940817571685,0.6107365144685645,5
0.0411663807890223,0.03998849252013808,0.011818181818181818,0.011730205278592375,0.011307841095075138,0.016042780748663103,0.0062912865681031774,0.09016365973195273,0.07458626161868058,0.024545454545454547,0.061622940817571685,0.6107365144685645,5
0.038307604345340196,0.038550057537399304,0.0018181818181818182,0.011143695014662756,0.009076030352626097,0.034759358288770054,0.013211701793016672,0.09011203205625787,0.07685332124234867,0.03727272727272727,0.06650396583282489,0.5823913244458444,6
0.038307604345340196,0.009205983889528192,0.05818181818181818,0.012316715542521995,0.008778455586966225,0.03208556149732621,0.01635734507706826,0.09011656079973987,0.07571979143051462,0.03227272727272727,0.06833435021354484,0.5583230861629042,6
0.0411663807890223,0.03998849252013808,0.011818181818181818,0.011730205278592375,0.011307841095075138,0.016042780748663103,0.0062912865681031774,0.09016365973195273,0.07458626161868058,0.024545454545454547,0.061622940817571685,0.6107365144685645,5
0.040022870211549454,0.03222094361334867,0.011818181818181818,0.0093841642228739,0.011456628477905073,0.03342245989304813,0.013211701793016672,0.09023883687375403,0.07571979143051462,0.026818181818181817,0.05613178767541183,0.599554452172214,5
0.03544882790165809,0.029344073647871113,0.012727272727272728,0.011143695014662756,0.008332093438476402,0.020053475935828877,0.0106951871657754,0.09002779742749255,0.07889367490364997,0.025909090909090906,0.0701647345942648,0.6072600763339564,6
0.03659233847913093,0.02071346375143843,0.04818181818181819,0.012903225806451615,0.03422109805088529,0.02540106951871658,0.01100975149418056,0.08997707550049408,0.07639990931761506,0.042272727272727274,0.07565588773642465,0.5266716348901173,6
0.03659233847913093,0.021864211737629455,0.012727272727272728,0.012903225806451615,0.005653920547537569,0.020053475935828877,0.007864108210128971,0.09013467577366789,0.07798685105418272,0.029545454545454545,0.06772422208663818,0.6169502430960765,6
0.04173813607775872,0.03970080552359032,0.02909090909090909,0.012903225806451615,0.010266329415265587,0.04679144385026738,0.03271469015413652,0.09024155411984323,0.07549308546814781,0.023181818181818182,0.057962172056131786,0.5399158302556797,5
0.03430531732418525,0.03337169159953969,0.018181818181818184,0.01407624633431085,0.0111590537122452,0.020053475935828877,0.015728216420257943,0.09009210558493705,0.08116073452731808,0.030454545454545456,0.0762660158633313,0.5751507790616821,6
0.04288164665523156,0.029919447640966625,0.03636363636363637,0.012903225806451615,0.00892724296979616,0.016042780748663103,0.0062912865681031774,0.09009844582581185,0.07390614373158014,0.02909090909090909,0.07199511897498474,0.5815801156238656,6
0.045740423098913664,0.017261219792865358,0.057272727272727274,0.0093841642228739,0.012051778009224818,0.0213903743315508,0.009122365523749607,0.09020170117720158,0.07481296758104738,0.035454545454545454,0.06589383770591825,0.561413895829382,6
0.03544882790165809,0.040276179516685835,0.013636363636363636,0.029912023460410556,0.011307841095075138,0.017379679144385027,0.008493236866939289,0.09023249663287922,0.08025391067785083,0.02727272727272727,0.0726052471018914,0.5731814666931337,6
0.03887935963407661,0.038550057537399304,0.013636363636363636,0.010557184750733138,0.01755691117393245,0.017379679144385027,0.0062912865681031774,0.09015822523977432,0.0775334391294491,0.030454545454545456,0.06894447834045149,0.5900584693907862,6
0.04230989136649514,0.020138089758342918,0.030000000000000002,0.01407624633431085,0.01011754203243565,0.012032085561497326,0.00817867253853413,0.09009482283102624,0.07617320335524824,0.02727272727272727,0.0726052471018914,0.5970014718474909,6
0.03487707261292167,0.041139240506329104,0.009090909090909092,0.015249266862170088,0.00788573128998661,0.017379679144385027,0.008493236866939289,0.08999700197181491,0.08093402856495126,0.022727272727272728,0.0726052471018914,0.5996213132604289,5
0.03544882790165809,0.026467203682393553,0.026363636363636363,0.012316715542521995,0.011010266329415265,0.0427807486631016,0.030827304183705568,0.09019264369023756,0.07549308546814781,0.028181818181818183,0.05979255643685174,0.5611251935565122,5
0.038307604345340196,0.018411967779056383,0.04,0.01407624633431085,0.009076030352626097,0.03208556149732621,0.0106951871657754,0.09010750331277585,0.07458626161868058,0.03636363636363637,0.07077486272117144,0.5655151385093007,7
0.04288164665523156,0.01783659378596087,0.03727272727272727,0.01407624633431085,0.009671179883945842,0.045454545454545456,0.01887385970430953,0.09011474930234707,0.07571979143051462,0.038636363636363635,0.06955460646735814,0.5399076900723851,6
0.0331618067467124,0.03509781357882623,0.01,0.010557184750733138,0.009819967266775777,0.02406417112299465,0.008807801195344448,0.09010659756407946,0.08048061664021763,0.030000000000000002,0.06650396583282489,0.6014000753014913,6
0.03602058319039451,0.03164556962025316,0.013636363636363636,0.010557184750733138,0.011456628477905073,0.034759358288770054,0.01100975149418056,0.08995352603438765,0.075266379505781,0.03727272727272727,0.07077486272117144,0.5776470650073324,6
0.030874785591766724,0.042577675489067886,0.00818181818181818,0.009970674486803518,0.013242077071864306,0.0213903743315508,0.00817867253853413,0.09003323191967096,0.08320108818861936,0.025454545454545455,0.07077486272117144,0.5961201940245873,6
0.03602058319039451,0.029344073647871113,0.011818181818181818,0.01348973607038123,0.011307841095075138,0.03877005347593583,0.012582573136206355,0.09018902069545195,0.0775334391294491,0.03409090909090909,0.06711409395973154,0.5777394946904123,6
0.03887935963407661,0.03567318757192174,0.007272727272727273,0.011143695014662756,0.01011754203243565,0.0374331550802139,0.011953444479396037,0.09025876334507486,0.0775334391294491,0.03727272727272727,0.057962172056131786,0.584499787111183,6
0.03544882790165809,0.034522439585730716,0.007272727272727273,0.011730205278592375,0.013390864454694241,0.0427807486631016,0.01384083044982699,0.09011293780495426,0.07821355701654954,0.026363636363636363,0.06406345332519829,0.5822597718833302,5
0.033733562035448826,0.03164556962025316,0.009090909090909092,0.012903225806451615,0.009224817735456033,0.05213903743315508,0.016042780748663103,0.0901328642762751,0.0798004987531172,0.034545454545454546,0.06833435021354484,0.5624069297412714,6
0.033733562035448826,0.03711162255466052,0.010909090909090908,0.011730205278592375,0.0111590537122452,0.0427807486631016,0.01384083044982699,0.09016456548064913,0.08093402856495126,0.03227272727272727,0.06223306894447833,0.5731304961342276,5
