compactness,circularity,distance_circularity,radius_ratio,pr.axis_aspect_ratio,max.length_aspect_ratio,scatter_ratio,elongatedness,pr.axis_rectangularity,max.length_rectangularity,scaled_variance,scaled_variance.1,scaled_radius_of_gyration,scaled_radius_of_gyration.1,skewness_about,skewness_about.1,skewness_about.2,hollows_ratio,class
0.07163671335707487,0.08641491643130583,0.08945544126343338,0.04840241613978424,0.041149960283843,0.022609185793252717,0.048949625930167544,0.06847353381285692,0.03744646387177786,0.08773171515559565,0.03626394396476757,0.03502187269553376,0.0706537052856198,0.02167953177830754,0.0408506878465044,0.0584530166914319,0.05492148027537419,0.07988578942336876,van
0.06900283151674752,0.054258636785891344,0.10776368122030941,0.028491707828299004,0.019378084679751547,0.023290264004025094,0.04264445149855284,0.09572773762319081,0.029390095006513912,0.06297877481242625,0.03712433048813846,0.030870171724580182,0.054343949107604456,0.030163518554676354,0.07213932385040239,0.06021385299913472,0.07641424673479127,0.1058043415649645,van
0.07840858413064135,0.0760738372121016,0.10665253643686522,0.05334743789477277,0.024292485911630822,0.01756199580548996,0.07224235983434549,0.019945409506159188,0.058174110836630225,0.0664846980823848,0.05694939271620323,0.06291732370111365,0.08122423017862877,0.02143256722382054,0.07403977739670714,0.0255398536033013,0.04653928869257387,0.058174110836630225,car
0.0749386417338611,0.05303350035434505,0.10054267760070763,0.04139623666812319,0.03030485741920812,0.022764379967456713,0.03604891532874162,0.09849078622461889,0.028726479437601395,0.06155674145502137,0.02721455947627282,0.025833164979231632,0.01951232571101416,0.009071519940330184,0.04700696624275571,0.042038750316616205,0.1321418047924744,0.14937769235161985,van
0.035037327628830585,0.05682335818632109,0.05596239821583606,0.05923705382410005,0.08265215730087169,0.1267073165453127,0.032480137060058346,0.07291101020624115,0.022384959366920285,0.04988648070984175,0.07846517302335504,0.02270704511127438,0.0667325201107713,0.1201718865409557,0.054944900068899225,0.03603432475265841,0.01790796752039823,0.008953983827353932,bus
0.08264740728096172,0.060925973357726315,0.07260345155426241,0.04772978003595248,0.03133335780377147,0.011955285465443671,0.042449076910351206,0.07241487116102642,0.026401255211445682,0.05657411812920353,0.03835129697229451,0.033618864506520844,0.06276524802034725,0.01459016742456018,0.0936044498919064,0.0038635984588521366,0.12672602441299072,0.12144577340238297,bus
0.07156543889194962,0.07447986852219719,0.06992832101323027,0.04481801703065257,0.0383039324769017,0.025576105921564667,0.03164177432015562,0.12172138500487717,0.016137304998166752,0.0774590632553392,0.0326143425354125,0.02252256948916347,0.06698503900485886,0.020383964157250686,0.026406498964678855,0.01416934099761562,0.10973367286437742,0.13555336055160783,van
0.06500285769535236,0.008846542961979734,0.0702808674895468,0.036158794977274734,0.03538617115788874,0.02169906730842625,0.01503334082028534,0.1840080890549789,2.3001011103121106e-10,0.029572728791165813,0.013316375079185478,0.010755868731469623,0.004339813645693337,0.015132244376800308,0.02091001032375657,0.07854003814310657,0.1840080890549791,0.20700910015810012,van
0.06411098333943295,0.02617549037341001,0.09452260353386133,0.03863456646936895,0.034900653755595326,0.029961882029830075,0.03113685778680951,0.15555719881210017,0.018904520888255696,0.038889299873165695,0.02746130392446892,0.022304614532392603,0.025681613200833522,0.020894470431561066,0.020623113675655794,0.05533030460168766,0.13611254898894456,0.15879797378262617,van
0.08303921187961684,0.008642090125432845,0.08113962207051727,0.031398335584582826,0.019753348569239573,0.016958063426143546,0.016154495071826497,0.17975547016005589,2.24694337419202e-10,2.24694337419202e-10,0.02128683219072399,0.010776707055351508,0.01271854762578124,0.017739026863052395,0.0510668950926948,0.1424890922466273,0.14979622517082905,0.15728603641813577,car
0.05645560392967615,0.08656525926650044,0.08175607820575766,0.05065390724086664,0.03995319667776279,0.01306645437590334,0.04526288074482721,0.08409196614954699,0.02885508653758717,0.07419879368173332,0.045560662853851526,0.03425244082158624,0.09037630840897586,0.027336397781563115,0.03934784521557139,0.04644965139396317,0.07502322472071783,0.08079424199360914,bus
0.06236279650583889,0.06206297536965356,0.11205814982855511,0.031317561653322605,0.02167278516640307,0.02706310047194501,0.04687399741820005,0.09220784903354295,0.029882173419096273,0.06659455768514018,0.04057684594702582,0.034611726018201804,0.05863671748003897,0.030668546399091078,0.06519746906613644,0.056849012684284536,0.06574078130686022,0.09562295454666332,van
0.06515107440867332,0.0878226936587332,0.07730226683129313,0.06169640110074651,0.037638297363863885,0.008078030914232705,0.057830956820745516,0.04485230433125134,0.04757062579722345,0.07339467972395823,0.049573599508992316,0.048083977872631835,0.08706322068021416,0.022533454400112077,0.03892142113276678,0.006961555116542836,0.09989831401718616,0.08562712632083261,bus
0.06158891008013494,0.10422738620418216,0.10778059254785279,0.05217575790330744,0.02436484362263338,0.016268768791053285,0.07406770882958377,0.02111619782270597,0.06158891008013494,0.08446479092129044,0.0628855187108077,0.06498590031756901,0.10613434809931777,0.024311411948292467,0.0335939510087908,0.006008674265319978,0.04105927342781598,0.053377055419207356,car
0.11506559883834253,0.038170799835714954,0.05054096634193304,0.007223004603939063,0.018176571523623803,0.02496706415791893,0.012973082515485963,0.293006327958914,3.3081359570914567e-10,0.05198499394225073,0.012187869646413699,0.00872649805935221,0.03328941876695403,0.09140902019781437,0.030073963577099565,0.11296074032905846,0.0551355996156713,0.04410847975869982,van
0.08847914629343073,0.04816616255058706,0.0804441810993755,0.0635730245390759,0.03784484203757698,0.011814341875834583,0.06650393352740562,0.04472572237958368,0.05218000941675766,0.046962008490735854,0.05932043173657688,0.05649706054260298,0.04135019617407096,0.026776583855862218,0.028461823389385996,0.03818049473718706,0.11479602052901877,0.09392401682493166,bus
0.07995093848944564,0.09582209250846475,0.09886406369544341,0.04248132700054852,0.018251827240508854,0.01790745314386976,0.08064205982050261,0.016948125303232277,0.06920484462240148,0.09321468863391164,0.05931843826472079,0.07140972661584104,0.08282197036033898,0.023415173071038423,0.026962926548675027,0.03182940595312094,0.035591063006287324,0.05536387572164856,car
0.048650145787497746,0.10954788046963235,0.0988973921104198,0.043532127296122734,0.0380064076427352,0.015354420079030132,0.055847939162678294,0.09881665954559778,0.03390767742869422,0.07847205321044887,0.048184594155114474,0.04146982127029631,0.09596512442584647,0.04283075038270688,2.034460633514889e-10,0.014886297521847692,0.06103381920889288,0.07459689009899209,bus
0.08240819852388208,0.05301786211029769,0.062222352000172974,0.025582855039410095,0.045443881858057485,0.01950657212632915,0.02477632136583332,0.2855390558540728,3.4461610147693056e-10,0.03446161049230911,0.019951458851175222,0.015288724271050661,0.05201752509585089,0.10429171526526616,0.10965057808727582,0.008405271112346116,0.034461610492309336,0.022974407109744722,van
0.07568121288304748,0.06376072882867903,0.05525929834029221,0.04995054480387601,0.040078172468172905,0.015639424177432894,0.04117359488404347,0.08052069179149875,0.027629649253035068,0.056838135430992615,0.03402809430482092,0.03180391278420341,0.0708987223519472,0.019631592938302706,0.06781822974359093,0.004043363446839919,0.12709638596716083,0.13814824560206365,bus
0.06927287886041224,0.05252558952061406,0.09483786978442224,0.043733096407520405,0.0350170597562797,0.021472725410285158,0.04611723875719757,0.13006336419123787,0.01896757413897319,0.05852851401124304,0.040730369468851974,0.03356851232973405,0.04580848061731599,0.02994880114028815,0.01034594963380849,0.01110297032206685,0.12139247326032959,0.13656653238941915,bus
0.06874282394924827,0.0935553224905809,0.10979756595741404,0.06107650970310386,0.02539358762176793,0.02065277883326003,0.07313213447016764,0.020849471963847056,0.06081095966144525,0.0816604315036704,0.05825049820713691,0.06401921172349827,0.08796553907859908,0.014402595802106384,1.2162191907964668e-10,0.01779832974303363,0.06081095966144525,0.08108127950805306,car
0.04954890696068909,0.08766345063049798,0.10552082016468624,0.04147106480883438,0.03548282536825959,0.02508608191978341,0.04344974959130461,0.10310891570812053,0.03165624618236212,0.08140177559902939,0.038987166306923594,0.03188398895928602,0.07764739602041297,0.029990127972234482,0.008633521824235102,0.01853048564891775,0.07597499057175666,0.11396248576266607,van
0.07308582158193956,0.03879170545893616,0.06537120711711092,0.022021492327270725,0.03694448140547233,0.025373191108302395,0.035157624151141265,0.25935025744252327,0.02801623181373032,0.03361947810923732,0.02300280091775023,0.021768007527373436,0.0634329772664638,0.10174315675461316,0.09168948517176548,0.02459961821890887,0.033619478109237544,0.02241298551822309,car
0.08186492182908876,0.08945872678486147,0.0892220634867818,0.047882462672443026,0.02190825970441631,0.01880803429021944,0.07673459417046212,0.015822632039511335,0.07383894911160536,0.07753089656164772,0.057710968145630905,0.06799557904679014,0.07453554297010394,0.018945519920186258,0.005034473906270716,0.0756398990872358,0.040611422061224305,0.06645505421152065,car
0.09178945097445954,0.06719864319272183,0.09099816260524518,0.05658575706373634,0.02719945090276661,0.010988457499214949,0.07612918181118503,0.029119412132684454,0.06066544178536249,0.05823882411977189,0.06666812758971821,0.06738664898861707,0.04944805823687755,0.03256776355220797,0.03970828921889806,0.024858034768720453,0.09221147143804055,0.058238824119771916,bus
0.03597069046143209,0.04545746590540217,0.0755099015421454,0.025805548432767635,0.020780555970789504,0.022299889055145,0.0525286272316947,0.1350736125100482,0.03939647048286575,0.040522083918479605,0.0472757645321631,0.03684561989136658,0.07284630371101498,0.07464594386130138,0.09670042720502853,0.11530674242121856,0.031517176433568446,0.031517176433568446,car
0.061861525769511025,0.0684045717455519,0.11115742897536439,0.04349216445845067,0.03322507779644903,0.0302012638511383,0.04998451717960913,0.08638520198620445,0.0296419811905219,0.08384446075654702,0.04025069018453009,0.03667928603525649,0.07270674605798584,0.030422033322434254,0.040420883376947346,0.03904065809697823,0.05335556600065802,0.08892594321586189,van
0.056419390366983464,0.05989135284045813,0.08891277990461824,0.03551054503454789,0.020914440787045675,0.019587109221489978,0.03166369279603716,0.10381167812991315,0.014418288778143617,0.059320959005530145,0.03187200656329386,0.022612855683214136,0.05332046369385585,0.011382859598117455,0.0786452107464238,0.046419856170004464,0.1268809398981118,0.13841557078221106,car
0.09282652928060149,0.016423155356141854,0.07709758963312054,0.04661594275811479,0.02815398045802818,0.016113284504393924,0.04186294469474239,0.12200058127311873,0.017791751618028633,0.030500145478405433,0.035958066210019915,0.03071957098390835,0.014770510813486178,0.01404611974339121,0.04852295858948534,0.06769544458194744,0.14945071201153276,0.14945071201153276,car
0.06720377004462498,0.063695880954652,0.10273909680547674,0.05689052774654773,0.025478352448104518,0.016665085916196296,0.0692744744403572,0.018926776132696374,0.06440361296403253,0.056780328177276726,0.059270693443367564,0.06049835791946526,0.06596596475832535,0.015979843901155585,0.025092316806624246,0.10232769161303201,0.05152289039330728,0.0772843355347578,car
0.05262003406128973,0.03324892268479254,0.10805899833656338,0.05511480796990984,0.026599138182412916,0.019572950783672174,0.05876149459915098,0.06915775899764254,0.043223599438361994,0.02716911971118829,0.05095834878060355,0.04519302002839528,0.0228351092188018,0.00909970528141388,0.007858836402979415,0.10542341301549828,0.12678922468493267,0.13831551782239065,car
0.04674456678873971,0.10108013132528616,0.10618518845086036,0.014606259752786665,0.013127289990393235,0.022539309057489628,0.062461875657707076,0.12287143231273721,0.039819445818395575,0.09897976496504993,0.05532807199145574,0.04468944995401527,0.10217820021644738,0.07230373037007572,0.021719697827723337,0.011654472115837323,0.03185555670249988,0.03185555670249988,bus
0.040595396469051956,0.0633729039285157,0.07017962322755796,0.09689504839387879,0.09536113157032024,0.09741092899841736,0.029435954563311075,0.05649241722820303,0.018307727879684186,0.05963088484588952,0.08209570568827697,0.021337064129369566,0.06286804641381771,0.08527546893251195,1.0984636661902686e-10,0.04018769521436839,0.032953910095554505,0.0476000923114247,van
0.08742339993763786,0.09374070854903419,0.09816735311365056,0.038314979636200175,0.009374070964580039,0.018394403284930486,0.08283492678430444,0.017408988829766145,0.0710867040124678,0.09226764027375002,0.06734529854454122,0.07408213552276048,0.08354124782079479,0.024051892415676592,0.005539223801650313,0.02675039740473862,0.04468307113881461,0.06499355796470163,car
0.03529954688402332,0.0936795663949921,0.07893370875365567,0.05761225160927273,0.05799211260755603,0.015318671404183167,0.05173806126980682,0.10438580253122293,0.03382873243897953,0.08118895756938951,0.04593585766028731,0.03699257070565644,0.09829480707740816,0.04273103039582349,0.06458212538080417,2.0297239341604274e-10,0.047360225333382376,0.05412597178058378,bus
0.06349491081978154,0.07659351127619464,0.11801074322782854,0.0637721811721266,0.029178480568355442,0.017534615262453566,0.08069852298453548,0.022759214872524896,0.06638104312373697,0.06258784066710982,0.06777853876565222,0.0706790962670375,0.07765329570711008,0.026203043418673216,0.030173201492296128,0.02914289705562911,0.044254028793412094,0.053104834525542044,car
0.10023321729697442,0.04728951806657419,0.04696111863769092,0.001342279195743224,0.016889113792807716,0.01739897382255641,0.014063222908971735,0.2722525096924464,3.073818654347504e-10,0.04391169536948904,0.008088996766191075,0.008476958227045243,0.030931508778803275,0.10920145250130633,0.11177522410183655,0.11995389901362591,0.030738186850857063,0.02049212466969848,van
0.07657174108572304,0.10321758499491529,0.10948948685073391,0.024170493557937694,0.012902198271126906,0.02848221107523057,0.05042819929081491,0.08146816533490092,0.04193214400377319,0.10542939038406925,0.04237353499152102,0.036602638911901804,0.08122704608912314,0.03531127918755561,0.03812013092776913,0.020454704477994235,0.03913666774803688,0.0726823828168726,van
0.08296936316136314,0.029358390165018317,0.09541476760694313,0.06583202312421797,0.033552445875616746,0.021603343756742048,0.0648570969965538,0.0763318141237204,0.04770738389888634,0.043618179581052866,0.061266324531702485,0.0505675387974509,0.03600557280068371,0.02008731964685345,0.03469627925123448,0.03258065247925857,0.10177575210135086,0.10177575210135069,car
0.10189089951275494,0.08229649577989646,0.09339999122851625,0.05161285744538534,0.02015424394140246,0.01922469810394072,0.06726131278487955,0.01455584287487147,0.0594363580915616,0.07132362968949571,0.049872914024050655,0.05998612913154826,0.07882126191029516,0.009384688205523108,0.09262809047540367,0.002485143989960754,0.05434181312101846,0.07132362968949574,car
0.0761007294188893,0.0875158388054679,0.10210181191054059,0.031337549378943334,0.021157675448323955,0.02972236046461379,0.053767901032946756,0.08501538627316971,0.0437579194902498,0.10501900653155513,0.04606096787526127,0.03924571198292514,0.08806625288490459,0.04145487110523831,0.015911970835110992,0.017076261371214357,0.04084072486923526,0.0758470603214098,van
0.0841173568888333,0.08267945335594669,0.08956940778436169,0.027222841991516377,0.018898160932904893,0.024335839252689027,0.025290185881619298,0.15354755604821532,0.017913881728845633,0.08598663148158593,0.03281068846143972,0.017785004883422016,0.06354357992457518,0.03111358389696699,0.009771208313446045,0.04194469839380527,0.10031773669268915,0.09315218408713756,van
0.05858473398410751,0.07773743540549316,0.08109646038244643,0.01765216891194494,0.01727498582033444,0.016949042695886155,0.05284113263513369,0.1283284646502178,0.03742913568205404,0.07378886726931953,0.0496428535681788,0.035813489547198804,0.09180731361084456,0.08569302087722461,0.061247676427722615,0.07668408262526394,0.029943308590558274,0.0074858273160706285,bus
0.05717226185653442,0.08850705913012437,0.09359972720553485,0.030864283359539665,0.030706530825958426,0.027911929811252286,0.04726987666148636,0.08453327280921297,0.04109256325561325,0.10566659097042362,0.03460426382015382,0.03311055459760202,0.08166823876080286,0.036767030298640306,0.04482825080936261,0.05211739725570284,0.04383206746169611,0.06574810111035911,van
0.06188526011938815,0.07299287088166144,0.08566524427115972,0.0497244011750403,0.02085510607915414,0.020887897126199744,0.05271707345846416,0.06326048811852675,0.03953780513338593,0.06777909440141074,0.04494824160368121,0.04171854737422622,0.06962632338497962,0.006242811470030386,1.5815121990093884e-10,0.038573468426672884,0.12124926874887097,0.14233609806899622,car
0.034112246412851085,0.0603524357197883,0.10025210134928121,0.015074931777678354,0.013794842692336797,0.02368548439767941,0.06153581680617959,0.18829959878041422,0.05230544433232758,0.053799885589998785,0.05285602795357486,0.043274288530573045,0.07303024290569345,0.07432878918222013,0.02853024250573897,0.030617821202707722,0.05230544433232765,0.04184435552862871,car
0.07938038642407166,0.03695847961188882,0.08274592911518967,0.05874622948813398,0.04012634927643495,0.018130575001850564,0.052756417873644955,0.09334655964080973,0.03203068235592821,0.041182305831283635,0.05158625672958248,0.0394046523504592,0.025382804925717147,0.027816118913330287,0.0349425625526322,0.11249800584045606,0.0832797738179188,0.0896859102506676,car
0.06374718308213918,0.09924946036409862,0.09937477533915771,0.06351335062060874,0.029645942788418037,0.015491768354789066,0.07513001339978326,0.016756402496625324,0.0684219764995611,0.08378201201394737,0.06543816098815397,0.0670858844633195,0.10032764203630519,0.02006358717675635,0.005331582692536344,0.017165095237584613,0.046917926779420305,0.06255723566679539,car
0.09706443247743625,0.055198729527101614,0.04872480447781067,0.04944049235386423,0.03504681245637641,0.012034943250101189,0.03856294689270072,0.07745345533564163,0.026577166151289015,0.04783889894474978,0.03273187827571186,0.030018813545913948,0.05616306791577455,0.01258918405032795,0.0507382261438581,0.04278275517069511,0.1382012633169583,0.14883212971368867,bus
0.0653362953281396,0.09495302255734904,0.0954117328107307,0.03796678675623184,0.007077244016655775,0.008100996280267753,0.10172574453374933,1.0733819929131659e-10,0.0983933494577117,0.07667014245827859,0.08191599430334295,0.09935862103407249,0.08168504485104452,0.03389627356775396,0.024395045400819243,0.06806812648719748,0.01431176001284712,0.010733820036469818,bus
0.08958659925419762,0.022642766991106372,0.07086347405425356,0.04027578043398119,0.030190355922729444,0.02221554497610888,0.026934533246343026,0.13456272857717366,0.016353109548087243,0.04765763316448561,0.02478787121377821,0.019059019728609138,0.01234196951838818,0.007746209889218847,0.08027890065077321,0.01435882791981284,0.16353109371473645,0.17661358119621634,van
0.07819495320170768,0.06340808707972624,0.1165684023845521,0.05955678207763516,0.026351412899942268,0.01979463449161151,0.07150834773921425,0.04282104586873512,0.06244735848987999,0.055667359584393554,0.05679422920857414,0.05894311823770697,0.052785691727841255,0.013804153046085576,0.027249756516421874,0.029243641128608326,0.07493683015788123,0.0899241961594827,car
0.06231804270059332,0.09647312369791491,0.10948933877584158,0.02268893814957547,0.01575071422304202,0.030424138862975198,0.05269540378184327,0.09214167733584858,0.044791093241441426,0.10749862352862927,0.036775845009244475,0.03652031586543343,0.0754969369130653,0.03536138943885677,0.040719175690325335,0.03932876481921251,0.035832874628986044,0.06569360333717081,van
0.0892453143283409,0.09287973888883129,0.10565070296944332,0.061689992551425425,0.025210214929224588,0.02050364056577432,0.07654990246489952,0.020698913331917465,0.07043380201987678,0.07762092466264542,0.05846535147160303,0.06790021202350506,0.07821759144808285,0.01112112673639625,1.2074366039851391e-10,0.0029449674475366823,0.060371830320000604,0.08049577371975296,car
0.06865554284421563,0.060733749469480645,0.1023476146663907,0.01723883737413842,0.014460416740870327,0.014896957615668529,0.027522047833790964,0.20302424760995755,0.021931631921010573,0.06391504109457266,0.024932802568924235,0.017987093853055323,0.05462217722230572,0.05540622760927883,0.09570166567916921,0.051352113413222794,0.05263591624197392,0.05263591624197392,van
0.0817838021427602,0.08199350419921497,0.10101814076536116,0.059141474422670606,0.022048673489788565,0.016562505942753655,0.06638920411596333,0.028663275499104576,0.052250762525380814,0.07703255269222795,0.05544080907190583,0.05758861019501895,0.05994049736915128,0.008250120504345876,0.028500415979935818,0.015292906193688359,0.09196134194936482,0.09614140294136313,car
0.02080011226641792,0.04600024799169964,0.07641152289474022,0.032380960665850785,0.03154302726948587,0.013539695804087596,0.02814132827602379,0.1776923858431378,0.01993344093195061,0.04100593537857121,0.018884312474437434,0.018069162306009995,0.045132318788822304,0.06294770768998853,0.14134621606051442,0.12251773327756275,0.055813634178899306,0.04784025790179962,car
0.1118590269378372,0.06023178383901297,0.09321585581881735,0.015630955921760916,0.007375320666407227,0.02532657230993371,0.03655523771199228,0.15340666543165288,0.018643171342737946,0.07350736063585349,0.03767883027478976,0.02280100087287903,0.04221095370074414,0.06181683077625758,0.10169002450928093,0.07093499277413508,0.05220087935697367,0.014914537118933887,van
0.04903044751675177,0.07807155860462327,0.08144502100371948,0.051214336435399604,0.049569243640831,0.021277364144367775,0.05601648510464989,0.12243603146130864,0.03759000981546904,0.08377202159738172,0.05223032933996766,0.040294327052154556,0.07092454662163243,0.056385014610433486,0.04100728341455347,0.01100195425186073,0.045108011733454856,0.05262601365144062,bus
0.06706460107730462,0.07119165344180034,0.09854770539951699,0.06533673581334813,0.0372908661620138,0.014551753184723,0.07258756821214449,0.03966392127159885,0.0642702427055106,0.05949588183027395,0.05926392907520176,0.06269816483015599,0.07178864843792236,0.026384626043714034,1.5424858212302883e-10,0.015048642312592857,0.09254914942806595,0.08226591061986394,bus
0.06865437418364023,0.06073271564676421,0.09594925550803828,0.03361516038606815,0.01952123016325439,0.018620879934220416,0.04386251691082451,0.11278932888909238,0.032896887732463735,0.05357493132594407,0.04155396339959066,0.03147687819857527,0.058345423372810463,0.04415108609972875,0.16149381173324034,0.024070893515734295,0.052635020253513146,0.046055642746496685,car
0.0600332711107564,0.09346718511399767,0.09358519923647689,0.055471791130821284,0.026704910111471643,0.018757565539987406,0.0815824687796205,0.012624139383666137,0.07364081253748993,0.09468104465949814,0.058718858440434125,0.07470039257241123,0.07433553718302796,0.021801556421094718,0.03012578701242752,0.03771846501211009,0.04050244694532708,0.05154856880938135,car
0.05185212996969725,0.07762478619480095,0.09683496051073467,0.04807251553784983,0.042340792553289944,0.024232780722174878,0.035975836837566395,0.10484386700396654,0.015289730761464887,0.07601180362833188,0.03669535357064818,0.026619531117815752,0.0715443998691569,0.026555848029456087,0.008339853226015726,0.04922547423943844,0.08562249142021011,0.12231784480738156,van
0.07275142980345826,0.08237700357512782,0.08180494105123012,0.06722359191589944,0.039717483935901216,0.012628550189716965,0.06824369416118525,0.03059717284061827,0.05577609621388595,0.06884363872406278,0.05495413269270666,0.06002952512358556,0.08419033383955819,0.0264202561717684,0.024338660241509165,0.022854595600799013,0.0847796661754981,0.06246922774348875,bus
0.0529044468836084,0.10140018976729924,0.09576684589697153,0.05446385743286563,0.02562861946750655,0.017218900233345314,0.07422758992218906,0.011588593206074362,0.06760012654533289,0.09850304149113069,0.05070009493434971,0.06662746285549215,0.06951333767110458,0.01467634334251716,0.04609099540408159,0.061829384044021565,0.03380006332336661,0.05746010757874297,car
0.06591433873183229,0.03682663466553561,0.11303730885146727,0.060627254346239244,0.026304739092406042,0.018065896332314015,0.06675328972157198,0.05015436905816645,0.053194027779292795,0.04331513693563221,0.05543377631064899,0.05395940947166271,0.04215375789595658,0.01679811414475388,0.02176119327673645,0.08952165639763178,0.0851104443511193,0.10106865263703245,car
3.578537852098291e-10,0.05505442885167361,0.0646124893540729,0.010938762351167345,0.0275272146047637,0.027007833203878628,0.03274479116136756,0.296507422388855,0.029821149125339598,0.051121969673543634,0.009417205231796646,0.01845049527874425,0.08552480437026576,0.10829785640819684,0.01626608150375511,0.13092211689803518,3.578537852098291e-10,0.03578537887883657,car
0.05663969229218446,0.05636738608002413,0.11082106445063805,0.030576777191181116,0.02505217168158802,0.02765192532976007,0.04150800983606034,0.08374583066837114,0.02713985264148377,0.06280937304198811,0.034281919083232346,0.0300686137003303,0.055303850496681024,0.027854059285658615,0.08141955759877305,0.09134877192022842,0.059707675615857415,0.09770346908595978,van
0.07740234288081727,0.09781614756310025,0.11126586783554189,0.05497352927565611,0.022357976683947112,0.016794848083143014,0.06898276031237567,0.029065369650982935,0.05298374665496143,0.07992976631767132,0.05354147030262246,0.05900635956963226,0.08077522124878882,0.015058538614009524,0.028900225505961226,0.015507438135297702,0.0635804959605215,0.07205789540496954,car
0.07460807685386683,0.043999635145886604,0.11386942583866896,0.054951509348714705,0.027237869448659385,0.02158472677247188,0.07477062168319842,0.06537088640985136,0.06355502845931846,0.04358059100345592,0.06723453009592466,0.05966856989612741,0.05156351369164798,0.03261376469694772,1.9066508480596005e-10,0.046503679411630944,0.07626603411304916,0.08262153693991448,car
0.07729877118339364,0.0940220629778753,0.08642432053297497,0.008734086242408673,0.007326394722673548,0.020965468761227745,0.055195364454303855,0.12064129632947239,0.03703899464112299,0.09206835777775808,0.04795575089090078,0.03837133256985999,0.11181583243020074,0.08479980323390092,0.06060926381677961,0.027101703455567384,0.022223396873567485,0.007407799106011741,bus
0.06168025975485435,0.1013318551812626,0.08725798643423496,0.04867469036705619,0.04231440118273798,0.015295374539055998,0.05165937725057687,0.10422705103779399,0.03377728519553002,0.08106548418554285,0.04799929992936844,0.038637326201697825,0.10196916244527893,0.03733278887898962,0.018423973835136238,2.026637099571978e-10,0.06755457018839643,0.06079911318982301,bus
0.07149452440083617,0.08757021624950569,0.09135411447704338,0.05468358486706324,0.025020061875923275,0.007159829117680248,0.08019320457901201,0.018070044723303,0.07378601556347551,0.07408718297342236,0.06790532561135487,0.07386184908396572,0.08353133835703958,0.03162257817091252,0.028747798348692333,0.033936425344894654,0.06324515621533475,0.03373075004054068,bus
0.11641370258863858,0.029423243701964637,0.09916722816884051,0.02561149891771472,0.019615495886310258,0.024056740180191518,0.02500014174588524,0.1894296437802124,0.02125012052225271,0.051000288896404386,0.03355282172960864,0.017733913571556424,0.011226478886756808,0.023486975287226475,0.011590974946229387,0.01243909504558753,0.1615009142861109,0.12750072185850883,van
0.026183608153573047,0.05404565251363795,0.11152277481465538,0.025421348824524112,0.01764756013964613,0.01893782985216042,0.04592114268882338,0.1204445967837685,0.03345683258491532,0.048751384531966424,0.044374325257645855,0.03056847295462687,0.044188269387386306,0.044902591032132844,0.07299672540257587,0.14688365457028676,0.033456832584915365,0.08029639792275943,car
0.06498749918346212,0.05030282392941748,0.0934195299944847,0.06853485174877998,0.05954211808621761,0.017626326565640126,0.04640447250959115,0.09608865941756028,0.03113984345605429,0.04804432980219968,0.04326799293985387,0.03539636879501174,0.04582844877172182,0.031959313015770464,0.025478053770742415,0.036456402062993463,0.10587546730217091,0.09964749864832773,bus
0.08284335471973198,0.09903311632882413,0.09441157090495206,0.034181561266704394,0.0045272282733180794,0.007773165452040697,0.10030177585694589,1.0299444087486289e-10,0.09441157090495206,0.07798150533681916,0.08022724878446656,0.10052455030939537,0.09586903940789826,0.03252456037926693,0.042134089551801986,0.03265677403892658,0.01716574024880495,0.003433148132156525,bus
0.062413853451140276,0.05521225499671331,0.1096576729415246,0.02899246149724392,0.02169052885765441,0.02369960012459023,0.0433939455505322,0.097410192607058,0.029906638205462972,0.06921250532537904,0.03966564640342839,0.03141272789022671,0.05981327623148608,0.030693654995621458,0.03262542348055597,0.0787784613211593,0.07177593144189541,0.1136452246783278,van
0.08556735971012681,0.04658104802748803,0.08410466980572766,0.014543864548701938,0.02329052416513242,0.01713831031469887,0.01385253410326282,0.25952298048331085,3.0277681021062316e-10,0.06055536234490142,0.017529184051812873,0.009076043774318273,0.03808513366260361,0.05179077047038339,0.027525164867378913,0.05907840229509352,0.10092560370631805,0.0908330433659637,van
0.06211062995268398,0.05494401882261203,0.09699993434311649,0.07277883128556158,0.04883912785995818,0.011979408840161186,0.0612085147777536,0.05442074245438456,0.03968179141597736,0.04535061873844165,0.04928896193089056,0.04986392970021183,0.05191077111160791,0.020885153452016733,0.021644613571772723,0.0464567313867274,0.10581811017806105,0.10581811017806105,bus
0.050227152572342094,0.05077909930027918,0.07793181194407474,0.01729593797057408,0.029016628313044187,0.024910501711679085,0.028044666101195968,0.2640513149751824,0.027505345605597354,0.03300641466070389,0.020846156749415583,0.017809216695517258,0.047745127978159434,0.09554488391875826,0.12002332516875432,0.0402517251235273,0.022004276550490885,0.033006414660703816,car
0.07468650168534537,0.09377511126890761,0.10312894180109008,0.057106399680693545,0.02557503042666581,0.018819362041349406,0.07678081007864312,0.015832161734916975,0.0646479934092002,0.08707688904333032,0.05949559695083345,0.06896671855246266,0.08364160869093303,0.017498705063768747,0.015112518024730988,0.027030519956835607,0.044330052658282354,0.06649507893201086,car
0.08076257661034782,0.034020865707478185,0.1081107506407188,0.04171641520303936,0.015552395848026075,0.023365273862054472,0.0659070886949533,0.06570887188738024,0.0442271253666491,0.030327171735587733,0.06145242675633751,0.0521816442856672,0.051181075868180624,0.023277434487298278,0.0723716595783022,0.06472262240579717,0.08255730053109096,0.08255730053109096,car
0.08074251435724647,0.08755453789092585,0.09984289406932786,0.045517895876708916,0.01579931520632835,0.01582415689671596,0.06656192941948907,0.023962294667695404,0.059905736489521313,0.06846369882805128,0.05549162959912165,0.05731987736564896,0.09419140950614771,0.017341134332095904,0.05445976045591134,0.029222310544060177,0.059905736489521313,0.0678931680054826,car
0.07167080246678867,0.09057299208695453,0.1024816632481161,0.039762466483159634,0.029328397543837814,0.023697084838039676,0.04617446663109114,0.0762538333627892,0.039248296659976444,0.09643867156432342,0.04048771654954432,0.03369518036818744,0.07602814684201734,0.03305119721213698,0.028544215795526462,0.05743653162477356,0.041864849760175314,0.07326348696256195,van
0.05304526205113465,0.10238106501126122,0.08010370369133774,0.048433546155692564,0.043877599417298026,0.016741557986135865,0.04784474618551613,0.12675750900874588,0.036970940284677394,0.08239238093332377,0.044365128297247716,0.03404518243797688,0.09486882755291688,0.0408626181860302,0.02016596752883568,0.016231144639662992,0.05915350432238842,0.05175931630981809,bus
0.05913853123013099,0.07411271058341874,0.10705169301456094,0.05296212714333459,0.022420652020260754,0.01710926068801538,0.07556590098479268,0.016192693157229664,0.06612016337586221,0.06153223368009598,0.06085043607824835,0.06781903704653315,0.077704558556626,0.01938861941589036,0.03606554371108341,0.0801735778671978,0.045339540636215196,0.0604527208105039,car
0.0630351975178658,0.06273214368451656,0.10068121814947001,0.03719489555290055,0.02987244946850732,0.013677448659931014,0.03790351753397679,0.10355782437713411,0.03020436557169935,0.05436785788407782,0.034337594519869334,0.026944901680641082,0.06952702994797569,0.0357683276173128,0.14003842153705623,0.057461963607004375,0.05436785788407798,0.04832698480598322,car
0.056944798390088563,0.077498837972953,0.0783599361704136,0.042235174672578694,0.033213787817835266,0.019009149088835248,0.05004500132450256,0.10362701756447243,0.03358282990246127,0.06908467844348061,0.05196501037035747,0.03696527318169506,0.06970021278840395,0.0424204166658729,0.03663581442073073,0.044231044197888945,0.08059879148381131,0.07388222554361848,bus
0.056191233448828135,0.058745380418434384,0.1060680478830834,0.059001910463416664,0.02711325256408012,0.015517647744155113,0.06834429876826176,0.023498152237868206,0.058745380418434384,0.0503531832325853,0.05750863556999345,0.05888625663018724,0.06798207543430602,0.015459310723002237,0.026702445708828775,0.1088938757972887,0.058745380418434384,0.08224353253881185,car
0.06872174796095493,0.09553078141807579,0.07840278782047076,0.019720526712494503,0.022331871153864487,0.017041511793547334,0.05460523582114717,0.12902858781017246,0.03763333827124201,0.08386858215564208,0.0475368482832004,0.037091851392890306,0.08804780999249441,0.08318948432625067,0.04105455082082762,0.06608781337877129,0.022580003053065324,0.007526667834888394,bus
0.02731392685253131,0.06443285289830362,0.050412741418401505,0.09022475174640006,0.12119512794763382,0.13170237213065616,0.03284812115384327,0.07578530790816963,0.023267419191356983,0.051853105454938535,0.07861938451447333,0.023769593703265295,0.06672920194840401,0.11021409038474772,0.006345659880991549,0.003404988293519508,0.023267419191357015,0.018613935381006537,bus
0.07709097559730928,0.055796615249570095,0.10074388851520945,0.04927212022953152,0.03365510132560984,0.021289274681284852,0.04319476536395925,0.08289782829249746,0.026865037055595363,0.059870653811578765,0.03223804443447637,0.031503604576931486,0.04156477422423212,0.012725543953276866,0.08059511084440561,0.019657344230267146,0.10746014773881078,0.12357916987545381,van
0.0845434423646153,0.06410436843112798,0.0720184879676635,0.037199817954303147,0.03459600844490275,0.017470792369617835,0.0193663162275361,0.13757000950028186,0.01543253328143466,0.06613942774052281,0.023392471404760598,0.01376715201205576,0.05823597413328185,0.024367157705576025,0.11784843473832819,0.02258419496018196,0.09876821200115364,0.0925951987626558,van
0.09410370967677521,0.043813468189889515,0.0632861206174715,0.025867165592329794,0.03755440133816673,0.012896039854398486,0.002978170599107269,0.20830174505316423,2.2783003340270936e-10,0.04556600690837189,0.005995527422638167,0.002731775208677869,0.04012101239937632,0.038970926994082944,0.14498274875682687,0.027784150642794585,0.10632068248242775,0.0987263480356708,van
0.08925632472451589,0.06534415288664683,0.08455412371679408,0.058115396542214294,0.028004637032322352,0.008013905666917506,0.07587894003944642,0.028315799664441723,0.058991249147543036,0.05663159918730448,0.0707894989487358,0.06654552420010532,0.051645169082649385,0.03725763109271418,1.4157899761431367e-10,0.09323494979002946,0.08022809878969016,0.04719299934635018,bus
0.07019876929757263,0.0620989113160294,0.11212303422056037,0.05694659990710014,0.023201791118948083,0.021090196378027413,0.06899879033734402,0.028388073811892255,0.0620989113160294,0.06032465671054848,0.05360116557398928,0.05822703675730609,0.039055919112771134,0.009805091365013337,1.2419782238366316e-10,0.09996410106714622,0.07451869355439578,0.09935825803112831,car
0.05858638586247712,0.05182641828887369,0.11540975526589932,0.046093073641295515,0.029615096261319755,0.025424280784422788,0.05577832380575878,0.12191547890915508,0.037430191048792465,0.05133283335492805,0.05437227742185651,0.03958444663579742,0.03389904097103666,0.04137021113555154,2.2458114494526786e-10,0.08764142264224666,0.059888305543319226,0.08983245820268837,car
0.03287445629940198,0.09139821328298345,0.08401249909575505,0.02924452571502489,0.028487754938198773,0.02445646889260916,0.05365504151736778,0.11727459048895143,0.036005356878770545,0.0833266827783695,0.045480450737385894,0.037559544936154925,0.08695633328830597,0.059693091525308946,0.0687374992994418,0.06322891923352396,0.02880428554622294,0.02880428554622294,bus
0.08130108828569196,0.082984838631825,0.07791354294644814,0.05967177629095014,0.03319393553903423,0.010855878386293722,0.06862972713738934,0.036987528155627815,0.05993349460738485,0.0719201935000937,0.054507936161211336,0.05863996594989827,0.056088704396515934,0.02838955015288775,0.03269099712395555,0.028066417063353884,0.091098911728428,0.0671255139430102,bus
0.07079398975074444,0.0547972709588264,0.10459320351026391,0.04888340455791199,0.04025921953395257,0.02688168019669566,0.04256893509466655,0.1163044116025234,0.033922120194905016,0.06687503675795237,0.04070654419317945,0.03172572393647083,0.043522720192463185,0.029458683353934968,2.035327199482337e-10,0.0248210636118539,0.09498193617937514,0.1289040561707475,van
0.07450156427887225,0.09415032844124897,0.0974630251769583,0.04133295359647108,0.030486773129421264,0.024633042027137873,0.04693157992358387,0.07926560987538502,0.027198983887965385,0.08159695133750827,0.040369018112591554,0.03385197271272961,0.0800573862210118,0.032209322995160106,0.029671618772035505,0.05572474730662814,0.04895817086778267,0.0815969513375083,van
0.01852533818165735,0.04096949764363441,0.10356178538481817,0.037212469494977404,0.02809336987973374,0.016078595431085443,0.04873495794093635,0.12173793543537494,0.03550689798622202,0.04260827754085812,0.04148700708486294,0.03346333552445622,0.0361768394536405,0.05886669915278821,0.15493919049601138,0.10392262784186272,0.03550689798622207,0.04260827754085817,car
0.08912711257462412,0.02102485753414284,0.03796154810535871,0.020290364704070564,0.033039061683182686,0.015471121653926324,0.003572851833985304,0.25770467927022755,2.733231443906562e-10,0.015618465667074932,0.002877086003751083,0.0026218050156795575,0.04985139138860005,0.05394535771884738,0.26089936537349495,0.026665672896801797,0.05466462915145443,0.05466462915145443,car
0.07388430633092183,0.06535919408157703,0.10620869027635399,0.021520014235164888,0.013071838952262523,0.025650400799408946,0.04775920199556593,0.08739457945750242,0.028322317531645942,0.08496695225506994,0.039353114819891656,0.03402753253976058,0.05985093497204232,0.03577555894262278,0.09269122062644597,0.0538814819800202,0.04531570794867314,0.08496695225506998,van
0.06973693618761993,0.07851501205302211,0.09720906250711937,0.03693095396866777,0.02723990223606962,0.02476079904916507,0.04479241123386628,0.07082374558047924,0.03645339853130328,0.08123900226204774,0.03530223858228781,0.03269441500474198,0.06969706372561775,0.023023199126122856,0.07953468753233651,0.04623357858594685,0.06318589068066241,0.08262770315292349,van
0.08056218122127884,0.0633480399640086,0.1143784053800053,0.06293309647169362,0.02714916006300602,0.01553819858532595,0.079840612424351,0.023529272072905758,0.06862704328290481,0.056862407315078994,0.07296138284999854,0.07027277573244081,0.06905865990646234,0.02347767279234512,0.031194110658004422,0.016738303343510362,0.059476770863484754,0.06405190707319479,car
0.07826281436929036,0.07692498848434529,0.0958357147954962,0.051092972734319245,0.024176425020795936,0.018868393477294115,0.07124360045334478,0.014286069371380427,0.06666832336643289,0.07285895338402999,0.05052757141771816,0.06331092579186445,0.06478148402870375,0.017105688306520813,0.05909237754070218,0.0682943800314678,0.040000994059860774,0.06666832336643293,car
0.061854171856257766,0.08754744318360873,0.07705998906928102,0.04721445086543491,0.028140249691268063,0.013421188344357448,0.05671987132836418,0.044711729981236785,0.04742153178965936,0.08129405439494129,0.044176900676942854,0.04759211283875069,0.07605339995412409,0.020590928357580734,0.03233286262912465,0.034698681835480256,0.09958521660179358,0.09958521660179358,bus
0.0848560645215312,0.03753249021288636,0.04743689728801942,0.015979990514573453,0.016085353087786268,0.013809123911773285,0.03507938629334877,0.16728766981974208,0.02033009897712904,0.0313664382894201,0.02696413119532061,0.023986591555036876,0.056770841989410924,0.0642003120329122,0.1774263164606985,0.08330381944328298,0.06505631619009819,0.03252815821702979,car
0.060932362599141206,0.09512065645366112,0.08701778573276459,0.027359303924212028,0.021741864459455303,0.027997778242329595,0.05172574266962704,0.08008253364991028,0.04121895122334945,0.09892548270521251,0.037313997965178244,0.03677086297962926,0.07880856067919018,0.03688011426982591,0.0749435475439188,0.04423497203250606,0.03847102115278454,0.06045446171730389,van
0.07279270248168275,0.04744787495832844,0.10280372887077083,0.04540551478367815,0.03098636738086745,0.023276316107073276,0.03916332539320101,0.09567040892053771,0.029372494088959512,0.055388131554515524,0.032464335553456826,0.02852724246557174,0.031035088084019374,0.011594405668099909,0.07209612159837701,1.7623496347634723e-10,0.13511347217476782,0.1468624697398576,van
0.07546624161749539,0.023561858383013543,0.04821454332936192,0.02318459427825825,0.02243986513640353,0.015411530082167077,0.012011927903204364,0.17503094667536875,2.0420277088302705e-10,0.026254642174877673,0.007523260184103767,0.0078351185114652,0.029538765803634348,0.024181907282455957,0.2042027710872298,0.11455277411419355,0.09529462661628209,0.09529462661628209,car
0.052140687127879344,0.09224890784173063,0.08605627283799479,0.040149088096401817,0.03514244120629474,0.022627090753535917,0.040497069676635994,0.11421293347074443,0.03331210573721026,0.08280437682125472,0.043130410527162384,0.029477618768883614,0.0879942412418965,0.03418874009345597,0.018170239583874967,0.014624827021142806,0.07328663238201548,0.09993631681188547,van
0.05899426077788953,0.07981576452550997,0.08868418278838536,0.027186155707834676,0.026312889511020024,0.027107240887665716,0.04903713643670718,0.07753531411505628,0.039907882342570755,0.08665711575687099,0.03276647184667636,0.03483565750876792,0.07730583482846975,0.03150622293563617,0.1233516359978073,0.027254163601638806,0.04788945877915871,0.06385261165233434,van
0.07555158958298189,0.07518836078795411,0.09050450831162406,0.04173483015070444,0.0358039814413743,0.020491586955568537,0.04968874975924161,0.11791444504878919,0.03620180345497613,0.07757529286956501,0.05258788281522778,0.03620180345497612,0.06010865464972678,0.048586630878422146,0.019746438346900982,0.03178694940159011,0.07240360669274155,0.05792288539763529,bus
0.05072247543283153,0.059826509449979415,0.07021305619573344,0.043302375343371925,0.038459899001571096,0.07337213418708353,0.04702050828580265,0.10555105580957314,0.032406026041188765,0.05833084671859079,0.04400397213371071,0.034037984177356144,0.05625196958879914,0.04093392757980785,0.05302804248912222,0.07587752412829589,0.051849641549240294,0.06481205188794129,bus
0.07926237998124223,0.07011672077016652,0.1012797077116096,0.04577488981317687,0.033388914732037166,0.022931254693736178,0.04468222407531225,0.07378950137397944,0.03797989048680334,0.08464089861251768,0.03438179561297223,0.03297055243304168,0.045862509235552795,0.015991532924502203,0.0552434770026596,0.04446426200739326,0.08102376619967172,0.09621572233362519,van
0.07646946538917371,0.07516229504286785,0.09952044617194683,0.059735972506223464,0.030064918095315928,0.012290689864414962,0.074081530017981,0.02233393919002131,0.06514065572118966,0.05955717095625465,0.05896943571784045,0.06576550613453169,0.07456351785069214,0.023999189032194914,0.04145314459722299,0.03495352264247604,0.06948336609391698,0.05645523497573525,bus
0.07454574635111096,0.06350193209568769,0.11289232362688621,0.044368162201193447,0.018143409260913533,0.016774095364014686,0.07055770231443034,0.029029454741259324,0.06350193209568769,0.0526158866153419,0.06149660792825558,0.05999942745472911,0.07109021327433546,0.023395448747045276,0.07504773790817566,0.040269517960803365,0.05503500783319655,0.06773539422693325,car
0.05297260367172292,0.021627867882207268,0.09632411464283357,0.049929837398356436,0.02677736019048488,0.017683162453602224,0.046554103199268525,0.10175396819900621,0.031240253524325443,0.02677736019048486,0.043407510087111786,0.0330382537163763,0.025935304844477213,0.01726435071571946,1.8744152002130347e-10,0.1462958206918735,0.12496101353497721,0.13745711486973072,car
0.06655385158331242,0.044155920804934704,0.1080729788224903,0.045677061206726814,0.016821303242751325,0.016847751832555085,0.061696435409526684,0.03644615687713939,0.0531506453873626,0.03644615687713939,0.05236737272037605,0.05001513969577721,0.04733415967968624,0.013427531561616546,0.040587765598682345,0.12756154875108405,0.0765369293016751,0.10630129064716358,car
0.1364426983232041,0.05793566897092108,0.09763233087157042,0.01863723866021107,0.005517682986279959,0.023684393123955986,0.03609934938805201,0.1793246891458796,0.02092121395545086,0.08607585092057057,0.04492555388996863,0.023178898887579916,0.039473988372556924,0.05285359276742405,0.045646284697010035,0.006123282310877859,0.08368485506863975,0.04184242765984715,van
0.07157852975062029,0.0917040579774921,0.09461529790968111,0.029252240654878574,0.007486045653452948,0.01713786537472648,0.07495015758342398,0.016219765450019966,0.0662307085708383,0.08920870946418726,0.053183756980001766,0.06602650289214157,0.06569515028142617,0.025396737943029313,0.06193001321646816,0.07476916227439263,0.04163073114384123,0.052984566879378324,car
0.040316413695106586,0.06241290959908948,0.06922384218157934,0.11034197483539289,0.10954102492312325,0.1006008623017359,0.03484866479465996,0.05629899193543105,0.028977422375957462,0.07451337164174678,0.06039504861579872,0.02501647976487179,0.04884244769888328,0.05795484463600521,1.1590968904019109e-10,0.03957891832475543,0.030909250526627307,0.050227532033325854,van
0.05292247311421558,0.1080370011328159,0.09103117690990496,0.026167914244527333,0.022636324194903558,0.028266284711383344,0.059973481322180465,0.09095686574523343,0.04681603393033658,0.12038408695516464,0.03942402860248303,0.04198848129016363,0.08950990118030829,0.03942402860248303,0.025536018592576374,0.004567418113417544,0.04369496501413176,0.06866351634377048,van
0.06080526847215821,0.06915764048759356,0.06659624640286005,0.04013223590294963,0.037323171148762775,0.030156790933254993,0.027421983930465153,0.136997992388964,0.016649061750556596,0.06849899629437636,0.02839103147583493,0.01916438759635602,0.06282664756117677,0.021030393737600732,0.06356914430272045,0.004872896263428103,0.1132136187450101,0.13319249260593144,van
0.0742603835926692,0.03503566827683046,0.0727476720796797,0.025856017259599406,0.027528025123452204,0.012890481868437944,0.01934976460778957,0.18218547408304472,0.018977653754326973,0.03903974462529886,0.01318447530936632,0.012560749324471047,0.05156192679055624,0.044947074369667585,0.14492026352173074,0.1110887037980446,0.060728491512836144,0.053137430102198124,car
0.07470954232498286,0.0660892105402838,0.1060691032207605,0.04835639475998506,0.03986333341752214,0.021614081563041933,0.04492338500356085,0.09818968413854409,0.03182073109987524,0.07364226315163913,0.04119947284146073,0.03365214007305224,0.045629727532061425,0.02763379282238169,0.02603514366188416,0.02328346183162012,0.0827339005541966,0.11455463146314732,van
0.06522071120195368,0.027150703408803607,0.09804420629320533,0.051633761127034716,0.021332695573305617,0.023308622762720034,0.051905756355922636,0.08067637549538532,0.044119892929006164,0.03529591437850083,0.03901127376818728,0.03999357202409361,0.00665960662969113,0.002322099795033609,0.024065396223312253,0.077478836229697,0.1470663093515683,0.1647142664525789,car
0.08115253864288577,0.06961336649762793,0.10526604546191494,0.04445831816436205,0.012430958396069253,0.019209348856016124,0.07541448036300345,0.01616024588095351,0.06598767033176825,0.06948905691479844,0.055965482824876046,0.06591985155456509,0.04482181384654199,0.01190754962626094,1.131217203748226e-10,0.10760358778673347,0.06033158431302719,0.09426810042547384,car
0.03600873279306991,0.09101108252213927,0.09202231676975606,0.016533017804651686,0.018202216693730892,0.026788167852741327,0.058770555333415964,0.12845564209103497,0.03943813589368336,0.0912711141858121,0.05106200745576258,0.04114050146161376,0.09971151302993649,0.08095196290110919,0.043023420953415575,0.04617147612781461,0.023662881630861658,0.01577525449945057,bus
0.06788744065404083,0.06551375392284872,0.07885914821155104,0.05082799252218069,0.023397769349411554,0.01339117622923781,0.04824324366688102,0.05677858675206175,0.03548661677326853,0.05475078008741475,0.0433310267654555,0.03778431137529658,0.06159941014348663,0.011206300130785014,0.07097323340459058,0.06231796105548765,0.10882562447800076,0.10882562447800076,car
0.07351043474039984,0.09103984607469372,0.1048884998916612,0.05611189519096553,0.02105683523317343,0.021267169879215737,0.08103764700075093,0.01288182865699583,0.07514399995434838,0.09017279992267488,0.05398503157788876,0.07352218700812611,0.06380150941221521,0.011864842192973747,1.1271599976244861e-10,0.049485073179156853,0.04884360000977709,0.07138679996226682,car
0.08641255370567436,0.07361069391923689,0.09201336736224076,0.03857328946006795,0.027502896721381027,0.02499985840941533,0.04907379599523171,0.06730120588163556,0.036805347033229144,0.09464232071124128,0.035643072921039416,0.03583446258299871,0.05648116140625214,0.023245482391015745,0.12045386268324676,1.4722138754403102e-10,0.06379593474963487,0.07361069391923689,van
0.07223291710217142,0.04969871652532072,0.09229761624594258,0.05400821220302557,0.040570380870901764,0.017414644724472093,0.04464067723387433,0.0949346909905525,0.030765872205044363,0.044830270842963954,0.03789060046241151,0.03275790708406623,0.040634170777641226,0.02185996188333538,0.03356276966144882,0.07653948667449305,0.09845079065003255,0.11691031386230195,bus
0.0566630310447092,0.05897057528915475,0.06814377586583961,0.04552837431932772,0.020218483057037065,0.01735737698575685,0.042088802799289324,0.07009074088619721,0.02555391604551705,0.05694872699878337,0.03550649381405557,0.03235603754200021,0.04725063708605872,0.004034828978406682,0.10453874698502437,0.03365637718206621,0.13799114597116868,0.14310192914960737,car
0.08224517808696026,0.021826605092809818,0.06305463657747441,0.050388639748381495,0.04573193427299351,0.0214147823587788,0.029672770254251208,0.12430771192611888,0.015763659286241564,0.0486421482601463,0.03086358536870536,0.021547447875816778,0.021414782358778795,0.01991199062757775,0.017196719204157683,0.13379886276923744,0.1071928820492919,0.14502566388227806,van
0.0859745454204384,0.08341450933231344,0.09922510258027038,0.05960934115187054,0.025234641567664032,0.01925662378416289,0.06253682940448392,0.03280503399969071,0.05315630501294761,0.0692550716353747,0.051701500879242676,0.05246794998565501,0.06900290156368129,0.010071721053224654,0.017396608999151575,0.021781120178166778,0.08079758355334132,0.10631260989832002,car
0.06441576522597224,0.05969666155675095,0.08622851107481745,0.06901019388559189,0.041865191263764666,0.010649147289004414,0.06640056471038004,0.03628316578074286,0.05879216668681686,0.054424748600563656,0.05792575581140631,0.05769245709675311,0.039934301945738236,0.025992326403417594,0.02565476372468621,0.07571283900973014,0.09406746661424628,0.07525397331961721,bus
0.07404798168005836,0.013100796898958067,0.07569349238027495,0.0505725080660509,0.028073136017412605,0.016067015026199068,0.04118616504926167,0.08758818401326937,0.028385059749047092,0.014598030810803514,0.034958441967280846,0.03063135942793991,0.01713814934992498,0.00672277743895853,0.03870689959586044,0.12461733490622767,0.1532793218954887,0.16463334572698338,car
0.08515715130205946,0.07304855870955436,0.1088119155196582,0.05546427140684418,0.02217545540521208,0.015677874721928886,0.07448088338780631,0.020349241440440813,0.06924394628294757,0.0678308045244936,0.058727196564769185,0.06561451025583921,0.05599240941593596,0.014057041821219527,0.00539563228734627,0.06948521438804946,0.05539515705009885,0.08309273551579631,car
0.06724337095008504,0.052048955442547826,0.10471754111140455,0.04221063139980635,0.036115601794826466,0.02553344993822661,0.04043392247843546,0.11047125215085951,0.032220782014272364,0.05799740747103045,0.038664938378461876,0.029439131785125784,0.048635142564566435,0.030524951392117198,0.07029988780266505,0.03300665474161254,0.07732987656359915,0.10310650202035718,van
0.08654797135219496,0.09518477513543935,0.09415015801557151,0.05591450436735608,0.020101132722174907,0.006090576360406951,0.09705114327324009,1.0760018046625296e-10,0.089666817162811,0.0783944173044416,0.0849475110020104,0.09598865030771073,0.0879749904259202,0.036810588161844626,0.019563669283282535,0.01574636798071037,0.028693381565267632,0.007173345472017019,bus
0.04809130071927858,0.0212711523440299,0.09729582580362676,0.0362259798449403,0.016206592306010903,0.017391508239434222,0.042171565468247046,0.10007570653560609,0.030724997748332147,0.02633571238204896,0.03686999726112856,0.0302829114524475,0.028985846942823704,0.012128288696448199,0.0837954480861195,0.1079121867505312,0.12904498995307503,0.13518998946587144,car
0.09498820611874703,0.07562522568522956,0.09103036420623557,0.025758810639464252,0.02160720749468907,0.020610648668532353,0.021418909392064093,0.16853621697295923,0.018206073016025445,0.08426810859571601,0.029896288180769674,0.014669641609306575,0.059083859108643375,0.0431196463179394,0.0496529260299798,0.021314426908290482,0.09467157876574614,0.06554186228966198,van
0.05993421830443804,0.045444627113611094,0.09299317194310497,0.04127721591164444,0.023804328581856646,0.014862393905527908,0.05019700639901603,0.10127659732553766,0.03282111963675436,0.0506382987612322,0.04560408194489772,0.03612684389688087,0.03839451727747978,0.028502551289408606,0.008951214589606979,0.15850199163804551,0.0722064629645476,0.0984633585164096,car
0.06905538689998862,0.06787495294191959,0.06372703917259362,0.0323665716311834,0.0465428249853862,0.019978288284797474,0.048444084161547815,0.2521069671119805,0.029412479808170067,0.050421393704755894,0.04086786654336103,0.031740086095993186,0.08213296185054593,0.130034120049713,3.5294975346264316e-10,3.5294975346264316e-10,0.01176499213503813,0.02352998391712588,car
0.08165423567600576,0.08073054522843182,0.09359550051769713,0.05499548062751059,0.0206378838248387,0.018759630257049624,0.06498433983390742,0.02209467561644095,0.05523668887539232,0.07259679105865258,0.05174805590076587,0.05642884762571432,0.05766849278328185,0.00872158254703953,0.08536579183807538,0.005388945355831324,0.07733136438135993,0.09206114805200492,car
0.08495528603836293,0.036073321546232266,0.08901426080828283,0.05938708384189761,0.02920221271005809,0.020645737555577005,0.055170962282069434,0.06252709056550297,0.03907943166205851,0.04466220759145003,0.04442714334179146,0.043296636500807506,0.02162886790792268,0.006170436709855746,0.05684280961921341,0.07243992197183723,0.10942240837239194,0.1250541809746882,car
0.059274221574099124,0.06117403636085811,0.10098571067005258,0.03472761899303984,0.029962793435531446,0.012861387877956232,0.029701679769228058,0.15580652491044858,0.018934820935249393,0.055181477719195404,0.03468061920824397,0.020705703447511305,0.05859076619169271,0.026907377022841558,0.030984252294905774,0.04987708892154476,0.11360892447540691,0.10603499619219435,car
0.06411557962058013,0.09528561519415543,0.10486459237112618,0.04224348760859893,0.015556835232451481,0.017807195028885527,0.07787738112950578,0.020223885766795124,0.06881738878410468,0.09100748553767372,0.057744515720531533,0.06803939158438477,0.08013237721708055,0.021731807065172245,0.005362394040008926,0.07481193483516145,0.03932422221290531,0.05505391105087828,car
0.0759118429894271,0.0940138978283802,0.08244869612571572,0.038121667934731485,0.01279100660782428,0.019765725241828343,0.08216340652014716,0.016628308555252116,0.07759877283104998,0.08646720399843875,0.05513597020312447,0.07299309027784223,0.06515368664096433,0.01991021153660488,0.005290825528760784,0.09084734378233202,0.03879938647372415,0.06595895692385219,car
0.07291499362608475,0.020368965957985274,0.09316915847318295,0.047023551456569584,0.019399015206487475,0.019984645848901264,0.04730570284108496,0.08574364660893852,0.029421839638631663,0.02521871971547441,0.036235318250907575,0.03492520529341305,0.01665387157017289,0.002322776976170566,0.03209655231700443,0.08180706599798153,0.1588779332718744,0.17653103694913472,car
0.0917521380612389,0.0789716947297206,0.10139575616379416,0.04333672336021316,0.012535189735602024,0.02152268418122861,0.07530126012158578,0.016295746622061565,0.06654096502170158,0.07170128474923212,0.05763548250022908,0.0670196769994543,0.05811124709539785,0.013508316298326202,0.09333018465983886,0.005564401360701418,0.05703511289203994,0.06844213544763385,car
0.046666043005813694,0.11008399856137302,0.09275596178833061,0.03645430827119383,0.04455780908348154,0.01800115719697005,0.05456233056193607,0.13629447435252962,0.039752555188436185,0.08518404655977423,0.04895841001894414,0.03889458637656736,0.1125072312288573,0.06590555186601565,2.3851532969952504e-10,0.005817447304357403,0.039752555188436234,0.023851533208467748,bus
0.13508175935161418,0.04779816116194221,0.10356268222756594,0.022792835059652537,0.013656617652376664,0.028137785540962197,0.029241228101448913,0.19173890859827056,0.020712536644353574,0.07456513127344157,0.0353203254708673,0.017583304527001985,0.035953837011076566,0.0490560075017683,2.4855043674963724e-10,0.07880867531550859,0.08285014583176299,0.0331400584818355,van
0.0932033479616962,0.08480480453003202,0.10718385013757628,0.049747214352826384,0.017499404206590605,0.020801178562080178,0.07926200685633683,0.01749940420659059,0.07145590013254949,0.07349749727569384,0.05931376975490127,0.07006056395558027,0.06009229339240616,0.01289429786867092,0.03897594558252509,0.008963109531422419,0.05716472013053876,0.07758069156198269,car
0.08396986588928251,0.09453949934313009,0.10241779094530352,0.029134443421904868,1.1704890380371957e-10,0.004416939883227,0.10327844464974263,0.0033442545114408793,0.09754075328681522,0.0802621055824566,0.0837823733660271,0.09936525658351587,0.09790883160066338,0.0400430461551635,0.021281618990452462,0.03140336455219318,0.0195081507510022,0.00780326037063018,bus
0.07038990495042909,0.07116342038775043,0.08780116447013439,0.041745063260629774,0.03388734312255076,0.02036437512668501,0.03325610830255184,0.08810709187193211,0.025697901905196295,0.06387764164955234,0.027591431507902203,0.023849131995051762,0.06788125006251272,0.014201472174481781,0.07709370540721402,0.05264935983918121,0.09251244645781943,0.1079311875084247,van
0.062045773105972556,0.07636402840948356,0.09996263437267759,0.04497641197995289,0.01636372047096126,0.009365399819469813,0.0819166415772939,0.017727363833200397,0.0723867352696194,0.06027303673506165,0.06400511330540037,0.07380024808335528,0.07882544756019196,0.029390103115508864,0.04512419865636865,0.08474544614812415,0.0496366185095964,0.033091079047761415,bus
0.06699816285264006,0.08890140835024103,0.09416963994704962,0.03095373645761535,0.027093762651968622,0.026167207094847964,0.044315124762544636,0.07924925546037383,0.03852394370575873,0.1034643056928477,0.03325224616711011,0.03141040976456436,0.07656330935111143,0.02838606382374216,0.05603482713833279,0.05637650291262692,0.04622873241609143,0.0719113614505333,van
0.06020047680274891,0.0497039834436896,0.09743558641470587,0.06610660798770121,0.052747084459551334,0.013933192257239543,0.0555051019379794,0.07912062659701961,0.04615369892518427,0.042197667604564,0.053441125042116296,0.04316532994198192,0.04528287442064521,0.03400798873029756,0.008391581773809244,0.04953079883303082,0.10461505066323903,0.0984612241644963,bus
0.03810603566899893,0.036773656805025264,0.1106614669171641,0.05288555003697217,0.022764644749530903,0.015033256020791069,0.06769877982295491,0.05008221825774496,0.0531175042031021,0.029594038126584413,0.06625709730866115,0.05445499531211735,0.036079814226805035,0.0251609231274444,0.02897318418321591,0.14769257237855862,0.07436450582060193,0.09029975703372672,car
0.07857024205274368,0.027801778073892124,0.08282613015414539,0.05523934053615771,0.04170266702048243,0.01704826020954871,0.04606373021941273,0.08777418467203882,0.030118592898323873,0.033560717780336695,0.042800105621529035,0.035318925453882814,0.02955031756402928,0.021400052901120285,0.008214161830969458,0.09696717673497555,0.12047437105116082,0.14456924522525058,bus
0.07243933564285392,0.08811130725129906,0.08677628744761667,0.030011711777506778,0.025174659363416223,0.01571796921765544,0.032668720110137384,0.13685860179718645,0.017355257656133837,0.08330523595804257,0.041652618083152806,0.022224718378917672,0.07466035300287674,0.05206577255187523,0.09466504083301247,0.015238762845417869,0.06942102999974609,0.04165261808315285,van
0.06982105236626061,0.08945243575905651,0.10152141517192316,0.05658438548029658,0.025557838867409453,0.01880671164866939,0.06876673402027927,0.018985823187125755,0.06460453696786045,0.07277898857018862,0.0571240116475635,0.060288714875658844,0.08985428856969581,0.01748694241793824,1.1075063461218824e-10,0.07023210986482122,0.04799194177603223,0.0701420686984699,car
0.03788424054322728,0.04021557840136211,0.09681528084608187,0.018263843656369187,0.034470495822386864,0.026304529389377943,0.025058072947900075,0.28878615131836055,3.485350097911688e-10,0.02987442975920659,0.020178343020655295,0.015462584715769109,0.026304529389377933,0.08713375279632718,0.047527501683694386,0.13601366270606433,0.02323566766794649,0.046471334987357664,car
0.07022260131857674,0.06211999349483223,0.0648041907368546,0.05093779188396183,0.037469202496667776,0.016929977393291478,0.038706575535007004,0.09229256167658556,0.029909626590564006,0.056401009983258095,0.036836066391030695,0.03033998092741444,0.05643325755890348,0.01889029054436696,0.0326286835370282,1.7945775846663743e-10,0.14954813223498903,0.1555300575172101,bus
0.06303576023710655,0.02027723773759788,0.04759518266783952,0.02071997218026153,0.028967482369309506,0.009947324307450104,0.00689161038548431,0.2485409967305567,2.6360408716191945e-10,0.018828863632312613,0.006936949925759855,0.003792864827084941,0.031499859735783134,0.058964072391928184,0.11982003988265841,0.1735929357116974,0.06150762060138531,0.07908122641217989,car
0.0802304958895638,0.061510046877370286,0.1127684191726621,0.05640659321652901,0.025685514152309193,0.018569070841314494,0.07316881390924057,0.024604018824760168,0.061510046877370286,0.0544803272483017,0.056330253466477645,0.06313261405794068,0.07814483939584237,0.017805539972963573,0.050326402012942986,0.030004900978800677,0.061510046877370286,0.07381205622824029,car
0.08815100508999173,0.046210213565923294,0.0730057192618559,0.06623800256816,0.03960875450653186,0.00850093563704104,0.06282172819249654,0.04290948403622755,0.05006106468390166,0.04290948403622755,0.058492401868527895,0.05312235280287003,0.03967103242218648,0.025689230634591335,0.0477855617505508,0.06959708986779176,0.10512823567099193,0.08009770340413268,bus
0.060893219864600355,0.0538670791289483,0.08861467019507933,0.06047958324357864,0.03762145213699096,0.008808453321066572,0.057974590597503074,0.053354059329202286,0.03890400163635601,0.042238630334705145,0.04422770710214149,0.046647483945472135,0.045999700019635624,0.018428211383334944,0.021220364599656007,0.08729678396605699,0.11411840449912002,0.119305604696552,bus
0.08533779607730663,0.07247148223086362,0.0785107724036838,0.042512383382288445,0.022431649370353624,0.014813353411108765,0.046182807360940534,0.07178127763968417,0.039255386280352675,0.06729494779701778,0.04462717596038746,0.03520746876643603,0.07604188019466926,0.02066072969561687,0.0927854582667133,0.03829793783832021,0.07327672092057301,0.0785107724036838,car
0.0706412271066706,0.0803446923526345,0.10477047070233582,0.05473262888857155,0.02678156419491379,0.017517501148767132,0.07357636679022099,0.01989487628892113,0.06769784264872823,0.07294787941656827,0.05619429948152184,0.06526266845690538,0.08393802589780654,0.021378266179003375,0.026375782920991672,0.06510315181994974,0.03868448156329625,0.054158274142193284,car
0.07248519135080453,0.022631123226326856,0.10351643331571142,0.06423681229056358,0.03664086605454006,0.022204120905002546,0.05768717654760239,0.08966235429670064,0.0326894001286338,0.02241558872127747,0.053679435874763676,0.04303712384827324,0.040707554829057656,0.018065194895674416,0.008915291086817503,0.09567629268149459,0.10460607998012816,0.11114395996662745,car
0.06400071329091517,0.07077001949140282,0.09200102530202327,0.05035281739695853,0.021568006025520548,0.01620143851903248,0.055320878008293405,0.03504800971480335,0.04088934464682594,0.0648388178681184,0.04519348617568464,0.045596031786297335,0.06171976544215162,0.00807026548927814,0.11151639427946228,0.03291093595918536,0.09404549252823116,0.08995655807581539,car
0.05864608522336218,0.051879229258285094,0.10972868706555106,0.04880466484079845,0.04446791082034355,0.029085929156691292,0.042820951167467654,0.11011101698496867,0.032115713423774325,0.057808284008638314,0.03752467565216673,0.03072942364401546,0.0581718581206883,0.02788996168284273,1.9269427938648022e-10,0.061098186339627034,0.08350085459350243,0.11561656782458234,van
0.08616047861094514,0.09863620400379579,0.09390365886779253,0.048358758274856604,0.015371876047046797,0.010997175507084081,0.09752266397179503,0.0033305732348400076,0.08742754447115651,0.08326432807331906,0.07853140837893544,0.09532467677496809,0.0997077236572305,0.03221014803668086,0.015895917271949413,0.0028431722907029523,0.038856686496386336,0.01165700603051488,bus
0.07332391562405026,0.027310932246673615,0.11341623196469632,0.048837671279346295,0.025360151384591315,0.01674726984256745,0.053372344547956495,0.08115248404014584,0.04438026478989399,0.03296819674671238,0.04765038955080567,0.04022959255995983,0.03907696272929596,0.021022230783381907,0.07262225136140404,0.09092542035896804,0.08284316078728389,0.08876052940226692,car
0.06063316047662686,0.08251850234637127,0.07747570499387096,0.02435917376961906,0.02121904361987406,0.020240387529900962,0.056091008199578234,0.11033902592224308,0.03575801780500483,0.07355935068634474,0.05307242632248911,0.040131300531895196,0.08635898609338694,0.062106030766393955,0.05851311990802272,0.07326032893645942,0.03575801780500488,0.028606414286913563,bus
0.07531824057304652,0.0901433241046973,0.09057879909987987,0.05651286432389334,0.026875028376026712,0.0173039687784018,0.07126420225472264,0.014557307083719152,0.06793409935038518,0.07860945780371836,0.05148689637443641,0.06365767223941947,0.06921587480790377,0.016089655187068414,0.08800553776471003,0.027339332726291073,0.0441571646134158,0.05095057453826418,car
0.040198771285306696,0.08692554792512806,0.09131572710288904,0.041271518694036224,0.038382709588170784,0.01938305544312213,0.05640089034798984,0.10566534132962782,0.034243397791996144,0.07631385768402572,0.05514989316061795,0.04089499300664695,0.08786985061619361,0.05677194883576965,2.054603855192145e-10,0.08017966284710507,0.04794075682661044,0.04109207730930332,bus
0.03625790751094118,0.10424148370305025,0.08976349988436035,0.023670555412489525,0.0206191947458699,0.019668204641420193,0.05586798482648635,0.10721981180289503,0.03474716137333875,0.09232817130367114,0.04608570870081796,0.039496773331124765,0.10751951777520644,0.06035033275796928,0.028429495707001318,0.07118930600965089,0.027797729140367666,0.034747161373338796,bus
0.03990356078896847,0.08628718676813348,0.0906451254834962,0.028499777584419718,0.031377158954563146,0.019240710758571863,0.04665557939195245,0.11654373270622322,0.03399192218378079,0.07283983301787132,0.04615745215550912,0.03252464497601836,0.09492083894007847,0.059038601537339155,0.05562314526185393,0.0845652695196243,0.03399192218378084,0.02719353778781501,bus
0.06902144599398931,0.08548040615470032,0.09921832854690676,0.04090048138076707,0.03314546370819973,0.026957432777418515,0.0456534009334309,0.08164251037529029,0.039687331514012304,0.0907139003993504,0.035091956304455524,0.032549322277454204,0.06889121685090391,0.03133210386027272,0.05051114915635675,0.05807902165425612,0.037041509423661446,0.07408301868857357,van
0.06844629880906529,0.02137011152025817,0.0874591595379146,0.0541873858411874,0.026458233266698827,0.020966901872427064,0.054472833000042443,0.08466634604597942,0.030867938780280695,0.026458233266698807,0.04581451957368447,0.040639084810375745,0.016307590386378298,0.00487388522653495,0.05051117243169081,0.09486244562372481,0.12964534228451446,0.14199251772254365,car
0.09176473265573543,0.08972138840878974,0.09719817076693191,0.03250044893924001,0.003662097592622648,0.01886325694995445,0.07913800647140079,0.012695271380418902,0.07405574918220612,0.08569308117909677,0.056711113215548475,0.0723242298693921,0.06427480119168053,0.014616266375120956,0.07573883438836801,0.016256140151086125,0.051839024460869396,0.06294738682153772,car
0.07443830769506103,0.09657893251400204,0.09511561535642836,0.04485801952971639,0.01881407785437185,0.019382050012567566,0.07460048265711099,0.016305534155674095,0.0665809307837415,0.09294154415089032,0.05226352764727051,0.06596507428217269,0.07896390710773768,0.021025557167697502,0.05188124479175127,0.03897420343293059,0.04185087082074623,0.049460120040129375,car
0.07148630012622877,0.05533314581722315,0.051380778273530284,0.029616867912846033,0.02484345333730681,0.01938897306137488,0.013432883360557668,0.16441849002314607,2.0552311227202875e-10,0.06459297834816072,0.017307209660009728,0.010103654405946587,0.05299652601151794,0.010817006114577244,0.06539371774662317,0.020051035549135673,0.15756771961407845,0.17126926043221366,van
0.055829169011633914,0.09877468349486096,0.1044581474155579,0.036046905821106846,0.030237148135914906,0.024227752693787564,0.04196310093665731,0.09958100744026033,0.030573116446497992,0.08909879615006858,0.039584140187189136,0.03101301739992329,0.08306658021892051,0.03137767213763112,1.834386975783557e-10,0.02684468763392978,0.07337547921478105,0.1039485954778402,van
0.06894152216845553,0.08345552680035961,0.09041015401981363,0.0524785846001713,0.03118118594204568,0.0188955911027862,0.05454609600576632,0.07153330870986697,0.04172776348363534,0.07391775232796549,0.04655939923609815,0.042428229534515596,0.07243309875443243,0.017569584721321276,0.01517373228208352,0.04071001315883718,0.08345552680035961,0.09458293035148604,car
0.0560120766128674,0.09909828923953727,0.08258190773264716,0.038946926022304276,0.039203718939825855,0.022437348660386925,0.04792989162995612,0.10759242830022359,0.033032763211976825,0.07927863143126916,0.041725595584024236,0.03493392942859725,0.09473547148300025,0.04694129500725269,0.05405361240256423,0.029004377478588982,0.046245868417488914,0.046245868417488914,bus
0.07717985913744113,0.11216523478787117,0.10566290234375081,0.0354362922240102,0.011146855745287476,0.021531308503080722,0.08453032190035976,0.018113640506844962,0.07396403167866424,0.10324775029307756,0.05939367358348407,0.07556037768338081,0.09170742469245484,0.025025424336074374,0.011526862186826975,0.009277718370235465,0.0380386449248995,0.04649167710225589,car
0.0687600908027684,0.034757848172583795,0.10250346862280549,0.059194588484970743,0.024827034452021966,0.019892856565705073,0.05906562424023358,0.051640231497538956,0.05020578062679117,0.03657849735468683,0.048356093977668956,0.04695504663912521,0.011367346673524615,0.007927228646855302,0.027384971319439417,0.08449265509832449,0.12551445134105194,0.14057618548390402,car
0.06931496345079656,0.03773358968259729,0.0987886337027199,0.04926787466344024,0.04312410245935861,0.02776622643500098,0.04167958596362517,0.15416866566064102,0.0204390278571549,0.05606133312358565,0.04259923674162131,0.029408673068126653,0.023138522070045534,0.03872657887831649,0.011148560760842804,0.03589292678321542,0.10628294382707837,0.11445855487183296,van
0.06777618215293248,0.056429038565272246,0.07896146708581374,0.05205517205313979,0.04232177896980276,0.017301356291045608,0.04554892985765527,0.0943171071931045,0.030565729306911565,0.05239839296656666,0.04343550999049772,0.03342439462062179,0.05536433972787831,0.028957006721463268,0.025008324011726608,0.0805146037282689,0.09781033337864947,0.09781033337864932,bus
0.08915575082428619,0.08141269555326965,0.09003452614472694,0.03697345132784715,0.010176587059917376,0.0049922880590534706,0.0864677321970556,0.018899375855021733,0.07717245100009393,0.06614781516183699,0.0751996214290374,0.0789966713186544,0.07405227104587028,0.03307390764706632,0.006013437862253938,0.07421462187275671,0.06173796082653428,0.0352788348147177,bus
0.09501145929989227,0.03151822466183418,0.12140353125176291,0.04413469002848051,0.027015621177737616,0.025769617697861832,0.046418997412036304,0.1716992798000421,0.022763162331646415,0.031218051096227804,0.04744322224769172,0.033407806459716506,0.03607746466774338,0.046724385551107875,0.012416270486878907,0.006662389168325291,0.10015791333050718,0.10015791333050718,car
0.04977809997164144,0.088068945943548,0.1069726337907897,0.041814394451720124,0.027450061216594653,0.011782809414612416,0.05442168978914955,0.10705523814104656,0.034693827316041925,0.07434391543933211,0.04930175451935935,0.039935340763994846,0.08902566976800327,0.04930175451935935,0.07569562298898977,0.010154291069005582,0.0485713581591935,0.041632592737617734,car
0.07666853236910388,0.1050149624089186,0.09954543312271273,0.055641115507413186,0.027503918810115647,0.019318790347308393,0.07956198952147696,0.013001852588404115,0.07584413954915402,0.09426343055489107,0.058679413255882044,0.07147900922193746,0.07870618254671585,0.020956933378807586,0.020684765414326525,0.008324356881064874,0.037922069831460195,0.05688310469030708,car
0.04838243374200138,0.09415965930270435,0.08655079796289462,0.038874968639927565,0.03423987625170288,0.02519538069683474,0.05091223418746238,0.12081784849682331,0.03709319925413154,0.07948542671878558,0.04685456742033477,0.037626914348110975,0.09938177875997938,0.04392615697047378,0.01011632723116983,0.005428273251569779,0.06676775847938955,0.0741863982857038,bus
0.05391746415327385,0.04769621831328263,0.048800297436120584,0.01985606771539879,0.020441236538083198,0.01559876336104305,0.0027017467660987986,0.18896787384806646,2.0668361179526256e-10,0.050194591642675944,0.004351234139215445,0.002726043048107938,0.04679628966976191,0.013597606245845616,0.1597100638666592,0.03528744612294795,0.14467852846336743,0.14467852846336743,van
0.0671559396964674,0.10053522327352572,0.10066216168659986,0.05292167773022655,0.019584783850251634,0.02465958315676243,0.08542208515222924,0.013578783505944195,0.0792095698770718,0.10523557136907066,0.05940717743750743,0.0766452312877757,0.07771504969295376,0.018760161377349007,0.010801305085849464,0.008693733384964564,0.039604784997943156,0.059407177437507445,car
0.05621723501985754,0.0729382587180758,0.10774970029669399,0.026349271818515204,0.017050502170090073,0.02927539039484934,0.05070574140736164,0.08373690998327978,0.04309988022211732,0.09112546084894572,0.04173883137844201,0.03700181565872798,0.07156206516061019,0.038563050743199656,0.039181709308506604,0.06727786171342243,0.04597320555876516,0.08045310959853942,van
0.03683396384485858,0.08960570020376653,0.09413124060740143,0.032370459518144566,0.030256470338954414,0.015984550467652937,0.0567556010385578,0.10892329266956807,0.0352992153601476,0.08471811656784084,0.0557356030776147,0.041394043874971004,0.09191116418297673,0.06130916336419664,0.009627058888618645,0.07748608224476375,0.042359058389818086,0.03529921536014765,bus
0.06656139738437113,0.07246921369935751,0.08505067437016174,0.02982630315677482,0.02329367599175683,0.017775467688917836,0.03694508945238075,0.15477353470471014,0.019627078881979627,0.06056355720172786,0.030990124414137538,0.025416361072660452,0.07850831482134353,0.04648518650344383,0.053528396544037626,0.08042315176246108,0.05495582044559797,0.0628066519041798,car
0.07788564859156935,0.05511907444024295,0.09703253715962556,0.04302416840696533,0.03149661404262612,0.020279659577091068,0.037466560461195925,0.10236399523547661,0.029856165403902728,0.08189119622420868,0.032998919638088584,0.026849069625868756,0.028166193787406535,0.018856525584252184,0.03257036224251778,0.039322754377608925,0.11345342803324682,0.1313671271681062,van
0.08357014595825235,0.09132212781267011,0.09108053488224786,0.05233599178287426,0.023607080742895265,0.019199800545866463,0.07833295496526292,0.01615221317558059,0.06595487011833552,0.0823762867318925,0.054152419696339826,0.07049646959454628,0.07608809812453603,0.017852446129529548,0.07195076739154187,1.1306549143760574e-10,0.045226196688107824,0.0603015955464552,car
0.09838947923303773,0.016578447229460554,0.07782659869763056,0.04046878572116558,0.03552524381682142,0.02846488093756903,0.026763898336064688,0.14778501359693452,0.017959984480622325,0.027709690224535066,0.03289512929054961,0.0191228611596577,0.008132823278962443,0.019850509140106755,0.07837084064505792,0.03679606553914441,0.14367987433633975,0.14367987433633975,van
0.07395197022654565,0.08586250387571888,0.09744712740016347,0.0515282150945625,0.02453214404042393,0.016046182302207022,0.06670177707750255,0.01822387845736502,0.0620118083842153,0.07289551351054223,0.048676938333476895,0.05812412050656629,0.07287641091268997,0.013987626033653923,0.06764924550038887,0.05963504918192608,0.04606591482703863,0.06378357433501265,car
0.06471082642052485,0.070454390875396,0.07632559009593091,0.043995536746173056,0.03522719555218638,0.012960949451667097,0.056870047580824964,0.12430167515515922,0.03816279516245386,0.06542193440065174,0.04217993147124091,0.040908319977811906,0.09216675025699687,0.06326989709237298,0.0520401751382637,0.044678394297437744,0.04579535414914931,0.030530236175758528,car
0.09116762407863842,0.026882761192690455,0.033976823081872096,0.009156573911793524,0.03072315559886399,0.006593885084603996,0.01142078109986117,0.3095357894870609,3.494758909617896e-10,0.019970051261578158,0.011036081116690294,0.00796168131862937,0.06593884770075692,0.137951009939656,0.07942633920442807,0.07671422031669799,0.04659678581104798,0.03494758944565472,van
0.08123229931157248,3.113904795006976e-10,3.113904795006976e-10,0.014957621597450189,0.03421873432245613,0.005875292377441378,3.113904795006976e-10,0.31139047981208806,3.113904795006976e-10,0.004448435732829,3.113904795006976e-10,3.113904795006976e-10,0.03525175270769586,0.11062556539716463,0.1698493527663164,0.159492684933699,0.05189841356150683,0.02075936561143691,car
0.041165676357685005,0.1001434238771693,0.09205102600723258,0.01653817579622394,0.015606767557294841,0.017864350251468562,0.06033596670814244,0.12849571784291175,0.03945043985264406,0.09806252156775702,0.0498321344884181,0.04228860097609306,0.10272001282160667,0.08409172678647249,0.04303684345409327,0.028866175565440255,0.023670264006267608,0.015780176083079144,bus
0.07226669123534268,0.08997305999788131,0.10944091505850198,0.045699945497338516,0.016235740250897322,0.0185843064329027,0.07725241066574288,0.02110646228923021,0.0718206005494648,0.07914923324603045,0.0583204876873701,0.0676132272459688,0.0681424565923205,0.017820149101086022,0.005596410545953011,0.06606494267557661,0.04514437753396574,0.06976858339442636,car
0.07776128551931655,0.061909946584529287,0.059616985606541203,0.042174461485775944,0.04127329778263651,0.023621824593596154,0.025717131147658508,0.1175306285934403,0.014904246535773547,0.061320328047332354,0.03106358732275272,0.018013765559879668,0.06861577585977748,0.028239624855125278,0.0569071226325553,0.05670883997592218,0.09538717686315551,0.11923397103423153,van
0.06481135798343415,0.10117610173094414,0.09255739678361762,0.022974486118121935,0.01734447472775572,0.029780135727578077,0.05501863840689878,0.08518064186596795,0.04384297751611989,0.12276033672946622,0.03599739209724919,0.03827060869343489,0.08382556691491519,0.03922792726972536,0.00797145060096245,0.059883091177369153,0.035074382047970316,0.06430303360846902,van
0.09343278647518473,0.028748549814040677,0.08824207612583365,0.07752065256582033,0.05544363161070333,0.010577296747807363,0.06473121160230236,0.06940721285818838,0.046716393331025154,0.026695081983528178,0.05704317497341831,0.052653968478844,0.03173188986969094,0.03196384812760633,0.008493889849440042,0.013673090863204963,0.12457704857129116,0.11834819615206991,bus
0.06612448940844333,0.09532476245928934,0.0954451220077068,0.041815745405641556,0.012379839378453,0.017004760462656216,0.0809948962241746,0.012875032949084857,0.07510435832515511,0.09495336728131544,0.05632826877203046,0.07388864029653554,0.07227023160015518,0.017787874426143036,0.035845261986803593,0.04671124729360079,0.04506261504015573,0.06008348668265539,car
0.025237552926547877,0.10418579480945347,0.09136928832891804,0.031262238004017825,0.029767370083763792,0.018253576069600475,0.051849700035046874,0.09397983941850174,0.032247984241286796,0.08568750066335348,0.0458260827877284,0.03827998125742182,0.10952145545016334,0.0458260827877284,0.052769428635340614,0.04719217197075455,0.04514717786040634,0.0515967746699661,bus
0.06349789961429217,0.021064207205584138,0.09381373701659654,0.05420890559261905,0.030091724501167472,0.02066676933722516,0.05369307690792123,0.08345438229283768,0.030426076993596504,0.018255646269180453,0.0422762332252647,0.04005735310644369,0.019518615495299117,0.009608234964990144,0.041490104924883774,0.09795712552541704,0.1338747381511326,0.14604516887554855,car
0.06682427973588717,0.07093654309479122,0.07044392821325583,0.0402696533516976,0.020267583851151662,0.014499607987567541,0.04721375585849898,0.07026095697154269,0.038423960913455846,0.06147833736931187,0.042064125617012046,0.03593607856210447,0.07636460141208677,0.012133882498883215,0.07684792167321583,0.056230186631393404,0.0973407007450879,0.10246389551305587,car
0.06183434973786759,0.08204942553621775,0.06255002507931243,0.028982038867700045,0.028652180500239523,0.022361478830101263,0.057321385231815264,0.135446670572196,0.03950527908478796,0.08804033595488846,0.04491126461132299,0.03865264716721046,0.09391821032792393,0.07485210752751724,0.08619333590486354,0.023125041513767052,0.023703167545685563,0.0079010560065829,bus
0.06835518946708394,0.09502122487472027,0.10605904391277945,0.0608075484715773,0.027148921472989952,0.02118826635434742,0.07559918012232972,0.016042544552706792,0.0655070565773012,0.08021272231434275,0.058513070097579015,0.06732482690058493,0.07415893195947144,0.017731233441170897,0.010208892028921715,0.04382353614463457,0.04491912454544303,0.06737868676201553,car
0.051111830426970394,0.10550006003179677,0.09524310976997626,0.014544924228197474,0.01291837486970845,0.025877373363217087,0.05762608329955414,0.10076332265141087,0.04898217083401031,0.13155211562391933,0.03918573670639397,0.040877207347133494,0.08256114315822977,0.04640416185305864,0.008905849402852615,0.033451238680472235,0.03918573670639402,0.06530956104670413,van
0.09690553457197534,0.06857930145454826,0.10834577126596537,0.019465740747154597,0.009797043255977793,0.021026672770327347,0.04078899638027856,0.14646579356765405,0.018573560973125507,0.07323289689526839,0.03988427804445662,0.02672454806495862,0.05607112701606837,0.05278801498673052,0.050655165905362946,0.08154246205321673,0.0594353946236595,0.02971769742327121,van
0.08476642440934563,0.020450640988481393,0.08123449006634119,0.06733529787015101,0.05063968218602994,0.01337651995314596,0.050970660499812866,0.07595952319042547,0.029539814682367015,0.020255872980755315,0.05037315754387841,0.04037816388928451,0.01672064989712272,0.02798508760314972,0.016112626270945132,0.0821350941671073,0.1358831469008282,0.1358831469008282,bus
0.06998377029659099,0.04127247999187565,0.10681164932460109,0.05623150105947983,0.023584274357720703,0.016872397586689156,0.06662942837373619,0.0664290391160072,0.04471185330962804,0.0357694826834719,0.05647813044930715,0.05189577215797888,0.03711927447609924,0.01882604360233399,1.788474125231225e-10,0.10469116848506546,0.09538528685784621,0.10730844769272084,car
0.07298390019071631,0.09469193200902835,0.09792006605097563,0.052289193152358644,0.02213577639954702,0.019003355226768007,0.0731429065089708,0.0159869496529808,0.06528004407128665,0.07513866295494781,0.0583102950169771,0.06561550164558971,0.09853591552229052,0.01914226864135031,0.02543378347270527,0.04367166715093504,0.04476345882691074,0.05595432350566121,car
0.1118174082496629,0.044961545415003634,0.08442779062961568,0.022461138961877295,0.012846155999858213,0.026467928717829325,0.032090201108227696,0.17368002619090653,0.019483336478988297,0.07348001121565279,0.0344547422252908,0.019343168592332236,0.045583654845183806,0.058450008969364704,0.1169000177049294,0.045619519246923694,0.062346676218402355,0.015586669229950563,van
0.07283563963566617,0.10392181829260178,0.0945688546559947,0.059466878077073904,0.026128914394473072,0.018352985357269938,0.07558444407914881,0.012351850498010571,0.07205246071601468,0.08955091543508487,0.057452356855985556,0.06894228256027646,0.09312440674286392,0.017065056567853003,0.034388674489139064,0.010544262636069328,0.03962885344244355,0.0540393455640307,car
0.04304021673648547,0.0761480756261002,0.0999924224829641,0.028294799154802774,0.02175659316459031,0.030563721714104083,0.051760783489763054,0.0925644139690286,0.04499659021632635,0.10027811511811546,0.034102678944370336,0.03560881243896044,0.07584330917205626,0.03552362389288634,0.04090599112211362,0.07462849097196488,0.041996817547237025,0.0719945442381304,van
0.07659547485731003,0.06453098616994826,0.0652479971255279,0.04835597046460143,0.036874849311876394,0.012662684213488944,0.03289814989437586,0.0958746079424297,0.013981713801583591,0.05752476483257004,0.030023890497210166,0.02534814287079032,0.07175520976012803,0.013245834136646569,0.07626389271579695,0.03273767111522174,0.12303908014524699,0.12303908014524699,bus
0.07343470281780634,0.09094605498793012,0.10556238522670289,0.042040565746505235,0.03340875500038035,0.03186788999767056,0.04746857593345439,0.08203705369953533,0.028149969517647314,0.09410132627756998,0.04355837379275118,0.034428020235713286,0.07329614677507251,0.03778022218958724,0.015354528904580264,0.037075569555055046,0.04503995112689579,0.08444990821514227,van
0.0880233174708772,0.06788386024291197,0.10093841959168436,0.03717657082474174,0.01026814701561744,0.017630214612753527,0.0692149163240706,0.014831767865304131,0.060563051796539584,0.06081024792589759,0.0557362221127591,0.06124773172317872,0.06137926543121232,0.016393006577039054,0.08494557910139974,0.06837083197992123,0.05191118726900854,0.07267566213508303,car
0.07641936226296975,0.022533914651147017,0.10035937846626942,0.04519903093789306,0.019314784014596603,0.01842395541077133,0.05488652821630436,0.08927722318229298,0.03254898774263735,0.022319305942043698,0.04830955013398256,0.04144727210809812,0.017195691729739497,0.015417941665088176,0.07101597302586136,0.07144899725043799,0.12368615287519895,0.1301959503846676,car
0.06593557505092498,0.061397499046261184,0.06429682538257415,0.037642833538159816,0.015787928444766328,0.015059764037485572,0.038604179198153635,0.08209722724232422,0.02660558301050551,0.05701196341150205,0.0336070521817876,0.02851965371920132,0.05923507141251831,0.008401763165172013,0.10158495286296294,0.07008299888875974,0.11706456470347029,0.11706456470347029,car
0.07384330576160875,0.07537260499065238,0.11612964317421147,0.05248654185557618,0.022970698754647845,0.01972012819464756,0.0759966047694498,0.02612916981544811,0.06532292434265151,0.06345655507945133,0.0625724854284618,0.0657928734377019,0.07395048037065227,0.02406634062980583,0.04750758137574088,0.012745936562256711,0.05225833950025043,0.0696777859567852,car
0.062201141866693704,0.11004817398380412,0.09696466886822536,0.051977338479993036,0.022638481596145784,0.021594358760512026,0.08527654582654562,0.0130800116372076,0.07630006733053554,0.10464009229651017,0.057225050526514186,0.0773979100242922,0.0770198792854043,0.01807106866562823,0.031213663975575973,0.002791465988209325,0.03433503036168865,0.05722505052651419,car
0.06809742550696846,0.04819202429649632,0.06090936395874239,0.01915054259480094,0.02753829973224713,0.011820685441214694,0.03480535096781628,0.23269863040378944,0.026104013304174306,0.04027476321353414,0.02637879238828925,0.02291143617578762,0.06107354014107526,0.09067709807120197,0.05695421047526875,0.0993225863275036,0.04176642109873006,0.031324815902359374,car
0.06532013406870384,0.038522130416693716,0.11128615422180445,0.06196063179136851,0.02935019464294029,0.022047257102329045,0.0687355659067051,0.057232879395150774,0.05564307719436688,0.033385846383391794,0.05886451849595533,0.05464230242768632,0.04934386092710976,0.021964372677759865,1.6692923108231289e-10,0.09364322735944622,0.08346461570808567,0.09459323111357315,car
0.07520065599224154,0.058208200119771035,0.06005607948178909,0.02549105220142058,0.02138260426241096,0.01631712363930483,0.008478505524284781,0.18531590195001385,2.1620188535611403e-10,0.05868336909857568,0.014792760793199158,0.006480872079394753,0.05982945276757934,0.017068570112737207,0.098273584468981,0.04218573394422413,0.12251440191799996,0.1297211314298702,van
0.07358063681626244,0.016272640999126207,0.08814347114427956,0.03140832871858012,0.025571292877744442,0.019957012498201365,0.019356997749713636,0.1631913406812941,2.1154433023856456e-10,0.030220618817053537,0.018927650811836935,0.013443464843011853,0.003991402668875736,0.01391739035881831,0.03846260570946516,0.09803273861478157,0.16218398672777712,0.1833384197516335,van
0.07942814699171653,0.07494758486059248,0.10149152112225175,0.047864996925501134,0.017398546579011877,0.01838336996338293,0.058108870969113144,0.031317383744789505,0.050745760622020804,0.0730738952421224,0.04615193388199988,0.04877434258819887,0.052852188416369995,0.004807493221811707,0.07196671501302647,0.023763868453605303,0.08931253860219633,0.10961084280228875,car
0.03239064592389298,0.09823976083095265,0.09164496208575612,0.022307718781154968,0.02105137748815992,0.020080454427244293,0.054256600031345865,0.11554867103509402,0.03547546932494444,0.08818188057719484,0.04593139706324511,0.03904853815637811,0.0896926957038014,0.056013898810892214,0.029025384031836857,0.08306451325579903,0.035475469324944484,0.04257056314736278,bus
0.08054129605614349,0.06860925221630276,0.07813831500506446,0.04973421780153286,0.0211105392384752,0.01812319879961812,0.04843006042833682,0.0548874018004859,0.03430462617676064,0.07056951656141941,0.042609956691597145,0.03800656423858172,0.05695862450476014,0.007222026671858945,0.08108366168522717,0.030121135196328665,0.10062690318654209,0.11892270374096449,car
0.05909594663198629,0.04825586178518624,0.0580857595136465,0.032872988881021824,0.02987267642287103,0.019727239218197037,0.009567066447503181,0.17326152224893,2.0910873349633603e-10,0.04779628215112836,0.011005723024705353,0.00702043730490898,0.042084776761830436,0.005502861616907043,0.06653459723067019,0.040801704305954783,0.1672869870061777,0.18122756923926653,van
0.0745723278136806,0.052774262860721934,0.10481554951010996,0.013481635091001372,0.022617541422042385,0.025889261200767063,0.02242043866754121,0.2842270999025877,3.430327063649802e-10,0.05390513991467241,0.02347065919958398,0.013984547125298084,0.05609339886812379,0.09027176517592225,3.430327063649802e-10,0.05856655996632201,0.05717211807052951,0.04573769452503021,van
0.043728529190120914,0.1031544788114244,0.08691719977443652,0.044895471981563954,0.05403329853146106,0.01265102118239759,0.05258855793499154,0.12132931551501082,0.037250228602473595,0.08301479489663939,0.04587659727970924,0.0369822413479486,0.10542517488096988,0.061756957799165825,0.05079576619482711,2.2350137027383326e-10,0.037250228602473644,0.022350137250884618,bus
0.06503926601484075,0.08054862941347735,0.09972687447630758,0.0627103490711942,0.031233142109056724,0.01411229368638993,0.059640581854783985,0.051288106946187774,0.04986343731294899,0.07052114699491183,0.05275026788556445,0.04806978849412312,0.09031867878510788,0.013778055155255195,1.4959031149007598e-10,0.01094563269764465,0.09474053075997181,0.10471321819264351,car
0.06181796277786086,0.0607612454681193,0.10531949202888864,0.0365628805236443,0.024304498282035264,0.020865182509763183,0.03820412956213265,0.08576015782429118,0.02632987312570661,0.08801700407866783,0.029101438701256848,0.02689814376529783,0.030800983629660293,0.010393371066292666,0.007180874603723063,0.10018195584006383,0.11058546662243417,0.13691533959016144,van
0.07930132680475938,0.09903695109598477,0.0983491944918966,0.035138656298693734,0.004716045392465965,0.012146041266280895,0.10168009412346082,1.0729003023775264e-10,0.0983491944918966,0.08276659486212774,0.08187923370978546,0.09905674265293694,0.08299794802706094,0.03388106228763297,0.009753639219812997,0.05233660022326692,0.01788167181358217,0.010729003131065255,bus
0.05425665722635578,0.07542271574511379,0.07427994732743436,0.058385984837002206,0.054852884226884176,0.01345448117132772,0.03961597199115852,0.09677615989260924,0.02971197903793688,0.05857504421589713,0.034716101793248855,0.030353244768720995,0.07736326588834297,0.02345682559379686,0.04861960194863277,0.00434809464553992,0.10696312407306593,0.11884791561693188,bus
0.04426537282617892,0.10181035723550455,0.09332616081618089,0.029342723190975882,0.026851083376864798,0.015367601265037145,0.04791075645391898,0.11053695926680884,0.033936785880915345,0.08144828582912782,0.039652455047617566,0.03491338402990221,0.09476687341568868,0.04286751895388759,0.07404389622680897,2.036207140637677e-10,0.06108621442275117,0.06787357155820989,bus
0.07514557564367597,0.0818153012689224,0.09601934658194716,0.029028354879417604,0.02337580055247764,0.025084880290411397,0.03997185484090588,0.18233124250120739,0.022158310954218406,0.0683742161041401,0.03358733436187744,0.026143618631973512,0.09365021902407661,0.052480209790864915,0.036259054119512045,0.02594143716929716,0.03545329736720966,0.05317994591786451,car
0.07926707911270316,0.08180769061947936,0.09706547416850754,0.05351777809468085,0.02337362596362675,0.017199460641498934,0.06752380814804873,0.01446938753987778,0.05908333214220336,0.07379387603810528,0.051175938831463985,0.059629837782869594,0.06561275697691393,0.01199436074117124,0.050642856136357974,0.0790522631804229,0.0438904753316817,0.0708999985503869,car
0.08596996594964279,0.02897156374158307,0.08631111660742585,0.06743163064199119,0.049665537708203054,0.017765581612488892,0.05169435868532263,0.08608693188945414,0.03138586070435543,0.0242119497292605,0.040636430119609386,0.04019196545346023,0.02724055837204821,0.019822648935287953,0.017119560469791666,0.03674442225587449,0.13182061435568426,0.15692930276851638,bus
0.09307930508358099,0.06709135100195668,0.11673217372193011,0.0616313561933452,0.02613948750015505,0.01795240278562386,0.07669860920353355,0.04077760041143733,0.06607481538311763,0.065697245010406,0.06009330579436996,0.06407831017489418,0.04188893962168293,0.014606011945056384,1.5857955653889135e-10,0.007735588282427915,0.08986174886395142,0.08986174886395128,car
0.04001367668002351,0.07865936421619903,0.09373574231843858,0.04465378763472837,0.0404533874105236,0.019293806471531345,0.052131108118140666,0.10517880694013841,0.03408572460957772,0.07304083821536438,0.0516667824606104,0.038499703309513966,0.06559894151237212,0.04574663032709939,0.04648053348414621,0.05486970290534806,0.06135430413362855,0.054537159252615715,bus
0.05655222462759128,0.10005393572565546,0.09171610776519315,0.018350503658941926,0.021989876139788648,0.015102481034152793,0.05100788889940665,0.10862998734213093,0.033351312041957085,0.08290183249270447,0.042127973052970016,0.03599062448987318,0.09942466569090358,0.06055896117609722,0.08186231108464682,0.0536874777991822,0.026681049673587313,0.02001078730521732,bus
0.08939567957583157,0.07356352882710224,0.09297612668679558,0.05303641316797161,0.02101815116176677,0.01804388450146476,0.06563020710115941,0.0136617982886198,0.055785676050330406,0.06421045160267251,0.050836270213748175,0.05825102452520398,0.06796529802426711,0.010066588237833695,0.0695509727144766,0.06531005974991294,0.05100404668278494,0.07969382288805799,car
0.06097549279447807,0.08765227081536649,0.09008705611092375,0.016075962476101928,0.009632117828058607,0.026461063010040222,0.0504143780597846,0.09015662140508253,0.04382613549533552,0.10518272494337885,0.03782887487259444,0.03510294788966988,0.07497301154038896,0.043826135495335504,0.05577871785534397,0.07268724899877056,0.040904393140666795,0.058434847268679126,van
0.04509862907941151,0.0638319056877632,0.08643903887870615,0.04620147764571264,0.041034796587652654,0.01957110330283161,0.04338900785420001,0.11854496752802848,0.03457561567595469,0.0681633564167842,0.04149073876965486,0.031093179585602055,0.04958012804907773,0.0327558464407704,0.0377188534458184,0.06071815420091885,0.08298147733185612,0.09681172351925647,bus
0.06733080113026252,0.07251009351453949,0.11782890187696321,0.06527265437493848,0.03255555226440271,0.02032627968050339,0.07745242480933978,0.026932320532901965,0.06733080113026252,0.05578837810244524,0.06378707476207301,0.06684640687849562,0.07707047674597839,0.02480608471198826,0.036725891586807564,0.019706576035813095,0.04937592086476901,0.05835336099751577,car
0.07778031003254415,0.03669635152596031,0.05631870603382437,0.02916478597788437,0.03931751947506276,0.018001983888965633,0.03585689250958111,0.16356088026251808,0.019877190519219764,0.023852628575358387,0.026363431558182857,0.023166222004514323,0.05250578588564104,0.07532408972325935,0.17347366087003271,0.09308342789445657,0.031803504687635896,0.023852628575358335,car
0.12312864627105718,0.04356859805768763,0.08181214504279144,0.025722595976639256,0.019917073520787993,0.021373274634281316,0.02665373066442502,0.16182622074218583,0.018879725953380142,0.06473048843280835,0.03577211213001156,0.018200599128674225,0.019948389673766335,0.029810093479435754,0.030894096870449545,0.06630928082808281,0.1132783545874971,0.09817457400603845,van
0.04433522899918761,0.058829438438020396,0.07258354322821997,0.0790386777994343,0.07703855029604982,0.09860405867943446,0.03582315482855435,0.06555280281636972,0.03186594587901529,0.07647826993118736,0.04696034123501336,0.02491198649438414,0.05451281298546383,0.051991806353679386,0.052144274993638974,0.052850836983695554,0.029741549495578525,0.046736720563072716,van
0.05788714762878057,0.06583867887034373,0.09510031383929622,0.04568137355876183,0.03762210229313954,0.010766073433494469,0.05345507845047657,0.08694885838365946,0.031700104739899176,0.05434303656111238,0.05405702058021287,0.04059437867830378,0.05741905748776778,0.04254487734900656,0.051872898544252775,0.055668476472598066,0.08242027201941687,0.07608025110947718,bus
0.08964735669404189,0.023791029427965238,0.06586590518129198,0.031513590587290065,0.022658123274547342,0.023342142084158177,0.02695280019600091,0.14138668815274555,0.017182410199694097,0.05302000818614766,0.030385735773650654,0.018789398184698148,0.015561428124835087,0.021704097040090155,0.028116671104651884,0.13578294747193692,0.11684038816202405,0.13745928015423015,van
0.08722407576761221,0.09430637250892428,0.09597340434423311,0.031635127017313754,0.004899032443789152,0.008411546191501886,0.09397016440768553,0.003184371127471486,0.08358973928193893,0.07483271898788801,0.07919027932559754,0.09167475801865259,0.09673278003201533,0.03666216641429769,0.05066044809356568,0.029902020627724384,0.029720796260959092,0.007430199148829487,bus
0.077672830389735,0.040417988765148946,0.10216769350191691,0.055067303394244864,0.03926318909214965,0.019827692708840727,0.053573647785003696,0.10208429130331141,0.03502892362448558,0.039032229157549794,0.042034708307347964,0.040573069776391066,0.0396553852075079,0.019358089465451228,2.1017354048587215e-10,2.1017354048587215e-10,0.1331099091845593,0.16113304791600883,bus
0.07132942029963363,0.0959106358653548,0.0838516962847505,0.059032103669729954,0.03172983450944751,0.007429026533689507,0.06862542920828295,0.026249226753212715,0.054685888927009874,0.08062262475585777,0.0566430681049635,0.060744613297188006,0.09245010647276368,0.02763076499647412,0.023862933423943033,0.019206751318050958,0.07874767999714596,0.061248195582501525,bus
0.04897319979298778,0.03850884091634667,0.09038880681364954,0.02404700555704812,0.019254420583327065,0.023613911979482465,0.03271993022798785,0.18594268803775402,0.02085895561107875,0.03218238852121167,0.023713338976236873,0.020408762329910977,0.05195060605449245,0.04281575072768002,0.19341940450473175,0.04273542098944856,0.058405075260466975,0.050061493116158505,car
0.05340358478666555,0.03674349213938413,0.10993886112930464,0.05244485958916094,0.0254954843833918,0.018025109420921413,0.057979926826405855,0.04679171240140395,0.04549194261626709,0.033144129657466596,0.04597080516868594,0.04598286285885475,0.04806695822833072,0.01257014213747077,0.05583102045258327,0.11650375526764851,0.08643469084807924,0.10918066208797479,car
0.0866745317645996,0.042937229662324425,0.08195558504387646,0.04666042049257722,0.02453555987539159,0.012036312472946644,0.06254162296474307,0.05012264357912678,0.05316037954395381,0.0478443416055065,0.05623808571884429,0.052204257612578374,0.032096832995389145,0.02727966852782894,0.028996570732829855,0.0661263257352886,0.12226887274376821,0.10632075892842648,bus
0.08085870672959901,0.08670164357137872,0.09079588784581571,0.04380515359816071,0.016101733897893076,0.017013152791393878,0.07587810507425105,0.016101733897893062,0.06574874640220096,0.08211884241713488,0.05576284658981241,0.06716778409190213,0.07726806852839171,0.0207627620988665,0.04098623156589997,0.05773060661079987,0.04508485471121879,0.060113139577387606,car
0.07332522878638073,0.06486462548433462,0.08900868046295128,0.04566016436466846,0.022239300276883426,0.015910191283816436,0.04298871263276973,0.08673327059076609,0.02810800447211223,0.055412922938334566,0.04615630197223133,0.031950105779779976,0.06894416166771113,0.019971476910583097,0.11498729050100154,0.008226733135515594,0.09556721480042638,0.08994561393973341,car
0.08159276563810289,0.02749646326393792,0.07943422686933635,0.0694615892389651,0.04910082711660367,0.013488831126188976,0.05373491823413923,0.0765972902018146,0.029787835187705527,0.038298645190270784,0.0507960977729851,0.04307449540753765,0.02023324659991995,0.02586838321283992,1.7872701005387105e-10,0.06102873531907322,0.14298160822182396,0.13702404122002812,bus
0.06639797028929005,0.02202624988699661,0.07423661953701734,0.03751195382181106,0.027270595052735342,0.021610660270089052,0.0262011599601141,0.13089885552773176,0.015907847193634875,0.04363295196984,0.02310824110013851,0.01854008087034733,0.012005922457113544,0.007535296139560805,0.0520620449271364,0.0838071941565524,0.1590784702183011,0.17816788662158983,van
0.057375742247209656,0.10151092842203217,0.09164181040238437,0.02497139303821331,0.02658619570144059,0.02489890713743457,0.056063225272729625,0.11939618720049594,0.03665672429291797,0.08797613799508663,0.047460811388111354,0.03955761612603128,0.10789526352908196,0.057879038229905005,0.01999457698701904,0.0268219934440703,0.03665672429291802,0.03665672429291802,bus
0.05462947475935851,0.08921736694023308,0.0885978018933794,0.04051793094300122,0.033987568477848604,0.014589003560726614,0.04674679039512645,0.09941363742559636,0.032217382629695264,0.07456022811752332,0.040695641165587604,0.03499873938679374,0.08145526899474556,0.030521730922516765,0.05271935327103495,0.004714739086434678,0.08376519452792082,0.09665214750247715,bus
0.08234669228945599,0.06622286445105911,0.10681502759051521,0.04912252073453103,0.017659430604459053,0.01732623380276711,0.07127253820219102,0.019677651231850217,0.0669586740547955,0.05739314920622271,0.05860142602920034,0.06207268654221516,0.06569530284838022,0.016613806430728427,0.02608779515634832,0.07839064277626047,0.053566939266793664,0.08417661878222642,car
0.09191038919620986,0.0908706789125915,0.10880568130500773,0.04452684158068866,0.013664763851904555,0.021115927469382782,0.08289956673818431,0.01776419297017112,0.07253712091145495,0.07816244864596514,0.056938912982799156,0.0733571705811961,0.06256571077630024,0.011453229722313385,0.03391345919364547,0.015164554992733793,0.05388471842334211,0.07046463174610904,car
0.08638701316305952,0.06368273409152285,0.10271789140218424,0.053504620276196645,0.018195066962137532,0.01666164623375071,0.06709579565129635,0.018922869636207696,0.055191702894037596,0.06307623186313105,0.05344880701665906,0.05823584957035425,0.04095988016366135,0.008714479497276176,0.04515684784246411,0.08615290201657531,0.06990949030301209,0.0919861714164737,car
0.04932555218092903,0.0872682845251289,0.09268690349062413,0.04895811292858472,0.020533714107977327,0.020146285542420567,0.060191965607762736,0.03813404037184147,0.04448971374490356,0.07626808061021381,0.05690000227861944,0.049290761976353306,0.09317657014986949,0.017561729190614293,0.03640067490646092,0.06185155320302429,0.06673457055062074,0.080081484634051,car
0.07232217841043462,0.07677277399468649,0.0993425477821862,0.02760243850054966,0.016451308843843614,0.02510807714164897,0.0489238266255808,0.08079420500474267,0.04158525265669483,0.08792310543166051,0.04377395015618712,0.0359009375680853,0.08264742021006304,0.0350191601582179,0.0075609551645871576,0.0851990540490171,0.0443576028227184,0.08871520547909578,van
0.039407459933678446,0.06197412490856384,0.08392329407567872,0.04485681753857646,0.03762714734504143,0.019001500701248997,0.04739197791864666,0.10934006307759829,0.03356931775112105,0.05754740171519611,0.04452351610944585,0.03477684715938381,0.05447096830093743,0.034452720844534324,0.04577634231465018,0.08351391215434087,0.07385249881076729,0.0939940893405903,bus
0.05611908982567736,0.08202020815495696,0.09976727071390783,0.057834520515607814,0.024667731854409247,0.014823910602580604,0.06308812711035282,0.022447635997613846,0.05611908982567736,0.07215311545808852,0.051393271744545645,0.054504151992197096,0.08259035855843169,0.01181454531506748,0.06122082525417182,0.054750331539983724,0.05986036247324006,0.07482545306349045,car
0.085408115999948,0.07999764712771351,0.07382498918816036,0.022202161330017692,0.02031686293500507,0.021802293934582717,0.06041942853355427,0.12545662742769143,0.038517385773916175,0.07923576477631723,0.0523025553366067,0.042119731184394965,0.09302312003261215,0.06689861722651434,2.311043132568711e-10,0.08455035873971568,0.030813908665353888,0.02311043155679134,bus
0.10409423723724817,0.06445835468807386,0.07315511679622601,0.013591343847430541,0.005261906725021416,0.022586485625738652,0.02973149146036597,0.17785243945285437,0.01995139566400113,0.09234645906177853,0.037802644201787076,0.018659578694063973,0.07077098778322537,0.05985418651316977,0.08706063481942118,0.035036597082589264,0.06384446559808665,0.02394167474891788,van
0.08295930333306155,0.06523295651232343,0.07655812253668388,0.024996471458089028,0.020967736165680206,0.02800093900129383,0.01939934342549987,0.1635483406506573,0.017667259210009476,0.07874549746024605,0.032358979850453475,0.013472873980267875,0.061335389940920866,0.03626437394474874,0.028910060390556384,0.0517090509378676,0.10600355420002111,0.0918697470016193,van
0.057816866672734425,0.055795297912180415,0.10913663584690962,0.05490192342061682,0.022583811131650297,0.01824751889539995,0.05925971182732593,0.03453994637264113,0.05037075507136052,0.055263914123691936,0.04581087620216,0.04870380922407875,0.03725535095218134,0.00795327721833255,0.038464940264885616,0.09435302402811296,0.08865252883371823,0.12088981200201948,car
0.11133551132025256,0.04924455326246933,0.048902577200369474,0.009784398393793876,0.02462227679127946,0.01811827923285196,0.016736711124035634,0.27436250957049113,3.200895941254685e-10,0.04115437670764983,0.013477456914846168,0.01113021402469221,0.07649940017397514,0.09686921959490245,0.1018466893600114,0.031228253405501154,0.053348266007667774,0.02133930659512075,van
0.07994032526337562,0.0928153295541134,0.0957618479490086,0.05820982202978731,0.027781459266783364,0.017345542364108672,0.0818669915966106,0.01313305353216144,0.07660947838218972,0.0853648473270212,0.06169079050908871,0.07357816809103854,0.06721397633054274,0.021168408583503506,1.1491421740091328e-10,0.03643621538837453,0.04213521316191581,0.06894853055546214,car
0.08375708974377837,0.08891137218362194,0.09230729264528968,0.03785527860510614,0.00952621853424579,0.007269483348741514,0.09317291942963636,9.63206530945764e-11,0.08829393209968232,0.07843253190190429,0.08009822740654733,0.09216292715803763,0.09208012129365153,0.03295180247078101,0.04816032664360884,0.049334968754518316,0.019264130715235948,0.00642137696929239,bus
0.07075985810294895,0.08942179864021108,0.08072801268390549,0.023351194751192402,0.022994176965908945,0.02632037863174846,0.056224686551595515,0.1328552435811009,0.03874944620917293,0.0830345273253743,0.04772300211956109,0.038470673216534954,0.09065908138547503,0.0795383367109374,0.06340818455796689,0.017011952124696,0.03099955701383776,0.007749889427831896,bus
0.06948359014691653,0.08851140402906094,0.09943873784402525,0.055271313481007854,0.026693915590119834,0.019298083997296257,0.06350709312305432,0.03287566443401394,0.053270752475800966,0.07123060612453876,0.05181281609575177,0.053500698169389224,0.09809859313086927,0.015140108689899068,0.05811354814379652,0.003118288070168897,0.06392490294539117,0.0767098835088994,car
0.07313645748455344,0.03080839793419717,0.10680244577671445,0.05246845051765986,0.02288623850659885,0.015113553785181614,0.06073080256959217,0.059504219860831126,0.0534012229684591,0.029752110010517398,0.04890427788986914,0.04821477327125442,0.03526495861848553,0.014755601199326866,0.014563970017000598,0.10940738347467817,0.101462323495889,0.12282281261919109,car
0.04808158306879661,0.10397128617934619,0.07850357220066234,0.020389764140627778,0.018903870415495003,0.02318399196336174,0.0626422366905906,0.13340731258652003,0.04095838561353052,0.10181084387423252,0.04656321729543724,0.04272637347113252,0.11746555828164819,0.07113824851610535,0.033511406455752284,0.023975640461036275,0.024575031466418554,0.00819167731930632,bus
0.08226757485304537,0.07056985443570146,0.08919245488152762,0.0485745559546395,0.01764246369493238,0.017309587023606784,0.051716633550917705,0.032764575335152105,0.038225337871898156,0.06552915055562822,0.04043838374205309,0.0426253767504273,0.051207528053596206,0.004526684849083897,0.09903837521293332,0.041954639116505175,0.09938587828345358,0.10703094583489797,car
0.06390766351154971,0.07773384067381742,0.1071784772230912,0.025674694621110057,0.014133425727385955,0.013866757320901977,0.0444325340824034,0.09974160330607461,0.030622422194979314,0.06824425495165141,0.038680954303201606,0.032605168943908816,0.06817822277480778,0.02175803687593475,0.08351569657803846,0.06273862088969943,0.07349381301072205,0.07349381301072205,car
0.07076024982820481,0.06259560563603675,0.1084990496497814,0.04690570277941344,0.03398047170539074,0.02149509487244376,0.04042121467752552,0.08834922617361815,0.027124762534506797,0.06742440948683329,0.029123429235583708,0.02927132646320707,0.03480158207368363,0.012848571812528783,0.014795325092798508,0.06748111630712267,0.10849904964978146,0.13562381202153959,van
0.0812634225598643,0.06326044897972752,0.07891581257912111,0.03656499161311155,0.026290056806232365,0.016927324364810526,0.029318568234823678,0.08971481849053957,0.012460391585776788,0.06408201325024963,0.023609162870844396,0.02079720024456412,0.05830522800217588,0.007869721056631258,0.12913496594340976,0.007293887819525908,0.12460391451204547,0.12958807108654613,van
0.0840597684025963,0.09115165952281298,0.09701521656011633,0.045753901325700265,0.01644841986574061,0.016474282160930876,0.06195929801623864,0.03207441861969704,0.05197243750083162,0.07662222208492367,0.04989354000578771,0.051748096044531906,0.07531100371877741,0.013129879040800652,0.06236692497605116,0.024338312261833292,0.07068251495622688,0.0789981049364025,car
0.05714527494985875,0.09332601109670402,0.0968905462388971,0.0512138372850064,0.021109454969155755,0.01716846438802975,0.0720277547747232,0.011554649081510895,0.06740211915348154,0.08377120520905916,0.05534068732305596,0.06558371666106128,0.08075536915442445,0.01463335489536954,0.04595599036408845,0.06164827972218097,0.04044127153253025,0.06403201320086269,car
0.06910748764694463,0.08464644931139195,0.08490770378382052,0.022424532602857497,0.01881032225939146,0.023069263092944065,0.06073398112910608,0.13274712989224127,0.04075569794339166,0.07685360161952252,0.05276790358094963,0.04192852377645227,0.09689090420785566,0.0836564323632416,0.022230380807547342,0.04771398779441608,0.03260455840362025,0.008151139784305648,bus
0.08285276015043791,0.1034722253183513,0.09652617316330166,0.03915979422217739,0.009854497750785998,0.010574991681916713,0.089382870034275,0.006405423577244105,0.08407118309217823,0.08487186102532185,0.06666697328226624,0.08575126268810315,0.08459993267066933,0.026548794737384376,0.0356665625884939,0.0300742444301735,0.04110146734680237,0.02241898224011715,bus
0.08547412646839016,0.08821368180041494,0.09556482194134812,0.04816991654113335,0.019202978436552564,0.01854627280979226,0.07852198256699044,0.012481936021985085,0.07281129293369781,0.08893379348769004,0.05690777371150858,0.07019218168101866,0.07143749495587745,0.01724477998869925,0.029786438082868218,0.03729358911687789,0.04004621116268149,0.06917072829247384,car
0.06168481473010753,0.07503008710931122,0.08867192109694162,0.016262972573077933,0.013641834164974262,0.02676888196439223,0.051000843582079805,0.09120540455178727,0.04433596063714274,0.08360495418725031,0.030801825338888335,0.03572393954063504,0.07472979516618725,0.03966901743084812,0.09673300481690505,0.05190551486198646,0.047291691334462656,0.07093753691302214,van
0.06987043278020377,0.08558094426511682,0.08241127966728348,0.04534419760179154,0.02037641539540261,0.006997184235815025,0.07352378873610375,0.021191472006274033,0.06180845978136685,0.07063823973247398,0.0598566136869116,0.06536578120051793,0.08552113927270488,0.029277691540445832,0.044951607147435055,0.07839121725051927,0.06180845978136685,0.03708507591826686,bus
0.07142723035444604,0.06318562686780635,0.09697238560585926,0.034076091408809024,0.024070715082008545,0.020664481835059527,0.034896637122270834,0.07431833252991801,0.022817032011950927,0.05867236781559892,0.02593936268958915,0.02462269640494038,0.05338324452380863,0.010808067867188432,0.1120108838871414,0.06678155684436188,0.09583153401210685,0.10952175313713604,van
0.06185767178170481,0.06253742641443512,0.09315470799699613,0.047927154351995876,0.037969151831468206,0.019174211069884612,0.05180796603506454,0.10452684115623306,0.03387443940097374,0.0580704673993502,0.04813736116843775,0.03826105742657866,0.05496607135427549,0.03744016984283974,0.027715450455932433,0.03965788023961006,0.09484842995688252,0.08807354211733712,bus
0.06975204025939592,0.053990761976865316,0.08912760694241226,0.04466110445219725,0.035259273197322895,0.01891859597121816,0.044563803571474686,0.10886300557811314,0.03342285272874031,0.048701871027347465,0.04749563274061531,0.03294194837581651,0.04540463005017161,0.03430240147948248,0.03646129386766785,0.04891149170522469,0.10695312829078743,0.10026855778514665,bus
0.061973188413099276,0.0590395463684219,0.1065991807663339,0.040219079692061,0.03614666112692168,0.0165501694902055,0.040131456425235794,0.13783926714705952,0.018274145455925924,0.05325608062320081,0.0323163833746042,0.02787135842192905,0.07309658116583433,0.03751008781027972,0.02990314697014889,0.11231913679568752,0.05116760688187097,0.06578692307117984,car
0.06859310646743312,0.0485428138999532,0.061352723040287584,0.03720202557346096,0.048542813899953234,0.011906728175858933,0.04743235738004806,0.21636225514896518,0.026294024340425177,0.0405679230967977,0.03653485475012177,0.03291482175676606,0.06350254890395839,0.10794388841773642,0.043026585083541305,0.04617487177388373,0.04207043875536337,0.02103521953544569,car
0.07145257091427788,0.09154268365936956,0.09602294727207211,0.04256382635765657,0.013700265678050685,0.01710770737081785,0.08148523974659365,0.012952978465430013,0.07555904050053873,0.08581348169594445,0.05607276166383974,0.07392826984469988,0.06700518687179911,0.01789556231030702,0.06697278591108419,0.01658613093004104,0.04911337636501871,0.06422518444245869,car
0.06014615925670367,0.09004129161542831,0.09015498011480838,0.0534385593783373,0.024556715972507675,0.016062254509392974,0.07789668485812197,0.012161421297240549,0.07094162371957646,0.09121065903762332,0.05488641416501829,0.07055884517490113,0.06960310251932811,0.021002454465572837,0.05320621781628546,0.051908505189215394,0.03901789309365271,0.05320621781628546,car
0.09143896821978155,0.06985809287578654,0.09293986037333511,0.05176338578241134,0.01890895753985758,0.018036846295048842,0.06248057843357164,0.013656469360895826,0.0557639162622392,0.06145411178944772,0.049307041758733045,0.0554773596529553,0.06673633103357345,0.008804828964012738,0.09125004473192168,0.058289807935292745,0.057357171009857634,0.07647622798127833,car
0.05050551065928516,0.06552766250161997,0.07959294356089418,0.04260988936645729,0.020424206600619582,0.011689325856531227,0.039480124706036686,0.07965440529325403,0.025813927746022158,0.059740804008661386,0.036682949889659436,0.02952816193179748,0.06623951246422029,0.010189708414543528,0.06336145878767827,0.045331775436883034,0.13423242362880425,0.13939520914703193,car
0.07474324855734903,0.0661190275879951,0.09550526200209004,0.036852367966573554,0.02576066019461136,0.023589636015280406,0.03370773963127266,0.0893036216224921,0.02604688975059282,0.06697771625593942,0.02714360089140592,0.02398562510643866,0.05602538532140412,0.010281667101404284,0.07103697177713082,0.022870439800067022,0.1198156922901141,0.13023444812783866,van
0.06001892185216473,0.04645695397263738,0.0695010778814087,0.032401044681907354,0.020858224327693704,0.013022973744545321,0.022556130869139976,0.1183230171980719,0.014379533491627733,0.046836194411821734,0.022704526465828035,0.01572438193154104,0.045580407674522615,0.0045409054312091236,0.12549410913901235,0.02525186356214655,0.15529896001854618,0.16105077334617549,car
0.06869259582560769,0.06583040433835989,0.11154596281523424,0.060943431100308,0.027489619470721968,0.014904997310536074,0.0688422528968363,0.03385563658082034,0.05485867030391006,0.062068666955119936,0.05405022674347691,0.057147737116852816,0.04968332406124502,0.012126653538158002,0.005984582332269816,0.10275965547870328,0.06583040433835989,0.0833851787934797,car
0.08133419821053577,0.04796632212392614,0.062356218686276506,0.03594332266717343,0.035632125070482974,0.014118389329466756,0.058688205837049943,0.1425284995336572,0.04157081254065933,0.04632176251680039,0.04332116253186918,0.040374530172566224,0.07529807534298158,0.0886114685544246,0.1360499313843739,2.494248737474066e-10,0.03325665008241253,0.016628325165918587,car
0.06187168566364732,0.0790582649707392,0.08345039079366268,0.030380468732399482,0.02432562010046197,0.0208833153916395,0.036170448111604026,0.08583468766896399,0.026352755095657435,0.07679945740466425,0.031623306083165596,0.02635275509565742,0.08949992258750071,0.022885287340717833,0.09343249493667061,0.0424215081063531,0.0685171629957229,0.10014046892077198,van
0.03654272983235824,0.11314191307897145,0.08463194693939995,0.0385374203139214,0.03925331691972199,0.01585816589524264,0.053560177450557064,0.10806207209302307,0.03502011609809834,0.08705000256023653,0.0453418344650812,0.03930315185418191,0.11365018762016131,0.044235936068618746,0.04775470369372655,2.1012069532786577e-10,0.049028162453289385,0.049028162453289385,bus
0.07530445718195108,0.09059705461230118,0.09622236191622628,0.05324584155544163,0.024362233274356104,0.018300404038916317,0.05886544499077947,0.04354749186879537,0.04618673379183995,0.07323896350304664,0.047402174151136775,0.047848127088720493,0.07668740695910013,0.010938963372231717,0.06298190966575984,0.0033795172351416443,0.07851744734913582,0.09237346744511969,car
0.06959189765338136,0.05540585701051225,0.1067075763164853,0.058712465643508606,0.02638374151741893,0.024160206082270562,0.07427684238659175,0.04573181851281447,0.05335378823827337,0.052591591265727454,0.0657094023195435,0.06141443248030536,0.059393839718825635,0.02316677656244288,0.02182654982842081,0.046847228716540186,0.06935992466173697,0.0853660610852005,car
0.06392278398483944,0.07539610415792582,0.08167911282413978,0.04779476477709067,0.03949319749384602,0.015411153495581163,0.04057263128897521,0.08401280175730497,0.027226371050285424,0.060675912425653074,0.034391205494213616,0.030556214971708157,0.07191871571373191,0.02149450349514284,0.08910448670239264,0.00398434712242074,0.1034602095336816,0.10890548371106702,bus
0.08385466790461447,0.06593700384532669,0.10268314655358272,0.04164252921472033,0.014129358051043142,0.016173227439153816,0.06652957495735282,0.018368165434211794,0.06250278490062988,0.05816585697618417,0.053573815644418106,0.05794194448918358,0.07008398521250778,0.015508209867936457,0.0633145093784673,0.08101406262692251,0.05357381564441812,0.07500334185932633,car
0.05746035684780307,0.08713768391344286,0.11013235045189072,0.04946680754340004,0.026971188008331162,0.021373394309937545,0.05429494037452453,0.0863078012113034,0.031466385978253304,0.07012508851958366,0.050677442565499484,0.04120059165412786,0.07718170118180108,0.027326072058588165,0.01716348334668285,0.009209674078394894,0.08810588039927228,0.09439915755716324,car
0.07896036973502243,0.08278466114017474,0.10463061334999893,0.05991946546940033,0.023652760421853554,0.017767462756020636,0.06506441507523994,0.03459216205474297,0.05605211435710038,0.07302789752165174,0.05097792296431986,0.054035851255568874,0.05668666659358234,0.005310200429295367,0.018344328425549714,0.016405496980156867,0.09416755202845159,0.1076200594418696,car
0.08074326623388017,0.07754902713432041,0.10169806625275135,0.036145581998372325,0.009329206365151388,0.020022589011116927,0.07213366680176979,0.015159960277046169,0.06190317080406942,0.08034778901202991,0.05529396009797252,0.06400266169105023,0.07007906127360994,0.01815205767920271,0.048236237013612994,0.07247200482567058,0.045985212624596664,0.07074648090377654,car
0.07092666039856237,0.05826118534819808,0.10519380678482573,0.04630364951462273,0.01792651864934567,0.01758828245061315,0.06549623449461534,0.026633684793859837,0.05826118534819808,0.053267369471197305,0.05090187773998641,0.05504773868074355,0.06302467848034768,0.01073232371183105,0.03707529980940692,0.10799634347279931,0.06214526436364322,0.0932178964872035,car
0.07756955273398164,0.08733355235840284,0.09235869722683569,0.05099451348449559,0.021387808863304016,0.01530102682729541,0.05936398335438727,0.060242328003659563,0.04054772082471788,0.0787784288779576,0.056339990977491525,0.046868108937581796,0.0775252019320538,0.01707272465167593,0.029489251553119607,0.01582350090854288,0.08109544148724486,0.09190816699725202,car
0.056687289953224015,0.08775628531903301,0.10185997400482792,0.030602472653453755,0.019700390708213264,0.02460014478893266,0.04367329613699876,0.08381620720998556,0.027162659854136496,0.07683152328940143,0.03859956919778301,0.032243445120108946,0.07892546417125369,0.03216630769198183,0.096303975431636,0.027825163749042838,0.05432531954529711,0.08692051117468962,van
0.05346975079749733,0.08108599562414695,0.090283249737514,0.03759227026350979,0.023167427446675073,0.016574181635277335,0.048227618383594274,0.09035296653254245,0.029281054087630456,0.06776472494332839,0.047157908054922634,0.034968740818727494,0.06961156230596856,0.03698659459077363,0.11978612981545772,0.05999045209284014,0.04684968643479691,0.04684968643479691,car
0.08671666118689361,0.09205307109907351,0.10289000670446262,0.049271076162141665,0.018786341131338435,0.019353475954504262,0.0670414523720287,0.022794093881710265,0.056985234533319974,0.07489487963654412,0.05158663337780265,0.05794182120222991,0.09031622070312818,0.013496503002763765,0.06216571038962447,0.008339302711924056,0.05318621890536336,0.07218129704514656,car
0.06587061666048326,0.0959743825641337,0.11139883687615265,0.035024961934787685,0.02546259142347575,0.02690387017320617,0.05009307184370557,0.08657281041204597,0.029706356631015358,0.09421158778561729,0.045966678057798645,0.03654523005899282,0.08631658307876057,0.037523818855430394,0.008101733756268286,0.02173635855831902,0.05347144179323724,0.08911906953656974,van
0.04717948988298502,0.037098402352676155,0.06363406497412247,0.03159034265052664,0.0423981740828957,0.022749020403874304,0.03624974609522271,0.17224258147327365,0.02009496805155529,0.03444851648756641,0.026652273337059308,0.023130898440179196,0.05156444594333823,0.07297646228949117,0.12056980710363345,0.1411548960801568,0.02411396161363851,0.03215194873780474,car
0.05257124151867749,0.10146617223717355,0.08549464516037159,0.04224064825034765,0.04106964127447702,0.016591952876765296,0.04885408304300235,0.12562478462225218,0.03664056233721263,0.07537487086128865,0.04396867476068645,0.03505895533934055,0.09816905343996471,0.04628281552599399,0.049964403107165066,0.005362033700433993,0.05129678718416032,0.0439686747606865,bus
0.05648066599078976,0.08743641553135942,0.09246747911409822,0.036872749251233315,0.017844166564214052,0.018382858380118428,0.05200466551255809,0.0695922491295273,0.040595478726550054,0.07191199076176548,0.04871457443938367,0.03971931731869031,0.08987175144909378,0.02777585391681274,0.06642896508556614,0.05940801757335968,0.0595400353898286,0.064952765865051,car
0.08794417354843269,0.054119491482069494,0.09038706725322558,0.05606921114703016,0.03285826275464118,0.009955944331270726,0.07472380761661232,0.05025381353162796,0.05862944909091795,0.040203050860480025,0.0694296107331602,0.06348008695079446,0.043142424849211984,0.03471480545452427,1.7588834674508872e-10,0.01715983888272627,0.11725889800594753,0.09967006333143856,bus
0.08050846531464857,0.07121902702691693,0.06858128529089438,0.05592818792399142,0.04069658693865594,0.008734409110382585,0.049418867385083456,0.06172315677723573,0.0385769730436378,0.057314359875598006,0.03898304644247285,0.03977961248623081,0.07472772122294694,0.022334037090235733,0.049097965649818685,0.026345249932386853,0.10287192785918768,0.11315912062967562,bus
0.07040861695317376,0.07582466440027809,0.0723644118646281,0.061492241898333855,0.038686053334419726,0.010627715886078597,0.05062057431963567,0.048280194526433125,0.0352043085469955,0.06437359265497176,0.04298631356309806,0.04136717308812502,0.06465193759115719,0.01852858351249,0.03840470022028443,0.05495306692119307,0.10795987925309723,0.10326597146560682,bus
0.08932159443628163,0.03386368158938051,0.05299039046946957,0.016660734322615698,0.03547623784156606,0.011074914931136541,0.011509225309083642,0.2599440681457865,2.9348523789775954e-10,0.029348524083261152,0.01235727346812775,0.007389916355659033,0.053528754375466524,0.10040284483745562,0.12006214306984142,0.10737264830486068,0.03913136534651996,0.01956568282000247,van
0.09468149956429937,0.08840986178066082,0.09241674147576323,0.0449059514581206,0.014624187763936326,0.004565355440051731,0.09093411995670257,0.010369878631440486,0.08065461075788197,0.0691325235240391,0.0840505943636462,0.08587685173437191,0.0821763958642386,0.03661294837062735,1.209819159553501e-10,0.05606479044175392,0.044360035971277016,0.02016365278020697,bus
0.07231873847038982,0.07429269907087087,0.10134991659463626,0.041706284775355346,0.014150990386084854,0.018222737588939403,0.07364526814308386,0.015330239575982615,0.06259847793771806,0.06898607771633089,0.057609426321159334,0.06562224819262974,0.0634421231914971,0.018355944734272937,0.07316705211687756,0.057581875184758644,0.05007878237163678,0.07154111762777611,car
0.08185708736537611,0.041378308031982995,0.07471083372997459,0.03288581691904798,0.029555934385404718,0.020298792756480222,0.02812643168957663,0.19979811489613214,0.02241325030726372,0.042264986055476364,0.03397376874807345,0.01902707584104498,0.038906019203374664,0.04246721086785206,0.012225409380761554,0.09183965896250014,0.08965300042217789,0.09861830043749972,car
0.07210290196360357,0.04252222438613576,0.07165782232412778,0.020920687003099663,0.024298414092874445,0.03476659862191768,0.031312662063410754,0.29482075355728776,0.03071049549235536,0.04211725082406337,0.0310337638620798,0.019884493614170842,0.044037691489488794,0.09213148574001401,0.016751179526978324,0.04494218835461769,0.04913679256665308,0.03685259451712105,car
0.07806332010646731,0.09926802000875194,0.0903962404527813,0.0514527615167239,0.020963432885397516,0.019055551101378777,0.07701099593987815,0.016030860468178334,0.06545934656572884,0.08816973207000879,0.056108011358084124,0.06889041200162722,0.0755164429211203,0.01919484606474985,0.010201456702373863,0.0520025471205816,0.04488640910891056,0.06732961360725773,car
0.04884144950638642,0.07406725293182737,0.0891550266118193,0.02522814749845946,0.03174310858275923,0.024223252747154356,0.056639664082211084,0.2109153196604812,0.02674650820821651,0.05960650361256246,0.0354743160451113,0.03732965881108847,0.06661394449299779,0.0886857896313411,3.2095809464710044e-10,0.03914123137548253,0.032095809785668304,0.053493016095474924,car
0.07719035539264052,0.08690662389005838,0.08966556432759676,0.05779317599786819,0.023648061000784988,0.004060327543975949,0.0970497872633613,0.0030742480237128866,0.08966556432759679,0.0676334542621115,0.08494632410549159,0.09534223314152471,0.10353834973521912,0.041057390039913606,0.02445424489487089,0.02886793785647612,0.02151973552039824,0.003586622676398588,bus
0.035440354301592696,0.10189101823498761,0.08773948795287571,0.032925482012992585,0.03135108267492222,0.019224720587028375,0.05460825823357848,0.10480219017873633,0.03396367288085058,0.08733515851624397,0.05040924070343111,0.039827904134445126,0.10381349027331223,0.05630819437892196,0.009262820024800725,0.06958411007875172,0.0407564074162643,0.0407564074162643,bus
0.06636732715920786,0.07827941150082231,0.10835900013593072,0.059250791847613296,0.024850606902832816,0.014933808155597382,0.07759723798110334,0.012922315643746782,0.0659576523008984,0.07107273553179114,0.06427151683143509,0.07049944335596979,0.06897997059521935,0.019340965792207825,0.030837343993093798,0.049640602456522784,0.048997113166885466,0.06784215664912199,car
0.06011909333497773,0.07800066975926245,0.0793794694739702,0.03300862017914109,0.0182339229421334,0.020871534410238233,0.036150043124602786,0.11588670926706965,0.030727536683567168,0.06584472125408362,0.028139954662581713,0.02475887851465742,0.07536942933335108,0.02183272348642974,0.058661660773750735,0.08094082803592154,0.07374608778244994,0.09832811698181139,car
0.07575106287759394,0.10211132279557196,0.10831600385813693,0.039852399554682734,0.030998080249929078,0.025046173641125876,0.04880320583450936,0.08059500838432614,0.041482724984222584,0.09481765689345473,0.04279270576795809,0.03561346655669449,0.0980975129437779,0.03493282106554494,0.03016925457923394,1.6593089927316673e-10,0.038717209996336474,0.07190338985096985,van
0.08266385597477263,0.05625055292897298,0.09953222826456702,0.05811738350167466,0.025714538561209862,0.016556766625694004,0.07073598939720324,0.037607512578128124,0.06093809899419979,0.05432196254785107,0.06157955266628343,0.05909680392109631,0.05242976066448622,0.017319249292510427,0.03988675575581762,0.04637240707444627,0.07312571876378944,0.08775086248729698,car
0.06577012324388465,0.09582796229210976,0.11122888477474,0.03186294703188918,0.021512399836243347,0.02350497201728445,0.04652711530341407,0.09152548236045435,0.02966103607043924,0.09406785686552349,0.04214989328832259,0.03435558851385222,0.08394632817553133,0.03278325037491007,0.032357493878845865,0.008681278975763195,0.059322071962912344,0.09491531503387982,van
0.044201722813219844,0.052135365352060335,0.06051426333950924,0.0968228212851211,0.0968228212851211,0.08586174718833262,0.027211642653011216,0.04702822753113911,0.016137136961539206,0.05117777701063763,0.09682282128512108,0.019736066765900406,0.04749798784957291,0.09682282128512108,0.05281244801771278,0.021253790113766345,0.03872912857214217,0.048411410690971955,van
0.06312382189011337,0.09927165145790935,0.10007593567023866,0.0483714488550475,0.0189088860790424,0.0182622378559605,0.08083394279207357,0.01229077598901805,0.07169619274947459,0.09525351318896597,0.05886634775039234,0.07375939253773159,0.06493240099080194,0.0183957337459343,0.02933026073378851,0.04983759743181293,0.035848096428509515,0.06094176385318503,car
0.06550228417794844,0.08023060837886266,0.08047823371264996,0.009109152248476969,0.007641010531499727,0.02623894126101278,0.06059537602914026,0.12582196983387306,0.03862955230259621,0.07615540288567739,0.04757534330847003,0.04113074632157007,0.09037857488803279,0.07929223869293188,0.042141329763579725,0.09044968312930446,0.023177731474268763,0.01545182106010481,bus
0.07414704352611148,0.036439786444665646,0.07895287040904087,0.04633740524410722,0.03956319669510955,0.08223015936155066,0.0346773392663106,0.11369213330564458,0.015790574233397713,0.056846066747565725,0.03191358141507501,0.025446680663127302,0.0250265703722889,0.01994598845547947,0.034452161739837714,0.050837945891833845,0.10105967407051612,0.13264082215833758,van
0.06654417118660103,0.06475259735108238,0.106285828887193,0.041437549451672315,0.03027394170018286,0.02310212745526497,0.041013825829284985,0.07871224817559289,0.025508599049245545,0.08308515084351187,0.03222138823245446,0.030096476548560985,0.03272801383118721,0.014096857437790343,0.06261201562552764,0.06346041691919263,0.09183095617934986,0.11223783529630493,van
0.050587636227517455,0.09638591028327367,0.08701505791202507,0.04768186338092827,0.041308247366547236,0.013509615611407007,0.04913791513412109,0.08694402521183485,0.029833734258895912,0.07160096197074682,0.043337424421374005,0.03691656321311521,0.09118990434773344,0.03532942211571838,0.05695531069516272,0.01309773709212638,0.07160096197074686,0.07756770878672554,bus
0.05793724491217577,0.09647468825626826,0.09362734503110948,0.05682106372628946,0.027564196756627628,0.014789751870137638,0.06557756592374966,0.04927100157901443,0.05225712287733221,0.08062527521135086,0.06188343495743549,0.053196999185255944,0.11141612973079726,0.02269059291701488,0.007125971436847843,0.007647383969536366,0.06793425969350046,0.07315997196555653,car
0.1142586611042847,0.03369165663388863,0.10949788356739765,0.062160370678787234,0.0312851097471106,0.024791973807313177,0.07013589935718782,0.09385532880334026,0.05474894189319671,0.04067064260554504,0.06800394882484535,0.054355064614965046,0.03718796060147187,0.03745980241713325,2.1899576669680378e-10,2.1899576669680378e-10,0.08759830689771736,0.08029844800782393,car
0.07419932940349547,0.06563786834309097,0.10369871548778273,0.05402942441621063,0.04453998215852272,0.01207489104851622,0.05716500628058824,0.10361406347531378,0.035553845450280695,0.054854504293200525,0.05052388555005229,0.04297155416878263,0.06037445438928881,0.0364894729565164,0.01939300670620904,2.1332307142174565e-10,0.08532922878202141,0.0995507668768044,bus
0.09075620773737603,0.03211373515343519,0.06957975930428627,0.05979605518105094,0.038536482150723944,0.01260312635035049,0.05675525467898093,0.06202538545509426,0.04174785564936833,0.04294065152029338,0.051855231187206946,0.04585256086466198,0.02100521047258986,0.026367066787439983,0.02277155770283337,0.06924034584507996,0.13359313771059764,0.12246037624863035,bus
0.06126398044635627,0.06967936234815024,0.06709864523160008,0.040434991529601505,0.0376047353281697,0.03038429229049027,0.027628854037303523,0.1380314985493502,0.016774661458872006,0.06614009315973861,0.028605212030004552,0.019550324832427718,0.0633006087204508,0.021189046000339353,0.06404870682113173,2.012959350909125e-10,0.11406769675281314,0.13419729026190433,van
0.0756396245186636,0.07871997121435115,0.0966506313009768,0.048710130698722647,0.019117707372396788,0.019308672261886855,0.06287307506892585,0.01754330795015648,0.05116798132514582,0.06578740453166289,0.04632048836719541,0.05435831108963757,0.05985688379694373,0.00807915503225331,0.0976843278913366,0.05491197995120508,0.06140157756970785,0.08186877005883171,car
0.051265990478953846,0.030233789337442345,0.10917757209429617,0.046340873508588974,0.025914676603024826,0.022247505413425038,0.052662123111917716,0.1010672381818899,0.032753271765852604,0.022459386415490813,0.05068137830906641,0.03864414794738729,0.03337125802187774,0.025857846172308803,0.05359626276451902,0.10065639575105507,0.09825981490451852,0.10481046921838508,car
0.07425741939669771,0.08914970403145962,0.11013377176453552,0.030898127792753634,0.00804358242961526,0.01841423886396929,0.0797348574197617,0.01742776178850634,0.07116336026025175,0.07842492762129837,0.061639241384605234,0.07094394599466614,0.07288969514231189,0.024077828740201715,0.06654236284867657,0.032730186666419345,0.040664777343855776,0.05286421051041414,car
0.08322357556232252,0.038410881118389605,0.08553534154554127,0.04070323354783598,0.027436343703548915,0.01884307384098497,0.030460916651211995,0.09986829064149756,0.013870596065759737,0.07609012624267605,0.027157166874574895,0.021953461302049764,0.01570256156189533,0.006570282434542577,0.11348669388809539,0.012179059980477695,0.13870595915957287,0.14980243587902287,van
0.07929307568476415,0.07014387465824323,0.10300757883930825,0.05309288914496478,0.02004110713205715,0.022940135190176097,0.06992992819996148,0.024316543294291695,0.06079135805335517,0.0694758377578941,0.05439226774474754,0.05991666225577572,0.04205691441400391,0.011198408161646058,0.044211896799235414,0.06523950619470438,0.06484411524880676,0.08510790122606418,car
0.058489998798711015,0.048291742629184745,0.08221094268322177,0.05404578056300557,0.04139292227921111,0.01692163500005937,0.04454924531514677,0.0922470837161596,0.029894888362588416,0.04868596093489752,0.04153816060236845,0.03376616884674626,0.04738057767730144,0.02360122769243701,0.01630630282476155,0.08749723388635199,0.11957955291224566,0.11360057527560187,bus
0.04198120412244181,0.053053169972085396,0.09195882774930526,0.03132222098735006,0.03637931663899117,0.031231300172512678,0.039668514087943786,0.19705463057608102,0.022989707144233724,0.03152874112390922,0.03194359297717278,0.02480903646475115,0.04511187790435098,0.06170921344883529,0.012539840385889501,0.15475997821896398,0.02758764851790527,0.06437117950727665,car
0.09526125283135138,0.04681642779733083,0.11834152544910016,0.03401857467561368,0.016051346833348988,0.01837323973629102,0.050916690079827964,0.14606725421156785,0.040574237456812795,0.04521129313834048,0.04484520979506197,0.03532001968817528,0.06124413188626406,0.03203229278031438,0.01106570130163652,0.04156385299860223,0.08114847467018028,0.08114847467018006,car
0.05369416323876593,0.08768987593828378,0.0818032870570329,0.04231323717770626,0.03966922969517313,0.01792403139640602,0.042221051476207985,0.1031399969034585,0.031665788654654685,0.07056947162552256,0.0369989740802816,0.03143797722685136,0.08006067291196514,0.03249909887740888,0.043180620823621924,0.027804107134574194,0.08233105019811063,0.09499736558397455,bus
0.04906395851165611,0.0333867173858902,0.11091809402329428,0.05382696958310224,0.02480156153130411,0.02292974557978009,0.06581329371101896,0.06448405970361319,0.057870310008228364,0.039682498345919984,0.0557382459616898,0.051833479126199906,0.031664886686892144,0.02055918919380394,0.007891406060149667,0.1185635617859978,0.08680546492553703,0.10416655787592219,car
0.05758535324907662,0.07641133406484235,0.08507836036360378,0.06072865854839533,0.030928397220030174,0.021866136595856275,0.05302180811092195,0.0709533816434649,0.04138947269433698,0.07804871979125558,0.052281439149278845,0.040893196045310845,0.06768089864029098,0.015248753202476492,0.03010143473194268,0.008075994805319663,0.09933473423462778,0.11037192690896883,car
0.041648318988783135,0.0442112924414365,0.05853902597883951,0.020078491099585025,0.037895393575969126,0.014459039295303814,0.020034747111096058,0.339374299420948,3.83164531171691e-10,0.03284267448359516,0.010083277519261651,0.011485747720445439,0.0626558356691014,0.12604096458437866,0.01741656998187776,0.11214571682365948,0.012772151422221193,0.0383164535003335,car
0.032673387692154304,0.0825810894434141,0.09244494176795365,0.027190454921454194,0.030672976213943486,0.020255739082128618,0.053326873520566274,0.11655730901179484,0.035785138880482265,0.08588433301256226,0.04520228063463262,0.03758726816580887,0.09047563382251025,0.06215313579210328,0.058557499849609514,0.0785527436273798,0.028628111147328054,0.021471083414173607,bus
0.06198824029115974,0.0219343005335501,0.10032911472403906,0.04648666874914731,0.0313347149664585,0.014346963936758265,0.03478904300062818,0.11948971253728811,0.015841439327035477,0.013578376593187133,0.031015870500313066,0.02347724092541572,0.023911606434532256,0.017508959236186828,0.03456314012523512,0.16227815720263472,0.11405836197605226,0.13306808894037803,car
0.04393902217757264,0.07773826987691085,0.09825253549442586,0.0213299329778188,0.016658200820249616,0.028601816381929518,0.05174083109640681,0.08181027448068826,0.04210822959385847,0.09143501263507127,0.035459561789843906,0.03594851257958758,0.06779689785968411,0.037675784391182104,0.0765604173055703,0.086270518991256,0.03930101429883011,0.06737316724911387,van
0.0699764077698804,0.08843172407447449,0.10857450564303026,0.04016113239351747,0.008843172510912559,0.02169080033144562,0.07814358886872717,0.016423034564585118,0.06706072411759212,0.08868438614293019,0.054455324868977285,0.06905945073226455,0.05639608067782061,0.013613831303465242,0.020902043959937094,0.06729438517683473,0.05364857931706595,0.0766408275465394,car
0.06243300343901052,0.07594014356727112,0.07478953533412298,0.0423263047910224,0.033532011545525944,0.013546783905616203,0.03402190636748257,0.10769693080215932,0.014957907210420531,0.06410531602631894,0.03212013738274569,0.024750493827789075,0.07224951338547522,0.016532423739991614,0.07342972560403885,0.048157164279060305,0.10171376798978922,0.10769693080215928,bus
0.09062532881226448,0.02091353755763843,0.0855905883327637,0.06252751949871872,0.04581060586286205,0.01367929506895086,0.04383185847337498,0.08803603370852121,0.03020844305825528,0.023303656114939925,0.04578963991060502,0.034120327747363774,0.020518942512800953,0.02384877087362271,1.812506572620277e-10,0.07515271172892067,0.1510422145662738,0.14500052599087276,bus
0.05889131010769023,0.07442308415099312,0.08062500781411755,0.05492358617086393,0.05315934587742368,0.018254718900054933,0.05058824026918161,0.09951429531380508,0.032250003241747045,0.07463572153372877,0.04786579419142453,0.0364262626292898,0.07545283751392698,0.04328289902141049,0.05277273245426786,0.05663415188798259,0.05160000507069523,0.03870000385139647,bus
0.13449136964678746,0.06207293998181565,0.06724568495788508,0.015269762731091579,0.011823417357141385,0.020300584326009872,0.03691919970602717,0.19981574905886407,0.0224152284986169,0.08069482189566554,0.03397676726969129,0.022899010402853567,0.06936032913049209,0.09555965745847558,0.0733589290205126,2.689827387556095e-10,0.04483045672825106,0.008966091560836355,van
0.0722233978852052,0.07666791466996296,0.11258825240677628,0.0528082347165045,0.020444777342776898,0.022566405166444294,0.08251405194403164,0.01898443611349933,0.06644552606502005,0.0645470824669592,0.06784437924253854,0.07425327371651722,0.07020659357061226,0.020982797795668622,0.030202511920222417,0.02268871630483754,0.05758612260740288,0.06644552606502005,car
0.08400423063461884,0.008742521943903746,0.08208256523314433,0.05360043904871993,0.02997436039849943,0.021443921418961558,0.041598404212165034,0.13638333900623764,0.018942130613268392,0.01948333433858156,0.04187207792259174,0.031070545033057485,0.011436758196188758,0.00598172561234644,0.010332071346921634,0.01663211471254119,0.1894213040869336,0.1969981562413185,car
0.056779701702724346,0.10045639515277724,0.09068980120075153,0.015207372958925781,0.016742732706842466,0.020533540062884808,0.0526356494156877,0.11815585521277486,0.03627592061089394,0.08395284455629291,0.04467666007038071,0.037058854144560935,0.10540550475649917,0.06300554616380642,0.07914746289381204,0.021234685325892635,0.03627592061089399,0.021765552453598486,bus
0.05636386329335507,0.04432030279136489,0.10603016863017348,0.0584969934853233,0.028491623274463484,0.01902428099737341,0.06684254809090365,0.041154566887984585,0.048013661345308566,0.03909683855078742,0.054583951825481994,0.05526752382895327,0.03986039812245178,0.013266932844391222,0.07202049194594232,0.08431667347309621,0.08162322418619591,0.0912259564264494,car
0.0692815940736792,0.022982836628704394,0.08022712366148996,0.033052463652409644,0.02188841584634633,0.018790998537785715,0.02994278055834114,0.13658371383747395,0.01659871539828228,0.02276395247223282,0.025160157974658932,0.01958409582977463,0.023801931428079345,0.018345948577134626,0.0271615341613444,0.17489377985796975,0.11287126355304884,0.14606869395124406,car
0.07802002377069177,0.08365783433833755,0.08760834317695668,0.04701643358188728,0.019121790789802584,0.0184678616273611,0.0767683656370778,0.012429164051435982,0.07250345644105986,0.0761286292576751,0.05609477948164355,0.0685913994447125,0.07181946157000041,0.01717187134535366,0.049434174880781126,0.06366157152248615,0.043502073908138046,0.05800276517459893,car
0.04502696868349563,0.03063965329707463,0.10843032820791369,0.050093826075365576,0.021010048025210837,0.02104308269166663,0.05935681839480749,0.059178301648234614,0.03983154923839917,0.03186523942258456,0.05031353583815521,0.046613419705099836,0.03908001057652986,0.016771178718935867,0.050694698987237254,0.12823815817000014,0.09028484473855836,0.11152833758073054,car
0.09318538706660123,0.07186486460708233,0.09769863942632695,0.04463633259235649,0.013285941445522486,0.0186641269604527,0.06896374550973401,0.018841880549505474,0.06411473216130897,0.0643764249451922,0.053798527154542655,0.05996341857524721,0.053227324831826274,0.011569575818433915,0.07493929731284368,0.058976617746040134,0.05495548472539496,0.07693767857158858,car
0.047983728670927026,0.03087065068502731,0.08360801192915616,0.035925888209760094,0.03307569714819648,0.026502162408937505,0.03147595755726984,0.1261286578939346,0.016721602546358644,0.04586496663457752,0.030626935023308616,0.023097465311265573,0.03912223965097477,0.023762277218232028,0.10032961427485555,0.044047147842989326,0.12039553708969493,0.14046145990453412,van
0.08003187410804652,0.09135151881620909,0.11215936474173982,0.052896119678941034,0.018270303858247395,0.020166278774609605,0.081499884446876,0.0169652821625695,0.06927490179765816,0.08482641033781962,0.06000352397897813,0.07262117145737897,0.07468992106635933,0.012500734256303051,1.1875697430668774e-10,0.02606860423485916,0.047502789841432115,0.07917131632321549,car
0.0750475250709742,0.07149497951176959,0.09404994324442816,0.07073676700431926,0.039395192851813476,0.007515644865339018,0.07810375911823114,0.022761667037108916,0.06638819527041294,0.05690416739360773,0.07267760323082062,0.07084591580723267,0.06430051617803442,0.034941155468374584,0.024141162001007865,0.03562293410906918,0.07081407494625548,0.04425879689120072,bus
0.04788356014389626,0.03850775819688672,0.11958798197871434,0.032353243163361585,0.015403103398898882,0.018890598462746114,0.048424135092755116,0.10870189991648779,0.03337339046400055,0.040048068516752564,0.0495331373285581,0.034333775795331756,0.050374928900255724,0.03952112024943004,0.054611002450029755,0.1416334125391251,0.06007210267500884,0.06674678072776068,car
0.05335880747491501,0.07080303292869074,0.08522587292805436,0.023223120108241516,0.02022943812572742,0.0192964242174128,0.0508013047299298,0.11103713723860377,0.03409034929394702,0.07889480809716484,0.050597255168816746,0.0353166208439256,0.08104498105859904,0.061900897235303655,0.09297367953928277,0.06984364224137168,0.03409034929394707,0.027272279476066107,bus
0.07946036366282733,0.08162925696057946,0.10644555880935429,0.03295271321499864,0.009069917544872314,0.01779757393685596,0.07398207167902209,0.020212958955141625,0.06878020727238134,0.07411418252109549,0.0558515969049993,0.06460956778408342,0.08305534460632844,0.02016863229102489,0.048235470070396066,0.057516549654749956,0.043233273186434495,0.06288476094485511,car
0.05830038336371024,0.03438227746002798,0.08691075657141344,0.040012563033697726,0.03192640051456064,0.01686677773575128,0.02629232987495899,0.1596320016788639,0.0186237337266124,0.03831168057277576,0.02352471622743541,0.018489750032345265,0.016866777735751272,0.017643537226447764,0.030475200501329906,0.07631188384605629,0.14154037484725437,0.16388885505100736,van
0.08837082571882245,0.07035677282526398,0.06775096643185617,0.016863777823472925,0.008934193552079696,0.01917480196606515,0.030554357522034753,0.1451806421216885,0.01693774176040375,0.07549393400083938,0.0363715715470294,0.01900926410912001,0.05880272560921046,0.05081322487470535,0.14782029015656917,0.05948865347714848,0.060975869808996004,0.027100386694694296,van
0.05569342632407949,0.06270378765024197,0.1002762951899986,0.027459799837999125,0.020474706328358464,0.021971677764583034,0.05784439049278223,0.12643131037235708,0.03881663053887354,0.05323423608109231,0.045354168274616455,0.040771424870829034,0.08202759635118391,0.06435388731911941,0.12703624487063203,0.005680482716700817,0.031053304477678872,0.038816630538873596,car
0.056693946510954385,0.08915971066930208,0.09256511627960969,0.05757420186452753,0.02547420315186098,0.01640202236399908,0.061552251283064956,0.045535138019854926,0.04829484334561073,0.0786516019289243,0.055666161518353116,0.05020579037873296,0.08383255815369224,0.01525100326090332,0.04609962320012315,0.017668845218320933,0.07727174926604652,0.08210123358611898,car
0.06629795271718951,0.06568597161631068,0.11690538986485975,0.052204571353283824,0.01608636048794475,0.020714983046073755,0.06936585797453604,0.02788302475631287,0.06099411650957338,0.06273680554921864,0.04943733656245199,0.058800083545991186,0.04296440914972116,0.003210216773966395,0.0055449197935868826,0.09818565089224726,0.07319293978709047,0.10978940961964154,car
0.0783390234511396,0.08909987830312309,0.10367485837486515,0.050580716996276365,0.018385689275803044,0.019426388661488127,0.06981755172652315,0.029417102764064965,0.05362492680775088,0.07905846346124362,0.060285707174201425,0.05987473840631653,0.08903761423731288,0.01354735002656535,1.2869982402972252e-10,0.03139020111155897,0.06863990627788526,0.08579988281518153,car
0.06424897679821276,0.09361163127360013,0.07968132902661354,0.024293473996367946,0.02101485613501854,0.02952172750180367,0.05567750625278644,0.07947436453608689,0.043462543184448386,0.08692508619504655,0.038430038204273834,0.040023061363465784,0.08309819561549704,0.041175040920732674,0.08692508619504657,0.03392198496260975,0.040565040317075175,0.0579500575213144,van
0.0957897731655065,0.028245702516287576,0.06799891312060903,0.023517528191365458,0.024210602191788826,0.018475176573318854,0.01119982118904762,0.20982521711873317,2.4479608635292664e-10,0.04196504361958347,0.011595604335197856,0.00792505340010666,0.013856382491188157,0.025768009334577836,0.06676256925013972,0.08358890777994178,0.13055791296635713,0.13871778251145445,van
0.07143160786404307,0.0826324220950969,0.08425266566311097,0.05518733563078861,0.023609263546012692,0.019076075342242847,0.060298476441883284,0.0324974568334042,0.05265791608683651,0.07402198484793639,0.05254705731639341,0.05046067930575266,0.06676626338190247,0.011640171022901177,0.06893399920188699,0.03390656064725896,0.07582739910943787,0.08425266566311103,car
0.06756732853692117,0.08244289421243542,0.09080168764255199,0.06271420164925537,0.02944389085905421,0.004044368497245103,0.08826239261986549,0.006124329383566468,0.0803818218598039,0.06889870446657129,0.07727936558163229,0.08481535159675942,0.08965016608704615,0.036665392485567556,0.03410137903253316,0.05750894575133249,0.0285802033969991,0.010717576340859477,bus
0.06128648588383203,0.08809932338092162,0.08320491653621477,0.023852218685774296,0.0232349865159058,0.023271519513295282,0.05182313147309453,0.09061644690105655,0.044049661778560144,0.10068494098159633,0.03709445205187148,0.03633833013114433,0.0753553961248925,0.0463680650207897,0.09610835276316916,0.012892584059816645,0.04698630588538423,0.05873288231268058,van
0.07181433019552175,0.08621665463414947,0.09995585835090737,0.04791355346665828,0.01944736579831951,0.015582354757447141,0.05860478488714118,0.030337890579309256,0.049158618921059404,0.07415928791233939,0.048434176117645604,0.048522032490515926,0.06974958755178293,0.012419019605074251,0.07507861792631906,0.043163665408488816,0.06685572169016779,0.08258647970715292,car
0.057648576778252913,0.1112657844389249,0.10714482946416981,0.06526944856349273,0.03576400222287661,0.01819440510341882,0.07878296287320843,0.017219704836478764,0.07031379437729637,0.09815231700140072,0.059634556452585676,0.07024152942944768,0.08642342378922216,0.02379038163598251,1.205379330115859e-10,0.011759798463131677,0.040179311124399965,0.048215173325172334,car
0.07521979354075466,0.09505798081561515,0.08753255734416197,0.04856674135051273,0.024443480872957023,0.009326443512228333,0.07430676150114371,0.0211843501063728,0.06178768757340121,0.07591058756193281,0.06569006783339021,0.06697370450564079,0.08160637977428875,0.030893843848488284,0.02808531260076894,0.04219646960150522,0.06590686673672302,0.045310970920114386,bus
0.06755268779004751,0.039838764664955034,0.10070354375044456,0.04523178518574954,0.03983876466495505,0.026058059966353655,0.03497826180750419,0.09864836939171374,0.028772441194866067,0.04685797555169722,0.030892515796504157,0.02566750151620799,0.05320187225147762,0.020443576688430633,0.10201138197872782,0.03789541029947601,0.08631732323932886,0.11508976426156033,van
0.062141570827394,0.07940311823533505,0.07719747606654256,0.05617163827407991,0.04886345743667013,0.014981720550604127,0.0435938689067044,0.07259713668591829,0.02646770618431585,0.06579115513650155,0.040119470344841854,0.03389389708355954,0.08289885299342124,0.02716422476393451,0.057747722396281745,0.030986582822817483,0.08469665944043708,0.09528374185064076,bus
0.0842213161702263,0.02838227516869071,0.08711781645545022,0.05236467783001759,0.024327664456661305,0.01740422541064881,0.06028914639276538,0.07906490906905848,0.04612119703381944,0.039532454626771615,0.04660668331644402,0.04645300420539739,0.02436591550111441,0.009709725836976282,0.050314033111031685,0.02699777394994898,0.13528884427586643,0.14143833718911103,car
0.0665291206893072,0.030975096763285963,0.07606107070651068,0.05204898344723867,0.026550082962969467,0.021273462733158104,0.0515846708424071,0.06903021544600783,0.04026762574395061,0.03911712215586832,0.043234713944794397,0.03939854029971578,0.023299506787642633,0.008477395020624199,0.05124970544837246,0.11392791644434104,0.1127493517931348,0.1342254187706708,car
0.08474591768919265,0.06815231146306745,0.07629272642221319,0.042557993687587344,0.03310255137319071,0.013373283901216067,0.038218747290449405,0.09619211953496881,0.029532668401073645,0.05822154610426903,0.036371812621340024,0.02932020316205293,0.06909529941796629,0.018652211687013455,0.06443491266565629,0.01728741572288047,0.11222413942793104,0.11222413942793104,bus
0.08861804081094664,0.09027059168623645,0.10465581753467974,0.05879725511978544,0.023076692703468647,0.02097648316789138,0.07185626048682607,0.0247056357091115,0.06176408908748649,0.07058753036805196,0.054612457733764996,0.06265278101502546,0.07380614416850982,0.009752224696784757,0.011229834480611508,0.012051529677471263,0.06588169501841713,0.09470493653493091,car
0.03918048238620958,0.08664914346578786,0.08761191172401564,0.034432629198586945,0.037135347328359235,0.021253563661636853,0.05448135695558912,0.12873587018260219,0.03754796229617116,0.08689671244647496,0.04980045518245939,0.03754796229617115,0.08784806242886396,0.07114350730696153,0.010240353517346874,0.07692753227295128,0.030038369881994566,0.02252877746781772,bus
0.08949981812670778,0.08333991163087615,0.09028490424872551,0.01892434691335627,0.011905701847282686,0.016353492267770577,0.038238312512607314,0.1423921917186467,0.01805698102309215,0.08048254323953237,0.03877499057991854,0.0254616422170869,0.08585583348488948,0.05702204486849962,0.03939704924884744,0.08455952009059604,0.050559546474627154,0.028891169506937216,van
0.03932103173194837,0.08348157485853647,0.08290184170105272,0.04502172276904695,0.0417407875197066,0.020476612837661206,0.035466028638706036,0.10335814025797925,0.015073062275454224,0.06718279123099336,0.03712733207699383,0.026242309726831736,0.07963127162392741,0.028559486254812957,0.08221670251493558,0.013234883971237435,0.09043837274834145,0.10852604726183432,van
0.07154572756137767,0.10126472204130392,0.09903783579512287,0.05604936039280545,0.026521712996551195,0.018628887634856366,0.07600369663570859,0.012537537110758737,0.06399367855258987,0.08619556699195861,0.055429111061737375,0.06866330976476348,0.09728419051883534,0.02020853014429916,0.049865204091173385,0.00535138785405632,0.04022459798808924,0.05119494286401259,car
0.08263317779771842,0.05263097791405852,0.10558683825484988,0.0584277910882347,0.023391545824051042,0.020081421436503023,0.06558805958531677,0.04778558631057158,0.050681682441391394,0.05647387470303092,0.04721398839001504,0.05396323021552171,0.027731486687725102,0.0040011855959408045,0.02073341563405036,0.029667326370198994,0.11656786941754158,0.13684054233328016,car
0.06631829337403004,0.05521523071249392,0.05483179161156998,0.03369575767723534,0.025635642926934415,0.013543358612083037,0.01876596088349073,0.13330534246637102,0.014954125115482388,0.05896197849866478,0.01794495010268893,0.013340370625982414,0.05417343390998364,0.0047223554224072395,0.10603834063495525,0.01750726839724407,0.1495412495397782,0.16150454948860446,van
0.08202699100628849,0.08355663186208236,0.10640033089253222,0.05342554585605922,0.018847360658944046,0.012944225092143742,0.06576455926082604,0.022868130908459437,0.05717032709963762,0.07023783041056263,0.05295777669019469,0.057307426205117945,0.06544024861323405,0.012035858427034751,0.04677572219322,0.047409539565562535,0.06860439249669707,0.0762271027614033,car
0.07912796777528493,0.08166412058373435,0.08636304814827822,0.05232005734675763,0.028332450097482986,0.017169276145466924,0.055510251948626216,0.05633157710276497,0.037915484637981285,0.06933117178378874,0.05028790589141181,0.04400742099429638,0.06963095279320437,0.02195107011742577,0.07583096912430062,0.007398143466065712,0.08088636705580998,0.08594176498731908,car
0.06234180755059618,0.06433994240032755,0.08629722424904243,0.01774064555108984,0.013130600680068898,0.009017997523047635,0.062477628481558294,0.12290242036759769,0.03982948824362257,0.051209341959235564,0.050310932455371396,0.04470072058951446,0.08116197579561328,0.08804413161766723,0.14121363952817503,0.0174861169239433,0.03186359064269353,0.01593179544083512,car
0.07869183023280692,0.0825031154512644,0.07448197923987025,0.05971568294553209,0.033885208210773406,0.010118306729572835,0.06221435915185569,0.03447451617732481,0.0446891875975492,0.0727795340031662,0.05362702509024551,0.05353057360651137,0.075044107384065,0.024696656363886352,0.018281940460037314,0.04250922723347691,0.09831621255372712,0.08044053756833443,bus
0.040486922937994295,0.07958967737055762,0.08909622214287942,0.045181913007244,0.047753806505107826,0.019521996492350483,0.051395164283835754,0.11233514454644879,0.03448886031117044,0.0739047004302987,0.044653998026103515,0.03622570938116799,0.08329385102471372,0.051733290363289046,0.06584236949684068,0.055518653057656575,0.03448886031117049,0.03448886031117049,bus
0.024659597096046405,0.08725703530242158,0.09452845489205103,0.042599723027946276,0.044875046837152835,0.025683203003823603,0.05189797533716469,0.12963902376769032,0.0378113820929414,0.08750634111692313,0.046567702104031994,0.036723284773054386,0.08418383155133291,0.05373196393128794,0.010312195281251864,0.06640047569899667,0.03781138209294146,0.03781138209294146,bus
0.07604930709960173,0.07568368543137922,0.10324749675237578,0.046306223879876714,0.018019925186001436,0.01856392292416538,0.0771676792612235,0.012493814829152725,0.07288058597500667,0.07027770790837502,0.05868805083274156,0.0690792604532353,0.0639424009160075,0.018699624114332368,0.059629570363063815,0.042661806469722334,0.04737238092201669,0.06923655668172245,car
0.07469877766084547,0.048690296432992664,0.05525962211780561,0.03158946250288879,0.023848308549246237,0.020473547931076915,0.017730360160621628,0.13434547065615035,1.80849671793674e-10,0.054254901718951844,0.01808496736021707,0.012360229548043217,0.046634192278589504,0.00713880301481049,0.10686571533165704,0.0044109677855734275,0.16879302718827877,0.17482134958140122,van
0.08043397034104699,0.086964933728117,0.07422764548491323,0.04218783218831355,0.03614127127986559,0.019391837869246885,0.03358717001521852,0.12920504429621923,0.017129456808482685,0.08222139189961356,0.03894697521852927,0.023660832347729026,0.07498177250516797,0.03516046375893441,0.009343340170787575,0.045121495647415695,0.0822213918996136,0.08907317454078524,van
0.06932508209532133,0.08704340329934748,0.09858324842009268,0.056600672764969905,0.022608676257798832,0.019409335292478642,0.07126904918471541,0.011756511703432735,0.060007194730744486,0.08229558130681233,0.05414182984230556,0.06438593144048664,0.07569640734234521,0.010828366050756693,0.037407082468298054,0.055198255788440904,0.051434738355333756,0.07200863365631949,car
0.08994506827242985,0.08453971561959728,0.09517624845089334,0.038958194218584624,0.009945849010507941,0.00487909580687169,0.09295793411709363,0.01477668989566801,0.08619735709979925,0.07573053518195244,0.08438267590042024,0.08542220101193504,0.0788787135834358,0.04083032711532389,0.023508370212160557,0.037842742213907224,0.043098678614547734,0.012929603674871476,bus
0.07949886818043324,0.09514683542554683,0.09710033325212387,0.04602888493577778,0.01654727581503373,0.018264445935620908,0.07662578336734197,0.012292262061682638,0.07170486150662184,0.09372849750776309,0.058873465256262934,0.06977037783578377,0.06967547863683701,0.018397957966527802,0.0733345174475097,0.002623348695327947,0.046608160016949285,0.053778646156855715,car
0.04386528033260223,0.06036162498875337,0.10275848047814183,0.036224506165248395,0.02463739808728319,0.025381168588810236,0.06007982468639785,0.1153030222234282,0.03736672031654271,0.04804292605721192,0.05074007277064416,0.04247440148024416,0.0620428562265801,0.04720006770926437,0.11210016050122742,0.04921470473606589,0.037366720316542756,0.044840064335011205,car
0.059662787780590316,0.09676080318844255,0.10164771243460867,0.0574265188105676,0.03015921146212165,0.015103315860051942,0.07399355540630399,0.01960348749040285,0.06670631132452103,0.08658206935857085,0.05537125393091365,0.06499237732631528,0.08198942844814427,0.02256980465914713,0.005197894494366716,0.06693873749598502,0.03811789223444937,0.05717683829449711,car
0.07060387157017291,0.09814714010449618,0.09827106326104733,0.04001473325144017,0.012746381932680914,0.02407382690562516,0.08566734928005183,0.013256237205348468,0.0773280498039044,0.09776474864999551,0.05799603738192632,0.0774671290299618,0.06930344087402673,0.018314538199971305,0.026361835236871283,0.028290750001813664,0.03866402495994832,0.06572884235071753,car
0.06010249221056867,0.08639733247709479,0.0911971842717781,0.03470984546535192,0.03038147966441669,0.029342490389349423,0.054210091030394744,0.08392883726840047,0.04319866632494473,0.10367679893795478,0.03637782430092103,0.03791537622000551,0.07281284626572683,0.03183059628490524,0.03927151485656745,0.03793053630638984,0.051838399555374864,0.07487768816985482,van
0.06464512708291907,0.06535551309326322,0.09636912456337944,0.06740084574022201,0.037346007542551976,0.008015298899826016,0.06848802133931228,0.036412357357528256,0.059001504889629665,0.054618535965490544,0.055150880369232165,0.059256187643937676,0.06501297895829644,0.02235846509875031,0.02574611130437861,0.04489870619376002,0.08968228735860324,0.080242046598919,bus
0.072346176330082,0.08861336384969937,0.08533138742030288,0.020121812076398862,0.01969185883237309,0.019320314330931992,0.060233920607270904,0.14628237825195198,0.04266569383814855,0.09142648650346778,0.05389350793871547,0.04143790409477718,0.09982162297650626,0.09431363870075644,0.011636098505672626,0.018731280365232666,0.025599416405286922,0.008533138972425006,bus
0.08309965579351052,0.10433852560500118,0.10275763885527858,0.05223139378444996,0.025745870047363048,0.018612704497401742,0.08220611110888472,0.01761559533450392,0.07193034723568778,0.09688577378488035,0.06100558774944679,0.07333494805288734,0.08685928720240786,0.024337335612459814,0.005604962235962044,0.003007540769122906,0.03699275006681825,0.0534339722639333,car
0.0782736655196075,0.09381186212575332,0.0822715140213971,0.05325564230500692,0.02552703739767327,0.019723248732722718,0.08046856273627631,0.016592574349139425,0.06775301156752964,0.08628138612770335,0.05685139919866069,0.07144356614812902,0.06355269010288872,0.022923951359096677,0.021117821867228,0.05949044919540991,0.04258760731415937,0.058074009931617966,car
0.06754849824043781,0.07398168853495919,0.08014682923387549,0.04975187792786451,0.024389567748071887,0.016750571103509602,0.05318944931508457,0.05918535085756003,0.03699084434146129,0.06341287590824553,0.04672527702396074,0.041514904422680465,0.07816933127384577,0.015575092439962497,0.08070729657014063,0.054132942870155444,0.07398168853495919,0.08384591365322527,car
0.06231392320815497,0.042402965567127665,0.11024771012173926,0.03755162193358286,0.029076319315328954,0.024961745858512893,0.04323439626019888,0.132297252101988,0.018374618537369426,0.04094914961238599,0.042938581971506164,0.030932810912211315,0.04021614597063467,0.034815066505098725,0.05011259563015172,0.053779370904029,0.09554801546824014,0.11024771012173926,van
0.066600808893553,0.10396958844311875,0.09511291981331574,0.030691459422888052,0.025744850607218962,0.030602369555710465,0.05771557989565654,0.08753249163203093,0.04505348842747271,0.10555388693093444,0.039836768735684834,0.04105593671248812,0.08727342395477806,0.0379397797568529,0.016383086815580775,0.008790924716264442,0.048057054310623286,0.07208558137582803,van
0.04310185074577455,0.09913425645753236,0.08536560975485682,0.04502167116317436,0.050111822043610685,0.01496366152042155,0.05053903280103048,0.1019666637792256,0.03304475228468981,0.08213981252737287,0.04591481362361176,0.03661073272567051,0.1109804883375702,0.054784720762598535,0.02703661554170411,0.05319399136177595,0.03304475228468986,0.03304475228468986,bus
0.07195361112124142,0.09855680725314284,0.09342364021426923,0.055016791286732064,0.029332383186047545,0.020145259429141707,0.07606481259392153,0.012202271467749375,0.07117991637915032,0.08999175139399374,0.052261043896228154,0.06836344487196983,0.07319444231138753,0.018263268097709597,0.053384937311055224,0.031249719445863744,0.03558995824296018,0.049825941497436216,car
0.06671244933769035,0.07081783082595196,0.08737477734892382,0.04891275219726334,0.028664360187551172,0.014475342900964944,0.04813761054521241,0.06575941434934388,0.03835965843438336,0.06356743387614705,0.04037858781759097,0.036611856258512966,0.07623680529041052,0.02220822336872242,0.07671931671532807,0.04116646269884273,0.08183393781945415,0.0920631800277059,car
0.040746634397527674,0.04806013284175508,0.13305536740654636,0.03273965387998612,0.016020044419425408,0.019647224240821236,0.05580838951905052,0.11305574078419531,0.03471009599911776,0.04760241729286466,0.04822876488608315,0.038455789789498006,0.03929444827338188,0.032883248852230505,0.10413028758083206,0.09143147204759165,0.04859413431546062,0.055536153473632034,car
0.07391980164550874,0.08117453017745963,0.11073809359444879,0.04556959316900374,0.012884846158554876,0.01769843015134347,0.07663535892500067,0.01675029997094571,0.06839705785316773,0.07370131947350399,0.054923351742784336,0.06734263250266541,0.05530759397378762,0.010799535549238768,0.03730748615502425,0.06005595325122678,0.05862604960517976,0.07816806610115569,car
0.0788035086270918,0.08365295530546238,0.09925489536295812,0.03844313401835125,0.011381354552807334,0.017587413865693183,0.07310846515396338,0.014795760887578438,0.06904688376227486,0.0828562604940158,0.05396559075261046,0.06519714744317444,0.06839549806738145,0.01499044195052592,0.05649290491523768,0.0581004265968705,0.044880474481728314,0.06904688376227491,car
0.07437305464328704,0.06579154835474026,0.07127417737242292,0.04419621484404264,0.02036405077965538,0.01882714129760956,0.04192598674835694,0.06516496218129081,0.03563708875748564,0.06312855711758011,0.03751272500037707,0.031791359770262186,0.053791832014151796,0.00750254511411409,0.10367153065872954,0.04172146974052372,0.10453546007969773,0.11879029552567259,car
0.05983659730907659,0.08822062412893567,0.08282936377951798,0.026042420210205048,0.02520589277210562,0.017311216994570704,0.058467786264769644,0.12451710939046973,0.03822893725251719,0.08191915099325263,0.05191087260816853,0.04097922049159224,0.08511348265825926,0.08148799756817962,0.041704295163712046,0.05035030752814806,0.03058314984788856,0.015291575038630989,bus
0.07385675910978752,0.09462285049763725,0.09437252549663065,0.03734542952496262,0.011586471592313545,0.017683336037314642,0.081929900446598,0.016736014470163072,0.07810140043120331,0.08870087618811026,0.05487651033781442,0.07332541551991242,0.0839958457379242,0.020039175197731032,0.026625477496942298,0.04857526128808641,0.03905070027417779,0.05857605035269052,car
0.08251558865153348,0.09290216622955592,0.10383906144674314,0.030136697794097087,0.001263975164199061,0.006510664047576686,0.1014897614166137,0.0032863352428827916,0.09585144134430305,0.07722887561975697,0.08414747588893816,0.09750643025761438,0.09693655199972888,0.037836095337106454,0.06273912528327859,0.0028054081510006947,0.019170288360878026,0.0038340577641929685,bus
0.07755542811137642,0.07840768556128296,0.07550369721345335,0.05563864155024333,0.04107069251775933,0.012821382686715966,0.048855333551016844,0.07280713660475442,0.02831388656122209,0.06309951841343824,0.04560025930540784,0.038498737781128105,0.08761278070157304,0.022353068373571806,0.03860984524898163,0.02071747801720436,0.0962672139004352,0.09626721390043506,bus
0.08773913317870542,0.07391941626141554,0.11211111456384848,0.026856312056642555,0.014783883406035486,0.029009884234452395,0.054014318600944466,0.0933496627710404,0.03203174715552136,0.08511292783761248,0.046530327359976364,0.04032773917480128,0.06285474895042462,0.0379323321224507,0.008735931182189807,0.028125436550237096,0.06406349411885233,0.10250159047484922,van
0.09793189209947845,0.03465282355233273,0.05422525150022635,0.01180314533812644,0.03300268911176094,0.005666499700023942,0.011777430425190031,0.2660016721205026,3.003244681840721e-10,0.04290349575519189,0.011064585970263966,0.007202025916249455,0.05099849489761971,0.11459749473898359,0.09555778563162014,0.10254981870464178,0.04004326272486754,0.02002163151259587,van
0.07287841184997032,0.09336942416785685,0.09312241510951752,0.03180268603732957,0.007621993915784451,0.01744909284055026,0.07933349767634115,0.01651432001599936,0.06743347304223003,0.09248019155783536,0.05962538670335708,0.07041357513456822,0.08288319055911285,0.019773725259499195,1.156002393027939e-10,0.08740505910063953,0.04238675452662473,0.06550680238718343,car
0.07043578199071336,0.10236408970877539,0.09642993958743858,0.05053097276465358,0.019074054077155574,0.021833193958370117,0.08697602395295598,0.013224677528980742,0.07714395169309404,0.09918508071520207,0.06151215097873059,0.0795026696370067,0.06913844728412087,0.021316091998938833,1.1571592736606721e-10,0.031045736726124207,0.038571975904405066,0.06171516137761842,car
0.0816554278382102,0.09480666259132474,0.09129530472191935,0.04151857594814041,0.012898865760093284,0.017717687264352338,0.08208905551810024,0.013414820385801827,0.07825311834984225,0.08719633186212368,0.06239656544484327,0.07346785572411614,0.07972959227875666,0.024711511138157335,0.02667719951481011,0.03435502763407058,0.043039215145234164,0.05477718288010351,car
0.06937347842739504,0.028324083053478045,0.08864388903348384,0.02572667807981846,0.026975317205477946,0.027789666396723322,0.030483871502890062,0.1823531428950928,0.020456282273477375,0.031561121088678395,0.023255562972046017,0.020014779783664338,0.04631611049755527,0.05490896779432274,0.05578986032184435,0.16165452163749083,0.05727758992388087,0.049095077112680116,car
0.08200025443693479,0.048359124497497394,0.09313609143077634,0.026537685590275056,0.01842252374781953,0.019769453534815195,0.046568045820166264,0.11974640320826778,0.03492603441751377,0.04191124125910525,0.04411709605118679,0.03266463651915679,0.05271854241024684,0.04963173303139061,0.08572753871999747,0.09200028544027365,0.05588165494228828,0.05588165494228828,car
0.07329573590044842,0.07024174691044988,0.10536262029543307,0.0644138290561732,0.030875493226183003,0.02120505576915259,0.07620999990397645,0.03211051294961098,0.058534789115455496,0.05820030460702709,0.06950236010234495,0.06552527470527228,0.07510123882535323,0.0203331373633685,1.404834935399328e-10,0.047969973544362984,0.05619339755645666,0.07492453002844762,car
0.09401168900347437,0.07920398708874217,0.08580431933755689,0.045412591767736,0.019235254085225303,0.017484653833787646,0.0726813058075605,0.011767449597994896,0.06864345549063854,0.07060469707314351,0.0536502797085941,0.06493967192655545,0.06799587572283032,0.016257660589519395,0.09828494758986116,0.027624805319955693,0.0446182461049529,0.06177910995187118,car
0.06811372324980146,0.07747000390061194,0.11190111669559452,0.04739916303163152,0.014756191309750796,0.01900207651290566,0.07460074450103008,0.019183048669105696,0.06527565145238896,0.07033784482165124,0.054772651913393144,0.06480604244993939,0.059821351744693205,0.008834298789561126,1.1190111658369343e-10,0.0982546390634368,0.052220521184291394,0.09325093059831227,car
0.08284978532529919,0.01465803909900932,0.10057043381245286,0.0482627134524538,0.027222072449113472,0.021572208395450283,0.047327263071447856,0.10344387477307851,0.031759084492206636,0.01905545077154575,0.0421225751590615,0.03358694545920818,0.033556768509281264,0.020058369223176893,0.017323137082364753,0.15337313901316718,0.09527725309551086,0.10798088681617166,car
0.07071154719970302,0.07392570842933265,0.10678157877665762,0.0355101656979079,0.025995853609471195,0.025106844469863908,0.04638475828525141,0.06758921914806282,0.036962854288592036,0.08237436080435907,0.035795606263094956,0.03332861683110914,0.057652753776176395,0.021399547281964405,0.0470436326906122,0.07572877448497853,0.06406894732513518,0.0936392306377277,van
0.06624520211639756,0.09208811059187665,0.0982505725307673,0.037069211712566184,0.014351393950344947,0.01642738173873999,0.07326558533568679,0.015547343437137739,0.06348498536608231,0.09172932574583881,0.052124514320047936,0.06446368503602964,0.0780300628508972,0.02147988233872832,0.05936258372600107,0.06901503634667906,0.03627713454154627,0.05078798831463214,car
0.06374886898967504,0.08675881570334504,0.09398871699315939,0.02167076112220421,0.022309409919857175,0.01702437156460745,0.0530759814590335,0.12889881179254864,0.03759548693260752,0.08700669803328148,0.04274013248199117,0.03597266016827507,0.08795925214391798,0.08013774820635718,0.06151988756435679,0.049516007108008714,0.022557292249793793,0.007519097566979811,bus
0.06759606019469709,0.039864343276788346,0.10652638363188624,0.04707125944743045,0.020501662357319945,0.019556093033838696,0.06909819486108378,0.08884053619073785,0.051823646197636485,0.03257486340122375,0.058915303017367485,0.05244503284020653,0.040415925382152405,0.021820482729543803,0.009422481296447656,0.045503689369546005,0.11055711165335745,0.11746693111873616,car
0.07288530980116924,0.09026565288095208,0.1039965392148904,0.04148203226395546,0.011052937185536404,0.018977684521453375,0.08107895245906394,0.012772282952568676,0.07450498334982285,0.08940597999743595,0.055878737540306506,0.0730309638972712,0.06396182534443626,0.0161754241042322,1.1175747485709809e-10,0.07904797013263173,0.040977740892693494,0.07450498334982289,car
0.07601056374074644,0.02445095068175286,0.068428701969328,0.04649951523617507,0.02445095068175288,0.02099091051342905,0.04674446439373738,0.07719514395241109,0.03973279475851644,0.036327126649980536,0.040151034701669974,0.03449225830053756,0.015993074714739076,0.00836479902200175,0.03612072252219051,0.15505480835243463,0.10595411909115858,0.14303806071743816,car
0.07871321983472471,0.043519328375188876,0.10686412823634861,0.03359920204605363,0.0298418252426811,0.02134910460122688,0.03549811887323691,0.14871176155793048,0.0188583757574855,0.04849296587791896,0.04406904620443798,0.025506292311644196,0.02704219910120724,0.038709297369259106,0.07200470679991583,0.03863667204628921,0.09806355298846237,0.09052020277598842,van
0.01984560494453115,0.058519090910111156,0.0760748180918547,0.027905173641219173,0.03678342868509532,0.01722448735053824,0.041766566932761075,0.21735662255445767,0.025358272900151135,0.03912419230932779,0.0352346527532723,0.027365042673923527,0.06889794848925514,0.11211025809648624,3.042992711502218e-10,0.15586060260075435,0.010143309342640232,0.030429927419321344,car
0.058334259728570016,0.04888741607070122,0.06865362436317247,0.0419373855673849,0.020175759096250065,0.015988337426340298,0.03230758801037957,0.07666788417030532,0.023538385588753357,0.048421821633277684,0.032705967289367574,0.02336904468625318,0.0453002891157086,0.005574880905117349,0.14123031282636853,0.0344464178693128,0.14123031282636853,0.14123031282636853,car
0.07341308106262512,0.08022289174021642,0.09380560355243107,0.053782200692011985,0.022920826282435816,0.018740298236459375,0.06881241508914639,0.014189082974583532,0.06621572018387004,0.07378323105067534,0.048616278792977426,0.061451999314478215,0.0718378096250108,0.010455113796883549,0.05869120653789887,0.06056315871323804,0.046351004158506126,0.07614807819655202,car
0.056839894955120374,0.05866168645310862,0.10591693369814884,0.031398457354393304,0.02154919107980468,0.02055530806311243,0.05696372914844766,0.11205579269986203,0.036314377411119175,0.04980257465431991,0.049311101880276174,0.04049444960602366,0.06988804689165522,0.048737716977225155,0.06932744758678543,0.08502878584106573,0.043577252849765775,0.043577252849765775,car
0.06327079716353515,0.04477625651091065,0.09701522221393762,0.04321202048237337,0.03198304042037346,0.021965710840047163,0.03170432111556873,0.12196199359048517,0.016169203864015002,0.05266540643340861,0.026551534641583982,0.02256709020825345,0.018304759065711038,0.010212128827704873,0.02645869710855058,0.028394699321808155,0.16169203689387585,0.1810950812978572,van
0.058245019173437364,0.0450838850711239,0.11396204256284113,0.051186943726205816,0.02024174440991828,0.018957105409967742,0.07114077093048098,0.05262853519786044,0.05581814338152143,0.03588309223364033,0.06345641561081478,0.05762520557190487,0.04844593578721067,0.024236825510404562,0.053280955053609275,0.07351657903476215,0.07256358634574155,0.08372721498855488,car
0.10997447001689051,0.0680995757606175,0.11593142046243769,0.038659147921054425,0.03057531986863265,0.019089908211966423,0.039677063854052355,0.16621855598188157,0.021078440291031578,0.07226893752639357,0.0479257165500728,0.027599108792023493,0.04454311882399993,0.04659444665293028,2.529412804570831e-10,2.529412804570831e-10,0.09274513642053854,0.059019632359594024,van
0.05096355863623937,0.05303899767010832,0.07852718259530776,0.07647806557517095,0.07576999661248271,0.11448417594326879,0.03425001945935267,0.07486075665478772,0.022983565735191072,0.06107061729641394,0.05080577672138382,0.024471710270267368,0.04770174005680448,0.058063744804738436,0.03134122595238731,0.030271037753843884,0.045967131332480815,0.0689506969297704,van
0.07992343837422752,0.08395803501712676,0.10691147438367396,0.05167538909861559,0.016412849043146775,0.01950961299187447,0.0795969537408152,0.01641284904314676,0.06701913323860532,0.08042295986334838,0.055026235732256255,0.07122074384553917,0.06358688652876546,0.010581968502844995,1.1488994249779779e-10,0.05604387450405959,0.05744497136378883,0.08425262461327498,car
0.07057340296591039,0.07885934904306181,0.08543096144907847,0.04327507225939084,0.018776035616623794,0.01611904946863863,0.05248699598885118,0.07322653840933327,0.0427154808099702,0.07078565380138423,0.04856075710795344,0.04035947108647022,0.07307302365411632,0.02248183208618206,0.06213160837320124,0.04167363981877244,0.07973556403053073,0.07973556403053073,car
0.07032993158238986,0.05703036121249288,0.10297148541396844,0.057686923527400825,0.028144853653660932,0.017803646303135703,0.06695899804895414,0.03466260920539737,0.056166264832527825,0.05006821323677438,0.061014300311700194,0.05527730236968607,0.05595431666385713,0.023057729852814002,0.09190843327653704,0.03616559496455611,0.06290621659625528,0.07189281894789185,car
0.09178370148562548,0.07217179948384209,0.10261927734161082,0.04199516284913293,0.01288782143273683,0.019915331546259976,0.07205387170709934,0.02010500136939312,0.05863958710261154,0.06366583741564004,0.05061522256777658,0.06271763991454113,0.056795574933261456,0.009258882272857972,0.06397045864673266,0.060069820931522085,0.06254889290163379,0.07818611609772236,car
0.06505046986009602,0.07323864087431604,0.062340033621592635,0.05404947736209736,0.03437732129889081,0.012831567920353148,0.048894144046271903,0.04663358362652492,0.034003654764511726,0.06606424341423754,0.03865678645051659,0.04011941998546445,0.06501327690999649,0.017896660466802564,0.05564234407355534,0.06303116481322876,0.10881169494720544,0.11334551556433825,bus
0.06470905723118821,0.08806558076453308,0.06678306546843879,0.014998068529786851,0.015096956892209804,0.025921189971513454,0.05686849275781745,0.13084029131037775,0.03816175179438097,0.08504618943188517,0.04699921005163389,0.03898538672025312,0.0907241643278708,0.07833201660007619,0.08326200364441148,0.044677172793353474,0.022897051168216897,0.007632350542052571,bus
0.04502505243515262,0.0796597080482878,0.09588668558555301,0.04461871280743518,0.01972526114441479,0.015631339048759737,0.05685516421516857,0.04734062655328791,0.04602560915286542,0.06706588755962586,0.0508704101017905,0.04569448966355038,0.07728828697423122,0.01635120334069907,0.08159085248247475,0.05388363996026833,0.07364097456173864,0.0828460963646962,car
0.07831974301841958,0.08966015828176183,0.09271675458320956,0.02915111941758569,0.0023288353832555107,0.009996415683023738,0.09695869759850848,0.0030274859664435475,0.09713183812974514,0.0817421183389639,0.07751957227039755,0.091477990134901,0.08663560177383034,0.03346168593233707,0.02408227399615618,0.0775331745817091,0.010596200617647497,0.017660334292104427,bus
0.08176834828025473,0.07466687883717227,0.10953734823745104,0.0556333458894121,0.018666719800293326,0.020603832219808004,0.07533790470798454,0.02080005919217442,0.07077797890405568,0.06760019210156612,0.055558052639500415,0.06590426402384768,0.04502318878096276,0.007982478931415104,1.2133367791323772e-10,0.056227802081126765,0.06875575093883513,0.1051558543128063,car
0.08101149919020138,0.07166401854128293,0.07440118590722779,0.030511973093460668,0.03071315093649728,0.017577966987792463,0.016745024118688452,0.19298096382046034,2.329080595022183e-10,0.06321790209779587,0.02206497429101294,0.010891384310349925,0.06005805331209642,0.05209785564787795,0.12704075996139075,0.017042053367216717,0.07763602006698096,0.05434521411675901,van
0.0907845846178829,0.05668901673147954,0.0580012624834663,0.010727179493334413,0.0026994772211679746,0.023174755412814458,0.036928139525091,0.17546600365416504,0.020471033976645587,0.07369572167722768,0.03232268508406262,0.022680138336105243,0.06488931471370614,0.08403898082551901,0.13399222103033478,0.0479321767865144,0.057318894692433224,0.008188413738049634,van
0.0802262316417142,0.06245303574148327,0.09841084411370968,0.046412101232062096,0.03244313552105366,0.022281700668241197,0.044381361151932926,0.0716993293229129,0.03690406663490131,0.06537291792509263,0.03340789191505324,0.03239061965444198,0.041778188623788,0.01359623516924759,0.09393762393343273,0.032403570721817765,0.08856975971710043,0.1033313863120144,van
0.06943481203591192,0.09319367341104409,0.09331134219046443,0.05242375361048891,0.024206149019464246,0.02078075058889921,0.07918416696711704,0.01258719754298763,0.07342531846842765,0.09283058117740421,0.05564866244484173,0.07065206004122607,0.07203993510317691,0.017390207089732896,0.010012543522632025,0.056412134946384924,0.04038392520719736,0.06608278663259864,car
0.05429485206417652,0.051724681561357296,0.06937675536196994,0.02936335642793168,0.025334538005624106,0.018124551615303044,0.012556878955893946,0.15369619626071032,1.9212024508573767e-10,0.05763607371784151,0.015167387962046884,0.009444760442138522,0.04108231675133457,0.010111592038738005,0.06112916908303677,0.05154445619073279,0.16650421259975962,0.1729082207692842,van
0.07970170066114744,0.08057754352411678,0.11457119464311386,0.06175265893226072,0.028777694199930745,0.01976430322737846,0.07616684466190847,0.02618770173372144,0.06546925413789585,0.07108090448134934,0.05857775371611086,0.06546925413789585,0.05352832101713004,0.017228751185400962,0.023807001588013906,0.03512984374442782,0.056740020270301575,0.06546925413789585,car
0.08675065667876881,0.09379451340864271,0.08621515879871991,0.04211258230211673,0.01218110573393827,0.008365891519913796,0.09346013011702847,0.006334175034854964,0.08313604598843878,0.0823442741229379,0.0799272863229879,0.08944933484405118,0.09272196322799328,0.03792170524799472,0.04030838599089205,0.02433250134331364,0.029559483089546982,0.011084806227860119,bus
0.0660465244656534,0.07380097468778613,0.07550933057963528,0.057955787289150185,0.047443483784970424,0.015085105016230607,0.0470300329472792,0.06852947650722299,0.026650352072749132,0.05710789711600282,0.04123791311978116,0.03662026789626023,0.07441985078445601,0.023143726821058724,0.058146222515204675,0.02340030915654827,0.1012713374287208,0.10660140781129018,bus
0.07507052515576337,0.008854472400921796,0.057554069339802345,0.036191205259825,0.030358190529778162,0.017374813546317737,0.02257022341044611,0.17101780558441493,0.019184689933411672,0.039465647619646695,0.02180996326121731,0.016286283575374923,0.005791604668916762,0.012116646358550176,0.04185750503718798,0.05615031155664173,0.1764991454996136,0.19184689726216983,van
0.07225306133727451,0.03834970186468492,0.1061718594981484,0.05515211847494605,0.02191411542246941,0.02194857157853276,0.059738642245549325,0.06172475813805815,0.04154551033956019,0.037984466610413464,0.04897997005479627,0.04662661590033307,0.02090340151127796,0.00874642336057743,0.04532237490077638,0.06890474874641898,0.11632742865164088,0.12740623136454168,car
0.09255188909247657,0.028477504464295384,0.0874101174865114,0.06709001572494606,0.04271625660389121,0.020955144843376863,0.05686194500401256,0.08461887004327318,0.04627594463879018,0.04230943511418846,0.05163421189132228,0.04305771348973284,0.02910436776603861,0.024355760423886083,0.025241424432569083,0.0722356207957362,0.08638176316531841,0.09872201501963472,car
0.06181199620123074,0.07290645702383886,0.07898199509336236,0.06042639978408402,0.056242124033145824,0.06080123400229768,0.049557330325277926,0.09748634818511108,0.03159279815107903,0.06769885296424726,0.049883365391960297,0.03591123816020794,0.07033868244351192,0.04240086061159978,0.008616217815426486,0.04161002677302509,0.06318559611260136,0.050548476927992345,bus
0.05746779705066435,0.07456078278767421,0.10769890839275843,0.023857082663261305,0.015493149809780477,0.03325180717275997,0.0495299793560263,0.09063492553247805,0.04405864444663072,0.10070547279428288,0.04266731883809189,0.03528917808106026,0.06096164633653112,0.03710201640393659,0.05607463833855694,0.047282447685928,0.041121401495270986,0.0822428028143074,van
0.08883638496388391,0.05790549796632378,0.07766689799254273,0.00657442354054657,0.0023634899192100534,0.020290336354328264,0.03795486428732297,0.1474817577529455,0.03584626072775381,0.06759580575326704,0.03282762826352841,0.023983469478954467,0.05275487417712937,0.07357916653057091,0.11731503462019977,0.0996700904210554,0.04301551283028908,0.014338504420148005,van
0.058096539197171185,0.07537653541820957,0.07423446670245128,0.03656614788095639,0.027409649356361573,0.020169364667780743,0.03609832899781675,0.10180726855432988,0.014846893483020457,0.06362954291326718,0.03094405148723458,0.02713029441869407,0.07171329614124901,0.021098216979802614,0.05668813825125581,0.03476345767246371,0.11877514661702446,0.13065266126091057,bus
0.08572731667792836,0.04333468764434031,0.09128371682080812,0.06560127377558417,0.05158891382654161,0.02125852610986806,0.052775796022675105,0.08584395248267689,0.03129727446196349,0.04023935282601484,0.044475074156354974,0.04075400481819046,0.04251705203195246,0.02717921205746613,0.03414248121416164,0.022900444778646934,0.10015127786515923,0.11892964242966707,bus
0.09207269516203712,0.08624003574789883,0.10899782292627756,0.04242959552585789,0.012320005213616066,0.02115321640953665,0.08223178427375713,0.01779556303097034,0.07266521532570804,0.0783004769127351,0.06294009629878863,0.0730386234202668,0.08461286526443978,0.02130784518354957,0.011324449246824382,0.012153067475282097,0.04982757626249293,0.07058906631996116,car
0.08069503648527034,0.05491082373505946,0.0713840707699164,0.01870325019410751,0.02823985234529106,0.010774954320914416,0.01119750153798806,0.2529035642873402,2.8553628193752056e-10,0.044869987447146625,0.015028225650668926,0.00821687170819874,0.07722050420574623,0.0713840707699164,0.1168102974417947,0.013928599404439725,0.07614300880220842,0.04758938060845646,van
0.029805145114150968,0.05273217964157009,0.10155827169070347,0.02295039563535639,0.015066337203667254,0.030180052596989287,0.04480511999124023,0.14363241272504237,0.03808435202683014,0.055494341420349674,0.04209323116349581,0.030412684038678518,0.0503000875093114,0.05411986857349285,0.0727064900253065,0.11703971551116038,0.038084352026830186,0.06093496310582452,car
0.06084680103159683,0.0379948350951395,0.11204958280689178,0.05536074218127564,0.02713916797214088,0.01863897579092497,0.06779470562886127,0.0564494692042372,0.05488142839758188,0.03292885710440682,0.060658420843154225,0.054091767559697856,0.04659743923034599,0.023830094002630337,0.08232214251405064,0.06023571407884406,0.07134585686746317,0.07683399969075691,car
0.0656934779889257,0.10728638994124813,0.08394166625461234,0.0223318106085202,0.02554437873454771,0.02631552978366754,0.0546950224369372,0.13283076844334202,0.038742307627296246,0.0896607687748033,0.04893765167857054,0.038184864355428,0.1125719877570902,0.08258228704777577,2.3245384436905434e-10,0.039687241953999704,0.0232453846693594,0.007748461711422294,bus
0.09575761563585511,0.06353149502623313,0.08870879115965524,0.05001140105718575,0.01815185580043894,0.014544317185256306,0.06549695739618693,0.022024251681040042,0.05506062903741823,0.05191430738442982,0.04984435892851641,0.05664510756770016,0.05125140313678761,0.0072448197058182255,0.08509369936139839,0.0778906459097121,0.062402046227724564,0.08442629779864327,car
0.04310554093101353,0.08715845624323809,0.09048742505267442,0.05318949464031976,0.02645881717247705,0.018706178220043126,0.060170666322888006,0.04451306879352393,0.04721083053000222,0.07081624572418702,0.04994408913143411,0.04873923870804294,0.08907703861025458,0.01490868342217029,0.07081624572418704,0.024181157169821853,0.07553732876302412,0.0849794948406979,car
0.07925092994396565,0.09214009215967062,0.08969192546254344,0.0645872831626264,0.032048727775640884,0.007861008778295587,0.08645825073425253,0.005951906671719394,0.07811877380339699,0.07291085555678108,0.07345905747747748,0.08380127452812178,0.07795500278935248,0.03152161054420203,0.04261024030374308,0.03302582313147877,0.03471945508159782,0.013887782095134166,bus
0.06510880859005717,0.06202673482155198,0.08319458868996611,0.03420563552582582,0.030380441662793325,0.008693774350979845,0.03764461039309139,0.15139586670188643,0.019198751413365304,0.0493682175580485,0.03880168683177668,0.026242897530861616,0.060856419074548834,0.045470726716390866,0.06283227682922948,0.07866805385820656,0.07679500496230618,0.0691155044891139,car
0.06417818055359531,0.09462167634052376,0.08883924057919275,0.018263223317532648,0.018924335464917827,0.023209090608820062,0.06110210219462637,0.1405807761578559,0.04100272655363625,0.10192106278210007,0.050498094751190305,0.04129771019613709,0.10211999784235264,0.09063760576812344,2.4601635784571926e-10,0.030001995105250413,0.024601636030588413,0.008200545507540303,bus
0.0705750196929151,0.10256644340225611,0.09823090534063664,0.06430119543232977,0.031852932813556924,0.017501083137727098,0.07956987512919565,0.016563525118703033,0.06763439387720802,0.08778668263056398,0.062243983547362956,0.07145750966021877,0.07802566192139132,0.019832641895563243,0.0105404251177,0.016967513533404466,0.04251304762302454,0.06183716012624256,car
0.08359842798889233,0.10168462632587494,0.09346768683450506,0.04040742800104131,0.011885216170189878,0.015871871449021628,0.08404237388852197,0.013734027555748094,0.080115160161029,0.0978549455986472,0.0638812987843292,0.07622467577055578,0.08087096355764088,0.023718304079636765,0.021849589222224457,0.014655212322768401,0.04406333814264376,0.052074854146729355,car
0.05743390031962944,0.040645529508452814,0.11742041824728366,0.0692216440172034,0.0425810309052301,0.019939316452364166,0.06446611205833232,0.07045225101882245,0.04403265695281303,0.03774227741328695,0.06396322791489031,0.04899557030653982,0.046525071487342216,0.03476262394719567,0.024017812963411933,0.09450911716022944,0.05871020921170727,0.0645812301152649,car
0.09795716564779144,0.08665441577835216,0.08292346177052332,0.045748990741398786,0.018568803469586753,0.01912937111809803,0.07657305238717904,0.01609296302199528,0.06571293199247431,0.07563692578657011,0.053953775761347994,0.06807670652052551,0.06163908446353646,0.01926920570147118,0.030722929303217603,0.06868947594521892,0.04506029625881552,0.06759044433189779,car
0.05780260073343523,0.05752470361532342,0.08078314852840202,0.026124756317757417,0.014609448661202406,0.012542073874171283,0.035843279439503425,0.09496141538381199,0.027697079604657768,0.049854743155437954,0.03498578472004598,0.025505224397296394,0.059574850279129295,0.026239338581580098,0.11330623423267225,0.10538400973696646,0.0830912384816083,0.09417007025699838,car
0.09562712456422581,0.013534916243216996,0.07331412887362901,0.059931899268551206,0.04060474837774319,0.009959655395260714,0.049451098748503376,0.07540881826499117,0.029325651655023963,0.015081763793761345,0.05000795322447335,0.03945249533124957,0.008853027037559956,0.027782196314020253,0.023993715022465757,0.094414292742716,0.1524933878671182,0.14076312727549006,bus
0.07898396509353181,0.07486117571355466,0.08109960701220428,0.049297228418127635,0.018537053131461072,0.022034610301593458,0.05343032936995836,0.04448892733384343,0.043253123800396684,0.06487968563571526,0.04234253172312009,0.04263077669722202,0.06365554062616895,0.005122080564440104,0.02949076626883025,0.06962697969712671,0.0908315598380977,0.1254340587746075,car
0.0872229604137288,0.09259052720136532,0.10030640445859276,0.05406408829503436,0.022675231237916562,0.0194664721166976,0.071928402109182,0.019651867088145803,0.06687093634394049,0.07205684568417223,0.05912798583317888,0.0637782414515266,0.09444843834686123,0.0181004039060266,0.04689650084687547,1.1463589067880787e-10,0.04967555274211933,0.06113914181000007,car
0.07725173992949455,0.05315183821820668,0.11790427580702083,0.05345025777041321,0.028203016290082854,0.02234956011990777,0.061936035538168455,0.08460904847540632,0.049355278359579154,0.04230452433641369,0.06130445096725951,0.04710647671669904,0.05711554222155367,0.03376940104521345,0.044868434890292054,0.03370604382035831,0.06580703774696528,0.0658070377469651,car
0.06521103666167602,0.08874874803615347,0.09293966112696432,0.019144926613223125,0.017749749791828077,0.01741484885671335,0.05730964914038194,0.13185528268449387,0.03845779094642301,0.08570593382568234,0.05343608838305478,0.039011140453123365,0.09868414244455748,0.08501195865487318,0.03146546536175458,0.039395785841927294,0.030766232803287837,0.0076915583738819664,bus
0.11800935040677625,0.017398814675887192,0.08167776805951074,0.04642216454395009,0.04225426388974808,0.025605802623860134,0.02365329045846003,0.16802283691188413,0.01884871588002912,0.035543292602005616,0.0214280138116078,0.016814681816664574,0.004267633959130511,0.02083279121201271,0.061686706002402954,0.011033394755264296,0.1432502391954029,0.1432502391954029,van
0.06929482490451942,0.07662408522042319,0.09407734905349699,0.044368356811487535,0.017514076698654027,0.018794587016036864,0.071615975081808,0.014230187336333508,0.06640754053764825,0.07115093628322232,0.05032992548422877,0.0630632759112723,0.05763673330998301,0.015728101782304264,0.06791680282033093,0.0850340457824635,0.043164901384335354,0.07304829458145196,car
0.07650023289923613,0.06445074569241725,0.06749425311997938,0.041710045961380136,0.022097398633233185,0.015808673598194375,0.04380965725635568,0.08139208451609085,0.027928656561671587,0.05984712101207114,0.03968809083287141,0.033152721786467186,0.0822051020068086,0.01763915157437171,0.09140287563917074,0.04495832509465917,0.09495743190751081,0.09495743190751066,car
0.07836425976251638,0.07233623979284037,0.10230889464206265,0.04448626106831115,0.03444582855487703,0.023657135132060702,0.043023515234415964,0.08060323860839602,0.026121420025324485,0.06940834437899776,0.030520817055824833,0.03138328877583301,0.06407140738158651,0.01649773902110491,0.06411621256146405,0.03058117463703598,0.08358854373623568,0.10448567963111237,van
0.06418312280155433,0.0993604111589638,0.10251470992005708,0.021756397097831236,0.01419434460944609,0.031334685047084886,0.05789065979988494,0.08962714641044749,0.04613161956551525,0.11862416430706897,0.04370363959809478,0.04093213248900092,0.07543535263142634,0.04370363959809478,0.008387567344706253,0.03150452073739686,0.036905295689317524,0.07381059119410859,van
0.07539883443435513,0.09466950424878372,0.10100471096501577,0.05471964998219923,0.02581895578558257,0.018998854286869253,0.06800679185372054,0.019179795755202456,0.055941070738233074,0.0815141315959935,0.05358565723817621,0.05889239820533072,0.07529175554609033,0.017665601362308745,0.04576996698798746,0.04911898895453175,0.04848226132138632,0.055941070738233074,car
0.0867529123013337,0.08953345435872097,0.09699457554604347,0.05615156967033857,0.023144702569484015,0.01882374520878588,0.07390062901385479,0.015835849161494615,0.0646630504009793,0.07759566045900496,0.05775917585872498,0.06552699660218347,0.0718091017807509,0.016044215596371512,0.005038679354237569,0.06218467565118344,0.04434037745265328,0.0739006290138548,car
0.08906613368821677,0.08754363567839782,0.09958088556852908,0.052679096099835766,0.020009973957141835,0.019325670606367397,0.07959032499638592,0.013006483111974535,0.0758711509364523,0.08779376035143946,0.05929929430940078,0.07136800709266221,0.0737238542150567,0.017969483203380678,0.031038198177616293,0.008327321545560512,0.04552269060739413,0.06828403585418773,car
0.06979322585891727,0.09973410672175267,0.10290026883598354,0.051225461403940444,0.02035389942925019,0.01630872195716008,0.0710213620583845,0.02469606461448109,0.06174016135098226,0.08467222123548297,0.059790472049061155,0.06159210341038873,0.10251196593518165,0.0178721520577572,0.011225483983026129,0.021082006396285862,0.053508139853982034,0.06997218284798248,car
0.06164554335776274,0.07462355245429232,0.08706081117179985,0.043014449512853964,0.01804085894826903,0.016895898784351684,0.051699977563199995,0.05969884199328328,0.03731177630176972,0.06609514647657287,0.04006106507090296,0.04026450678866,0.05162635708984442,0.003927555533723165,0.054271674552916364,0.04004190626414943,0.11939768383731957,0.13432239429832857,car
0.06337320011182339,0.050964461680280536,0.09569993336701343,0.039347235104399095,0.04368382433524262,0.020001147386477826,0.024249757069141453,0.21201215975251894,0.02208460021163022,0.05300304013689114,0.01952743600728529,0.015252673609439934,0.05000286806867175,0.038357463330188586,0.04818458196672061,0.045246497716616624,0.07950456007282933,0.07950456007282909,car
0.06356541854112985,0.08434642067683867,0.08799101909061768,0.017024799321881542,0.016065985088081006,0.022987494282057926,0.05892611241266578,0.1322766087960058,0.04061123971149065,0.09398601158348678,0.05514578857365892,0.041195574092322614,0.08275497878187318,0.08335991283551507,0.05537896315433544,0.023772433102881015,0.0324889918179261,0.008122248137232047,bus
0.08319060101114556,0.02759688222602922,0.0930117136022812,0.03864366904755108,0.0315392939384373,0.027076186339484807,0.042206996219070814,0.14350378657082563,0.019931081674124777,0.041001082048216564,0.04531698539653697,0.0306852623044944,0.0270761863394848,0.04405818025327688,0.07610049299080698,0.005833487488427152,0.10364162370092221,0.11958648884888355,van
0.08126070422815812,0.08215367899872253,0.09493314015968826,0.035910844024186095,0.010562615964332703,0.01813581223954499,0.07538808191350534,0.015257111901013996,0.07119985514646614,0.07475984789844946,0.05396199550528375,0.06761425093583547,0.07052815840080892,0.018268383965661546,0.07281803367009493,0.04688770952316544,0.04627990588258295,0.06407986964249947,car
0.07655788995881234,0.09175548595786155,0.09624616449785837,0.046135322378401275,0.021222357383702872,0.01929091088409325,0.07499218991348545,0.016228861555443844,0.06626785100112281,0.08763585189954783,0.052615677209257625,0.06606353080311399,0.08073603407899121,0.022421453421409804,0.0722922010818065,0.011083125000713519,0.04165407781432943,0.0568010151600484,car
0.07631085656192586,0.09000767694714133,0.08847976885302336,0.05393473126497269,0.025716479220619728,0.009812157770452962,0.07562736547309001,0.022287615341871906,0.0650055444979385,0.07614935210386889,0.06089993116943782,0.06827920500567584,0.07849726125354607,0.025660083433140322,0.03545756978524422,0.022197015280035082,0.07367295041366223,0.052004435624353064,bus
0.06193140506997433,0.01826182473931555,0.07913457307902169,0.02591743675758429,0.02608832095442062,0.017917262012864397,0.006206633401452165,0.21027186521656005,2.3740371852485397e-10,0.02374037208988908,0.009995946280555468,0.004554508026849356,0.020903472308774502,0.018742399068313247,0.010791078352169806,0.13317769599524862,0.15826914592063973,0.17409606048896328,van
0.05839958573271264,0.09092366265016363,0.10148550223845806,0.030031158200164013,0.007084960825068879,0.018247115917913014,0.07866004328165813,0.01228059868465221,0.07163682514110427,0.09210448943643258,0.05712094217375961,0.07125029550962776,0.07298846334928635,0.019794385972016163,0.03907463194399109,0.07862578368097249,0.03940025387596227,0.060891301386056904,car
0.05504880767241101,0.04427002020120966,0.10870749371456218,0.03417877547419442,0.025297154499350123,0.02606084217539983,0.040624253850656246,0.15127698275969736,0.019183675550973212,0.02959767072510496,0.036348016627450755,0.027050362553015166,0.026060842175399824,0.03937701799388799,0.09417440635034321,0.11229468503470601,0.05371429112835753,0.07673470151328034,car
0.08046040373303275,0.04448531947505704,0.12208748748912525,0.04949720260382702,0.03558825562631037,0.021822987030136264,0.05140525802408223,0.13218494884127427,0.03855394357589261,0.02974161366856255,0.043829746349359905,0.03605764508595648,0.048010571188711375,0.03043732392440439,2.3132366006741362e-10,0.05077836463636567,0.08481867558937543,0.10024025292720294,car
0.07003563738453142,0.08793556453069167,0.093820141443089,0.054004096240569274,0.026266467400231124,0.0156866188009802,0.07539573359639325,0.011877011403123652,0.06928256601592273,0.08759295843552244,0.05852553604537553,0.06890873922143353,0.0712433933530548,0.021878705128765604,0.06613335847446825,0.027882008336801458,0.04156953965112323,0.05196192453792302,car
0.055493741372383956,0.09818123455724494,0.08057803345348784,0.02432119523758774,0.020401295676258025,0.0262714797427476,0.05763699340691799,0.13260842061932107,0.038677456178347856,0.09945631552250701,0.04763434071327655,0.03923396633584831,0.09778828507738427,0.0702301176082104,0.010548397308323763,0.06226127077973998,0.02320647379983472,0.015470982610577921,bus
0.041908071493713124,0.031776449880493524,0.11092334750800537,0.027659850149993295,0.02723695707976533,0.025980745235538654,0.028799571159318835,0.21244826334947747,0.022949658323522037,0.023605362839182718,0.02464068575864706,0.01849181107676369,0.04156919221162429,0.03985993267477281,0.025035990873351642,0.1410564351077807,0.06425904281014899,0.09179863246790022,car
0.029407583756984674,0.08671466961329284,0.1002036181847338,0.03642773470191972,0.03716342996310158,0.025523563290556658,0.060416887524433166,0.11594990100690568,0.03757635696018653,0.08374159523428133,0.05339798084849319,0.043253360495649075,0.09216842240498055,0.05636453532755068,2.2545814040837026e-10,0.04399183250026209,0.04509162830713223,0.052606899654077874,bus
0.06051289679969797,0.06691329932741871,0.08940360265399298,0.032667715655874376,0.013382660004663396,0.019695235396497757,0.03638683997506314,0.09941404463052014,0.02899576314046705,0.0695898312935565,0.030216637370635138,0.025866723971421087,0.07112168292197493,0.011445696081800545,0.10280315978244783,0.021216412100676377,0.10438474685334752,0.11598305203994445,car
0.057629255655016705,0.07137161655569041,0.06995551305786113,0.013891419031573619,0.017478763438301716,0.025008922415438135,0.034652885859034664,0.19692739868322842,0.022091214831231422,0.0719542419947973,0.020928519327750476,0.020978707622864776,0.08002855114619395,0.0872021630261609,0.14459704106162638,0.038794328283676294,0.008836486091549502,0.01767297191800396,van
0.05347589481738241,0.10052439829548804,0.0918188540119709,0.06109445841302097,0.03041074244872483,0.01160326031660831,0.0663205950061977,0.048319290689102914,0.0512477325397308,0.08346059289663725,0.06230645373881231,0.054750275400643596,0.09766077319119122,0.024275241810263616,0.006988327297286957,0.022499004615884086,0.06662205225552709,0.06662205225552709,car
0.0680968204147471,0.04960899591778279,0.11004535183123869,0.05954317410272365,0.02834799774627388,0.02085984744687451,0.07948556197578555,0.05791090948951486,0.061420661568621124,0.03685239701487744,0.06691619442932689,0.06363003787741098,0.05562625955122871,0.029093997682116287,0.008375544918492772,0.06291872648043474,0.0675627277070571,0.07370479384549299,car
0.06883685567085739,0.07307296985299627,0.07623044384986837,0.02673314873608274,0.02319776835138431,0.01593205229235178,0.015177102112031002,0.16887975227237179,2.110996900765902e-10,0.07840845652526172,0.018887867217952485,0.010884036989628917,0.06771122155642106,0.01944339271815404,0.07676352387531431,0.020595091925888976,0.1196231579211676,0.1196231579211674,van
0.08320284807604389,0.06400219086612739,0.09706998939431692,0.0414197585144352,0.014629072326342087,0.009419190495798698,0.08048380075873547,0.038035587782240296,0.06933570675777088,0.05467615736416794,0.07444465355923988,0.06983452479080227,0.055468565439497824,0.03503277823362178,1.664056958192764e-10,0.024352053213129075,0.10539027418528082,0.08320284807604389,bus
0.08429402681246624,0.04474067586066628,0.06193269475114582,0.03555809177184913,0.023435592209813907,0.018290213516777856,0.020274641890373705,0.14402236567363852,0.016156355295772695,0.04431457418764923,0.019387626316151943,0.014412863738014065,0.05974803038202146,0.010204013942442402,0.07931301614864045,0.03310082528068841,0.14217592509056465,0.14863846713132317,car
0.07492883194084725,0.06893452539660896,0.07084937332046284,0.057194584413679465,0.03636106840621539,0.0130065143376313,0.04865966502639136,0.051208504615790136,0.034467262767239014,0.06302585180300269,0.03918383554810016,0.0393439258251115,0.06156416735007702,0.018140664679642707,0.08146807544365259,0.030263938056340235,0.11029524055185301,0.10110397051735427,bus
0.07893953761059178,0.04189867774004649,0.09582382756068998,0.04757055112132624,0.03790832749638123,0.020554068417799148,0.03204016537334402,0.11412401715038833,0.01513007818879187,0.05706200866597464,0.025800764783365217,0.02307609037963973,0.01941217573800813,0.011944798608322173,0.03301107947006473,0.03099820878174133,0.1513007802538701,0.16340484265965477,van
0.0630077366421749,0.07431681755868258,0.10287374278303855,0.05953278303415673,0.027131536637199364,0.01822865344446668,0.07577401005772838,0.012268173146932142,0.07156434283826271,0.06900847345501568,0.06101801864633821,0.06924751159877263,0.06548812505922268,0.019774357967204944,0.05367325715553367,0.04974594566420291,0.04651682288244208,0.060829691428625265,car
0.05992116934225442,0.01870841949891752,0.10133727156968667,0.056642667149764195,0.030289821945494354,0.012236953690598146,0.05086733639808482,0.06948841484160047,0.040534908725158456,0.016213963587347138,0.04864189043776221,0.03907681848907863,0.030592383983285905,0.014933913843251823,0.06632985053798862,0.12259338215761117,0.10268843518845402,0.1189023986136615,car
0.05514080180332841,0.04552650818505239,0.09159499843929148,0.05833527619203632,0.02787337242376413,0.0159526849186241,0.07073399581666837,0.057976614458803054,0.05636615295075574,0.048313845410518946,0.062299432190930155,0.05636615295075573,0.043604005151135196,0.015574858174556377,1.690984583449718e-10,0.11960622680334679,0.07327599878525294,0.10145907517608145,car
0.05910081485194855,0.08713581671516475,0.10226356265299254,0.05985355448653861,0.029875137233923946,0.02137293626090951,0.08070029561973116,0.012945892865557083,0.07551770783491296,0.0792935932209948,0.057234473333885205,0.0718504810210925,0.0662561021709387,0.016395291921263416,0.015446803965429464,0.05525685942179102,0.03775885397409484,0.0717418224488312,car
0.048848801337704466,0.03142720093347501,0.08511533551252198,0.041033768841963573,0.03142720093347503,0.019271396877841754,0.0333785630702553,0.1342390433189949,0.01702306726592587,0.06420128169392461,0.027953668221300482,0.02302400457542802,0.01541711754312876,0.013439263673999726,2.0427680473978845e-10,0.11459430530220692,0.13618453669746916,0.16342144399610753,van
0.059963466627144184,0.04896425089422145,0.06483229509673542,0.023163583140364735,0.027979572030488734,0.01601346584404156,0.005547148437595043,0.18792945759182939,2.121784196221866e-10,0.0515290449775666,0.007817099882469505,0.004833801138822958,0.04804039710776783,0.013959106766269639,0.06751131554651052,0.04657575086095109,0.16267012192252145,0.16267012192252145,van
0.060860729075754995,0.04486528111075064,0.10368864937229776,0.02648814859413528,0.015382382248425577,0.03081313653403952,0.033546327895916536,0.1666424720638324,0.019441621946861675,0.046659892345848684,0.018418378698779398,0.021539638678541015,0.020542091100459493,0.018418378698779426,0.010604521167969741,0.13656553812368746,0.09331978445839802,0.1322030278855222,car
0.07509781755492274,0.08541345180055084,0.06854165890103461,0.012930129739610661,0.010846152825010391,0.018622639579234865,0.06128430680822803,0.14099998376413556,0.041124995439320786,0.08107499076924668,0.050648678536547684,0.04142085871408746,0.09621697013125523,0.08441446406307954,0.022431815806334045,0.08425608795835846,0.016449998323778452,0.008224999285264102,bus
0.07130165280242537,0.09671429312124687,0.09869997305023549,0.03771618728352303,0.014417037576944252,0.016502520984209325,0.07002785421400841,0.018742148817228764,0.06377536724037636,0.08590151502053557,0.050061265737008316,0.060825838441920924,0.0749489490827431,0.01870104761392197,0.06460361876155878,0.05866444931698232,0.04373168042776157,0.05466460050736961,car
0.06357907534913063,0.10586922942620158,0.10752343613329789,0.027796451739315303,0.018905219681709644,0.029213914848304472,0.05284812033077464,0.08356107040478841,0.04300937455654166,0.12042624844864913,0.03893480224643072,0.037336675297194574,0.08331375684139146,0.03621842070635679,0.007819886423765526,0.04615640195052977,0.03440749967964086,0.06308041593597702,van
0.06558223533618986,0.016575730132288476,0.011971360770810836,0.011291763895623348,0.04735922814902484,0.00813149047312574,0.005633581767365143,0.4063421742518885,4.3096897223430864e-10,0.006156700034316216,0.0022682581795706036,0.003617246001280916,0.03252596059959603,0.15877804283308264,0.07835799538266144,0.07358006886121679,0.043096897654400064,0.028731265246589442,car
0.07628681319517508,0.02841452162989365,0.08978199502890043,0.07016773763997908,0.0487106083764646,0.013939199384226114,0.05915049090558309,0.0738777559422125,0.04617359753314323,0.026384912955236567,0.0486037868672721,0.046284325584338544,0.030201598450346447,0.02430189352598324,0.008395199702594176,0.06306637705086841,0.1169731134674315,0.12928607276035115,bus
0.08849768254427186,3.392411151192844e-10,0.04711682188358616,3.392411151192844e-10,0.02236754639106206,0.012801551853176375,0.006651786910207453,0.3198559088802807,3.392411151192844e-10,3.392411151192844e-10,0.01071287765879746,0.0036608756822549718,0.03840465488104689,0.10712877353480461,0.015420051026481316,0.24822520652408336,0.03392411185116974,0.04523214902181251,car
0.059562025163605835,0.007025264667589289,0.0735701310387549,0.03828615772499611,0.020072184425320976,0.010339068669915935,0.031039730848109993,0.11481289405069557,0.015221406566677186,0.010437535988842216,0.026917855682819063,0.021901304332326347,0.012636639444862392,0.007210140048771749,0.07472326788602918,0.12919632753970708,0.17047975168368407,0.17656831423729216,car
0.06885606087482779,0.057705281812783456,0.0671447260326668,0.035670319825658575,0.02015105090025566,0.01887216774906971,0.030507948633186174,0.10478546398117199,0.013892012414834379,0.0476297564460077,0.03070865882046566,0.021187817408456697,0.04403505785889046,0.010967378257333255,0.07577461242923256,0.08538505105765078,0.12780651284950204,0.13892012264800616,car
0.06412439539153778,0.04538034144023395,0.036871527475497365,0.010304706581232538,0.025931623806550372,0.016696540905021356,0.019279230193286034,0.24440555189159624,2.9497221744420147e-10,0.04213888850128669,0.021734795264544957,0.012378930283637743,0.0686413339140631,0.10091154836798853,0.10726262482013639,0.11511110954148987,0.03932962928753253,0.029497222039392257,van
0.12473418061171498,0.05296405220718519,0.08925423596966578,0.03207139123782606,0.022698879648514175,0.02598236535063415,0.028501352818804053,0.1704938056433578,0.019125907888115547,0.0852469029364343,0.035030610046323546,0.01843792559823764,0.03608661845329319,0.03925844226559406,0.04172925330283007,0.05597826654737807,0.07650363086392951,0.04590217861016202,van
0.06880542941582383,0.1115882924962266,0.10257105674961249,0.038008239452485215,0.010144390346817933,0.01990597338383651,0.08964193196586434,0.018839581959624388,0.07692829259517867,0.10361770018448738,0.061773997388122254,0.07922111940035412,0.09040629531785953,0.027763594404346812,1.3187707279423127e-10,0.0128660560142411,0.03516721954367208,0.052750829249569635,car
0.08291298559070769,0.09639773487784727,0.09534993341296816,0.06186146650707284,0.03113467220823562,0.016448506123677,0.07763318576824792,0.01245386894867705,0.07264756834058796,0.08717708198691129,0.058500410316536314,0.06977302427386933,0.07196221392330858,0.02007367027823384,0.03962594641712588,0.0079735136953683,0.03995616263636055,0.058118054694264634,car
0.06740059124809925,0.10521811745692013,0.10385417889965755,0.031856431613389344,0.02605401017416945,0.024087669797430468,0.04529651428575392,0.09379443615282698,0.030396345172801348,0.09900523815118528,0.0412750370641107,0.032583132582184295,0.10437990184760514,0.038395383328175874,0.01657982472260894,1.823780699425396e-10,0.05471342116514008,0.08510976615556323,van
0.07170655701076602,0.03861122307198775,0.11951092825566793,0.04634310239829621,0.01733565125420173,0.016235446981304337,0.0646765024159275,0.04507269303146351,0.04780437138831507,0.032780140425631564,0.05661043977553383,0.051931367467011616,0.04600043285077157,0.016983132033049318,0.03259388962857353,0.118927948118535,0.07648699413525632,0.1003891797577072,car
0.06796896379796484,0.06923645030058898,0.08948102638416922,0.04261439072936913,0.017699543756389043,0.01787634274967961,0.06749779847223444,0.013534945247766819,0.0631630774755149,0.06767472585985565,0.04936693162655719,0.059641395103565496,0.05422490614804743,0.01745295568679957,0.09474461616590009,0.0878120832826448,0.04421415426128385,0.07579569295166896,car
0.05028626316760748,0.024264001217665903,0.10222333778766723,0.029385224137709318,0.0184868581206712,0.01587079332203207,0.03848408023941902,0.1321810342695278,0.01752400093783877,0.021028801083348855,0.03984404396977175,0.02672725311849488,0.0383544168970028,0.0332033700098578,0.038234183615853234,0.18464312982740788,0.09112480399355186,0.09813440428457212,car
0.07501234231680698,0.08562202843520256,0.0943031507513751,0.041801496908738064,0.01957074944248439,0.016801303782412347,0.07347825056181365,0.019081480709204988,0.0649300382569282,0.07632592250289406,0.051553474007379495,0.0640625249004091,0.06510505183683551,0.021968810010202462,0.0657732855055726,0.05701174092209653,0.04452345483973351,0.06307489430991045,car
0.04386192030358933,0.08536204470762328,0.08406868039692843,0.05462628672159166,0.04877831134796965,0.01142065109620215,0.04088045645353065,0.11529419018370347,0.016813736240797583,0.07205886894047646,0.03822912635367079,0.029514759867405004,0.07740663404183998,0.026548004473921753,0.06419790144170795,0.029526561050797904,0.08070593318912196,0.08070593318912196,bus
0.06456255625387343,0.08376577805510999,0.08524648624955397,0.05274018427158827,0.050041893463283194,0.01867847553491355,0.04141005793840911,0.11313819366734619,0.032998639959886875,0.0650544614428706,0.038556305603995485,0.030387236813262067,0.07844959661306301,0.0312618694461029,0.035998516301877316,0.019316277131784045,0.07919673562653996,0.07919673562653996,bus
0.06983803783975646,0.0889629158591461,0.07852899364382364,0.05779783815049738,0.03530274446605919,0.01212282931611597,0.060471524546717594,0.03304336882845552,0.04283399659140474,0.07893693646727985,0.04666651206440127,0.051770585781506735,0.07192878664167827,0.02198060357657049,0.05256899578751898,0.03447614362303346,0.08566799305430749,0.07710119376172685,bus
0.06692219502929007,0.06268277997103261,0.057846145727981,0.03163032089022817,0.023879154386778456,0.017083357356541398,0.022487504332307135,0.12417160205069692,0.015090299019404679,0.062085801115890245,0.022873716314959717,0.016284495330350916,0.06036119553436784,0.014296072764756178,0.12346608158552867,0.013250018673267938,0.12675851042298056,0.13883074949363738,van
0.0675817154768908,0.06438258102776628,0.07639044331770938,0.0323720277598069,0.023650744202305868,0.013535960620572543,0.032822492405888345,0.16397849171711792,0.019927941911806836,0.058075715970920816,0.027689350773794627,0.02236517218832058,0.08572774932157118,0.034611688407459484,0.09782807754134086,0.011665136828016178,0.08768294359889002,0.07971176692982124,car
0.08380755466934806,0.07907994902858256,0.11958096452428203,0.04208676332587157,0.009884993741014618,0.024246210876170238,0.08063053626191742,0.022029414464955113,0.07496120169003688,0.0752671657780431,0.056812700259350174,0.07087801188247139,0.05980731997274603,0.011835979322431007,0.005841132717715198,0.03761119533707844,0.064252458609818,0.08138644753816822,car
0.059606285757065496,0.08923307857290387,0.08788106223408583,0.03315687252009359,0.03940161922789684,0.015918079369828593,0.049626952882823025,0.11449646958967481,0.03515242502018308,0.08135275476950735,0.0444030631278853,0.03489952987767034,0.10081450155070347,0.06382940315406002,0.09587024969073778,0.005144257500075794,0.03515242502018312,0.014060970134621903,bus
0.07725150506555221,0.08954617428725223,0.10381595935151243,0.05832540981750433,0.022891503292464113,0.018496131429647893,0.07288140640864507,0.02450737410445897,0.06126843507734213,0.06827054192931988,0.05417419524046994,0.06347233561528476,0.059341754732851394,0.009673963536453493,1.2253686990961052e-10,0.056785378861136875,0.0694375597379829,0.0898603713895846,car
0.05137667952481795,0.05681075136638928,0.05333898324538533,0.02451049027712843,0.03570961525431346,0.02229554033836395,0.042478104364169836,0.21101136141617413,0.02461799242617108,0.04220227251956754,0.02643194974106877,0.026566178853784744,0.07246050543499703,0.0932892336330143,0.1342799573722621,0.04323159623235175,0.009847197147718185,0.02954159085232196,car
0.11961066836084122,0.07053962502480535,0.07004976651928066,0.029032138382008098,0.022673451056395347,0.02162771537883327,0.026971033239317592,0.17030280866422826,0.019104481944715694,0.0818763504383761,0.033784767894491634,0.017317731856219227,0.06920868870790813,0.057313445375639406,0.05210313218051346,0.039140889597517145,0.06113434171873179,0.03820896366017761,van
0.08303108981152932,0.051096055332503505,0.06688615571379959,0.03553295556019223,0.016423732183846886,0.015666243495395603,0.03147583807087979,0.09963730774062272,0.013838515106973395,0.05456328764736916,0.02796836720453532,0.022500031652723535,0.06266497348339586,0.0043700575158236036,0.08303108981152932,0.03240237661307375,0.14392055555153865,0.15499136750426756,car
0.06257247729676034,0.09367359016261484,0.07687857782467156,0.024171430734226083,0.02189772254532824,0.016710211806119174,0.057885046887395264,0.12019416497713761,0.03690171747097573,0.10121613896307544,0.04428206092088879,0.039025557312677324,0.0946911992014272,0.0699190434311132,0.04025641903911803,0.07020326718399818,0.014760687121236613,0.014760687121236417,bus
0.07543288009402141,0.0889721149567417,0.07228984342946132,0.06250388211142059,0.041308482021654915,0.013639593217198865,0.06236770807663444,0.0413084820216549,0.04819322900116747,0.08055153980487638,0.04870052614702628,0.05252715245949369,0.07001657791735812,0.02473073600519709,1.445796865697633e-10,0.024684336876002688,0.101205780743414,0.0915671349720965,bus
0.08221899723882653,0.09143475296117629,0.09755349273543791,0.05945618318602896,0.02493675088618208,0.018349684642904353,0.07486458087549555,0.012349629064843885,0.06303456457498087,0.08181629194675746,0.05573582553144255,0.06802291140329839,0.06864141262729463,0.014218322920146829,0.06876497952651918,0.010542366290680288,0.05042765168159655,0.05763160190638755,car
0.05197193516559862,0.09705869931796884,0.10699160712931477,0.05335886210727888,0.021892939798640855,0.01754189015436395,0.07031497105952147,0.03035820980275935,0.05534048651031596,0.08158768862078676,0.060117244281847414,0.060197709055679144,0.11276929312847506,0.017475943199395723,0.0181114320381804,0.003239443237841486,0.06198134487561582,0.07969030051641535,car
0.04444366992571381,0.07148282564157177,0.09292767327828669,0.061681250448080524,0.05718626055042849,0.017533523410842394,0.05223385564957491,0.0902725969042172,0.03097589121666581,0.066376909537592,0.04890930181345078,0.03899842414550879,0.0748096992791334,0.04401837165069124,0.042239851591505964,0.054396686874107855,0.055756604041314294,0.05575660404131413,bus
0.0645330444081138,0.06746636460234931,0.1199402036325622,0.06127949275162552,0.028172767714733066,0.01782130395651447,0.06967114775487926,0.0346969875753184,0.056221970524446566,0.05782831253557553,0.056813780739073,0.05808255371719305,0.050918011053737694,0.01597887592984717,1.3493272893483317e-10,0.09214918087091636,0.06296860697118822,0.0854573951269938,car
0.07635562822242158,0.06140487587446684,0.09534812661682242,0.06553428673039757,0.03859735060896444,0.012049258790484137,0.06782630078581996,0.045615050690657466,0.053217559112491646,0.0478958032172077,0.049576357710455266,0.057429020612356566,0.05422166399839423,0.018906238208687552,0.04354163930288454,0.015575871072678708,0.1064351180653306,0.09046985037947883,bus
0.07469386461588876,0.07469386461588876,0.09959181943805574,0.03653149718103889,0.027907597862146354,0.019730454914123847,0.03807922517152551,0.07682797502921734,0.02489795497155475,0.06402331254924576,0.03380880196054081,0.02776390660576101,0.06858681909347042,0.0216219082844275,0.10185526987643459,0.040079634741168775,0.07967345558032227,0.0896326375091889,van
0.0563460990420676,0.08435244402896636,0.10245839788127685,0.044403073052905084,0.028482643570408174,0.018809292991567902,0.052125099179040624,0.10253751633508526,0.03322975079891312,0.06551007995274671,0.04617186419031078,0.038489135785889805,0.06520554854563507,0.03410421791995349,0.08156393348914527,1.9937850359720763e-10,0.07310545151835474,0.07310545151835474,car
0.06573997419129123,0.03420858394051701,0.09635417777596582,0.06291989310723294,0.04300507690805106,0.013425255692276214,0.055806944669080996,0.07115385440415997,0.04447115906930674,0.030494509132002613,0.04493927653132171,0.04457780453427417,0.02685051120666778,0.01638411134840856,0.016171330683856306,0.060741095249095316,0.13044873292605613,0.1423077086304353,bus
0.05679230368639481,0.041866121364495246,0.10582825089431544,0.02661880912151533,0.016746448676420386,0.02053809738405434,0.049801529947874006,0.12440218876816975,0.03628397187825641,0.04043071149660526,0.046978195104524514,0.034978793041545865,0.04929143341694504,0.04583238547313864,0.06926940066057691,0.1327462380002132,0.05079756054247743,0.05079756054247743,car
0.0845585358264156,0.09350222710289148,0.10973525262048496,0.042463893597794004,0.01335746111888697,0.02064105777592386,0.07865187340585533,0.017364699418087194,0.07090585558240133,0.08682349660422442,0.060136695580076956,0.06952126025479996,0.08332871435586532,0.01919256250193291,1.2155289507574015e-10,0.04447057149072612,0.040517631813466355,0.06482821082861429,car
0.06829237111642925,0.037757801426197286,0.10089723570501324,0.04887079619865294,0.03236382982193204,0.01852269513928915,0.047481052200421814,0.1065848790966218,0.032723427928883074,0.030853517772737753,0.045468341887873284,0.0336651093024814,0.0543332386956564,0.031001142258749233,0.05354742739504647,0.1005646805451297,0.07853622675444262,0.07853622675444262,car
0.06362622485302956,0.09906113770597805,0.1040642254629935,0.0557243478596207,0.025730165724580256,0.015462373222716213,0.07192674410616488,0.02006952929092849,0.05853612687415296,0.08195057757698523,0.05730378736347756,0.062466610205563655,0.0817296865326189,0.02002551716554723,0.02660733046119985,0.05425299564802511,0.04292649307226483,0.05853612687415296,car
0.05957284316144401,0.0614822291528889,0.08246425965887806,0.03191092628276426,0.027604266276109093,0.017234910762461596,0.044776973674796314,0.14354218367664448,0.038060427657831276,0.06198412489921157,0.04086488020526579,0.030393578967003027,0.07899334017631644,0.05408587078602859,0.020760233371709125,0.12253601048909103,0.04567251314372504,0.038060427657831325,car
0.0830093033123927,0.024477102370969166,0.08397005913592615,0.053496898224777774,0.026225466814674032,0.018011452730098385,0.050953967835440796,0.06818621346359065,0.0397752912533867,0.02954735925771327,0.0435434767254769,0.03910760051559293,0.008005090190655482,0.006280309279251512,0.014463742375204992,0.10865445388007626,0.14319104809852912,0.1591011645362433,car
0.08232968664611898,0.04855340500988496,0.113965630991168,0.0640841338544934,0.02774480293041937,0.023818651594671135,0.06910133288029408,0.04959383511385824,0.052599522080892185,0.04959383511385824,0.05564475756065019,0.0561944534353482,0.026795983024280202,0.008305187829865966,0.02869064847948598,0.011546236677502038,0.11045899619629514,0.12097890058091382,car
0.07381516631223882,0.06771647736805672,0.08383944814003234,0.04722833547004407,0.017965596128817717,0.018982516657292725,0.04849536711440739,0.04311743053309966,0.04191972413289579,0.06647270533707579,0.03706586135312205,0.038602335902115176,0.04745629145459305,1.257591720214098e-10,0.08574489014035676,0.05521134394003664,0.10479931014360074,0.12156719974645532,car
0.10665313666272974,0.029029848123694038,0.020966001527497904,0.009887896116304489,0.029029848123694038,3.773880207019785e-10,0.017266118971596165,0.3342579615705689,3.773880207019785e-10,0.016173772693187042,0.017876275042218552,0.010860087304063655,0.06645826817396283,0.1539345877689845,0.10292400602338216,0.009204586248167983,0.05031840313765197,0.02515920175751983,van
0.046914636616425746,0.06791139697233613,0.09809423998395733,0.0445493492701097,0.036650595281728496,0.01850834732595619,0.05000882832328633,0.10089693254932215,0.03269808012544478,0.07006731433030906,0.05059597650777451,0.03646188788708577,0.05922671101144514,0.04130283800156484,1.9618847957553772e-10,0.09570169755010932,0.0719357760405524,0.07847539202640363,bus
0.05625324204171898,0.07464372496402367,0.10108004416483672,0.03178062535047839,0.021326778676669673,0.02746325740030853,0.048624125904399955,0.07855363435842963,0.040432017762971534,0.09241604039314169,0.04000641757769528,0.03451750199876085,0.06509809139391878,0.034048014983827826,0.0882153112917138,0.06311339349049835,0.03773654992288864,0.06469122832371767,van
0.0682383088100763,0.04024310526722929,0.08961543327465185,0.03731420387764836,0.02299606022743966,0.019741900785969917,0.030774139363031063,0.10961455309393882,0.014532232569024394,0.05231603679508205,0.02661693108667034,0.021955171418083848,0.015354811761173662,0.0068836892034256445,0.06341337789644169,0.07230671745502257,0.14532232412076268,0.16276100299432772,van
0.06380984038546049,0.08344363738787303,0.0957147605143809,0.061859321250941346,0.02804828155963762,0.016855429629690836,0.06255866704707146,0.03281648940308067,0.0531748670091537,0.07292553185086631,0.05642133256613155,0.052180229211369604,0.08427714763797547,0.013433650708217745,0.04640715667877664,0.018676050934792604,0.07231781908650602,0.08507978713807413,car
0.07478554950312315,0.01764171954520857,0.06370620886997039,0.039058304566216506,0.030242947627970168,0.021636071088423577,0.023983514070519962,0.1703686039082791,0.019111862821530802,0.03603951254604048,0.020520105328323584,0.017049431606546407,2.29342351106261e-10,0.00905298777301055,0.010424652552354214,0.033562295513185424,0.19876337118810197,0.21405286126185266,van
0.10420608370121955,0.06477675478221077,0.10796125788398227,0.05261343403957208,0.019931309253448052,0.017110840981198826,0.06858715211472001,0.02961223082791111,0.05398062900676791,0.05737369710762137,0.05386698557755269,0.05856315721361056,0.04155489934069213,0.010227908758920448,0.06477675478221077,0.022118891962168187,0.07773210571274229,0.09500590695345083,car
0.06332142972956305,0.06401726961441477,0.07513137888635202,0.03270751339820443,0.025149641760554165,0.015702349307729,0.04895438269527154,0.11888921481986502,0.0346760211365004,0.05350014678337013,0.037231096362806804,0.033428682254182246,0.09028850753117514,0.05475161220033655,0.17968483592817638,0.010149079504186153,0.03467602113650045,0.027740816950811622,car
0.05737268240919582,0.08881732556229399,0.09850969242113153,0.0468188647692875,0.02537637884990291,0.01867318448029177,0.05606023542975219,0.06597858474583321,0.04123661552800069,0.07540409682881703,0.051220217142213816,0.0431155020793149,0.08402932958400033,0.028214526465983557,0.052482965172470024,0.04023084442158473,0.06048036936409274,0.06597858474583329,car
0.06372019529262751,0.06631513536539616,0.07663082306208144,0.03990491558548574,0.032210208694722374,0.019519172040540825,0.027046172957005968,0.11330414544499112,0.014368279464231018,0.0665046071802332,0.025409167762149413,0.01964009416842087,0.0628951095252552,0.011343378560691697,0.03134897317273566,0.025232100392186138,0.14368279309053586,0.16092472824070977,van
0.06067104113741032,0.08839853045097318,0.10260543710420963,0.04086295146954745,0.030668878018774343,0.024780181161008774,0.05472289986552386,0.07504854832602721,0.04104217494018508,0.09850121962660797,0.04061015204780596,0.04035321756984427,0.07847057332082893,0.030241602630707087,0.06715992252492278,1.6416869910406552e-10,0.04925060989538847,0.07661205974606596,van
0.08822885454485922,0.05382662219069006,0.108849391398114,0.05683527180750004,0.02460645593457361,0.021124410303258827,0.06677315612184866,0.03998549080621383,0.058312174028251805,0.047982588939466754,0.05303338776046861,0.055207784914773815,0.026405512844086227,0.011048622560890762,0.050890624624286014,0.04096074667612274,0.08863450445016918,0.10729440009442595,car
0.08919523240891364,0.08530105386783576,0.09857010667447152,0.05762477310739484,0.02315314327349056,0.016738320093386116,0.07175323944761516,0.019009949233867538,0.06468663254324086,0.07287147174896672,0.05427840747517859,0.0631575549009551,0.07044043003722343,0.011672775888157442,0.02520258417544312,0.04327468104124364,0.05174930605677097,0.08132033802584501,car
0.062094742872573355,0.06800852789510255,0.09634541446138817,0.04217122695606135,0.03437793724500533,0.025663595516804038,0.040005016464890894,0.0660654271019858,0.03400426401555981,0.07189472948133603,0.030066928197928527,0.028377659200959207,0.07100261402286105,0.017896981125250077,0.0927389016256791,0.06966727247459244,0.06347462604449687,0.0861441352975254,van
0.05881006330055655,0.09537785893059784,0.08140837457479166,0.02067340667760886,0.027250816998341223,0.0170142323100639,0.05304437084221162,0.12238094100556496,0.03757309607898618,0.08695487920079151,0.04746075288255131,0.03757309607898616,0.1077568034280656,0.07415742625217722,0.08197766390590604,0.005498502057665051,0.030058476908276736,0.015029238566857556,bus
0.06080625567351728,0.08802024416979787,0.09888694096518767,0.051078220347915905,0.022354347820513695,0.01679212215624273,0.06481665042434784,0.03269323362869886,0.052975147004665726,0.07810050238086343,0.05219446062962851,0.05472828136176368,0.10075273230175462,0.015056094502858077,0.07512839024435813,1.2714035250606086e-10,0.06357017638017078,0.07204619988057481,car
0.0903103940189083,0.042607980841038916,0.08270090712713113,0.05442285758607276,0.024347417682797644,0.018289274874010043,0.057019503725729316,0.04747746434990324,0.04615864589958585,0.04747746434990324,0.05028862999400091,0.04499637784085284,0.025256617630403985,0.010932310976633546,0.0440605256377172,0.10132385668725374,0.09693315623680673,0.11539661454125062,car
0.07522659957065765,0.07763770852663432,0.09612287718912242,0.04974044088577895,0.02059775951095678,0.013602294065637826,0.08010239768163276,0.02883686325766575,0.07209215792788791,0.0617932782445017,0.06374464492135382,0.07122774356597301,0.08342740286243253,0.028457430848277836,0.05243066035051421,1.441843155674072e-10,0.07689830178013493,0.04806143866665335,bus
0.08798366396652318,0.017295934122783446,0.08119480102349262,0.054002588596133015,0.029650172621309392,0.021211994627976585,0.05143562064027866,0.12205987659028339,0.03747452367037584,0.041757326349864815,0.046152834363024565,0.03720492278227849,0.019797861667767952,0.014792575269134776,0.010220324800900418,0.005484076826631826,0.15739299869606765,0.16488790338517337,car
0.08076060830039476,0.030080874469404016,0.10862537951786418,0.06489061980817157,0.042972677729637615,0.02213498315177579,0.05367371703715175,0.09496961754591303,0.032587613992227246,0.030725464632415694,0.05145412724294917,0.039620911933961375,0.04304024483267866,0.025727063719237424,0.053325186408310035,0.04292027202532772,0.09124531882629004,0.09124531882629004,car
0.06389563010349782,0.10467232844765464,0.10432342068652534,0.059896340307617965,0.02751386927219974,0.018485528283408756,0.08111079257845129,0.012441053991413186,0.07257281442375738,0.099528431169291,0.05958610028319667,0.07413913415717245,0.06709562089055754,0.01862065641333967,1.0885922147234727e-10,0.03451633862448152,0.03991504798205327,0.06168689227652264,car
0.03894349097806917,0.07655558036293916,0.09122873322768563,0.04693625982791267,0.04593334829738129,0.01877778401282999,0.05073683568021391,0.10236574738962362,0.033174084936732205,0.07677431059197881,0.053427736671320454,0.036515359658513685,0.08011854447119587,0.054999140685210925,0.01809495551051052,0.08253065003426753,0.04644371883180728,0.04644371883180728,bus
0.08812033611369888,0.08769668065222279,0.07037387956075616,0.05697518461173423,0.033408259374501495,0.009560225257340889,0.06871802357407186,0.025334596722942925,0.05278040970223539,0.0741941758728921,0.05600279260263812,0.0599949980614849,0.06293814890357001,0.02666799654379924,0.03454717730340473,0.06179169914196554,0.07600378991548289,0.054891626085257904,bus
0.06049554747903945,0.09879746201958783,0.08919215323293941,0.016825768818495856,0.021170884886674023,0.020194449954184547,0.050367333683545346,0.11620463386151393,0.035676861421612485,0.07950843376231831,0.045065509107810174,0.03593352948785384,0.10366484221336116,0.07041485786054398,0.08757047772350528,0.02610502060983041,0.028541489180102297,0.014270744697081637,bus
0.06158672825628979,0.05448056732407119,0.08853092179095201,0.061082470111536294,0.050589098242141944,0.016703947651380745,0.0520770128911149,0.08094255708119,0.029510307381691914,0.04553018843563393,0.04752712651715025,0.04012552580062358,0.04899824610173061,0.03494641660359743,0.0643861249871638,0.051822978682753665,0.08853092179095201,0.08262886035002603,bus
0.08151485440648465,0.08522007505357758,0.08522007505357758,0.04316824770949668,0.03558640506669535,0.028942667111883053,0.05569939551889599,0.07791549720645151,0.04261003761200887,0.09008979361832832,0.040367404062452615,0.04025984370036359,0.06753288970047358,0.03363950341378387,0.061978236449085566,0.01662830746471087,0.04545070677478011,0.06817606007695017,van
0.06954906536439767,0.06954906536439767,0.05795755449351441,0.05466738765243402,0.03515667047276603,0.010497972248577308,0.05000259605271219,0.05166502002074922,0.034774532751747904,0.059613484617926316,0.038801057580581035,0.040528592104920165,0.05423952270474053,0.018302385724703267,0.10748491912365196,0.03392637341973205,0.11127850449957749,0.1020052958028708,bus
0.06901676953665264,0.09337562930720604,0.08559432688050146,0.026911753557712026,0.02257432810598209,0.03171247800124533,0.05980922668220596,0.09070775418947874,0.046687814746978654,0.10671500489584243,0.03931605455325853,0.04232132849314443,0.09043928876882694,0.041773307951165246,1.8675125824090957e-10,0.0409941788249997,0.03735025183493321,0.07470050348311516,van
0.08280636273771937,0.09106978354118925,0.09865893216104261,0.04270787272350184,0.011313016679127423,0.0058272709053953575,0.09352833126117582,0.0029413844127549747,0.08579037580563904,0.07500530000301506,0.07694042125946673,0.09183890589115247,0.10294845094617716,0.031155452331820304,0.0514742255245628,0.025109378357394477,0.024021305299701822,0.006863230159163673,bus
0.09297538356866082,0.03163363652981764,0.07767815168378739,0.057465470592330106,0.034345091075416743,0.012414710285225342,0.0559067666558888,0.06109810925866111,0.04112372743941447,0.030549054711578007,0.05454304897123033,0.0453643036332311,0.02896765711286591,0.025972880548654615,0.014954082809920203,0.08826556114481005,0.1315959274442376,0.11514643653426969,bus
0.059836848151985866,0.07939889458822413,0.0828297110111374,0.016026172016507745,0.015123599154869737,0.021639111899501302,0.05546967079815691,0.13107119091699926,0.038229097513265135,0.08191949440913998,0.04708215162111344,0.03767903855954007,0.07357297990780541,0.07847025254893938,0.10426117463998515,0.03916151452018928,0.030583278056487105,0.007645819686152663,bus
0.07621854041448466,0.06292915392143116,0.09414401190143824,0.042868768684742584,0.030822442856281,0.022050647078481495,0.02749845394600662,0.16695489777251765,0.01947807161326132,0.05342556744614668,0.020913297925436756,0.01905768158348737,0.051451509538140996,0.01537742500704561,0.010624402804386545,0.00570089917408547,0.1324508856145031,0.1480333427181226,car
0.06784086225210628,0.08729173881475767,0.0879989635497592,0.05409673628106033,0.020783747408897386,0.007137060493072284,0.09271181409476957,9.456605028020758e-11,0.08668554618475631,0.07160000959243748,0.07714598848105118,0.09105100534037742,0.0898080101091028,0.03359583374674506,0.03868611157283279,0.07150116006252788,0.012608806798593766,0.009456605122586774,bus
0.1110951902555389,0.024569128862968127,0.05323311216379918,0.02371081869550722,0.035098755381640756,0.0120527803596403,0.020875730454457696,0.2646446134887041,3.193986710664032e-10,0.031939867426038944,0.015129411054123007,0.013786993315070743,0.03816713711349715,0.09666012445791544,0.07259060737994484,0.10127274968191675,0.053233112163799286,0.031939867426038875,car
0.0804301436464382,0.08004346026407849,0.10437766034007641,0.046954169605908654,0.016516904590697417,0.01963330166146705,0.05969835419874729,0.02973042817076068,0.048174304834598995,0.07267437980596626,0.04685585017913216,0.05004582458627162,0.061808542019216164,0.007606469281773169,0.09459681665470762,0.011279837318111363,0.07707888766598742,0.09249466517606117,car
0.07443401236077964,0.04389698171555556,0.10190370733851473,0.05838325947056344,0.026875703154378355,0.021534368471824245,0.060742602087246945,0.06055991757018168,0.04076148303323345,0.04891377960727093,0.04633937016283806,0.04809268498830316,0.02461070680164971,0.004290682570434087,0.014822357570386848,0.03579057048808863,0.1304367453476461,0.15761106726110435,car
0.05120738254453337,0.08362862463256396,0.0780146660467082,0.05222224165082729,0.04579662785694484,0.013675121160664437,0.04026563417629876,0.09836319179780507,0.030199225677522923,0.07247814137238152,0.040053709786850834,0.029764704447359923,0.09116747337765588,0.028609792756663553,0.0823615242620887,0.0353551910061642,0.06643829627311607,0.06039845117385042,bus
0.08847200137906056,0.08049979906746912,0.09689790626123038,0.051791719383274155,0.020444393500707116,0.017551318965174617,0.0638386206353053,0.026577711516035996,0.05813874380324923,0.06810538557815866,0.05140688927107355,0.05465320761098474,0.0672800557037165,0.009179801751062502,0.03699738246253224,0.045376580554889585,0.06976649254064364,0.09302199001543225,car
0.06798988818848607,0.09198631924890255,0.08943114371932114,0.023297845187317347,0.016173418920663617,0.03124063684753374,0.05771690626392866,0.08935813870419024,0.045993159716437595,0.11301176360660077,0.04163591302388827,0.040809278426207726,0.07173775844844626,0.043572467109465746,1.8397263812985983e-10,0.0717942004297716,0.03679452780994463,0.06745663416492133,van
0.08583065904937164,0.05624231224800374,0.10561056398178287,0.05938598733491512,0.02410384818984732,0.022072454706926113,0.0649911163527241,0.041780003421833335,0.0487433373011006,0.05222500424073417,0.0538742148963501,0.0534774024204585,0.04046616684083953,0.009620395637322882,0.039880912363851384,0.03209927095553502,0.09261234074048413,0.11698400931791933,car
0.08997558503995344,0.06702634680597197,0.07866286531085673,0.01997619303285879,0.011968990680002834,0.020550531011367994,0.03844158134926674,0.1493730011856823,0.018152969085455915,0.07779843822192241,0.03439509912490557,0.023768635713568628,0.07124184030208115,0.06305768154746387,0.0693113358942039,0.10094821733533366,0.04356712550012428,0.02178356285897986,van
0.08174017369678772,0.04519288460089358,0.13708508281153775,0.05336312657795852,0.030989406657327967,0.026604113295678213,0.06297466001806099,0.11414431389056662,0.039167166685441526,0.03692904288827357,0.06060603674252363,0.047056955610709696,0.04138417610716443,0.03401359215248907,0.010681954721486229,0.005731780691164732,0.08616776642596784,0.08616776642596784,car
0.08074456670602778,0.030074899462570893,0.09502832774078718,0.06829234787620178,0.04940876327712496,0.014753724364245071,0.05366305575047998,0.08936541516053664,0.03258114106816127,0.03630470002503833,0.05555941936783689,0.041957008945189854,0.022130586448624173,0.030866344180125745,1.9548684523604645e-10,0.019071887535588937,0.14335702003525425,0.1368407918607194,bus
0.0495390245561664,0.07888136973522858,0.09811479007806988,0.04776513809550284,0.04257089805724251,0.02149806738921155,0.05510811748718946,0.12370602097908724,0.03797991887956613,0.07813011859706336,0.05037336601853751,0.04016581347822433,0.07022701962156415,0.044976219683824155,0.02071631949243584,0.011116073979592663,0.06076787007057806,0.06836385380091535,bus
0.06935454233339039,0.0858929331594682,0.09526616989557415,0.04249101442586765,0.022787921159502924,0.015048627234978872,0.05734215430981073,0.06380617895948036,0.039878861909493524,0.06608497105947914,0.056250184101589766,0.04456486724702091,0.0922982462223578,0.029384424606867715,0.08700842579583123,0.015562482793653232,0.058488997392816704,0.058488997392816704,car
0.08045138306676414,0.08626488626395112,0.0903385058877864,0.043094772932086245,0.01355591079314256,0.01904338063999603,0.07696181030640332,0.016020621826051313,0.06541753877726449,0.0768989843388978,0.057842876405513714,0.0684430158994951,0.05783545208561981,0.017707003059094152,0.056072176110818744,0.06564547445205585,0.04485774091108391,0.0635484662439753,car
0.09109363022926094,0.07367572732919547,0.10475767474569166,0.05018957848076104,0.019734569907974595,0.01807140490695214,0.0735553421540166,0.020523952699504654,0.05986152847741939,0.06328218724071634,0.061121771179686674,0.0647423245545457,0.07981537126331818,0.02047894403156654,0.032651742860284695,0.046721192984266545,0.051879991363059916,0.06784306559177888,car
0.07047208255248495,0.08131394138502968,0.08417498746584008,0.04492979940769069,0.018586043853877996,0.015955943328462834,0.054351017948537715,0.05235068993237447,0.04698138841530471,0.06845859448358377,0.04821774073831419,0.042925441226151266,0.07712039221395108,0.014836228017058015,0.09609829433849978,1.4094416482308158e-10,0.08926463786222921,0.09396277668966525,car
0.06475942298533176,0.05728718188882576,0.07861074398089185,0.03772448489293693,0.027825202708316517,0.016861887604458253,0.024337691737784193,0.0936236228781205,0.012412222859253832,0.05745085955093967,0.020382176389029966,0.01732353400361994,0.046838576414256615,0.007839298702824855,0.11509515618997648,0.04359414820465955,0.1340520054202638,0.14398178358850947,van
0.07345163601443408,0.09496557670249219,0.11551368391409428,0.04142603192371976,0.01142443039431853,0.01961553133858068,0.08323780168029006,0.02227763914546587,0.0758058551132957,0.08911055619200482,0.060872671650411624,0.0737023010695647,0.08663526296805894,0.023938691177324306,0.01772084934683822,0.006339165703472849,0.047649394690911284,0.05631292097472186,car
0.08483950748193489,0.08519227050636922,0.09082667992441769,0.04467766821756854,0.019704334756022845,0.017911043478170647,0.06962804307863057,0.015068020720600084,0.061527750950565605,0.07986050936563303,0.05107265945358048,0.06133804565505143,0.07429766150332001,0.01942981616182018,0.08150429343273749,0.04116142227361961,0.042190457827823234,0.05976981521213444,car
0.02576418779633654,0.05064754853228338,0.05486817756566669,0.08395549957652058,0.08393022319553466,0.13168362597324298,0.023238287044899972,0.08277256494637808,0.010973635618480259,0.05079225581342792,0.07000024334219675,0.016578873888714474,0.052176531125509025,0.06930717162724118,0.023942477557421692,0.02890616190178202,0.06145235885774468,0.07901017563661919,van
0.09159982067902132,0.017059076096398146,0.05544199681431603,0.0309894131643276,0.02680711945332969,0.016737206740273063,0.014494639853806692,0.18375061749992724,2.2176798637019226e-10,0.044353597495806425,0.014006399360938017,0.010104536771009353,0.009763370690895945,0.014589999325070104,0.06048217832272951,0.09195257993623795,0.1552375906809026,0.1626298568932423,van
0.07500118135857396,0.10110049349577963,0.0958348428014311,0.023674733591804557,0.016248293735420832,0.024798234377672965,0.05046764838776968,0.0797971752580725,0.04107207558020666,0.09857298116249232,0.03977506267233554,0.036048872112072756,0.07956100159889742,0.036748699220636304,0.0746765009205035,0.028049222399549618,0.03833393721914544,0.0602390441076353,van
0.07068347050535594,0.051159015406588466,0.11494988628483997,0.0600206206697569,0.029233723152818858,0.01951979213332904,0.06375371850951642,0.046449137811334265,0.04926423706367014,0.04856046225058615,0.053672089840353876,0.05139075088737705,0.03718055631071905,0.015557127594911891,0.006717850636321448,0.10453630774977649,0.0837492029047844,0.09360205028795984,car
0.07206345346480149,0.09232532629013929,0.0920810793954942,0.04841848059163083,0.01758577652875169,0.008626984770449956,0.08442322087515212,0.009797789830926416,0.07620503124356547,0.07674935289448877,0.06978776546425955,0.07976857586471783,0.08770767745175537,0.03008093345480411,0.04676217830726129,0.0390318453268543,0.04572301879186236,0.02286150945308495,bus
0.07107013926473527,0.09779737107944232,0.10426545116928092,0.05393192521602328,0.023950376682313444,0.01827659774852078,0.06805942167816079,0.02421649197743823,0.0605412297619719,0.0795684733633943,0.05990395366048884,0.05850867049345283,0.09975976217084996,0.020711473419281475,0.02201499271776953,0.03248553797716948,0.044396901857734775,0.0605412297619719,car
0.0919742229092061,0.06102135947464109,0.11017745450048598,0.05253876876546805,0.020340453246355663,0.019956671112126553,0.07431577327473436,0.02644258918059847,0.06610647275317677,0.05855144731078091,0.05845203908127569,0.06372854208335793,0.06402765285943576,0.01391715226294217,0.048077434765641185,0.016123530039765098,0.07051357092790779,0.08373486545210052,car
0.07791634958655035,0.08108941359256938,0.09955977999797647,0.04925562200962148,0.018534723188194102,0.017900870629938722,0.07372246687706983,0.015059462610173241,0.07027749179428226,0.07529731262920128,0.054372585780486274,0.06572715060579455,0.059006573315879246,0.013870557675587165,0.047916471711461274,0.05399368274442308,0.049194244287622486,0.07730524096316889,car
0.07316409803612732,0.06780409086573447,0.06677675615807581,0.057387186100741616,0.04402863048849165,0.018143118770990382,0.0429466197039548,0.07326364102643464,0.026710702559388864,0.05952670836402767,0.03458333063492033,0.03401290897066033,0.06954862150138119,0.016869917464974512,0.0509931592858658,0.007817766716105573,0.12286923119623754,0.13355351215588734,bus
0.062447176306115154,0.07774762403596197,0.10195850692631069,0.056215588449859376,0.02455188134730848,0.016059092238815183,0.0764906105083769,0.012159027006655136,0.07092765702459614,0.07143428314544048,0.06215502577418662,0.0697795474701648,0.06557462631378826,0.01959843162326383,0.03385183636280736,0.0726575998762597,0.042556594257314326,0.06383489133277565,car
0.08562396579223434,0.05049618502172286,0.10940840068893479,0.057331913102884074,0.02164122224594556,0.021675249324690588,0.06757577695885572,0.0562671775768783,0.054704200426523734,0.051578246125814506,0.05355253305257822,0.05411386733016675,0.03922187959753942,0.008637505468703819,0.00745966383625957,0.020013731967433737,0.10940840068893486,0.13129008079389923,car
0.0748176099178184,0.0748176099178184,0.07066107604180821,0.06403603296432477,0.044397263088996684,0.008469918236599353,0.04987840666175734,0.05557879597742845,0.037408805033726816,0.06626702594431176,0.04331545843647812,0.04018979532487031,0.07717036494197509,0.02165772929305667,0.04761120636575179,0.0291971161567311,0.09975681317387951,0.0947689725226673,bus
0.07302673124711075,0.07918779541266271,0.1053521839196392,0.03217743566294816,0.007144763594464545,0.016356565573401472,0.07578274745496147,0.012384256817606226,0.07224149757895215,0.07430554036382617,0.059884399327403894,0.068473505804407,0.07428606826208208,0.021387285543734258,0.04925556656558266,0.0740034853221373,0.04334489859071624,0.06140527295836365,car
0.07613006214499476,0.08689783766813516,0.09570831286470077,0.046864117746431136,0.022345158341438947,0.01918310764873068,0.07457311168808844,0.01613816994464123,0.06589752692563625,0.08069084927133743,0.051132517158587076,0.06542344399892637,0.07957437211317132,0.019323335042997956,0.06161846674299538,0.03306356757298232,0.041421302680930645,0.06401474044527422,car
0.07016091753455254,0.03448079289662503,0.08965006124434488,0.05324195784238349,0.027584634353160054,0.020298127212895162,0.06445429244828657,0.07172004903133593,0.04482503071182251,0.04098288523760627,0.062283200498173305,0.049662264222526356,0.040596254246490195,0.028310545778787933,1.7930012213008955e-10,0.1224488640730198,0.07769671976900563,0.10160340271968414,car
0.07428837764920668,0.08625309230147099,0.10085679045083504,0.06062288461875113,0.026990763650703464,0.020148970430794194,0.07189099945237215,0.015255649066393057,0.0622939000251706,0.07627824490480713,0.05395682169022935,0.06440664277677036,0.07992424905867465,0.012646130165408243,0.019416280600830386,0.057301705955056424,0.04627546861758692,0.07119302858493934,car
0.0683253853314215,0.06907621374001226,0.0935407060532602,0.0385600116662563,0.034538106944838685,0.022590963084872996,0.044019155869004,0.07697063815033764,0.03741628251110316,0.08124678470593057,0.03150844845403399,0.0310456445071173,0.06306643834378708,0.027569892415987892,0.11565032744865539,0.040154059269257164,0.054877214279774315,0.06984372722434948,van
0.09465477764813741,0.0680331214728674,0.1133885356974015,0.0540699917661877,0.02093326823969737,0.01797101331937221,0.07203506978679687,0.0311008556043182,0.05669426791673389,0.06220171107257016,0.055142635324841933,0.06085456670351669,0.04449965182806197,0.010742071926087482,0.030924146198248594,0.029868199747344802,0.08163974574022771,0.09524637000758789,car
0.07822823092011072,0.07908788180745968,0.10709817322024602,0.04190391416777826,0.03012871698511046,0.025865219322786858,0.051519121324286675,0.08323058036935074,0.04283926939091266,0.09547037157493808,0.03968269165894539,0.03759993430650658,0.057119025797431174,0.02029228559114655,0.007788958211276273,0.025076645568170103,0.07425473348525347,0.1028142462982904,van
0.09362151507322793,0.036808459062868254,0.1196274914159982,0.035522574038462575,0.02103340528131973,0.02708546993964967,0.03127516133121399,0.17089641620603097,0.019937915435378886,0.058104781667958835,0.033999392468434635,0.020655106629484023,0.022571224989583884,0.03148091896997687,2.3925498235348645e-10,0.07002584873295835,0.1196274914159982,0.08772682710220013,van
0.0783531389303268,0.07170247462848763,0.11220109448734322,0.05969987700405768,0.0232179442494549,0.0187598928247551,0.0722960898858209,0.024856857952408114,0.06214214469459386,0.060366654849727856,0.05494673848118959,0.06199312276516866,0.05393469163813787,0.008176598094061863,1.2428428914061915e-10,0.07578310325880815,0.0662849543326146,0.09528462179875896,car
0.07884359485805391,0.06671381105799751,0.0613227960357502,0.05921876997630325,0.039855004072158286,0.014876150101152612,0.04431731482586717,0.06758022418657297,0.026281198391142777,0.060822201783684346,0.04066669637156055,0.035545793451857315,0.05652936994285578,0.016598651673553868,0.03583799774876298,0.0269222032261051,0.13666223097165625,0.13140599132496503,bus
0.06317916973421898,0.02794463290212407,0.10763858530268604,0.024324440315902255,0.023952542522133066,0.02284781310880222,0.023743805770238113,0.19374945335108537,0.020182234941030455,0.02421868188079911,0.01784534460748011,0.014229201684536983,0.021324625584361184,0.0350533552454415,0.03302547520393089,0.17720986589056967,0.06458315127848634,0.10494762067617362,car
0.08285227230914571,0.073292394749672,0.09880900621088458,0.07100934199141244,0.033505094811671875,0.019175871927678424,0.07722048387323792,0.021778311672050757,0.06352007546665443,0.0635200754666544,0.06418870783865036,0.06839451769895097,0.07031153006271383,0.020058971286918338,0.011549104734242747,0.04647810403407499,0.05081606039873163,0.06352007546665443,car
0.06261733721588049,0.08704497971601041,0.09572749662186646,0.04312510314264807,0.015826360032532995,0.017468718138441277,0.07597687179134509,0.01175672462204856,0.06858089313140515,0.08817543399670053,0.05305995418284224,0.0673474238323308,0.06146400800580261,0.020303553960003058,0.03740775993661707,0.0878169972735549,0.037719491268565,0.0685808931314052,car
0.07633514965848226,0.08553451383398854,0.10241632575180593,0.03373413607160281,0.006431166561930039,0.011042191560147898,0.09486180686744931,0.006688413219725338,0.08778542208969754,0.07022833769516747,0.07638871818447626,0.08869766068733499,0.10379659968219351,0.03542218793057281,0.015960985930256376,0.06566064094211901,0.027311020286316223,0.011704723046733896,bus
0.050095780023488044,0.08863099527845279,0.08801550225701933,0.05283026582214819,0.0464257595230152,0.021739678232098856,0.038908813939121885,0.1097336131561716,0.016002818749303944,0.08230020991513717,0.04346028637914627,0.028321535192670104,0.08091991289672032,0.03032113009001925,0.01745762043632847,1.9203382268724112e-10,0.08961578411274637,0.11522029380437843,van
0.09186192839749192,0.09513655623537957,0.08875007445797878,0.03465491010613858,0.005662890349035735,0.007778460667341928,0.09767560375742937,1.0306460247667456e-10,0.09447588570668293,0.07508992476464176,0.08516390846536936,0.09688566957754044,0.09852716725057738,0.03525894305561117,0.009369509419125926,0.05278918673745889,0.02061292059839953,0.010306460350732021,bus
0.09739274353831191,0.08041144471704115,0.062223141812886004,0.01304240550689082,0.0196925989317413,0.028176517210768415,0.039041971444845155,0.23040340430559267,0.0248892569043571,0.08960132407914055,0.018863436884033077,0.023277722303988897,0.09204328887818902,0.11003671371328276,2.9867107926823174e-10,0.05099262358836919,2.9867107926823174e-10,0.019911405583219792,van
0.0586874467223897,0.03194819594349066,0.10671584846414231,0.03627306086842801,0.015974098075576967,0.019590874951331026,0.057005604363747464,0.10086501817363264,0.034610545588142985,0.02669956378689046,0.05355526516482658,0.04183145073946607,0.04701809959246587,0.03278893793653876,0.13214935529676755,0.06584445239491733,0.06922109096862279,0.06922109096862261,car
0.07719114795689763,0.08476693700165859,0.10883656105378207,0.0604185495040862,0.0269101388142562,0.018481680280593365,0.07362473251717178,0.020989908302056878,0.06122056564632041,0.0769629967810322,0.05799843061874783,0.06415680380094291,0.06622602068915331,0.014499607746517793,0.016696517992590025,0.056741012071402426,0.048976452541544604,0.06530193668124568,car
0.0835339747844485,0.08313236913702365,0.0883922875470463,0.0293645632662882,0.005278245771949516,0.011328310363479107,0.08240790404755137,0.013723438814940606,0.0700467184584307,0.08062520245238568,0.06952005140325511,0.07472609840909131,0.07476684772651361,0.0347600257616676,0.049123672721001294,0.0732195663274152,0.04803203555209197,0.028018687455420334,bus
0.07363419618628805,0.08202555756074244,0.10105763134474799,0.054782031805840826,0.022057292881159523,0.009467988997005045,0.08691366267511007,0.014337240416661476,0.07317966411183847,0.06810189150870136,0.0673472999144271,0.08047506740750093,0.08205590367892052,0.029712044149999197,0.04561849196112105,0.021418438365369177,0.05436203622962453,0.03345356080494232,bus
0.08330245253000933,0.07048669062794713,0.10412806562086044,0.04510700493980206,0.03478563961505951,0.025147910314047752,0.04682360084145967,0.08092238246248347,0.02776748428773973,0.07616224232743181,0.03244411319235189,0.03415999861778513,0.05239147964044417,0.017537358558900575,0.022718850811169748,0.04063534278289975,0.08885594935423642,0.11662343347537114,van
0.08979669428574416,0.08384862266330585,0.10199130707439903,0.047599654836633386,0.01639146016182825,0.021649098290139498,0.07724341641507006,0.01639146016182824,0.06693179530701633,0.07212242432192749,0.05435063079718999,0.06975214844461479,0.07432857051694441,0.0120779180441735,0.0573701102795483,0.019589793829552737,0.04972076225757392,0.06884413231250988,car
0.05691523142585416,0.043155505192286725,0.08830895024410702,0.04981414206355261,0.039045457096545846,0.014113750251626922,0.040334883950111616,0.10151818815180766,0.031167864913042444,0.04274450038271264,0.042322679657097136,0.03004671869987569,0.03528437534855651,0.02706683008066937,0.025500980417399656,0.09578416983287158,0.11843788614594117,0.11843788614594117,bus
0.0817362098509821,0.06805186706228028,0.11672785515001986,0.039597865970418054,0.019443390747200487,0.02086495939415093,0.03758420118897208,0.13902024248229675,0.01843071415730302,0.06319101943077227,0.03608539803296858,0.026519013078915934,0.06815886685291093,0.023280902035233093,2.2116856723361302e-10,0.005394355519549373,0.117956569412429,0.11795656941242881,car
0.0764376447419769,0.08114149979436651,0.11915779500249886,0.06080297542701456,0.027819942879063975,0.018575789998478306,0.07813625906645091,0.028129053353935292,0.07032263317387034,0.06831341508720676,0.06366048899177534,0.06745576324206022,0.057496492557747525,0.016655360595882775,0.012785933419413463,0.017151861856066018,0.06094628210277371,0.07501080870941866,car
0.07103157852258071,0.07103157852258071,0.09470877131608654,0.04342541923932281,0.03278380554845587,0.0214434955022194,0.03992624681346517,0.06900210485456591,0.02367719293556902,0.06088421018250679,0.03215113561956057,0.028957717947070312,0.06522396519587172,0.01869252076851514,0.09040382717181278,0.0519743257863443,0.0852378941986843,0.09944420987478776,van
0.059062004538002116,0.08707859632683693,0.09119064114269068,0.0365806157061494,0.037319398555161164,0.021358901156699136,0.05919067992865917,0.1164365230121256,0.03773405853659182,0.08732739231569525,0.05719688861237271,0.04262048335373837,0.09967487123444665,0.07447511531230062,0.010291107038273656,0.022088229481148226,0.03773405853659187,0.02264043521251674,bus
0.07900246990845242,0.06988680032692657,0.07290660033232917,0.03350226052384136,0.024404914531271242,0.026665404023186,0.029030682606773873,0.13844242330671927,0.016824600231995376,0.06922121175430722,0.035066008685682874,0.020334768583598978,0.06983796259099015,0.026565158144158583,0.05506232757313205,0.02462136609960273,0.10094760038249607,0.10767744039453611,van
0.03368992459228402,0.08515035852145036,0.08609647361367324,0.01836868013415484,0.014597204501401118,0.020885937162914946,0.0549859832282267,0.12650910398147922,0.03689848881808337,0.09171910044745497,0.045443401966791065,0.03796031582806011,0.09329051856019817,0.06408684883669881,0.07044256936053102,0.07559690368778517,0.0221390933794065,0.022139093379406307,bus
0.07284227689865455,0.0837686184083221,0.10471077296851833,0.047554237596803765,0.03498030229006279,0.0221275597028389,0.042705570251074625,0.08616200750091595,0.02792287291446554,0.069408283852759,0.03438922239270155,0.031137016540011227,0.07375853195187611,0.017635498744544578,1.6753723648156975e-10,0.016345096409641602,0.10610691660586481,0.12844521480340737,van
0.05961718731929821,0.09492890588105014,0.09522189633087709,0.06287140059343457,0.03314977674611118,0.01552296585625284,0.06363063194659517,0.03917700885683691,0.05713313785337409,0.07443631670458259,0.058456221042592585,0.05294063422239713,0.10434882524907121,0.019846247975397423,0.037396235733213413,0.003344378930266138,0.05941846336202429,0.06855976539662498,car
0.07967343355261522,0.04290107967879905,0.08409973540779678,0.04592529801048846,0.019261709331345814,0.015032723441095614,0.06457193310552513,0.05463321162901658,0.0531156224215258,0.047804060195307856,0.056190737394599274,0.05177817869549969,0.0511112593172926,0.018870023857752518,0.021729118357510964,0.1127087595937265,0.07967343355261522,0.10091968245748685,car
0.08134617010694908,0.035980036951977074,0.047640234011285025,0.014978589073228648,0.030840031717669966,0.017650584323976114,0.01426659436086254,0.27618961490193195,3.1182698421463467e-10,0.026728027530224213,0.014770752195678076,0.00859954544004832,0.03530116833612524,0.09026570626869489,0.18426140007502018,0.03802768131361169,0.05197116434759952,0.031182698733290336,van
0.09486496044816986,0.01864866756837907,0.07407665124957445,0.06704833858184095,0.046177652787878,0.012197870666670597,0.05281757669492137,0.06464871383838047,0.04040544620959597,0.020779943843437076,0.050187817358052875,0.04205267062881793,0.01626382750168686,0.027645831668130432,0.04407866857759362,0.07489790015298857,0.12929742751513928,0.1239100347087426,bus
0.07531352710480976,0.022207835051235338,0.0855412900188315,0.04874732911098516,0.027495414779513352,0.02178881929918316,0.047802485683671084,0.09898349270583147,0.03207798387735426,0.04124312207303604,0.03646760269739131,0.03461652934882007,0.014525879596944735,0.010129889777168843,0.01749708220240591,0.10327545986088249,0.12831193493201334,0.15397432187992233,car
0.07508573763877052,0.05904177664584644,0.06396192468367648,0.03686888243169527,0.029520888418866107,0.021722917943814698,0.021320641689149333,0.13706126696000873,0.01599048131483348,0.06578940824058478,0.03130767902207806,0.014955126421980722,0.05310046580771202,0.02272331547186404,0.05233248386698727,0.05616168998955568,0.11513146427710916,0.12792384917546726,van
0.07128374893308181,0.05820803171943529,0.06305870100836869,0.023130702713000075,0.02217448843021596,0.014277441932868893,0.008242967671337273,0.2234079686453949,2.522348030245356e-10,0.05765366951498576,0.013275516200894557,0.0060487964878351745,0.06186891420164919,0.03318879012388422,0.08025652848731432,0.036912410450947335,0.11770957499701813,0.10930174822953363,van
0.06347934090425765,0.10209963913588668,0.1013906138650314,0.05680128401483529,0.026254193019255644,0.02003464627674527,0.07026857521137295,0.03033817857938193,0.05530397125943966,0.07963771855519207,0.06287188309783157,0.05968054451407138,0.1068514462341468,0.020957294454430196,0.01809948159238011,0.006474611386588276,0.05309181241437129,0.06636476548478167,car
0.0703980869261629,0.06919470082793629,0.07995832092874097,0.029853434345955887,0.01779292320368538,0.016972285244517372,0.04350673352853688,0.09766337766598292,0.029984370460719265,0.056541955566582223,0.03598124451688185,0.03084723003714552,0.06336319775445451,0.030773432836530116,0.10630822208460697,0.10092300258849643,0.0599687407415324,0.05996874074153224,car
0.0380449236878017,0.1009653740404503,0.08507267630925806,0.031524123486229835,0.03125118735404395,0.02063757662885259,0.05719171523758167,0.11875451133284363,0.03645971854325822,0.10312891776520085,0.04260030268212133,0.03908271986156754,0.0963086901325316,0.06332477415078443,0.029830678847894584,0.06936239117756299,0.021875831213458364,0.014583887548558215,bus
0.0763938863246161,0.10941395433398865,0.1022627154995671,0.024845090196447216,0.0183889000272801,0.025258715446654343,0.04812363091191692,0.08606005151186344,0.04183474734870505,0.12430896322054096,0.03610999247125495,0.03350792716632283,0.08209082482511389,0.03963291854968577,0.03803158851403541,0.024488632663748393,0.03346779791243187,0.05577966307582702,van
0.09460147280758753,0.05907241293244463,0.09243738683125684,0.05197856423321978,0.021097290415295372,0.019319279787308654,0.06357684528136819,0.03291177297618626,0.053329261687567145,0.05485295487498362,0.04850156011480543,0.052485201432667355,0.040248499418236945,0.008420409847923421,0.06981285162416362,0.06243425756359246,0.08106047769854717,0.09385950047284558,car
0.09988934188858493,0.07574027024966173,0.09116884379675154,0.04634084467362714,0.01562894474151958,0.020642002453708036,0.06006417947989133,0.025006311520789748,0.05470130632181197,0.06876735649071722,0.04433684830261863,0.05102831693584684,0.05160500597016616,0.0043185242840665106,0.10940261253422136,0.0026683565100079475,0.08022858255426968,0.09846235129173951,car
0.07894285798186018,0.09037349802070181,0.08603739585318981,0.04477416665396359,0.039905181063494735,0.020151895093407552,0.03211132029004551,0.14037234226202783,0.017800840690764545,0.08239246185072482,0.039349226531530404,0.02253919391130202,0.07120336212222779,0.04497054457694759,0.02912864826713551,0.01042000439535902,0.07832369831308968,0.07120336212222773,van
0.07638320705662387,0.08853968561399216,0.09760076453869725,0.06401881201737915,0.03195417232909917,0.018288237045200464,0.08077304653567353,0.017308510067126838,0.0706764157338593,0.07961914587260906,0.062492830768178256,0.07234708126221703,0.06858088858631294,0.019130458482491817,1.2115956962177094e-10,0.04728178338819214,0.04442517564914231,0.060579784932045036,car
0.07123869749669831,0.08402513036111527,0.10012994699272607,0.03243590191825635,0.009602872138019252,0.016487950196394534,0.07139390163044008,0.0187256005653665,0.06371905721691032,0.07802333534312363,0.05174179084328669,0.06234382576854315,0.07831776302325154,0.020121807616920343,0.0794419414382853,0.06394107483749455,0.040051978862630094,0.05825742375053791,car
0.05438028609502345,0.0874647956788172,0.09475352863310126,0.01886795173526694,0.0174929593176902,0.02574435511499292,0.057966864663832295,0.12345031152168245,0.0379014115896856,0.09096338749687358,0.05146612723513211,0.04035545980738697,0.09582621008675059,0.0658287673303108,0.010336748780756772,0.06655857627823658,0.03790141158968565,0.022740847044774654,bus
0.08780007192695786,0.031067717863157228,0.08526362540929054,0.06137570098341304,0.03195536694034594,0.018288920770798908,0.06018608857172045,0.06000507777950941,0.04038803317363877,0.04154197697398409,0.05696838356807431,0.04765206788804284,0.03251363680021306,0.017005487745588604,0.0660895087267848,0.07880591823391629,0.08616113725400372,0.09693127939055998,car
0.0628600937234901,0.044485604845279844,0.0803212308153565,0.05219126271085274,0.040248880592659984,0.01818593920165825,0.045357871603172194,0.09913934770407654,0.03212849244180519,0.04406193242001786,0.03753960692585303,0.03420875452987213,0.04122146194624881,0.02536459933674533,0.04381158053236307,0.061122497642153134,0.10923687383948742,0.1285139691889079,bus
0.05561303027453014,0.07106109420019902,0.12040907618497458,0.058958986478517814,0.028112081307954777,0.01877085517633116,0.07802786812746146,0.032485071711528736,0.07106109420019902,0.05684887538858368,0.06657302510179418,0.06646001616766167,0.08044652171730352,0.026180403216150498,0.03230049744124802,0.02773115879893266,0.04737406284750683,0.061586281659122145,car
0.07489011251185411,0.022082982029472602,0.11429987840889062,0.04847327036872921,0.029443975975501573,0.021666321994791758,0.03752663599467059,0.11483150574943715,0.031897640624177895,0.02734083484806472,0.03324069916871649,0.026160654934826798,0.03370316744112837,0.010072939275425423,1.9138584259675225e-10,0.14470636898405217,0.1084519776628789,0.12121103383599567,car
0.03314441846652472,0.09214876743677092,0.08470240240897577,0.015217899051902784,0.014360847057125353,0.024657303281542878,0.05551922182210221,0.11823763919486736,0.03630102972830745,0.08712247104300923,0.04585393223107092,0.03891261458517802,0.1109578640046213,0.06018328598521615,0.03960112332017118,0.08499753273019937,0.02904082382620727,0.02904082382620727,bus
0.06956374030382678,0.0769214435910908,0.12036781443297391,0.06288076089880093,0.024907896110129075,0.02264102877372787,0.07755826599880208,0.02666610053202073,0.06666525113005609,0.07047469404415471,0.05754263783576732,0.0668251198374823,0.04444350079781422,0.008771743685531234,0.012120954860007882,0.02276374437611485,0.07555395126295292,0.09333135152874635,car
0.055828225044939006,0.0987730134370743,0.09949503838811166,0.05902317517192917,0.02970616954927172,0.017851726471754776,0.06802324493407133,0.03475621834967019,0.056317946316077394,0.08302874364759671,0.059756305135543725,0.05704724346086621,0.11136076918723514,0.02311999909364368,0.01228755202918074,0.016483301456406283,0.05406522846884086,0.06307609985778712,car
0.06433834008658462,0.07317602413537405,0.08808225123099894,0.03230964687360933,0.0278765807538647,0.019943151385646812,0.051122247861989656,0.1147585901112211,0.03523290061923803,0.07247910962181238,0.05229304186935032,0.036246797033852134,0.06248854055737887,0.052849350823158316,0.05765383724240933,0.04640430806562651,0.06341922094551067,0.04932606078237428,bus
0.10301253840281831,0.03471484825604872,0.10028733898014185,0.041384950061016855,0.032235216253877166,0.029802369761180503,0.030971090135123003,0.1547290371611536,0.01880387624211442,0.05479986747363861,0.03681601011052044,0.02110363086283348,0.0269640488530344,0.0296903307779642,0.02051331951633874,0.03852501450328802,0.12034480673104109,0.10530170591786664,van
0.09361768652853077,0.03450651918631254,0.08722481211348823,0.06581854822399544,0.04140782298768827,0.013542181223642879,0.06919346443636441,0.05639351124210415,0.044858474888376146,0.028196755710769,0.06516283712505525,0.05722951707429547,0.03159842261592151,0.035414585475967236,0.01631217280086744,0.02625861952125375,0.1256037293644722,0.1076603394808952,bus
0.06854567933449554,0.06327293478084905,0.11614684544380399,0.058069265483363906,0.028623470571172233,0.018106405962820767,0.07168175616052055,0.03133516777019041,0.05712139946826153,0.048961199563808615,0.06349494507784471,0.06049115108348163,0.07415004304245942,0.025253671420345535,0.018694276281837955,0.06353014183224646,0.059406255441508356,0.07311539128098914,car
0.08618884897392552,0.09241694760904741,0.0967810812404679,0.02623188477856496,1.2014203173557698e-10,0.004533661695069464,0.09815525480607093,0.006865259076460705,0.09010652392182476,0.07895047811780691,0.08409942233504589,0.09421209694875994,0.08538395978127536,0.03635877288222455,0.02184400589024694,0.04981498888855201,0.03604260964081521,0.012014203293699687,bus
0.09827058017195156,0.07778096530260291,0.10408923293824715,0.049349854730723876,0.01699416057925105,0.020200605949117444,0.07697355043910488,0.016994160579251037,0.0693928219984845,0.06457780986806844,0.058227360432906695,0.06832304571051645,0.059105476436829764,0.014087264711043209,0.04866509598252236,0.026112978387212566,0.05551425762257942,0.07534077815958669,car
0.11445947319752514,0.052827449291352545,0.07630631554132307,0.006997522593811905,0.0025155930414157766,0.025915352599169408,0.03291644997152463,0.1700540743537053,0.019076579057020013,0.07521622532257444,0.0361450969558472,0.02031175322574594,0.04319225417933637,0.06325391950104342,0.07283784666348653,0.11166777873487622,0.053414420947601855,0.022891894822640105,van
0.10130193192824627,0.06969919252092678,0.10067661136158698,0.05765510250692714,0.02418135259179345,0.01709602845188118,0.07275788723838694,0.025888271589135946,0.06472067877867783,0.059173192037314706,0.060633056969252384,0.06239259681287797,0.06675592024563494,0.018734933422641393,0.02353479236552735,0.041042381711884006,0.06040596686872876,0.07335010259857601,car
0.060763843461627824,0.06450315689395303,0.06211415108996746,0.03824495772962249,0.030715789094728444,0.021095372191347175,0.0219226416817395,0.13310175212268177,0.015528537912248735,0.06388884111578531,0.019614995208539827,0.015416821813501184,0.06094218597857831,0.00980749769744113,0.025410334646916322,0.009089875928336358,0.16770820762613006,0.18013103780685502,van
0.044971982324481734,0.06251599734946461,0.11903298471867776,0.0690430744689751,0.037347219255273886,0.022304163814923745,0.0743654347275645,0.03799673610931752,0.06156878527065098,0.04855138498752652,0.06532772162552189,0.06218890253088148,0.06412447069084622,0.023331329246963937,0.013433189629122004,0.075684555518337,0.054180531055904736,0.06403153667556644,car
0.08468895479854424,0.09254471756334641,0.08911713543561428,0.048533536693034354,0.018886677144939832,0.021618712187067478,0.07938165006440877,0.01636845354089174,0.06683785160535552,0.08511595793140453,0.054877393970163967,0.07006640147181643,0.07782736357553707,0.018091448638398327,0.010416288658596265,0.05868689410648035,0.0420123639087815,0.06492819870561901,car
0.07597387643438916,0.03840437722214482,0.04160474196985454,0.013080967078695174,0.019202188735886635,0.018839883292749705,0.004894675746125621,0.22823172625772586,2.496284503213566e-10,0.02852896600064064,0.0065691699949273,0.00359177651324509,0.05494965912539875,0.04926877333936987,0.12481422541030673,0.1339469735927954,0.0832094836900808,0.07488853534603539,van
0.05954863271661526,0.0877960609482663,0.08243074612648872,0.01893941245345678,0.022576130127697436,0.017227906482759646,0.05371053149226763,0.13043986186940745,0.03804495987360161,0.08804690683603766,0.04325111224612067,0.036950140891002105,0.08901084920980083,0.07809228581605618,0.06225538873881276,0.06124310599880394,0.02282697601546898,0.0076089921573360975,bus
0.08176232044146418,0.09360120845317015,0.0967921587375753,0.052653002183423954,0.025527602385860666,0.018784462162212086,0.07736142661358325,0.012642241237405651,0.07374640668353821,0.0853351277164254,0.0529809711485322,0.06963464660483233,0.07444212750026388,0.016010733116582205,0.0502816409557914,0.018886274964659746,0.040560523725724905,0.05899712536895449,car
0.10494451764045037,0.03713421409027687,0.10057182941548874,0.02318861412955293,0.013262219473124004,0.031879372507884744,0.023663960047046823,0.18620155825516493,0.020114366076195697,0.06551536324622531,0.03302990624381902,0.015628428372026444,0.015180653701616365,0.038111430244195416,0.021942944788452323,0.07653270927143167,0.120686195250312,0.07241171724673613,van
0.10208468378005077,0.08170514070342333,0.09317252885663264,0.04833579231654627,0.01842973107232199,0.016876533620303752,0.07673031790166343,0.015972433610919993,0.06522077023318498,0.07507043755763797,0.05825734966383484,0.06877339183280781,0.07383483421148018,0.019124887591008083,0.07114993115331024,0.010908003477054912,0.04472281390932338,0.05963041850849542,car
0.07026286616977667,0.04387454998737278,0.11882690589100782,0.04649297290103692,0.025071171502837195,0.017936136899690563,0.06337434989726158,0.08148130695644404,0.04753076247047696,0.03530856645552881,0.05903821018045738,0.048328640973984094,0.05859138010804358,0.03001942899876761,0.060493697637846205,0.06028291820423045,0.0633743498972617,0.06971178486797554,car
0.06179095860084462,0.09110205423503989,0.08553470649070699,0.016549543670594878,0.01822041103650024,0.013407472334709895,0.05573302150633681,0.13535162331986753,0.03947755696940766,0.09136234581789177,0.047373068315916096,0.03862552337086356,0.09683174316574268,0.08726617827722201,0.08613285128968493,0.011554407085414308,0.02368653427639085,2.3686534039525384e-10,bus
0.05528090922220019,0.07523437342706435,0.07607031090741384,0.039292712154046124,0.0365424100508875,0.025835200059995796,0.03324080823774241,0.12295446159101578,0.016300781062424646,0.06986048962481754,0.03191521326116342,0.02368890476465023,0.0799660950139483,0.02573807524847554,0.05334801030518654,1.9560937040178294e-10,0.10432499774322708,0.13040624713013138,van
0.07460190819981775,0.0879919942641518,0.11297737531541355,0.03274617164729319,0.006983491725278301,0.01918483742322834,0.07808730356608129,0.02178849391341724,0.06354977367052617,0.08352255964131741,0.05819821379318499,0.06812169982472953,0.06714693066355033,0.01672362474379076,0.02888626082865711,0.06509976814719512,0.0508398189618409,0.06354977367052617,car
0.07468477079896227,0.06870998914603886,0.09161331881557847,0.052207590039165336,0.024161754514077174,0.010371319233060566,0.07185358341440704,0.031410280827074324,0.057258324311269065,0.0569311338874185,0.06147735872407898,0.06244864722199206,0.05617797857213981,0.02531420661427957,0.012492725411714322,0.08714437644103418,0.0824519869477627,0.07329065507994677,bus
0.057616470102961406,0.05824961812399053,0.09465562933316506,0.050427889951539066,0.04160687014265359,0.01785955285796292,0.04454382566877186,0.10276896897406677,0.03155187657059587,0.05949782422259079,0.04085137697771132,0.03245984423624433,0.05119738450611268,0.03238218910694545,0.06023540055358186,0.060025521109803914,0.07572450350439437,0.08834525405690817,bus
0.06125596369471159,0.07586315497010354,0.05087648100529771,0.012304691622366835,0.018578732042183826,0.021266221542116832,0.03683365148432606,0.21737116187853225,0.023481452923402226,0.08855862167304794,0.017796469652271975,0.02128534584181138,0.08506488532313501,0.10010514049080928,0.10246452089977637,0.048108342279252536,2.8177743169949707e-10,0.018785162395077167,van
0.05320929506082525,0.03922480089972839,0.0651567524708138,0.02315804847500249,0.017931337664887564,0.019242355262266045,0.013331305015599617,0.1690028557731267,2.0396896361794905e-10,0.03496610825276019,0.007514646231998666,0.008559848797048358,0.044898828673328804,0.013419010968307712,0.18542633076574083,0.039798822373324876,0.1291803438286701,0.1359793092826017,car
0.08666813229813511,0.08070311915123325,0.09908549626733927,0.04902097765663021,0.016140623914177893,0.017815594309478856,0.0651427138449168,0.017985266635236613,0.052457027485021526,0.07343983843706452,0.048039593600380896,0.05685989549054613,0.07060254010078199,0.006902240549665036,0.10014523419421015,0.005117758873705028,0.06994270327839071,0.08393124391308598,car
0.07324318641807669,0.09934780922962058,0.0935885159474574,0.03972403390783765,0.014809611409297173,0.01907086749003514,0.07633886793078248,0.016043745684046415,0.06551196119691206,0.08824060075687734,0.05260659743438068,0.06732986761960923,0.07769612646601665,0.023643414639081255,0.0765724221592481,0.030130936917769535,0.03743540644636676,0.048666028346584865,car
0.07327215903595456,0.0409374816449306,0.08869787669038796,0.05887369987160893,0.04678569328314991,0.013388358896337977,0.04637797482471195,0.0861636516471596,0.029565959015059838,0.03294492573936429,0.0457494312209391,0.035308986990721186,0.03793368321439871,0.030344010563419403,0.04838066009357333,0.06057415974724411,0.1123506437605193,0.1123506437605193,bus
0.06135689103329849,0.05789573308818816,0.10453396236876548,0.03533156644483701,0.031015571384604177,0.021301260406095604,0.04181358506040287,0.10214461466178021,0.03136018884234245,0.06988842061747944,0.03862254832015284,0.03023212450226397,0.06153697415108293,0.029709652597385516,0.03421111508363165,0.07342873459795152,0.07526445295819634,0.10035260388154128,van
0.0658018810073322,0.05291759666816787,0.07643652839838848,0.028838934903319752,0.027214764134426778,0.015575745628581755,0.035970131156685375,0.18868902969934145,0.02293095871213664,0.047172257631213944,0.026068879340352864,0.025405522572240748,0.05538042819840795,0.057930842642241215,0.10006236436374648,0.026846000396496494,0.08255145064824605,0.06420668389867379,car
0.053617742985502224,0.06521773542497725,0.08563945050978142,0.05856392122704063,0.03218537600209123,0.011634038693029104,0.05037614742216889,0.06166040441020489,0.03853775281418469,0.05505393252562768,0.047867945563456006,0.0391846695255042,0.06883472817584638,0.014198119555216044,0.09108923371423062,0.041357588374674965,0.09249060653823192,0.09249060653823178,car
0.058146222526846654,0.07201186017443445,0.08172774605294134,0.058984137522031195,0.03527111525571093,0.012616633294505531,0.055941986645277754,0.03821037484920879,0.04457877063512091,0.06495763715003953,0.04223251955610065,0.046823744689147455,0.07738201685312086,0.0193565715356533,0.04255246288505796,0.06197536400151488,0.09807329523678238,0.0891575411365055,bus
0.08367343758156276,0.09073273503454458,0.10519160653342158,0.05530296794359025,0.02046603055507427,0.018741220443286577,0.06978960977659218,0.02483211704700252,0.062080292431265435,0.07627007353003223,0.050317710730971896,0.059996061994096454,0.07418399722070099,0.008168459638253326,0.01128732599817965,0.015141534833210549,0.07863503704649345,0.09518978166172136,car
0.04086541249529786,0.09037543119530299,0.09137960265041772,0.04514825046144509,0.04389663812999203,0.02216755877241479,0.05836008244988001,0.12755846564755172,0.03916268698445111,0.08727684499094888,0.0556522393000195,0.04113490861931674,0.09162590885638926,0.06492761247752674,0.010680732984832932,0.01146225001531026,0.046995224334346136,0.0313301496345562,bus
0.06396740359845127,0.09053847885786172,0.1144305773935868,0.043687781384451854,0.01940110276652992,0.022207551566016427,0.05384968358318792,0.09528097059728383,0.032694450824001034,0.08687382615012645,0.05162281697695772,0.0406916545746943,0.07525892428287964,0.02581140858656221,0.02675000525530387,1.961667037670059e-10,0.07846668170296914,0.07846668170296914,car
0.0790756170850842,0.0839418088982433,0.10946115508507635,0.03706309861084879,0.011991687089391282,0.020589500387304418,0.07766293721775645,0.02078559086602875,0.07072874640556834,0.07794596541417227,0.05871017748808254,0.06774839841208725,0.08617087160510968,0.022335393684718454,0.044090647155629985,0.026615695587125437,0.044458069214249885,0.06062463979352274,car
0.04533105261541609,0.10426142074437728,0.08109221618085406,0.031870303429089704,0.027497517712484446,0.015737573119595213,0.05178998687992766,0.10724031847397311,0.03475380705380767,0.08340913663720642,0.04609452297174268,0.038004163089697604,0.0970483664934691,0.04115582410425485,0.04739155499754759,0.015257769067428371,0.06255685253003566,0.06950761389909241,bus
0.04234527170899595,0.06243213121182815,0.06763480878575988,0.02268276578234782,0.02854040301592986,0.01837625017068528,0.06365629064098856,0.20406387956731892,0.054107847093537366,0.046378154697981566,0.03929938376731472,0.04320842472282563,0.07350499970879987,0.09397678681798277,0.059026742254345545,0.01583644328139545,0.043286277739759425,0.021643139032203107,car
0.06015439197886477,0.09755808435557102,0.1008839281364895,0.04682323308333587,0.020271809827560883,0.019578552184098985,0.07761751336409471,0.01647084550651119,0.06725595212942499,0.08894256522785839,0.05400703526649128,0.06815454141635578,0.07976447150671583,0.024272824902350013,0.02620361778313841,0.06749029342564146,0.03458877543684809,0.04996156446864896,car
0.049338658688571124,0.05237488382467035,0.09141357021000242,0.02279489134153724,0.01745829475952867,0.012846669788660907,0.034117843790609344,0.1491437163766345,0.018913152637242952,0.04214931131273603,0.02986287245372375,0.02449185226905362,0.07565260986809819,0.02986287245372375,0.16506023944399134,0.033213341045019454,0.08321787083221234,0.06808734890398412,car
0.09806483949051568,0.034699866397850936,0.08019524654956842,0.06933912149523216,0.04362268913947108,0.010213545708583105,0.0636844605323948,0.061864904522338886,0.045109826263074436,0.03351015669896826,0.05603115257781767,0.05257404208969751,0.032910313548902656,0.02611621528091227,0.008201786740918418,0.013202876107064221,0.14435144364487182,0.12630751321181768,bus
0.0690819573475476,0.10784287448744291,0.0960600419249792,0.02285578257143279,0.01848735006701598,0.02821549434354045,0.05497872041856291,0.09613421956338697,0.04673191238381761,0.12283816939018126,0.03836935967490045,0.03810275833307293,0.09170035619591925,0.04673191238381759,0.008496711495453096,0.013677633025041784,0.037385529944439645,0.062309216449447535,van
0.058138965236513525,0.08571770505067962,0.08047940086675766,0.018491068425896554,0.019592618469223427,0.021025097633461817,0.05535234817703585,0.12098441789412287,0.03714433898158527,0.08914641324379219,0.04926512320811466,0.03794601535767271,0.0897070825080747,0.07037874734464981,0.04052109705055973,0.08153635359566432,0.0297154712298415,0.014857735726353667,bus
0.03384720374002053,0.08982527114202668,0.07568610812252771,0.04249376010423819,0.04705133259564324,0.07344204562331755,0.04960938186165244,0.10565162840418854,0.03243690359229556,0.08062887435455426,0.057362103045245125,0.03523721179928899,0.09425062516144811,0.07426343692087536,0.008846428393987091,0.04746863931316892,0.0259495229127608,0.0259495229127608,bus
0.058141491527093185,0.09076386677528941,0.09832752232678654,0.03641123980784989,0.029390204585998544,0.02671540240714026,0.05038482197487868,0.07641453167187773,0.03933100902510904,0.11012682498712204,0.037260955926804555,0.03602984521126617,0.07618836953642956,0.031050796631891135,0.0214532777215704,0.061394745707037214,0.04719721079866616,0.0734178833771894,van
0.06818278698443114,0.07782650622102083,0.09555365483720804,0.044180986108074145,0.01890072301599429,0.017180568433291483,0.07141726454056288,0.014453494094860206,0.06744963873837462,0.0780488676670775,0.051119726226210374,0.06344633284803722,0.05981383059076708,0.015974914515248177,0.06438374607304735,0.07403009128834538,0.0438422652153546,0.07419460260209466,car
0.06572428313202965,0.052855192755463416,0.10688494520945975,0.05881005725129499,0.027182670626701166,0.02074317007054105,0.06916084694874108,0.03533747177348447,0.05725979214030009,0.04907982185417483,0.06292549787532155,0.057671733089961055,0.04926502872857768,0.021698447633250403,0.03747913672112453,0.09049840310782355,0.06413096718064529,0.07329253390110549,car
0.06199631473693965,0.04935860445424558,0.11486539412711978,0.0547949960984695,0.02507103725327296,0.01883284287785576,0.06803386432815393,0.04074043544744883,0.05941313496217514,0.04074043544744883,0.057036609569391786,0.055395268290922714,0.0573953303833968,0.020638246974657406,0.06481432903668273,0.0730346829452016,0.0617896603549585,0.07604881271165852,car
0.08769732386449333,0.05541314430616851,0.1240638727284935,0.023907505218193723,0.018998792522898118,0.03262056808743569,0.047083063832871364,0.18935462956115437,0.02401236269595713,0.0370476451459104,0.04246396749353644,0.03213165070435285,0.06524113588672302,0.0606628105815599,2.881483488937049e-10,0.06325207687457138,0.04802472510376592,0.04802472510376592,car
0.07428370426233571,0.0975088822354515,0.08573244719617319,0.06113049731499102,0.03270484256216594,0.01871786591605387,0.07780759914621183,0.01259742090652966,0.0734849547553238,0.0850325904852675,0.05395342733649555,0.06991644077075977,0.07556471762263786,0.020305053367425118,0.030062027010494135,0.043015583317113124,0.03674247743277569,0.051439468361794916,car
0.0806856261489821,0.05190963366650613,0.09841201367495177,0.04862277914371968,0.033370478845863326,0.022281965490875095,0.03638763541471304,0.09640360523604881,0.028117718313347886,0.06507243358916247,0.029301622235227517,0.026297146634917844,0.03289242516809832,0.011099099436327977,0.03067387450831529,0.03291830433804278,0.1293415036340575,0.14621213452084236,van
0.07849265721557465,0.09113450343164119,0.10186330078001936,0.0537066298498891,0.02479850441727074,0.01703142571059785,0.06489752379581877,0.02256663902987136,0.05641659740542861,0.07253562520331298,0.04988414929786493,0.05587543100454042,0.07451248710305357,0.01336182578739526,0.051287815833374495,0.05504058283731653,0.0526554909192556,0.06393881037777464,car
0.08075359672693659,0.09524783201669547,0.08755103751939204,0.04522286909126325,0.016080802901574563,0.021238796248992522,0.08019380748520495,0.012864642343772761,0.07504374646127397,0.08844441545211479,0.05628280987409689,0.07193941882454685,0.07433578659005978,0.019254645557300002,0.046049571735636674,0.035691538010122044,0.03752187328691988,0.0562828098740969,car
0.057990691129855956,0.047353345457285506,0.12539867374313377,0.04032271777793628,0.02254921223000149,0.023229943159052177,0.05901114069363827,0.09966751735483002,0.05129945756162619,0.04397096365356497,0.05939937188106224,0.0428110581429366,0.06194651474880942,0.0404995718023781,2.0519782942571342e-10,0.11511097768791512,0.047879493737864307,0.061559349032911825,car
0.06883619208188965,0.08857244291724865,0.10394960312094975,0.05593794571638079,0.023724761601069084,0.021725316295876252,0.06208754581346227,0.04523521198887499,0.04797673997947773,0.07402125589020345,0.053026923120061645,0.050737991193034404,0.05612373353645746,0.009469093532525116,0.013084565553624989,1.4393021950664248e-10,0.1055488277821347,0.1199418497327989,car
0.06555856261032364,0.10706605484046504,0.09665685507558533,0.03697441275555463,0.008922171343027955,0.02407302814366147,0.08490641388441864,0.013255797367590107,0.0773254840836659,0.11598822606750475,0.05677318439751999,0.0753784395233287,0.07586651268804936,0.019840091397168684,0.021088768470809417,0.0198028679613691,0.03479646790144327,0.06572666148851423,car
0.06994700044339795,0.06961071678838686,0.07261858725820802,0.01844126718637658,0.013259184312962243,0.018971474323419647,0.024972907967343735,0.14364116141296432,0.01675813567581544,0.07469340403126828,0.03386907400263251,0.016878697801532803,0.06703254209996876,0.037044299671526414,0.09140801188137646,0.08338194256310807,0.08043905047974306,0.06703254209996871,van
0.07974631753553457,0.10261064629162188,0.09726634180595105,0.025484631163914907,0.016490996865383658,0.02831473034742841,0.05122149100195589,0.08098911728673651,0.04168557515497463,0.10480944585144068,0.03773641541924734,0.03618747773446436,0.07970072215682171,0.035103642262095835,0.05305436833358345,0.04066885381379823,0.03334846015732819,0.05558076681771869,van
0.09634150525119231,0.02840839270427464,0.076939396591959,0.055638271123735865,0.03855424717556756,0.017420240880648013,0.047068807398534925,0.08968935371088371,0.03077575874757635,0.02901714397255221,0.03595904440027894,0.035868150452232454,0.011613493981983523,0.014577991082880663,1.846545513775307e-10,0.07206031291734946,0.15387879299926358,0.16618909642443225,bus
0.08489584904724154,0.07788166210087252,0.060265571896486014,0.051159944024809334,0.03655669861389062,0.013645035258263482,0.0472671152441265,0.05785494902641206,0.03615934319574656,0.07231868624685571,0.037301217186834205,0.03850059562351622,0.057309147621867014,0.017128110010952238,0.059169834228270594,0.021166444857481776,0.11570989790818687,0.11570989790818674,bus
0.0841203631116851,0.06803581018619492,0.10595160017626329,0.04827868629960173,0.017008952629467375,0.01877403260784474,0.07226025590984556,0.01579402744954528,0.06449227841142219,0.06475551220040528,0.05760663666802165,0.06376317762898691,0.07370546102583132,0.017456556643122872,0.08040595747267432,0.029661953893533963,0.051593822751249394,0.06633491493430396,car
0.07216639941182236,0.08735932556700207,0.10434586105994605,0.03814817720191666,0.017279866735829656,0.013186313441478416,0.054813694538504334,0.07487942193953302,0.04367966287086037,0.07487942193953302,0.05057645171761959,0.041479967627169774,0.08241445809196715,0.027587155561755512,0.07941756871315814,0.021307152709421927,0.058239550436241044,0.05823955043624089,car
0.057450750379004385,0.033881211882443425,0.04486123415659364,0.012822584009924868,0.019360692630097914,0.011080648108844262,0.044141535217615734,0.20135120059282896,0.024469764218886213,0.03355853367683581,0.030909175778162223,0.02957496676444172,0.06463711254901187,0.10431846755390924,0.20020715968203812,0.02864752879148966,0.04893952814413526,0.009787905863736733,car
0.08568285683140195,0.0997320701814872,0.09363733256562373,0.035781602189263906,0.004559180450133502,0.007828026736240334,0.10372135298459786,1.0372135288087651e-10,0.10372135298459786,0.08297708240842255,0.08461478798022586,0.10372135298459786,0.09524099079936896,0.03548362082612648,0.018858427900244352,0.020238312860965547,0.017286892250534133,0.006914756962446428,bus
0.060040055325669785,0.09104975412824756,0.07123800211548953,0.030151119584896573,0.023846364322053143,0.02233295870864523,0.03610251700650564,0.11836468030753948,0.016439539101477975,0.08454620027603522,0.03945489356736281,0.026019414290258384,0.08188751473896726,0.036340033564461104,0.026901063858698337,0.057738868543745235,0.07890978693745124,0.09863723362249532,van
0.07291839926852682,0.07986300870746026,0.08208142561156398,0.04533707924795944,0.02281800260193581,0.018082190774307356,0.04802220137797146,0.07301760797479732,0.03993150443359315,0.06845400748635538,0.04287382580114124,0.03619690331445449,0.07232876261805136,0.016813265117143754,0.08712328221179973,0.007791513188773261,0.09051140984715826,0.09583561041700706,car
0.08383522841398677,0.06741993896864792,0.08764592060665474,0.029087729226748533,0.019262839830536425,0.02645914596589196,0.04468223412069254,0.09015008976183653,0.029215306985746155,0.07762924398592756,0.03967131152843504,0.03257821999989915,0.05512322057237542,0.027677659258880116,0.01593562207190328,0.09833444748852828,0.0642736751582914,0.11101816605501826,van
0.06526937601212385,0.07472014536387227,0.07849389007029958,0.0408750934946127,0.032993311038518706,0.019993726847645072,0.02885804793164372,0.11101278731197045,0.01471760453167784,0.06559846530205075,0.02695645446904894,0.02096464522915211,0.06886728093239439,0.013942993776147997,0.07225005791966528,0.01723036625083552,0.11774083501714379,0.12951491850119698,van
0.0865237156780229,0.007654021183686908,0.07186275277741143,0.031284557586177986,0.019681768445330688,0.018774013935017955,0.023412299681562426,0.1421461042002489,0.016583712332483087,0.005685844359054301,0.021995239449723415,0.01598717592480397,0.006258004777675681,0.007855442788547001,0.045228306017582307,0.14075931294170022,0.16583712153378977,0.17247060638718098,car
0.07144600470794858,0.03792134103747939,0.10726823754162605,0.056688816869898975,0.030698228490212066,0.01860292210209928,0.061219419743861386,0.06573032434445872,0.041081452776908896,0.03756018541011603,0.060541088224974546,0.04689393647988827,0.041339826692711294,0.028108362478198437,0.052285485307613365,0.10019866507306502,0.0657303243444588,0.07668537837448092,car
0.0564368591492763,0.08112798495609767,0.09915642602139581,0.04180393992502158,0.03387762018605801,0.027552900658277684,0.049843337225139124,0.07881004253341647,0.04056399255917683,0.09503563949218481,0.036721088016310625,0.03579748026313576,0.06837201250423577,0.027754310749622868,0.007375271507150671,0.07914925361966252,0.05408532335815055,0.0865365172756871,van
0.08221622085412815,0.09256511577238986,0.09709541905193755,0.059053810644462135,0.025187786688151487,0.021623477267366527,0.08239534116075019,0.013097649132848891,0.07640295272103048,0.09004633711503517,0.0591117581837867,0.073792060455703,0.06559121414464947,0.016587483246262722,0.015627876784100672,0.011180920008227757,0.04202162404813883,0.07640295272103054,car
0.06358388963359476,0.025960286433236373,0.11874427232567569,0.04126438528962672,0.02719649053839105,0.0212253914644366,0.0338218981607884,0.1542782725482872,0.01874909581983443,0.019284784265401384,0.029603835374744796,0.023200319953862403,0.055186017447552506,0.020722684829818094,2.24989147138143e-10,0.13718850457751536,0.10499493555612258,0.10499493555612258,car
0.07361439241074086,0.032560212185201984,0.101901404200879,0.023413020194981343,0.02480778077972263,0.01597293442328948,0.014754954695754528,0.24187586013314613,2.8218850315945065e-10,0.040312643590681436,0.014852026764264836,0.009473954824712022,0.03904495040487978,0.05198209296945573,0.012826750425799897,0.12388763581560587,0.09406283466867223,0.08465655123002365,van
