Dataset,Category,Algorithm,Metric Type,Distance Metric,Accuracy,Precision,Recall,F1 Score,Silhouette Score,Davies-Bouldin Score,Calinski-Harabasz Score,Adjusted Rand Index,Normalized Mutual Info
bupa_lr_lc.csv,balanced,KNN,Geometric,euclidean,0.6,0.5974016358374735,0.6,0.5962972080274216,,,,,
bupa_lr_lc.csv,balanced,SVM,Geometric,euclidean,0.6782608695652174,0.6870973544128247,0.6782608695652174,0.6777506094710202,,,,,
bupa_lr_lc.csv,balanced,K-Medoids,Geometric,euclidean,,,,,0.185654256595135,1.8333335861653268,77.55471418626166,0.00020025750184139216,0.002229083856091206
bupa_lr_lc.csv,balanced,DBSCAN,Geometric,euclidean,,,,,0.4172514955317494,1.5516970792008256,101.45447231503567,-0.004769368905183331,0.0004142790995485737
bupa_lr_lc.csv,balanced,KNN,Geometric,manhattan,0.6463768115942028,0.6467499528475138,0.6463768115942028,0.6430147778820713,,,,,
bupa_lr_lc.csv,balanced,SVM,Geometric,manhattan,0.6782608695652173,0.6865814579246631,0.6782608695652173,0.6782400462000944,,,,,
bupa_lr_lc.csv,balanced,K-Medoids,Geometric,manhattan,,,,,0.08874407215551644,3.5622704011559483,20.60524408649494,0.057902179869145004,0.04148736383928268
bupa_lr_lc.csv,balanced,DBSCAN,Geometric,manhattan,,,,,0.4223521178255309,1.534174645708027,98.77575097936717,-0.006329027173747713,0.0010374920687934667
bupa_lr_lc.csv,balanced,KNN,Geometric,minkowski,0.6,0.5974016358374735,0.6,0.5962972080274216,,,,,
bupa_lr_lc.csv,balanced,SVM,Geometric,minkowski,0.6782608695652174,0.6870973544128247,0.6782608695652174,0.6777506094710202,,,,,
bupa_lr_lc.csv,balanced,K-Medoids,Geometric,minkowski,,,,,0.185654256595135,1.8333335861653268,77.55471418626166,0.00020025750184139216,0.002229083856091206
bupa_lr_lc.csv,balanced,DBSCAN,Geometric,minkowski,,,,,0.4172514955317494,1.5516970792008256,101.45447231503567,-0.004769368905183331,0.0004142790995485737
bupa_lr_lc.csv,balanced,KNN,Geometric,chebyshev,0.5971014492753624,0.5940048540835408,0.5971014492753624,0.5947870188087074,,,,,
bupa_lr_lc.csv,balanced,SVM,Geometric,chebyshev,0.553623188405797,0.5742005311793855,0.553623188405797,0.5547454420252349,,,,,
bupa_lr_lc.csv,balanced,K-Medoids,Geometric,chebyshev,,,,,0.16802101020326451,1.9681461376368485,63.77063393646794,0.001532149268240084,0.002435921751377768
bupa_lr_lc.csv,balanced,DBSCAN,Geometric,chebyshev,,,,,0.18483782908257151,2.807306788992909,49.40722596379052,-0.006480770136009127,0.004346454194580054
bupa_lr_lc.csv,balanced,KNN,Geometric,canberra,0.6376811594202898,0.6350563015802306,0.6376811594202898,0.6300908845156903,,,,,
bupa_lr_lc.csv,balanced,SVM,Geometric,canberra,0.6898550724637681,0.690998093928632,0.6898550724637681,0.6870576471197023,,,,,
bupa_lr_lc.csv,balanced,K-Medoids,Geometric,canberra,,,,,0.22382413980926177,2.0470493265030223,61.241276675890525,-0.00040637619885862993,0.0018489707752764397
bupa_lr_lc.csv,balanced,DBSCAN,Geometric,canberra,,,,,0.1733030373133737,4.013930253471256,3.188230821329818,-7.962554906428535e-05,0.0009881493531059603
bupa_lr_lc.csv,balanced,KNN,Geometric,braycurtis,0.6434782608695653,0.6422737898306293,0.6434782608695653,0.6395578138051475,,,,,
bupa_lr_lc.csv,balanced,SVM,Geometric,braycurtis,0.6811594202898551,0.6901295225808399,0.6811594202898551,0.6805366239074642,,,,,
bupa_lr_lc.csv,balanced,K-Medoids,Geometric,braycurtis,,,,,0.11359276243791433,2.4567371381047347,39.98047141309515,-0.00021993264792771717,0.004535167468050669
bupa_lr_lc.csv,balanced,DBSCAN,Geometric,braycurtis,,,,,0.34798758502661176,2.6577383931298892,14.137679761014441,-0.00524228673408101,0.002505110125247723
bupa_lr_lc.csv,balanced,KNN,Geometric,hamming,0.5652173913043479,0.5637171288645358,0.5652173913043479,0.5622966672271386,,,,,
bupa_lr_lc.csv,balanced,SVM,Geometric,hamming,0.5768115942028984,0.5923882039994572,0.5768115942028984,0.5789897538982649,,,,,
bupa_lr_lc.csv,balanced,K-Medoids,Geometric,hamming,,,,,0.00996190976973021,3.3025916535429505,6.080141499714894,0.01821607762098671,0.010378330044990799
bupa_lr_lc.csv,balanced,DBSCAN,Geometric,hamming,,,,,,,,,
bupa_lr_lc.csv,balanced,KNN,Geometric,cosine,0.6405797101449275,0.6361422435654104,0.6405797101449275,0.632153332929817,,,,,
bupa_lr_lc.csv,balanced,SVM,Geometric,cosine,0.7217391304347827,0.72556888620815,0.7217391304347827,0.719877076729851,,,,,
bupa_lr_lc.csv,balanced,K-Medoids,Geometric,cosine,,,,,0.33815730337992644,2.009210771337841,64.78530423158767,0.012714812880138707,0.012640319392287698
bupa_lr_lc.csv,balanced,DBSCAN,Geometric,cosine,,,,,0.5662742820443889,1.7738291830197659,34.79995912008337,-0.0029235255352095812,0.0004767851601436027
bupa_lr_lc.csv,balanced,KNN,Probabilistic,earth_movers,0.6318840579710144,0.6312026989648898,0.6318840579710144,0.6281307750709972,,,,,
bupa_lr_lc.csv,balanced,SVM,Probabilistic,earth_movers,0.6086956521739131,0.6195191223249253,0.6086956521739131,0.6083903304797963,,,,,
bupa_lr_lc.csv,balanced,K-Medoids,Probabilistic,earth_movers,,,,,0.47192357698551474,1.0181623036018894,243.2975630991065,-0.0002564876138415217,0.0008071435432804831
bupa_lr_lc.csv,balanced,DBSCAN,Probabilistic,earth_movers,,,,,0.5440753456694113,0.9841534319339784,142.37138623466583,-0.007539703348007606,0.0028231120561513995
bupa_lr_lc.csv,balanced,KNN,Probabilistic,kl_divergence,0.6579710144927537,0.6554686541785111,0.6579710144927537,0.6521885332628937,,,,,
bupa_lr_lc.csv,balanced,SVM,Probabilistic,kl_divergence,0.6927536231884058,0.700578902583304,0.6927536231884058,0.6925171034396007,,,,,
bupa_lr_lc.csv,balanced,K-Medoids,Probabilistic,kl_divergence,,,,,0.3753871596297734,2.3137645840268344,41.79303819280274,-0.006284971639906521,0.015986115242090544
bupa_lr_lc.csv,balanced,DBSCAN,Probabilistic,kl_divergence,,,,,0.6386520545611026,1.8299087652249244,62.25953502503896,0.0006658945569303574,0.00012298201955255743
bupa_lr_lc.csv,balanced,KNN,Probabilistic,jensen_shannon,0.6492753623188406,0.6464222592536485,0.6492753623188406,0.6431910032987593,,,,,
bupa_lr_lc.csv,balanced,SVM,Probabilistic,jensen_shannon,0.7101449275362318,0.7171041379239806,0.7101449275362318,0.7088883921662906,,,,,
bupa_lr_lc.csv,balanced,K-Medoids,Probabilistic,jensen_shannon,,,,,0.2780471087100464,1.1575538660606446,188.62595455493064,-0.002485611177893946,0.002729569782820378
bupa_lr_lc.csv,balanced,DBSCAN,Probabilistic,jensen_shannon,,,,,0.42222315266142374,1.1723944769256782,114.49022205862683,0.0017440716956375175,0.0003029333061541016
bupa_lr_lc.csv,balanced,KNN,Probabilistic,bhattacharyya,0.6492753623188406,0.6471103831801921,0.6492753623188406,0.6439400412950065,,,,,
bupa_lr_lc.csv,balanced,SVM,Probabilistic,bhattacharyya,0.7101449275362318,0.7161326566762273,0.7101449275362318,0.7101359627898866,,,,,
bupa_lr_lc.csv,balanced,K-Medoids,Probabilistic,bhattacharyya,,,,,0.4118188831156082,1.0654514400534447,213.26373538187298,0.0007145893539001162,0.004170972036348092
bupa_lr_lc.csv,balanced,DBSCAN,Probabilistic,bhattacharyya,,,,,0.6326154090080371,1.1723944769256782,114.49022205862683,0.0017440716956375175,0.0003029333061541016
bupa_lr_lc.csv,balanced,KNN,Probabilistic,total_variation,0.6173913043478261,0.614578583656385,0.6173913043478261,0.6136284149903646,,,,,
bupa_lr_lc.csv,balanced,SVM,Probabilistic,total_variation,0.6579710144927536,0.6714211563631433,0.6579710144927536,0.6567330238518205,,,,,
bupa_lr_lc.csv,balanced,K-Medoids,Probabilistic,total_variation,,,,,0.3910161371297355,0.9349999722301187,305.0033152890904,-0.0042788272914841,0.0008647479644784066
bupa_lr_lc.csv,balanced,DBSCAN,Probabilistic,total_variation,,,,,0.40904297059207856,5.463955085271931,135.20000681814562,-0.010461815616455834,0.0044874525694475805
Heart_disease_lr_mc.csv,balanced,KNN,Geometric,euclidean,0.7954098360655738,0.7998630922014923,0.7954098360655738,0.79497782887613,,,,,
Heart_disease_lr_mc.csv,balanced,SVM,Geometric,euclidean,0.8284153005464481,0.8310882183256263,0.8284153005464481,0.8278405345740371,,,,,
Heart_disease_lr_mc.csv,balanced,K-Medoids,Geometric,euclidean,,,,,0.19370592940899242,1.978937727891729,71.28986959286735,0.3312904914747651,0.25596093575663775
Heart_disease_lr_mc.csv,balanced,DBSCAN,Geometric,euclidean,,,,,0.16967040288496588,0.7133264582591728,1.9106848975249993,0.0011871137356297711,0.007243405287056697
Heart_disease_lr_mc.csv,balanced,KNN,Geometric,manhattan,0.8119672131147541,0.8159227272245595,0.8119672131147541,0.810829101056861,,,,,
Heart_disease_lr_mc.csv,balanced,SVM,Geometric,manhattan,0.8152459016393442,0.8183909639059788,0.8152459016393442,0.814664857329513,,,,,
Heart_disease_lr_mc.csv,balanced,K-Medoids,Geometric,manhattan,,,,,0.2729394911204603,1.9873048145362626,69.63505573796823,0.40365894957872805,0.3226769331943592
Heart_disease_lr_mc.csv,balanced,DBSCAN,Geometric,manhattan,,,,,0.24947831637398538,1.6714912373711508,4.533851183085792,0.005272258708721319,0.02734677698120291
Heart_disease_lr_mc.csv,balanced,KNN,Geometric,minkowski,0.7954098360655738,0.7998630922014923,0.7954098360655738,0.79497782887613,,,,,
Heart_disease_lr_mc.csv,balanced,SVM,Geometric,minkowski,0.8284153005464481,0.8310882183256263,0.8284153005464481,0.8278405345740371,,,,,
Heart_disease_lr_mc.csv,balanced,K-Medoids,Geometric,minkowski,,,,,0.19370592940899242,1.978937727891729,71.28986959286735,0.3312904914747651,0.25596093575663775
Heart_disease_lr_mc.csv,balanced,DBSCAN,Geometric,minkowski,,,,,0.16967040288496588,0.7133264582591728,1.9106848975249993,0.0011871137356297711,0.007243405287056697
Heart_disease_lr_mc.csv,balanced,KNN,Geometric,chebyshev,0.7491256830601093,0.7556205942519917,0.7491256830601093,0.7465414546498994,,,,,
Heart_disease_lr_mc.csv,balanced,SVM,Geometric,chebyshev,0.7392896174863388,0.750319294314006,0.7392896174863388,0.7386314842375954,,,,,
Heart_disease_lr_mc.csv,balanced,K-Medoids,Geometric,chebyshev,,,,,0.07508874947318463,2.1607380117012047,25.951135560095114,-0.003444549903609356,0.012102879962209092
Heart_disease_lr_mc.csv,balanced,DBSCAN,Geometric,chebyshev,,,,,,,,,
Heart_disease_lr_mc.csv,balanced,KNN,Geometric,canberra,0.8418032786885247,0.844831256358234,0.8418032786885247,0.841187266660743,,,,,
Heart_disease_lr_mc.csv,balanced,SVM,Geometric,canberra,0.8284699453551913,0.8317161989909053,0.8284699453551913,0.827929743826887,,,,,
Heart_disease_lr_mc.csv,balanced,K-Medoids,Geometric,canberra,,,,,0.245287361581378,2.4275985197377286,48.43174234260655,0.2660628382270024,0.21012022656379523
Heart_disease_lr_mc.csv,balanced,DBSCAN,Geometric,canberra,,,,,0.17857690931615366,0.8178457102416411,1.45343270696159,-0.0010061512759301108,0.005704778909308092
Heart_disease_lr_mc.csv,balanced,KNN,Geometric,braycurtis,0.8251912568306011,0.8299239055581277,0.8251912568306011,0.8248030420955527,,,,,
Heart_disease_lr_mc.csv,balanced,SVM,Geometric,braycurtis,0.8218032786885245,0.8251429676721231,0.8218032786885245,0.8213198943498933,,,,,
Heart_disease_lr_mc.csv,balanced,K-Medoids,Geometric,braycurtis,,,,,0.056185385953652786,5.783086414650314,8.443858724336991,-0.002182639040361636,0.00021296583142846868
Heart_disease_lr_mc.csv,balanced,DBSCAN,Geometric,braycurtis,,,,,0.2910654051878971,1.6398268971408132,2.061474490598208,-0.0019247915344283808,0.011160357747460947
Heart_disease_lr_mc.csv,balanced,KNN,Geometric,hamming,0.8088524590163935,0.8146458018372398,0.8088524590163935,0.8076895973777447,,,,,
Heart_disease_lr_mc.csv,balanced,SVM,Geometric,hamming,0.8087978142076502,0.811931120235861,0.8087978142076502,0.8083433616966726,,,,,
Heart_disease_lr_mc.csv,balanced,K-Medoids,Geometric,hamming,,,,,0.08848094316826326,2.481511124507585,46.45046064928173,0.0273406243117126,0.020158788449488287
Heart_disease_lr_mc.csv,balanced,DBSCAN,Geometric,hamming,,,,,0.12195617968315639,0.8989404556069143,1.2029190731792059,0.0011871137356297711,0.007243405287056697
Heart_disease_lr_mc.csv,balanced,KNN,Geometric,cosine,0.7920765027322404,0.7978738275425445,0.7920765027322404,0.7916834836144586,,,,,
Heart_disease_lr_mc.csv,balanced,SVM,Geometric,cosine,0.8119672131147541,0.8152657474341423,0.8119672131147541,0.8111406573515515,,,,,
Heart_disease_lr_mc.csv,balanced,K-Medoids,Geometric,cosine,,,,,0.25976818348406316,2.057778156242746,66.71020371935566,0.27995596290095104,0.22519067018987624
Heart_disease_lr_mc.csv,balanced,DBSCAN,Geometric,cosine,,,,,0.3157278765838746,1.6514831680735755,2.9429563774435294,-0.002755933782262106,0.01642275890830401
Heart_disease_lr_mc.csv,balanced,KNN,Probabilistic,earth_movers,0.7721857923497268,0.7769567444526959,0.7721857923497268,0.7718861616091953,,,,,
Heart_disease_lr_mc.csv,balanced,SVM,Probabilistic,earth_movers,0.7885245901639344,0.7924040765546223,0.7885245901639344,0.7878021663667891,,,,,
Heart_disease_lr_mc.csv,balanced,K-Medoids,Probabilistic,earth_movers,,,,,0.47556504790662363,0.9812240833402627,279.80683061450225,0.2264555122976081,0.17923683222857925
Heart_disease_lr_mc.csv,balanced,DBSCAN,Probabilistic,earth_movers,,,,,,,,,
Heart_disease_lr_mc.csv,balanced,KNN,Probabilistic,kl_divergence,0.7986885245901639,0.8017812694171539,0.7986885245901639,0.7980851936268338,,,,,
Heart_disease_lr_mc.csv,balanced,SVM,Probabilistic,kl_divergence,0.8216939890710382,0.8241949759752165,0.8216939890710382,0.8211160646182976,,,,,
Heart_disease_lr_mc.csv,balanced,K-Medoids,Probabilistic,kl_divergence,,,,,0.1884863967134078,4.433897380490994,11.486375341002667,0.005664271571164239,0.010926207432552959
Heart_disease_lr_mc.csv,balanced,DBSCAN,Probabilistic,kl_divergence,,,,,,,,,
Heart_disease_lr_mc.csv,balanced,KNN,Probabilistic,jensen_shannon,0.8085792349726775,0.8121774758915576,0.8085792349726775,0.8079982635916251,,,,,
Heart_disease_lr_mc.csv,balanced,SVM,Probabilistic,jensen_shannon,0.8216939890710382,0.8242454173371334,0.8216939890710382,0.8209660592609633,,,,,
Heart_disease_lr_mc.csv,balanced,K-Medoids,Probabilistic,jensen_shannon,,,,,0.19667778393242907,1.0209783648821253,260.1087607895391,0.3313696946706509,0.25568425512417164
Heart_disease_lr_mc.csv,balanced,DBSCAN,Probabilistic,jensen_shannon,,,,,,,,,
Heart_disease_lr_mc.csv,balanced,KNN,Probabilistic,bhattacharyya,0.7920765027322403,0.7959255751688292,0.7920765027322403,0.7911779888337083,,,,,
Heart_disease_lr_mc.csv,balanced,SVM,Probabilistic,bhattacharyya,0.8250819672131147,0.827944427823029,0.8250819672131147,0.8240206124238385,,,,,
Heart_disease_lr_mc.csv,balanced,K-Medoids,Probabilistic,bhattacharyya,,,,,0.2828996756394225,1.8376239728209989,78.57717807104096,0.02975795119783717,0.02405362104365703
Heart_disease_lr_mc.csv,balanced,DBSCAN,Probabilistic,bhattacharyya,,,,,,,,,
Heart_disease_lr_mc.csv,balanced,KNN,Probabilistic,total_variation,0.8185792349726775,0.8241161010092792,0.8185792349726775,0.8176840477976078,,,,,
Heart_disease_lr_mc.csv,balanced,SVM,Probabilistic,total_variation,0.8250273224043715,0.8275676985337107,0.8250273224043715,0.8242495707489088,,,,,
Heart_disease_lr_mc.csv,balanced,K-Medoids,Probabilistic,total_variation,,,,,0.3854758967003086,0.9002758633919455,343.55749978042496,0.3547109163874511,0.2745887659977596
Heart_disease_lr_mc.csv,balanced,DBSCAN,Probabilistic,total_variation,,,,,0.26856950962315995,0.8995322368706868,9.050237627292374,0.003823253955789653,0.020861477887760507
vehicle_lr_hc.csv,balanced,KNN,Geometric,euclidean,0.8905248807089297,0.892848816093671,0.8905248807089297,0.8908096044901861,,,,,
vehicle_lr_hc.csv,balanced,SVM,Geometric,euclidean,0.944618647277134,0.95102071216903,0.944618647277134,0.9453217522891812,,,,,
vehicle_lr_hc.csv,balanced,K-Medoids,Geometric,euclidean,,,,,0.3039507266016064,1.3415439719504265,517.897216589675,0.10308120957316903,0.13729550671604357
vehicle_lr_hc.csv,balanced,DBSCAN,Geometric,euclidean,,,,,0.3227761534744919,1.026828000123615,19.03696898465,0.008810274892477524,0.015554601803510516
vehicle_lr_hc.csv,balanced,KNN,Geometric,manhattan,0.9188214799666742,0.9222872632845729,0.9188214799666742,0.9191467909907359,,,,,
vehicle_lr_hc.csv,balanced,SVM,Geometric,manhattan,0.9446565174581535,0.9527080079772674,0.9446565174581535,0.9453884713414613,,,,,
vehicle_lr_hc.csv,balanced,K-Medoids,Geometric,manhattan,,,,,0.3012551489713436,1.485458595557288,475.56338235385357,0.07100723299944556,0.11707989606067966
vehicle_lr_hc.csv,balanced,DBSCAN,Geometric,manhattan,,,,,0.28977309671995694,1.026828000123615,19.03696898465,0.008810274892477524,0.015554601803510516
vehicle_lr_hc.csv,balanced,KNN,Geometric,minkowski,0.8905248807089297,0.892848816093671,0.8905248807089297,0.8908096044901861,,,,,
vehicle_lr_hc.csv,balanced,SVM,Geometric,minkowski,0.944618647277134,0.95102071216903,0.944618647277134,0.9453217522891812,,,,,
vehicle_lr_hc.csv,balanced,K-Medoids,Geometric,minkowski,,,,,0.3039507266016064,1.3415439719504265,517.897216589675,0.10308120957316903,0.13729550671604357
vehicle_lr_hc.csv,balanced,DBSCAN,Geometric,minkowski,,,,,0.3227761534744919,1.026828000123615,19.03696898465,0.008810274892477524,0.015554601803510516
vehicle_lr_hc.csv,balanced,KNN,Geometric,chebyshev,0.8241308793456034,0.8301364358421974,0.8241308793456034,0.8233795635032208,,,,,
vehicle_lr_hc.csv,balanced,SVM,Geometric,chebyshev,0.6309020677118837,0.6640334916748455,0.6309020677118837,0.6345244917043072,,,,,
vehicle_lr_hc.csv,balanced,K-Medoids,Geometric,chebyshev,,,,,0.09192992165760887,3.4616699511840623,59.14575789486302,0.0071748064375204805,0.05508473871410401
vehicle_lr_hc.csv,balanced,DBSCAN,Geometric,chebyshev,,,,,0.3562350958763133,1.291015470227831,16.72176340789964,0.007729360242306362,0.009921380928800991
vehicle_lr_hc.csv,balanced,KNN,Geometric,canberra,0.933568128455654,0.9383386146550514,0.933568128455654,0.9339399418584036,,,,,
vehicle_lr_hc.csv,balanced,SVM,Geometric,canberra,0.9520109066121336,0.9567969616761912,0.9520109066121336,0.9525291817365934,,,,,
vehicle_lr_hc.csv,balanced,K-Medoids,Geometric,canberra,,,,,0.22739359803634823,1.5368542236924163,469.7604084641873,0.09252370215522356,0.13217480046321683
vehicle_lr_hc.csv,balanced,DBSCAN,Geometric,canberra,,,,,0.3731366623117667,1.51378642172039,23.433923483450055,-0.0037074156548734193,0.0018488405436897786
vehicle_lr_hc.csv,balanced,KNN,Geometric,braycurtis,0.9298871468605621,0.9326117685846258,0.9298871468605621,0.9300835396433763,,,,,
vehicle_lr_hc.csv,balanced,SVM,Geometric,braycurtis,0.9520260546845414,0.9579992621457996,0.9520260546845414,0.9527460334259625,,,,,
vehicle_lr_hc.csv,balanced,K-Medoids,Geometric,braycurtis,,,,,0.30161063918153036,1.3887832698004174,504.34242508277725,0.09738906858170841,0.13616182122970374
vehicle_lr_hc.csv,balanced,DBSCAN,Geometric,braycurtis,,,,,0.31320625863909746,1.9312917892227897,18.005305927507617,0.001458508111453109,0.0026739966783590444
vehicle_lr_hc.csv,balanced,KNN,Geometric,hamming,0.8400742255547982,0.844924936684454,0.8400742255547982,0.8388388513525914,,,,,
vehicle_lr_hc.csv,balanced,SVM,Geometric,hamming,0.8093312126031963,0.8308822011674024,0.8093312126031963,0.8090076314461889,,,,,
vehicle_lr_hc.csv,balanced,K-Medoids,Geometric,hamming,,,,,0.004296950922029969,10.691136909571439,5.128700969039298,0.025531248163347984,0.020622158601915738
vehicle_lr_hc.csv,balanced,DBSCAN,Geometric,hamming,,,,,,,,,
vehicle_lr_hc.csv,balanced,KNN,Geometric,cosine,0.9077406650003788,0.909417629123902,0.9077406650003788,0.907832219715841,,,,,
vehicle_lr_hc.csv,balanced,SVM,Geometric,cosine,0.9421722335832765,0.9489706469054054,0.9421722335832765,0.9430119859931633,,,,,
vehicle_lr_hc.csv,balanced,K-Medoids,Geometric,cosine,,,,,0.4216079285778163,1.3437994182820265,485.187392829442,0.1283793271698645,0.1476946206712548
vehicle_lr_hc.csv,balanced,DBSCAN,Geometric,cosine,,,,,0.35087444740712515,1.4333166649376796,10.10293305683958,0.007771745389779957,0.01742559180910219
vehicle_lr_hc.csv,balanced,KNN,Probabilistic,earth_movers,0.708490494584564,0.71092787273896,0.708490494584564,0.7088632023305632,,,,,
vehicle_lr_hc.csv,balanced,SVM,Probabilistic,earth_movers,0.6273877149132773,0.7087182060733103,0.6273877149132773,0.6302664254037053,,,,,
vehicle_lr_hc.csv,balanced,K-Medoids,Probabilistic,earth_movers,,,,,0.5414724817148125,0.8145467560242564,1638.2291360484091,0.08201290457854933,0.10104458989053573
vehicle_lr_hc.csv,balanced,DBSCAN,Probabilistic,earth_movers,,,,,0.18615391848838014,1.2649411015316312,13.319465479719911,0.009813766197713594,0.01581109194824256
vehicle_lr_hc.csv,balanced,KNN,Probabilistic,kl_divergence,0.8634931454972354,0.8667583786836055,0.8634931454972354,0.86373260249739,,,,,
vehicle_lr_hc.csv,balanced,SVM,Probabilistic,kl_divergence,0.8056350829356964,0.826768102443164,0.8056350829356964,0.8087636829560563,,,,,
vehicle_lr_hc.csv,balanced,K-Medoids,Probabilistic,kl_divergence,,,,,0.37330922350991097,1.8432287195251937,713.2763808283815,0.10032899789982194,0.12244962861264722
vehicle_lr_hc.csv,balanced,DBSCAN,Probabilistic,kl_divergence,,,,,0.4498248750010297,3.235197838376395,38.843155597935315,0.035818331141250104,0.06293134722646737
vehicle_lr_hc.csv,balanced,KNN,Probabilistic,jensen_shannon,0.8892903128076952,0.8919708192499771,0.8892903128076952,0.8896542086070005,,,,,
vehicle_lr_hc.csv,balanced,SVM,Probabilistic,jensen_shannon,0.9470802090433992,0.953196554245352,0.9470802090433992,0.9476615480116901,,,,,
vehicle_lr_hc.csv,balanced,K-Medoids,Probabilistic,jensen_shannon,,,,,0.24233855597935144,0.8477422312007793,1522.7297275452897,0.09729919540775764,0.1177308222540015
vehicle_lr_hc.csv,balanced,DBSCAN,Probabilistic,jensen_shannon,,,,,0.29208517501675124,2.690937810795108,4.523903044057869,0.00665860521822033,0.007199384597223804
vehicle_lr_hc.csv,balanced,KNN,Probabilistic,bhattacharyya,0.8831477694463379,0.8857921578925081,0.8831477694463379,0.8834829684113782,,,,,
vehicle_lr_hc.csv,balanced,SVM,Probabilistic,bhattacharyya,0.9433916534121032,0.9505972834819669,0.9433916534121032,0.943915697375908,,,,,
vehicle_lr_hc.csv,balanced,K-Medoids,Probabilistic,bhattacharyya,,,,,0.37829866759832625,1.099207857951081,1237.203083817051,0.13143709752169783,0.14404316983772822
vehicle_lr_hc.csv,balanced,DBSCAN,Probabilistic,bhattacharyya,,,,,0.4857564258451694,2.690937810795108,4.523903044057869,0.00665860521822033,0.007199384597223804
vehicle_lr_hc.csv,balanced,KNN,Probabilistic,total_variation,0.8917594486101642,0.8971483698325166,0.8917594486101642,0.8919146553427983,,,,,
vehicle_lr_hc.csv,balanced,SVM,Probabilistic,total_variation,0.9360296902219192,0.9458625445393558,0.9360296902219192,0.9371408362523941,,,,,
vehicle_lr_hc.csv,balanced,K-Medoids,Probabilistic,total_variation,,,,,0.3832564461923576,0.7643798183269194,1782.754310629521,0.07907391888422866,0.10979554112530372
vehicle_lr_hc.csv,balanced,DBSCAN,Probabilistic,total_variation,,,,,0.2324976643908822,1.2463294614012663,10.164921422059075,0.008810274892477524,0.015554601803510516
contaceptive_mr_lc.csv,balanced,KNN,Geometric,euclidean,0.48678657903839506,0.4836630234763282,0.48678657903839506,0.48293040112274815,,,,,
contaceptive_mr_lc.csv,balanced,SVM,Geometric,euclidean,0.4806272339444252,0.5198967328595776,0.4806272339444252,0.48476766302128854,,,,,
contaceptive_mr_lc.csv,balanced,K-Medoids,Geometric,euclidean,,,,,0.10621759652457494,2.5879519224677683,223.972954765667,0.036294174180040634,0.03549072861016223
contaceptive_mr_lc.csv,balanced,DBSCAN,Geometric,euclidean,,,,,0.322452828849142,1.539346746035773,243.59174841458244,0.004433983957224118,0.019086961512687347
contaceptive_mr_lc.csv,balanced,KNN,Geometric,manhattan,0.48947538337368857,0.48573141063928527,0.48947538337368857,0.484855100095568,,,,,
contaceptive_mr_lc.csv,balanced,SVM,Geometric,manhattan,0.532261040009224,0.5750728803680416,0.532261040009224,0.5394986903467741,,,,,
contaceptive_mr_lc.csv,balanced,K-Medoids,Geometric,manhattan,,,,,0.1576726799145226,2.503443350732799,216.61727799094496,0.03964389847973546,0.0351786487561747
contaceptive_mr_lc.csv,balanced,DBSCAN,Geometric,manhattan,,,,,0.37450789506437415,2.1802712298935343,7.428990750734259,-0.0011397949834323383,0.002233351835062896
contaceptive_mr_lc.csv,balanced,KNN,Geometric,minkowski,0.48678657903839506,0.4836630234763282,0.48678657903839506,0.48293040112274815,,,,,
contaceptive_mr_lc.csv,balanced,SVM,Geometric,minkowski,0.4806272339444252,0.5198967328595776,0.4806272339444252,0.48476766302128854,,,,,
contaceptive_mr_lc.csv,balanced,K-Medoids,Geometric,minkowski,,,,,0.10621759652457494,2.5879519224677683,223.972954765667,0.036294174180040634,0.03549072861016223
contaceptive_mr_lc.csv,balanced,DBSCAN,Geometric,minkowski,,,,,0.322452828849142,1.539346746035773,243.59174841458244,0.004433983957224118,0.019086961512687347
contaceptive_mr_lc.csv,balanced,KNN,Geometric,chebyshev,0.46302548137899224,0.45959387211394,0.46302548137899224,0.45929065529575636,,,,,
contaceptive_mr_lc.csv,balanced,SVM,Geometric,chebyshev,0.3930704485183904,0.40707161770179745,0.3930704485183904,0.38842660569720155,,,,,
contaceptive_mr_lc.csv,balanced,K-Medoids,Geometric,chebyshev,,,,,-0.07801335099487272,2.4990589396242338,32.535932951911505,-0.008756935225585304,0.008629942422567767
contaceptive_mr_lc.csv,balanced,DBSCAN,Geometric,chebyshev,,,,,0.3938855034070807,1.56552435877186,243.66158052228013,0.004260835839949137,0.018431662724664483
contaceptive_mr_lc.csv,balanced,KNN,Geometric,canberra,0.5003551251008878,0.4983192484937627,0.5003551251008878,0.49630570710368094,,,,,
contaceptive_mr_lc.csv,balanced,SVM,Geometric,canberra,0.5376962988585265,0.5861425569715235,0.5376962988585265,0.5450310558134717,,,,,
contaceptive_mr_lc.csv,balanced,K-Medoids,Geometric,canberra,,,,,0.19481906874793903,2.975475100682164,156.53270298080002,0.020061822836662156,0.02098876054927549
contaceptive_mr_lc.csv,balanced,DBSCAN,Geometric,canberra,,,,,0.4076385296194361,2.071266604047233,14.144006237281646,-0.001807357984936175,0.0019442230121231093
contaceptive_mr_lc.csv,balanced,KNN,Geometric,braycurtis,0.4847134786117837,0.4813169975965977,0.4847134786117837,0.4800670523071074,,,,,
contaceptive_mr_lc.csv,balanced,SVM,Geometric,braycurtis,0.5247964948691342,0.5677164442888372,0.5247964948691342,0.5319760893571274,,,,,
contaceptive_mr_lc.csv,balanced,K-Medoids,Geometric,braycurtis,,,,,0.16646338402900607,2.3111785362224606,226.0528813209648,0.029837630268677737,0.0342775688573748
contaceptive_mr_lc.csv,balanced,DBSCAN,Geometric,braycurtis,,,,,0.3118869547665031,1.8477715780581712,24.442979205718373,-0.006868712740803674,0.011827180515688493
contaceptive_mr_lc.csv,balanced,KNN,Geometric,hamming,0.44810561512740693,0.4387180338912888,0.44810561512740693,0.4382537005391443,,,,,
contaceptive_mr_lc.csv,balanced,SVM,Geometric,hamming,0.5166424535916062,0.5574182822430667,0.5166424535916062,0.5235504150300156,,,,,
contaceptive_mr_lc.csv,balanced,K-Medoids,Geometric,hamming,,,,,0.06899029902436182,6.164940094730468,75.86283342578837,0.01628195057266602,0.01669212303779545
contaceptive_mr_lc.csv,balanced,DBSCAN,Geometric,hamming,,,,,0.2514496912982375,1.380067656991283,6.128281176072481,-0.0009136925043803983,0.003210251193832032
contaceptive_mr_lc.csv,balanced,KNN,Geometric,cosine,0.4881332872131903,0.48561174294088244,0.4881332872131903,0.48464006849158336,,,,,
contaceptive_mr_lc.csv,balanced,SVM,Geometric,cosine,0.49284676582497405,0.5482449094568927,0.49284676582497405,0.4939473681434617,,,,,
contaceptive_mr_lc.csv,balanced,K-Medoids,Geometric,cosine,,,,,0.15262480585421573,1.983505556430478,254.07961320729427,0.014552383592677038,0.030129659700994682
contaceptive_mr_lc.csv,balanced,DBSCAN,Geometric,cosine,,,,,0.49405284736372623,1.6628424546882994,207.14759465727224,0.004161098015696423,0.020807616417754738
contaceptive_mr_lc.csv,balanced,KNN,Probabilistic,earth_movers,0.43518044505937964,0.4329937122138003,0.43518044505937964,0.43206061741136637,,,,,
contaceptive_mr_lc.csv,balanced,SVM,Probabilistic,earth_movers,0.4785794995964488,0.5143099997036789,0.4785794995964488,0.4807975714315448,,,,,
contaceptive_mr_lc.csv,balanced,K-Medoids,Probabilistic,earth_movers,,,,,0.30325263478054904,1.9352774281774392,401.67754643559147,0.025717134122401362,0.021502786021124338
contaceptive_mr_lc.csv,balanced,DBSCAN,Probabilistic,earth_movers,,,,,0.622938468005552,0.28135070217714647,11.254951443145234,-0.0003078814717806837,0.001077930794792792
contaceptive_mr_lc.csv,balanced,KNN,Probabilistic,kl_divergence,0.4908474576271186,0.4897638258614547,0.4908474576271186,0.4880055616449422,,,,,
contaceptive_mr_lc.csv,balanced,SVM,Probabilistic,kl_divergence,0.4419416580191398,0.45080763893510245,0.4419416580191398,0.4329522475852629,,,,,
contaceptive_mr_lc.csv,balanced,K-Medoids,Probabilistic,kl_divergence,,,,,0.00648416436293713,3.359338694010832,135.89270461213317,0.008540673924714309,0.03909973152349175
contaceptive_mr_lc.csv,balanced,DBSCAN,Probabilistic,kl_divergence,,,,,0.784576316855353,2.081551070842911,90.94550800968584,0.010179382495119514,0.038401858478285526
contaceptive_mr_lc.csv,balanced,KNN,Probabilistic,jensen_shannon,0.48609938890810567,0.4848168818554918,0.48609938890810567,0.48369553947771565,,,,,
contaceptive_mr_lc.csv,balanced,SVM,Probabilistic,jensen_shannon,0.514592413236481,0.564873054162685,0.514592413236481,0.522095119229443,,,,,
contaceptive_mr_lc.csv,balanced,K-Medoids,Probabilistic,jensen_shannon,,,,,0.11535168506681409,3.2554793936468696,121.92155551956249,0.030292666506379518,0.026935885994915407
contaceptive_mr_lc.csv,balanced,DBSCAN,Probabilistic,jensen_shannon,,,,,0.31591489403376166,2.1307003531270854,172.0549654108651,0.003878142441795452,0.018341603159542644
contaceptive_mr_lc.csv,balanced,KNN,Probabilistic,bhattacharyya,0.4881425112417849,0.4870553538514363,0.4881425112417849,0.4856927404118694,,,,,
contaceptive_mr_lc.csv,balanced,SVM,Probabilistic,bhattacharyya,0.517308889657558,0.5813644920331381,0.517308889657558,0.523387146696332,,,,,
contaceptive_mr_lc.csv,balanced,K-Medoids,Probabilistic,bhattacharyya,,,,,0.2262430800795115,2.4140066811760903,216.2659118896898,0.0019666306224279412,0.03907130083938055
contaceptive_mr_lc.csv,balanced,DBSCAN,Probabilistic,bhattacharyya,,,,,0.48679279617914467,1.8800344291495346,132.37916578449108,0.004181328427485832,0.019839376718481756
contaceptive_mr_lc.csv,balanced,KNN,Probabilistic,total_variation,0.48068488412314087,0.4766499758575241,0.48068488412314087,0.4762069366117352,,,,,
contaceptive_mr_lc.csv,balanced,SVM,Probabilistic,total_variation,0.5084791882854837,0.5519860435756551,0.5084791882854837,0.5155834308742508,,,,,
contaceptive_mr_lc.csv,balanced,K-Medoids,Probabilistic,total_variation,,,,,0.1762040980298064,2.233792026947254,347.0922425385784,0.03476100819253202,0.037346143410838355
contaceptive_mr_lc.csv,balanced,DBSCAN,Probabilistic,total_variation,,,,,0.2654863905168791,1.9187311985488595,176.14470446861458,0.004404426786114932,0.01903093704577721
Retinopathy_Debrecen_mr_hc.csv,balanced,KNN,Geometric,euclidean,0.6281573498964803,0.6318773247100019,0.6281573498964803,0.6279700537137562,,,,,
Retinopathy_Debrecen_mr_hc.csv,balanced,SVM,Geometric,euclidean,0.677639751552795,0.6968126937337097,0.677639751552795,0.6742885202376129,,,,,
Retinopathy_Debrecen_mr_hc.csv,balanced,K-Medoids,Geometric,euclidean,,,,,0.4547302378287395,0.9272958479810256,885.5257172531191,0.0024150555882305256,0.001334660737127236
Retinopathy_Debrecen_mr_hc.csv,balanced,DBSCAN,Geometric,euclidean,,,,,0.45548595257978647,1.5931445570979181,360.5346099961416,-0.0004357517131004738,0.016620896766743477
Retinopathy_Debrecen_mr_hc.csv,balanced,KNN,Geometric,manhattan,0.648112177677395,0.6527483377694694,0.648112177677395,0.647940022421586,,,,,
Retinopathy_Debrecen_mr_hc.csv,balanced,SVM,Geometric,manhattan,0.6932655750047054,0.7134585158557162,0.6932655750047054,0.6899384190320721,,,,,
Retinopathy_Debrecen_mr_hc.csv,balanced,K-Medoids,Geometric,manhattan,,,,,0.4180431433612727,1.1892648045654923,664.2190905633221,0.012092161980696552,0.008986297840916748
Retinopathy_Debrecen_mr_hc.csv,balanced,DBSCAN,Geometric,manhattan,,,,,0.2961085612537377,1.5132077415412053,363.8143493972621,0.00020308011510369674,0.018549076689358946
Retinopathy_Debrecen_mr_hc.csv,balanced,KNN,Geometric,minkowski,0.6281573498964803,0.6318773247100019,0.6281573498964803,0.6279700537137562,,,,,
Retinopathy_Debrecen_mr_hc.csv,balanced,SVM,Geometric,minkowski,0.677639751552795,0.6968126937337097,0.677639751552795,0.6742885202376129,,,,,
Retinopathy_Debrecen_mr_hc.csv,balanced,K-Medoids,Geometric,minkowski,,,,,0.4547302378287395,0.9272958479810256,885.5257172531191,0.0024150555882305256,0.001334660737127236
Retinopathy_Debrecen_mr_hc.csv,balanced,DBSCAN,Geometric,minkowski,,,,,0.45548595257978647,1.5931445570979181,360.5346099961416,-0.0004357517131004738,0.016620896766743477
Retinopathy_Debrecen_mr_hc.csv,balanced,KNN,Geometric,chebyshev,0.602936194240542,0.6070078339423549,0.602936194240542,0.6029017920462244,,,,,
Retinopathy_Debrecen_mr_hc.csv,balanced,SVM,Geometric,chebyshev,0.5907961603613778,0.5984334894180326,0.5907961603613778,0.5893567567617394,,,,,
Retinopathy_Debrecen_mr_hc.csv,balanced,K-Medoids,Geometric,chebyshev,,,,,0.10119141284768515,1.8313631064984872,148.14735755346322,0.0021675806409329973,0.0009842149305423866
Retinopathy_Debrecen_mr_hc.csv,balanced,DBSCAN,Geometric,chebyshev,,,,,0.5974033635187043,1.7319355346653456,351.6497322609532,-0.0008356286171585554,0.011824303344097047
Retinopathy_Debrecen_mr_hc.csv,balanced,KNN,Geometric,canberra,0.644618859401468,0.6529222688683151,0.644618859401468,0.6435208681074911,,,,,
Retinopathy_Debrecen_mr_hc.csv,balanced,SVM,Geometric,canberra,0.6819687558817995,0.7030630371825268,0.6819687558817995,0.6777670323159735,,,,,
Retinopathy_Debrecen_mr_hc.csv,balanced,K-Medoids,Geometric,canberra,,,,,0.09830405057191724,7.580675807174527,17.332172056119607,-0.00010770397927882547,0.0002872804824591554
Retinopathy_Debrecen_mr_hc.csv,balanced,DBSCAN,Geometric,canberra,,,,,0.29048992604519225,2.206857507183066,14.022940706275874,-4.0439736884968534e-05,1.6044164001278016e-07
Retinopathy_Debrecen_mr_hc.csv,balanced,KNN,Geometric,braycurtis,0.6472539055147751,0.6518014652894955,0.6472539055147751,0.6470623197876864,,,,,
Retinopathy_Debrecen_mr_hc.csv,balanced,SVM,Geometric,braycurtis,0.6967438358742706,0.7187441293210202,0.6967438358742706,0.693098390719762,,,,,
Retinopathy_Debrecen_mr_hc.csv,balanced,K-Medoids,Geometric,braycurtis,,,,,0.4129458359462258,1.20039285044316,652.4732495895827,0.01500995493780937,0.011015996162936253
Retinopathy_Debrecen_mr_hc.csv,balanced,DBSCAN,Geometric,braycurtis,,,,,0.09570768480999794,1.8504983756076414,51.11443099170986,-0.0036548935320567695,0.013091294002788387
Retinopathy_Debrecen_mr_hc.csv,balanced,KNN,Geometric,hamming,0.6177150385846039,0.62618998598045,0.6177150385846039,0.6165803679591016,,,,,
Retinopathy_Debrecen_mr_hc.csv,balanced,SVM,Geometric,hamming,0.6124825898738943,0.6163624447539133,0.6124825898738943,0.6123184582257586,,,,,
Retinopathy_Debrecen_mr_hc.csv,balanced,K-Medoids,Geometric,hamming,,,,,0.03854175723507984,2.7036664573894944,41.44905905289002,0.0007653698377481125,0.00027468339601393384
Retinopathy_Debrecen_mr_hc.csv,balanced,DBSCAN,Geometric,hamming,,,,,0.0871063244636723,3.4648520551908835,45.93370594436327,0.02819389200625088,0.1038613458120017
Retinopathy_Debrecen_mr_hc.csv,balanced,KNN,Geometric,cosine,0.6229474872953135,0.6262753864777426,0.6229474872953135,0.6230251657248355,,,,,
Retinopathy_Debrecen_mr_hc.csv,balanced,SVM,Geometric,cosine,0.6793713532843968,0.7081824670002013,0.6793713532843968,0.6732907660949958,,,,,
Retinopathy_Debrecen_mr_hc.csv,balanced,K-Medoids,Geometric,cosine,,,,,0.6428827925270615,0.9272958479810256,885.5257172531191,0.0024150555882305256,0.001334660737127236
Retinopathy_Debrecen_mr_hc.csv,balanced,DBSCAN,Geometric,cosine,,,,,0.6243374327573447,1.6351662014002795,285.2107111329562,-0.0013525732684796189,0.010022530064761469
Retinopathy_Debrecen_mr_hc.csv,balanced,KNN,Probabilistic,earth_movers,0.6142367777150385,0.6183480859978181,0.6142367777150385,0.6141675963095644,,,,,
Retinopathy_Debrecen_mr_hc.csv,balanced,SVM,Probabilistic,earth_movers,0.6419988706945229,0.6592703521515494,0.6419988706945229,0.6382078698982141,,,,,
Retinopathy_Debrecen_mr_hc.csv,balanced,K-Medoids,Probabilistic,earth_movers,,,,,0.5760002634638347,1.0210439130928042,885.8382567369991,0.021739098928746245,0.017050666581448458
Retinopathy_Debrecen_mr_hc.csv,balanced,DBSCAN,Probabilistic,earth_movers,,,,,0.398280266101783,0.8241352941357348,134.62384139955927,-0.002849862490073803,0.01910554562226272
Retinopathy_Debrecen_mr_hc.csv,balanced,KNN,Probabilistic,kl_divergence,0.6203049124788256,0.6250237795766661,0.6203049124788256,0.6194629792209463,,,,,
Retinopathy_Debrecen_mr_hc.csv,balanced,SVM,Probabilistic,kl_divergence,0.5629888951628083,0.5690771898362634,0.5629888951628083,0.5618021597252298,,,,,
Retinopathy_Debrecen_mr_hc.csv,balanced,K-Medoids,Probabilistic,kl_divergence,,,,,0.7644865265241141,1.8926347645193982,192.1210198109244,0.003077937447096944,0.0017233981110649267
Retinopathy_Debrecen_mr_hc.csv,balanced,DBSCAN,Probabilistic,kl_divergence,,,,,0.8159176891416174,2.3858979085103984,94.30918197789698,-0.0010161282060995318,0.007071483807315887
Retinopathy_Debrecen_mr_hc.csv,balanced,KNN,Probabilistic,jensen_shannon,0.6376886881234707,0.6423821118989947,0.6376886881234707,0.6371910113828461,,,,,
Retinopathy_Debrecen_mr_hc.csv,balanced,SVM,Probabilistic,jensen_shannon,0.6906568793525315,0.7070903272419243,0.6906568793525315,0.6882283757807682,,,,,
Retinopathy_Debrecen_mr_hc.csv,balanced,K-Medoids,Probabilistic,jensen_shannon,,,,,0.35673919423644884,2.071685443115512,175.57351120048475,0.010445484616512336,0.006846382064195678
Retinopathy_Debrecen_mr_hc.csv,balanced,DBSCAN,Probabilistic,jensen_shannon,,,,,0.3594985563897125,1.7758380080247353,106.47718737534167,-0.0010804905106501408,0.010187040469835965
Retinopathy_Debrecen_mr_hc.csv,balanced,KNN,Probabilistic,bhattacharyya,0.6385544889892716,0.6429931615227161,0.6385544889892716,0.6380540000330065,,,,,
Retinopathy_Debrecen_mr_hc.csv,balanced,SVM,Probabilistic,bhattacharyya,0.6880444193487671,0.7143156225966891,0.6880444193487671,0.6827619906174923,,,,,
Retinopathy_Debrecen_mr_hc.csv,balanced,K-Medoids,Probabilistic,bhattacharyya,,,,,0.5960330026388427,1.906360506551011,189.97449451530773,0.003549991252296434,0.002008971097984692
Retinopathy_Debrecen_mr_hc.csv,balanced,DBSCAN,Probabilistic,bhattacharyya,,,,,0.5826341100429849,2.0887758045281615,98.8534664838658,-0.0011255964054578515,0.008165072333794833
Retinopathy_Debrecen_mr_hc.csv,balanced,KNN,Probabilistic,total_variation,0.6307472237907021,0.6344048764681715,0.6307472237907021,0.6304655949887772,,,,,
Retinopathy_Debrecen_mr_hc.csv,balanced,SVM,Probabilistic,total_variation,0.6854432523997742,0.7066242536692633,0.6854432523997742,0.6816768229894054,,,,,
Retinopathy_Debrecen_mr_hc.csv,balanced,K-Medoids,Probabilistic,total_variation,,,,,0.3933947377662565,1.1177756751979138,704.6653213275173,0.01871110103282017,0.01479512321707873
Retinopathy_Debrecen_mr_hc.csv,balanced,DBSCAN,Probabilistic,total_variation,,,,,0.23269630449106707,1.362248094796032,149.97899537470397,0.0002804126661284725,0.016312657265087297
Wine_mr_mc.csv,balanced,KNN,Geometric,euclidean,0.5538037232820041,0.5290570898981183,0.5538037232820041,0.5382926757138542,,,,,
Wine_mr_mc.csv,balanced,SVM,Geometric,euclidean,0.5599862100666514,0.5848825015035706,0.5599862100666514,0.5597919292188789,,,,,
Wine_mr_mc.csv,balanced,K-Medoids,Geometric,euclidean,,,,,0.1073458890022852,1.9534537554929556,183.55455385786598,0.037688925271342814,0.09204506964068261
Wine_mr_mc.csv,balanced,DBSCAN,Geometric,euclidean,,,,,0.3429678585116197,2.084003974401071,43.66210577942789,0.0027321991239917347,0.003856868521986809
Wine_mr_mc.csv,balanced,KNN,Geometric,manhattan,0.5512027886309661,0.5318168583357814,0.5512027886309661,0.5364573394357093,,,,,
Wine_mr_mc.csv,balanced,SVM,Geometric,manhattan,0.5608250976786946,0.5952777395166461,0.5608250976786946,0.5660730731435534,,,,,
Wine_mr_mc.csv,balanced,K-Medoids,Geometric,manhattan,,,,,0.08458975957691148,2.4262954946505917,150.0203337623282,0.026782146288326248,0.07159108344828402
Wine_mr_mc.csv,balanced,DBSCAN,Geometric,manhattan,,,,,0.3389252233720565,2.0819286767457155,39.953682073025746,0.0003848236799782892,0.00648088238787826
Wine_mr_mc.csv,balanced,KNN,Geometric,minkowski,0.5538037232820041,0.5290570898981183,0.5538037232820041,0.5382926757138542,,,,,
Wine_mr_mc.csv,balanced,SVM,Geometric,minkowski,0.5599862100666514,0.5848825015035706,0.5599862100666514,0.5597919292188789,,,,,
Wine_mr_mc.csv,balanced,K-Medoids,Geometric,minkowski,,,,,0.1073458890022852,1.9534537554929556,183.55455385786598,0.037688925271342814,0.09204506964068261
Wine_mr_mc.csv,balanced,DBSCAN,Geometric,minkowski,,,,,0.3429678585116197,2.084003974401071,43.66210577942789,0.0027321991239917347,0.003856868521986809
Wine_mr_mc.csv,balanced,KNN,Geometric,chebyshev,0.5529073776143415,0.5281476946341698,0.5529073776143415,0.5374002877886929,,,,,
Wine_mr_mc.csv,balanced,SVM,Geometric,chebyshev,0.41645215659235424,0.5169536892317798,0.41645215659235424,0.44973405580028586,,,,,
Wine_mr_mc.csv,balanced,K-Medoids,Geometric,chebyshev,,,,,0.06334098270016265,2.8711790621466178,107.2662855511331,0.029814370067901136,0.05836769247418108
Wine_mr_mc.csv,balanced,DBSCAN,Geometric,chebyshev,,,,,0.3911759641787918,2.5652464775275403,37.90705458593934,0.003415331546426453,0.0032826652121029916
Wine_mr_mc.csv,balanced,KNN,Geometric,canberra,0.558139891212748,0.5297595095795197,0.558139891212748,0.5405622084805624,,,,,
Wine_mr_mc.csv,balanced,SVM,Geometric,canberra,0.5713169386347966,0.59925091774993,0.5713169386347966,0.575122054405903,,,,,
Wine_mr_mc.csv,balanced,K-Medoids,Geometric,canberra,,,,,0.09249990906941054,2.722341998856358,128.81623655174292,0.050742357952849565,0.09652160226304089
Wine_mr_mc.csv,balanced,DBSCAN,Geometric,canberra,,,,,0.3175212595664327,3.2966168190590213,14.65512575258499,0.00960457717743206,0.00859423958830714
Wine_mr_mc.csv,balanced,KNN,Geometric,braycurtis,0.5546962384126255,0.5351324945433097,0.5546962384126255,0.5399990042780628,,,,,
Wine_mr_mc.csv,balanced,SVM,Geometric,braycurtis,0.5573316478970352,0.5920608156294734,0.5573316478970352,0.5627154496277015,,,,,
Wine_mr_mc.csv,balanced,K-Medoids,Geometric,braycurtis,,,,,0.12412498119517122,2.1163459694891555,172.332126374051,0.04046536957477789,0.09261178439702353
Wine_mr_mc.csv,balanced,DBSCAN,Geometric,braycurtis,,,,,0.35174328494205703,2.221031622560457,26.487300518284282,0.005253532631843459,0.004502047637969709
Wine_mr_mc.csv,balanced,KNN,Geometric,hamming,0.4961005132919635,0.46815314905930305,0.4961005132919635,0.4669576177248832,,,,,
Wine_mr_mc.csv,balanced,SVM,Geometric,hamming,0.5800965295334406,0.5638640683138179,0.5800965295334406,0.5672625488432947,,,,,
Wine_mr_mc.csv,balanced,K-Medoids,Geometric,hamming,,,,,0.005706603350543137,12.442307407329217,3.9420685287660064,0.0016528716331295071,0.011110562007412113
Wine_mr_mc.csv,balanced,DBSCAN,Geometric,hamming,,,,,,,,,
Wine_mr_mc.csv,balanced,KNN,Geometric,cosine,0.5730598329885851,0.5450270793027425,0.5730598329885851,0.5571596614645197,,,,,
Wine_mr_mc.csv,balanced,SVM,Geometric,cosine,0.44359917260399906,0.5726460429320432,0.44359917260399906,0.4905093773950365,,,,,
Wine_mr_mc.csv,balanced,K-Medoids,Geometric,cosine,,,,,0.29439298553132565,1.6850165720947927,220.73238400909236,0.06290829255724882,0.10544543224717627
Wine_mr_mc.csv,balanced,DBSCAN,Geometric,cosine,,,,,0.49852903501154416,2.1838854092231275,21.463023571691377,0.0018166535934751387,0.0072521875966022106
Wine_mr_mc.csv,balanced,KNN,Probabilistic,earth_movers,0.515272351183636,0.47618678279569604,0.515272351183636,0.4908029811379443,,,,,
Wine_mr_mc.csv,balanced,SVM,Probabilistic,earth_movers,0.45230215276181723,0.5292400773066097,0.45230215276181723,0.4753912431447609,,,,,
Wine_mr_mc.csv,balanced,K-Medoids,Probabilistic,earth_movers,,,,,0.2674076329534341,2.2194254341586057,270.4770120506186,0.004659072690764896,0.010879218340600752
Wine_mr_mc.csv,balanced,DBSCAN,Probabilistic,earth_movers,,,,,0.600434193760274,0.7734477503367267,163.38151867894956,0.0033395303162578557,0.011116348219346487
Wine_mr_mc.csv,balanced,KNN,Probabilistic,kl_divergence,0.5651880793687274,0.5375371758793727,0.5651880793687274,0.5482900832215627,,,,,
Wine_mr_mc.csv,balanced,SVM,Probabilistic,kl_divergence,0.40686815291503875,0.5451005083168303,0.40686815291503875,0.45367931213552354,,,,,
Wine_mr_mc.csv,balanced,K-Medoids,Probabilistic,kl_divergence,,,,,0.28325992371322284,2.7833321219827685,135.85762809125677,0.049265436579010946,0.08617603552448451
Wine_mr_mc.csv,balanced,DBSCAN,Probabilistic,kl_divergence,,,,,0.5966670349647234,2.3021312838748305,42.63552681971272,0.01139633143234618,0.008219574821475291
Wine_mr_mc.csv,balanced,KNN,Probabilistic,jensen_shannon,0.5651765877576036,0.53864780972132,0.5651765877576036,0.5484913882621429,,,,,
Wine_mr_mc.csv,balanced,SVM,Probabilistic,jensen_shannon,0.5634643377001456,0.587286385069121,0.5634643377001456,0.5630806633652736,,,,,
Wine_mr_mc.csv,balanced,K-Medoids,Probabilistic,jensen_shannon,,,,,0.10393207288498749,2.3420669244672574,142.4630554006982,0.043503169973799855,0.09321092174596539
Wine_mr_mc.csv,balanced,DBSCAN,Probabilistic,jensen_shannon,,,,,0.34921846672593415,1.6591184734189666,78.86897542679932,0.00964599839279755,0.006116712992540406
Wine_mr_mc.csv,balanced,KNN,Probabilistic,bhattacharyya,0.5643070558492301,0.538406621514848,0.5643070558492301,0.5478685923321136,,,,,
Wine_mr_mc.csv,balanced,SVM,Probabilistic,bhattacharyya,0.46109706580862636,0.5717285905842806,0.46109706580862636,0.5005673545069598,,,,,
Wine_mr_mc.csv,balanced,K-Medoids,Probabilistic,bhattacharyya,,,,,0.1743115383112254,2.433013598157961,139.4660781866895,0.042861789805372565,0.08995796302891852
Wine_mr_mc.csv,balanced,DBSCAN,Probabilistic,bhattacharyya,,,,,0.5498565566105672,1.781950607749605,72.24823336118641,0.00912806595163772,0.005557448819252206
Wine_mr_mc.csv,balanced,KNN,Probabilistic,total_variation,0.5249444572129012,0.49783381096702134,0.5249444572129012,0.5089574659862262,,,,,
Wine_mr_mc.csv,balanced,SVM,Probabilistic,total_variation,0.5459396307362292,0.5821472407328167,0.5459396307362292,0.5520055681035505,,,,,
Wine_mr_mc.csv,balanced,K-Medoids,Probabilistic,total_variation,,,,,0.103871602120689,1.8478316094227132,296.62343661967435,0.011005730695267205,0.03421218452183613
Wine_mr_mc.csv,balanced,DBSCAN,Probabilistic,total_variation,,,,,0.3424852480821121,1.595489218397158,88.38113997929823,0.0027107474584199165,0.007064841206813833
abalone_hr_lc.csv,balanced,KNN,Geometric,euclidean,0.2322290347534596,0.21462642206443922,0.2322290347534596,0.21757329343896714,,,,,
abalone_hr_lc.csv,balanced,SVM,Geometric,euclidean,0.17811448872589747,0.23719926315851633,0.17811448872589747,0.18329068032645596,,,,,
abalone_hr_lc.csv,balanced,K-Medoids,Geometric,euclidean,,,,,0.3308227749318162,1.2959861419779686,6997.783992774089,0.06380493926750906,0.15520212363987154
abalone_hr_lc.csv,balanced,DBSCAN,Geometric,euclidean,,,,,0.7367671509506973,1.4299034116268212,9480.412362641273,0.038938853952497125,0.09137006292381723
abalone_hr_lc.csv,balanced,KNN,Geometric,manhattan,0.2365341088158611,0.2202795406087857,0.2365341088158611,0.22079974237116579,,,,,
abalone_hr_lc.csv,balanced,SVM,Geometric,manhattan,0.19535684611637968,0.23893430521949582,0.19535684611637968,0.19803804841277556,,,,,
abalone_hr_lc.csv,balanced,K-Medoids,Geometric,manhattan,,,,,0.32067230585611967,1.2955067491163041,9099.391104193515,0.051541152921132316,0.16935847738477067
abalone_hr_lc.csv,balanced,DBSCAN,Geometric,manhattan,,,,,0.6881477709194498,1.193846622559116,9630.478934370145,0.038777169913108325,0.09094143081953822
abalone_hr_lc.csv,balanced,KNN,Geometric,minkowski,0.2322290347534596,0.21462642206443922,0.2322290347534596,0.21757329343896714,,,,,
abalone_hr_lc.csv,balanced,SVM,Geometric,minkowski,0.17811448872589747,0.23719926315851633,0.17811448872589747,0.18329068032645596,,,,,
abalone_hr_lc.csv,balanced,K-Medoids,Geometric,minkowski,,,,,0.3308227749318162,1.2959861419779686,6997.783992774089,0.06380493926750906,0.15520212363987154
abalone_hr_lc.csv,balanced,DBSCAN,Geometric,minkowski,,,,,0.7367671509506973,1.4299034116268212,9480.412362641273,0.038938853952497125,0.09137006292381723
abalone_hr_lc.csv,balanced,KNN,Geometric,chebyshev,0.22073632639028165,0.20201575573066907,0.22073632639028165,0.20584848753546212,,,,,
abalone_hr_lc.csv,balanced,SVM,Geometric,chebyshev,0.1766790820273329,0.22179095610974947,0.1766790820273329,0.1840417897617589,,,,,
abalone_hr_lc.csv,balanced,K-Medoids,Geometric,chebyshev,,,,,0.30877105410811556,1.851820891999168,148.12974434154276,-0.001998735457796025,0.08189521016741212
abalone_hr_lc.csv,balanced,DBSCAN,Geometric,chebyshev,,,,,0.7524901500376875,1.4288127290569035,9483.311725850532,0.038817927848558545,0.09089335276786466
abalone_hr_lc.csv,balanced,KNN,Geometric,canberra,0.24132366845256853,0.22131901417905553,0.24132366845256853,0.22475532993068895,,,,,
abalone_hr_lc.csv,balanced,SVM,Geometric,canberra,0.21211700999914046,0.24215051045584368,0.21211700999914046,0.21484950415097756,,,,,
abalone_hr_lc.csv,balanced,K-Medoids,Geometric,canberra,,,,,0.28690909892571487,1.304149420879058,9020.013210842992,0.05178864729946995,0.17042575641345944
abalone_hr_lc.csv,balanced,DBSCAN,Geometric,canberra,,,,,0.5333775074903621,1.215421532020371,5891.881847468186,0.041126559887355696,0.10261765034442354
abalone_hr_lc.csv,balanced,KNN,Geometric,braycurtis,0.23677362977394495,0.22000892623565155,0.23677362977394495,0.22093440814200474,,,,,
abalone_hr_lc.csv,balanced,SVM,Geometric,braycurtis,0.1955980861244019,0.2412163139297875,0.1955980861244019,0.1982026791363897,,,,,
abalone_hr_lc.csv,balanced,K-Medoids,Geometric,braycurtis,,,,,0.32047667803655844,1.3690180793714017,8256.701523560649,0.05633908313780085,0.1575431697405522
abalone_hr_lc.csv,balanced,DBSCAN,Geometric,braycurtis,,,,,0.6042486240457834,1.4269022668991687,9588.787918215516,0.03860478670055758,0.09087645077734613
abalone_hr_lc.csv,balanced,KNN,Geometric,hamming,0.21737902186058505,0.1852530607805245,0.21737902186058505,0.19678885317798117,,,,,
abalone_hr_lc.csv,balanced,SVM,Geometric,hamming,0.13933530069048505,0.12657383857804747,0.13933530069048505,0.09828878007934487,,,,,
abalone_hr_lc.csv,balanced,K-Medoids,Geometric,hamming,,,,,0.0055680882033878835,8.348675161903683,984.9695697730259,0.034867800415484033,0.10166192053816633
abalone_hr_lc.csv,balanced,DBSCAN,Geometric,hamming,,,,,,,,,
abalone_hr_lc.csv,balanced,KNN,Geometric,cosine,0.22767985559980514,0.2134124975243959,0.22767985559980514,0.21232042440036475,,,,,
abalone_hr_lc.csv,balanced,SVM,Geometric,cosine,0.11395295533335244,0.15419778937994028,0.11395295533335244,0.11788553665788153,,,,,
abalone_hr_lc.csv,balanced,K-Medoids,Geometric,cosine,,,,,0.4740305751466039,1.1630060684708592,9266.349801109523,0.05358405496691758,0.17272814630271047
abalone_hr_lc.csv,balanced,DBSCAN,Geometric,cosine,,,,,0.9108708501970205,1.6052974407563472,9534.800790936883,0.038535725098796825,0.09070237653185423
abalone_hr_lc.csv,balanced,KNN,Probabilistic,earth_movers,0.22073403432369712,0.1986392058774824,0.22073403432369712,0.20296013221956688,,,,,
abalone_hr_lc.csv,balanced,SVM,Probabilistic,earth_movers,0.1438810417442627,0.22370240182637896,0.1438810417442627,0.1489243830939693,,,,,
abalone_hr_lc.csv,balanced,K-Medoids,Probabilistic,earth_movers,,,,,0.4371602731772192,1.2053741481741862,1675.2022526296064,0.041155324736229376,0.1609534821141403
abalone_hr_lc.csv,balanced,DBSCAN,Probabilistic,earth_movers,,,,,0.5703540413908357,0.3389872757408273,7.7983513320071705,4.344477755665816e-05,0.000527269199905599
abalone_hr_lc.csv,balanced,KNN,Probabilistic,kl_divergence,0.2341414778099304,0.21849121094628207,0.2341414778099304,0.21960698993183883,,,,,
abalone_hr_lc.csv,balanced,SVM,Probabilistic,kl_divergence,0.05170988167206257,0.06046432399151088,0.05170988167206257,0.029559221161874084,,,,,
abalone_hr_lc.csv,balanced,K-Medoids,Probabilistic,kl_divergence,,,,,0.46011576381682256,1.019170919079429,6274.6930905287545,0.049842273165983275,0.17064510295010546
abalone_hr_lc.csv,balanced,DBSCAN,Probabilistic,kl_divergence,,,,,0.9647239179182574,2.5882583649339113,1990.242532017583,0.03858535371352052,0.09110321976848153
abalone_hr_lc.csv,balanced,KNN,Probabilistic,jensen_shannon,0.23390195685184656,0.2183274192583709,0.23390195685184656,0.21940753620023976,,,,,
abalone_hr_lc.csv,balanced,SVM,Probabilistic,jensen_shannon,0.1824255794630834,0.23876587861981954,0.1824255794630834,0.18714823698238658,,,,,
abalone_hr_lc.csv,balanced,K-Medoids,Probabilistic,jensen_shannon,,,,,0.3075764607021063,1.6049792856117018,3685.069524957482,0.05947650003004065,0.16296179566369304
abalone_hr_lc.csv,balanced,DBSCAN,Probabilistic,jensen_shannon,,,,,0.6626198710446729,2.3555772617487,1992.3286845187226,0.038517730433776855,0.09112991436155982
abalone_hr_lc.csv,balanced,KNN,Probabilistic,bhattacharyya,0.23390195685184656,0.2183274192583709,0.23390195685184656,0.21940753620023976,,,,,
abalone_hr_lc.csv,balanced,SVM,Probabilistic,bhattacharyya,0.11730452969658767,0.177615165997095,0.11730452969658767,0.1172956693982669,,,,,
abalone_hr_lc.csv,balanced,K-Medoids,Probabilistic,bhattacharyya,,,,,0.44533719488168566,1.1072111300761474,6227.533143600732,0.050502402465170945,0.1714152212697734
abalone_hr_lc.csv,balanced,DBSCAN,Probabilistic,bhattacharyya,,,,,0.8858776707875587,2.3555772617487,1992.3286845187226,0.038517730433776855,0.09112991436155982
abalone_hr_lc.csv,balanced,KNN,Probabilistic,total_variation,0.2231312494627969,0.20314146044642958,0.2231312494627969,0.20647869242592215,,,,,
abalone_hr_lc.csv,balanced,SVM,Probabilistic,total_variation,0.18673810274188468,0.254157339723859,0.18673810274188468,0.1948302441780592,,,,,
abalone_hr_lc.csv,balanced,K-Medoids,Probabilistic,total_variation,,,,,0.3644740499493126,0.8609404485370754,6791.201731979014,0.04982507884804924,0.16360806930400165
abalone_hr_lc.csv,balanced,DBSCAN,Probabilistic,total_variation,,,,,0.529239776280993,1.0982362937912042,2019.3317982627188,0.038678799393022496,0.09072767740685847
EEG_Eye_State_hr_mc.csv,balanced,KNN,Geometric,euclidean,0.8306408544726303,0.8304654637876221,0.8306408544726303,0.8304672124125874,,,,,
EEG_Eye_State_hr_mc.csv,balanced,SVM,Geometric,euclidean,0.8143524699599466,0.8154606139916568,0.8143524699599466,0.8146370907946572,,,,,
EEG_Eye_State_hr_mc.csv,balanced,K-Medoids,Geometric,euclidean,,,,,0.2044528269795973,1.4686884351077927,736.3095113689235,0.005865136313004411,0.0049608343480529605
EEG_Eye_State_hr_mc.csv,balanced,DBSCAN,Geometric,euclidean,,,,,0.5539042298598299,2.6292696191143548,523.4906612585484,-0.0002505652315822731,0.0006578406269907758
EEG_Eye_State_hr_mc.csv,balanced,KNN,Geometric,manhattan,0.8344459279038718,0.8342436725728083,0.8344459279038718,0.8342520009035045,,,,,
EEG_Eye_State_hr_mc.csv,balanced,SVM,Geometric,manhattan,0.8357810413885179,0.8364127650652422,0.8357810413885179,0.8359565469612606,,,,,
EEG_Eye_State_hr_mc.csv,balanced,K-Medoids,Geometric,manhattan,,,,,0.2810778508673771,1.4255892522657996,838.6628917797384,0.008899613519622106,0.004521203436594142
EEG_Eye_State_hr_mc.csv,balanced,DBSCAN,Geometric,manhattan,,,,,0.480124210499627,1.9891300813572825,965.0579539144312,-0.00012734607030850668,0.0013832848693730764
EEG_Eye_State_hr_mc.csv,balanced,KNN,Geometric,minkowski,0.8306408544726303,0.8304654637876221,0.8306408544726303,0.8304672124125874,,,,,
EEG_Eye_State_hr_mc.csv,balanced,SVM,Geometric,minkowski,0.8143524699599466,0.8154606139916568,0.8143524699599466,0.8146370907946572,,,,,
EEG_Eye_State_hr_mc.csv,balanced,K-Medoids,Geometric,minkowski,,,,,0.2044528269795973,1.4686884351077927,736.3095113689235,0.005865136313004411,0.0049608343480529605
EEG_Eye_State_hr_mc.csv,balanced,DBSCAN,Geometric,minkowski,,,,,0.5539042298598299,2.6292696191143548,523.4906612585484,-0.0002505652315822731,0.0006578406269907758
EEG_Eye_State_hr_mc.csv,balanced,KNN,Geometric,chebyshev,0.8145527369826435,0.8143303283620102,0.8145527369826435,0.8143456121071304,,,,,
EEG_Eye_State_hr_mc.csv,balanced,SVM,Geometric,chebyshev,0.5294392523364486,0.534144481178939,0.5294392523364486,0.5306206467353365,,,,,
EEG_Eye_State_hr_mc.csv,balanced,K-Medoids,Geometric,chebyshev,,,,,0.15738100946625566,2.706940298039056,243.72915191872113,0.00407057348612914,0.0025017846674380852
EEG_Eye_State_hr_mc.csv,balanced,DBSCAN,Geometric,chebyshev,,,,,0.5969073519627552,2.7111254255468786,429.8461120443775,-0.0003238579867724506,0.0010380916928364266
EEG_Eye_State_hr_mc.csv,balanced,KNN,Geometric,canberra,0.8347129506008011,0.834918686444996,0.8347129506008011,0.834074557477566,,,,,
EEG_Eye_State_hr_mc.csv,balanced,SVM,Geometric,canberra,0.8358477970627505,0.8361732921791724,0.8358477970627505,0.8359596637581272,,,,,
EEG_Eye_State_hr_mc.csv,balanced,K-Medoids,Geometric,canberra,,,,,0.3931208884477771,1.7055170446809447,576.7577154060625,0.004655698101255042,0.003724649118976601
EEG_Eye_State_hr_mc.csv,balanced,DBSCAN,Geometric,canberra,,,,,0.8631496763158815,2.9672016801313115,433.4436972939196,-0.00017144563884105687,0.00014241689041141742
EEG_Eye_State_hr_mc.csv,balanced,KNN,Geometric,braycurtis,0.8345794392523365,0.8343801287154001,0.8345794392523365,0.8343883015288395,,,,,
EEG_Eye_State_hr_mc.csv,balanced,SVM,Geometric,braycurtis,0.8356475300400534,0.8363007592110459,0.8356475300400534,0.8358262361877082,,,,,
EEG_Eye_State_hr_mc.csv,balanced,K-Medoids,Geometric,braycurtis,,,,,0.2824994766059307,1.433243187180934,835.6198990936575,0.008687213087412379,0.00442493307042804
EEG_Eye_State_hr_mc.csv,balanced,DBSCAN,Geometric,braycurtis,,,,,0.9839332935915818,1.9689059857357987,2864.58096552815,-6.868308155456283e-05,0.00013179080494126507
EEG_Eye_State_hr_mc.csv,balanced,KNN,Geometric,hamming,0.5786381842456609,0.57444906041731,0.5786381842456609,0.5743481631576909,,,,,
EEG_Eye_State_hr_mc.csv,balanced,SVM,Geometric,hamming,0.664419225634179,0.6655875597447045,0.664419225634179,0.6648124913669096,,,,,
EEG_Eye_State_hr_mc.csv,balanced,K-Medoids,Geometric,hamming,,,,,0.0009465873214148866,7.44840579191113,13.523824448606941,-0.0014634408146975068,0.00020752454768418937
EEG_Eye_State_hr_mc.csv,balanced,DBSCAN,Geometric,hamming,,,,,0.009007246166872214,1.7673124508884568,3721.3063886203277,-4.395013429234934e-05,6.553937623478004e-05
EEG_Eye_State_hr_mc.csv,balanced,KNN,Geometric,cosine,0.8046061415220294,0.8043528880420986,0.8046061415220294,0.8043836577687788,,,,,
EEG_Eye_State_hr_mc.csv,balanced,SVM,Geometric,cosine,0.7255006675567423,0.7301518531088022,0.7255006675567423,0.7261763014089447,,,,,
EEG_Eye_State_hr_mc.csv,balanced,K-Medoids,Geometric,cosine,,,,,0.3832031112007294,1.4796961353021039,774.0634717723665,0.018882790072864145,0.00975285789312934
EEG_Eye_State_hr_mc.csv,balanced,DBSCAN,Geometric,cosine,,,,,0.7671744652023004,2.745226207924681,405.95915006705656,-0.000318755143750174,0.00043520883920096824
EEG_Eye_State_hr_mc.csv,balanced,KNN,Probabilistic,earth_movers,0.6518,0.6511037900873917,0.6518,0.6506806907753546,,,,,
EEG_Eye_State_hr_mc.csv,balanced,SVM,Probabilistic,earth_movers,0.6452,0.644797928758555,0.6452,0.6444968160743081,,,,,
EEG_Eye_State_hr_mc.csv,balanced,K-Medoids,Probabilistic,earth_movers,,,,,0.397882297546888,0.9518293987045547,519.1198265396263,0.0014630671251760403,0.0009041179896986557
EEG_Eye_State_hr_mc.csv,balanced,DBSCAN,Probabilistic,earth_movers,,,,,0.3478297041643679,3.087697048228757,187.1783011927819,-0.0009825167588341994,0.007694520025649084
EEG_Eye_State_hr_mc.csv,balanced,KNN,Probabilistic,kl_divergence,0.708,0.7076759845906153,0.708,0.7077290605217418,,,,,
EEG_Eye_State_hr_mc.csv,balanced,SVM,Probabilistic,kl_divergence,0.6494000000000001,0.6492852830947266,0.6494000000000001,0.6489192285877374,,,,,
EEG_Eye_State_hr_mc.csv,balanced,K-Medoids,Probabilistic,kl_divergence,,,,,0.24395828922485635,1.356709776790234,308.8309764176424,0.007497181752110901,0.004482907479798287
EEG_Eye_State_hr_mc.csv,balanced,DBSCAN,Probabilistic,kl_divergence,,,,,0.3671057150714517,1.8367772350415135,98.32306924956079,-0.0007713706922494909,0.005735247856357448
EEG_Eye_State_hr_mc.csv,balanced,KNN,Probabilistic,jensen_shannon,0.7081999999999999,0.7078757639528336,0.7081999999999999,0.7079234960030512,,,,,
EEG_Eye_State_hr_mc.csv,balanced,SVM,Probabilistic,jensen_shannon,0.7047999999999999,0.7050198369534371,0.7047999999999999,0.704471516906237,,,,,
EEG_Eye_State_hr_mc.csv,balanced,K-Medoids,Probabilistic,jensen_shannon,,,,,0.39740610324515846,1.4111111893110218,273.7133132971397,0.005514636572453387,0.003971993912626513
EEG_Eye_State_hr_mc.csv,balanced,DBSCAN,Probabilistic,jensen_shannon,,,,,0.3294730793964044,1.8367772350415135,98.32306924956079,-0.0007713706922494909,0.005735247856357448
EEG_Eye_State_hr_mc.csv,balanced,KNN,Probabilistic,bhattacharyya,0.7081999999999999,0.7078757639528336,0.7081999999999999,0.7079234960030512,,,,,
EEG_Eye_State_hr_mc.csv,balanced,SVM,Probabilistic,bhattacharyya,0.6496000000000001,0.6494940848265591,0.6496000000000001,0.6491271594602956,,,,,
EEG_Eye_State_hr_mc.csv,balanced,K-Medoids,Probabilistic,bhattacharyya,,,,,0.31699313021296455,1.3436584817787574,314.2907003812607,0.007917698863083841,0.004726653257662613
EEG_Eye_State_hr_mc.csv,balanced,DBSCAN,Probabilistic,bhattacharyya,,,,,0.36926720507243516,1.8367772350415135,98.32306924956079,-0.0007713706922494909,0.005735247856357448
EEG_Eye_State_hr_mc.csv,balanced,KNN,Probabilistic,total_variation,0.7432000000000001,0.7429049438049236,0.7432000000000001,0.742743336779534,,,,,
EEG_Eye_State_hr_mc.csv,balanced,SVM,Probabilistic,total_variation,0.7384000000000001,0.738532690306078,0.7384000000000001,0.738259629685022,,,,,
EEG_Eye_State_hr_mc.csv,balanced,K-Medoids,Probabilistic,total_variation,,,,,0.34618311198714935,0.9153352312815146,549.4225957085166,0.003503334119665519,0.002179673944740206
EEG_Eye_State_hr_mc.csv,balanced,DBSCAN,Probabilistic,total_variation,,,,,0.5048445329231975,3.2018102368011085,185.9426266794346,-0.0012977473926713756,0.012330425880764028
letter-recognition_hr_hc.csv,balanced,KNN,Geometric,euclidean,0.95075,0.9515059015958537,0.95075,0.9508193129127598,,,,,
letter-recognition_hr_hc.csv,balanced,SVM,Geometric,euclidean,0.9498,0.9515509039433565,0.9498,0.9499968204414584,,,,,
letter-recognition_hr_hc.csv,balanced,K-Medoids,Geometric,euclidean,,,,,0.06288425155791362,2.5624398697822777,962.4904986323468,0.10351820889320551,0.28228563723797884
letter-recognition_hr_hc.csv,balanced,DBSCAN,Geometric,euclidean,,,,,,,,,
letter-recognition_hr_hc.csv,balanced,KNN,Geometric,manhattan,0.94955,0.950568395151355,0.94955,0.9496859530367352,,,,,
letter-recognition_hr_hc.csv,balanced,SVM,Geometric,manhattan,0.9442,0.9463287701188001,0.9442,0.9444663435736113,,,,,
letter-recognition_hr_hc.csv,balanced,K-Medoids,Geometric,manhattan,,,,,0.05403804566451634,3.908756587529242,758.5787978622434,0.0497704646776273,0.16456007078152307
letter-recognition_hr_hc.csv,balanced,DBSCAN,Geometric,manhattan,,,,,,,,,
letter-recognition_hr_hc.csv,balanced,KNN,Geometric,minkowski,0.95075,0.9515059015958537,0.95075,0.9508193129127598,,,,,
letter-recognition_hr_hc.csv,balanced,SVM,Geometric,minkowski,0.9498,0.9515509039433565,0.9498,0.9499968204414584,,,,,
letter-recognition_hr_hc.csv,balanced,K-Medoids,Geometric,minkowski,,,,,0.06288425155791362,2.5624398697822777,962.4904986323468,0.10351820889320551,0.28228563723797884
letter-recognition_hr_hc.csv,balanced,DBSCAN,Geometric,minkowski,,,,,,,,,
letter-recognition_hr_hc.csv,balanced,KNN,Geometric,chebyshev,0.9057999999999999,0.9086280243710894,0.9057999999999999,0.9063518050382372,,,,,
letter-recognition_hr_hc.csv,balanced,SVM,Geometric,chebyshev,0.45744999999999997,0.4887344009459632,0.45744999999999997,0.46320699549618016,,,,,
letter-recognition_hr_hc.csv,balanced,K-Medoids,Geometric,chebyshev,,,,,-0.06924199941704512,3.581226193206163,474.3516450822159,0.070751753297082,0.2079834265708913
letter-recognition_hr_hc.csv,balanced,DBSCAN,Geometric,chebyshev,,,,,,,,,
letter-recognition_hr_hc.csv,balanced,KNN,Geometric,canberra,0.94065,0.942025313482344,0.94065,0.9408750600551798,,,,,
letter-recognition_hr_hc.csv,balanced,SVM,Geometric,canberra,0.9347,0.9371437214220297,0.9347,0.9350126980843554,,,,,
letter-recognition_hr_hc.csv,balanced,K-Medoids,Geometric,canberra,,,,,0.010455851054568827,3.8454849327001597,504.6693067865583,0.051095578915241545,0.16530673956956335
letter-recognition_hr_hc.csv,balanced,DBSCAN,Geometric,canberra,,,,,0.36964696005162867,0.6118202202173905,65.19707733956663,1.8119253845843617e-05,0.003926154488939583
letter-recognition_hr_hc.csv,balanced,KNN,Geometric,braycurtis,0.9497500000000001,0.9507723020670851,0.9497500000000001,0.9498647936196516,,,,,
letter-recognition_hr_hc.csv,balanced,SVM,Geometric,braycurtis,0.94045,0.9427583522657145,0.94045,0.9407217798771139,,,,,
letter-recognition_hr_hc.csv,balanced,K-Medoids,Geometric,braycurtis,,,,,0.03554453247663652,3.3155668948589954,628.5330308321378,0.0567190448606829,0.18351484365109952
letter-recognition_hr_hc.csv,balanced,DBSCAN,Geometric,braycurtis,,,,,,,,,
letter-recognition_hr_hc.csv,balanced,KNN,Geometric,hamming,0.8744499999999998,0.8811889954961873,0.8744499999999998,0.8758463517854282,,,,,
letter-recognition_hr_hc.csv,balanced,SVM,Geometric,hamming,0.89205,0.8959578474737884,0.89205,0.8926765453234822,,,,,
letter-recognition_hr_hc.csv,balanced,K-Medoids,Geometric,hamming,,,,,0.006550809607060925,12.293515249341409,209.61219316270865,0.004364305708512282,0.021483193320457627
letter-recognition_hr_hc.csv,balanced,DBSCAN,Geometric,hamming,,,,,,,,,
letter-recognition_hr_hc.csv,balanced,KNN,Geometric,cosine,0.9492,0.9501360912908788,0.9492,0.9492887820433479,,,,,
letter-recognition_hr_hc.csv,balanced,SVM,Geometric,cosine,0.9101000000000001,0.9140831138840536,0.9101000000000001,0.9107519802976156,,,,,
letter-recognition_hr_hc.csv,balanced,K-Medoids,Geometric,cosine,,,,,0.0791020973655676,2.7310649171269743,901.159383662954,0.1037703718300428,0.2614175008736164
letter-recognition_hr_hc.csv,balanced,DBSCAN,Geometric,cosine,,,,,,,,,
letter-recognition_hr_hc.csv,balanced,KNN,Probabilistic,earth_movers,0.5006,0.5334915146038048,0.5006,0.5038918343297574,,,,,
letter-recognition_hr_hc.csv,balanced,SVM,Probabilistic,earth_movers,0.4152,0.4520935470899877,0.4152,0.420778835232373,,,,,
letter-recognition_hr_hc.csv,balanced,K-Medoids,Probabilistic,earth_movers,,,,,0.18847996653299215,3.126047162111815,584.0107207475345,0.018807634323588892,0.10729574271907202
letter-recognition_hr_hc.csv,balanced,DBSCAN,Probabilistic,earth_movers,,,,,0.5984437994041854,0.2892846179124028,116.47179051444431,1.8504951537954774e-05,0.0040256330244010236
letter-recognition_hr_hc.csv,balanced,KNN,Probabilistic,kl_divergence,0.8448,0.8528712001327005,0.8448,0.8450918122425577,,,,,
letter-recognition_hr_hc.csv,balanced,SVM,Probabilistic,kl_divergence,0.7968000000000001,0.8156590215146388,0.7968000000000001,0.8000423022603205,,,,,
letter-recognition_hr_hc.csv,balanced,K-Medoids,Probabilistic,kl_divergence,,,,,0.10421463690677756,2.543328482013562,470.6302963419247,0.08729010009555076,0.3067059053967635
letter-recognition_hr_hc.csv,balanced,DBSCAN,Probabilistic,kl_divergence,,,,,0.4306973116120869,2.5491051299434,54.46775588245739,0.008046778616980898,0.18454643919525904
letter-recognition_hr_hc.csv,balanced,KNN,Probabilistic,jensen_shannon,0.8612,0.8680129404324537,0.8612,0.8613902468248238,,,,,
letter-recognition_hr_hc.csv,balanced,SVM,Probabilistic,jensen_shannon,0.8705999999999999,0.8821544851898544,0.8705999999999999,0.8723917942170079,,,,,
letter-recognition_hr_hc.csv,balanced,K-Medoids,Probabilistic,jensen_shannon,,,,,0.062247112598779304,2.5939196526837214,463.2142743393442,0.11365995306210802,0.2986767443295487
letter-recognition_hr_hc.csv,balanced,DBSCAN,Probabilistic,jensen_shannon,,,,,0.42967233360507334,0.45208960628928985,185.37200380616102,0.00029741222933715023,0.018841409383279304
letter-recognition_hr_hc.csv,balanced,KNN,Probabilistic,bhattacharyya,0.8585999999999998,0.8656007365693267,0.8585999999999998,0.8588894365515918,,,,,
letter-recognition_hr_hc.csv,balanced,SVM,Probabilistic,bhattacharyya,0.8315999999999999,0.8490407662446968,0.8315999999999999,0.8345769932678619,,,,,
letter-recognition_hr_hc.csv,balanced,K-Medoids,Probabilistic,bhattacharyya,,,,,0.11065317955373703,2.6968210528270666,475.05918528985535,0.09171382587789804,0.2810788604652599
letter-recognition_hr_hc.csv,balanced,DBSCAN,Probabilistic,bhattacharyya,,,,,0.34547551818115485,1.1924985330318176,124.11735320722104,0.00029785051497831824,0.019440213785125057
letter-recognition_hr_hc.csv,balanced,KNN,Probabilistic,total_variation,0.8202,0.830845315397098,0.8202,0.8202842128661112,,,,,
letter-recognition_hr_hc.csv,balanced,SVM,Probabilistic,total_variation,0.86,0.8717149442652564,0.86,0.8615665582944233,,,,,
letter-recognition_hr_hc.csv,balanced,K-Medoids,Probabilistic,total_variation,,,,,0.059782903584386246,2.52311574921752,645.821001640684,0.07085419114698907,0.2297954281500128
letter-recognition_hr_hc.csv,balanced,DBSCAN,Probabilistic,total_variation,,,,,,,,,
climate_model_crashes_lr_hc.csv,imbalanced,KNN,Geometric,euclidean,0.9203703703703704,0.8864233545690773,0.9203703703703704,0.8988108387012417,,,,,
climate_model_crashes_lr_hc.csv,imbalanced,SVM,Geometric,euclidean,0.9425925925925925,0.9397838885851689,0.9425925925925925,0.9373826597198998,,,,,
climate_model_crashes_lr_hc.csv,imbalanced,K-Medoids,Geometric,euclidean,,,,,0.03473548261816668,5.086257431821485,20.499029393658436,0.0020220531610746642,0.04354327254602075
climate_model_crashes_lr_hc.csv,imbalanced,DBSCAN,Geometric,euclidean,,,,,,,,,
climate_model_crashes_lr_hc.csv,imbalanced,KNN,Geometric,manhattan,0.924074074074074,0.8907485479214451,0.924074074074074,0.8999077977156043,,,,,
climate_model_crashes_lr_hc.csv,imbalanced,SVM,Geometric,manhattan,0.9314814814814815,0.9326097112593598,0.9314814814814815,0.9311368449195385,,,,,
climate_model_crashes_lr_hc.csv,imbalanced,K-Medoids,Geometric,manhattan,,,,,0.03821096939624257,5.32083929059906,18.74799627838158,0.001577961981194196,0.03249805140573053
climate_model_crashes_lr_hc.csv,imbalanced,DBSCAN,Geometric,manhattan,,,,,,,,,
climate_model_crashes_lr_hc.csv,imbalanced,KNN,Geometric,minkowski,0.9203703703703704,0.8864233545690773,0.9203703703703704,0.8988108387012417,,,,,
climate_model_crashes_lr_hc.csv,imbalanced,SVM,Geometric,minkowski,0.9425925925925925,0.9397838885851689,0.9425925925925925,0.9373826597198998,,,,,
climate_model_crashes_lr_hc.csv,imbalanced,K-Medoids,Geometric,minkowski,,,,,0.03473548261816668,5.086257431821485,20.499029393658436,0.0020220531610746642,0.04354327254602075
climate_model_crashes_lr_hc.csv,imbalanced,DBSCAN,Geometric,minkowski,,,,,,,,,
climate_model_crashes_lr_hc.csv,imbalanced,KNN,Geometric,chebyshev,0.9166666666666666,0.8820597834149236,0.9166666666666666,0.8842767514277264,,,,,
climate_model_crashes_lr_hc.csv,imbalanced,SVM,Geometric,chebyshev,0.7555555555555556,0.881075576680152,0.7555555555555556,0.8019975755024253,,,,,
climate_model_crashes_lr_hc.csv,imbalanced,K-Medoids,Geometric,chebyshev,,,,,0.008860577430233618,8.473353061434883,7.3997786556304055,0.007240669103692073,0.013975891577866174
climate_model_crashes_lr_hc.csv,imbalanced,DBSCAN,Geometric,chebyshev,,,,,,,,,
climate_model_crashes_lr_hc.csv,imbalanced,KNN,Geometric,canberra,0.924074074074074,0.9034238387121476,0.924074074074074,0.9005835439591184,,,,,
climate_model_crashes_lr_hc.csv,imbalanced,SVM,Geometric,canberra,0.9333333333333332,0.9306361334139112,0.9333333333333332,0.9305157373109505,,,,,
climate_model_crashes_lr_hc.csv,imbalanced,K-Medoids,Geometric,canberra,,,,,0.0228810705595567,6.323809838565946,13.217353346222737,-0.0039307582424506415,0.04628692802773083
climate_model_crashes_lr_hc.csv,imbalanced,DBSCAN,Geometric,canberra,,,,,0.16206921982334485,5.664377516729712,2.457128063413013,-0.017587539552033262,0.0012739339422499015
climate_model_crashes_lr_hc.csv,imbalanced,KNN,Geometric,braycurtis,0.9277777777777778,0.9241160354500153,0.9277777777777778,0.9083065361121289,,,,,
climate_model_crashes_lr_hc.csv,imbalanced,SVM,Geometric,braycurtis,0.9277777777777778,0.9315294608284159,0.9277777777777778,0.9285199399623976,,,,,
climate_model_crashes_lr_hc.csv,imbalanced,K-Medoids,Geometric,braycurtis,,,,,0.0358741942913026,5.562109073837841,17.18569350432087,0.004761183146534788,0.012664066544249945
climate_model_crashes_lr_hc.csv,imbalanced,DBSCAN,Geometric,braycurtis,,,,,0.1981460747764753,1.681020301585061,1.5567096833241771,-0.00647917842295355,0.0020931844540554843
climate_model_crashes_lr_hc.csv,imbalanced,KNN,Geometric,hamming,0.9148148148148147,0.8368998628257888,0.9148148148148147,0.8741209761893595,,,,,
climate_model_crashes_lr_hc.csv,imbalanced,SVM,Geometric,hamming,0.9148148148148147,0.8368998628257888,0.9148148148148147,0.8741209761893595,,,,,
climate_model_crashes_lr_hc.csv,imbalanced,K-Medoids,Geometric,hamming,,,,,0.0,1.0919904400564884,0.8265937980657121,-0.003304914617158806,0.00108307802973321
climate_model_crashes_lr_hc.csv,imbalanced,DBSCAN,Geometric,hamming,,,,,,,,,
climate_model_crashes_lr_hc.csv,imbalanced,KNN,Geometric,cosine,0.924074074074074,0.909378970491192,0.924074074074074,0.9117728945017081,,,,,
climate_model_crashes_lr_hc.csv,imbalanced,SVM,Geometric,cosine,0.8851851851851851,0.9277897865447065,0.8851851851851851,0.9000151078298699,,,,,
climate_model_crashes_lr_hc.csv,imbalanced,K-Medoids,Geometric,cosine,,,,,0.0664528351368439,5.153473293992435,19.596239391433684,0.00825543686058924,0.0034101981466612805
climate_model_crashes_lr_hc.csv,imbalanced,DBSCAN,Geometric,cosine,,,,,,,,,
climate_model_crashes_lr_hc.csv,imbalanced,KNN,Probabilistic,earth_movers,0.9166666666666666,0.856957424714434,0.9166666666666666,0.8783302805360069,,,,,
climate_model_crashes_lr_hc.csv,imbalanced,SVM,Probabilistic,earth_movers,0.8851851851851851,0.9239074793244407,0.8851851851851851,0.8989405237674497,,,,,
climate_model_crashes_lr_hc.csv,imbalanced,K-Medoids,Probabilistic,earth_movers,,,,,0.4162916564335198,1.63184282054981,191.49554293376266,0.00014596818478528105,0.027021839151375297
climate_model_crashes_lr_hc.csv,imbalanced,DBSCAN,Probabilistic,earth_movers,,,,,0.512304761707078,0.5481361398710648,3.021519119777115,-0.003304914617158806,0.00108307802973321
climate_model_crashes_lr_hc.csv,imbalanced,KNN,Probabilistic,kl_divergence,0.9222222222222222,0.8895928331493781,0.9222222222222222,0.8950151163750923,,,,,
climate_model_crashes_lr_hc.csv,imbalanced,SVM,Probabilistic,kl_divergence,0.874074074074074,0.9222996219838681,0.874074074074074,0.8909003367846392,,,,,
climate_model_crashes_lr_hc.csv,imbalanced,K-Medoids,Probabilistic,kl_divergence,,,,,0.07109474326411812,4.787406445295036,21.08057811490626,0.03131027588285509,0.043873085147383466
climate_model_crashes_lr_hc.csv,imbalanced,DBSCAN,Probabilistic,kl_divergence,,,,,0.38358171872999125,2.8892965643742636,1.2622667373824037,0.02773157371780518,0.008394838023949816
climate_model_crashes_lr_hc.csv,imbalanced,KNN,Probabilistic,jensen_shannon,0.9166666666666666,0.8863895544241455,0.9166666666666666,0.8919398061557111,,,,,
climate_model_crashes_lr_hc.csv,imbalanced,SVM,Probabilistic,jensen_shannon,0.9407407407407407,0.9361027066423135,0.9407407407407407,0.9362870128777268,,,,,
climate_model_crashes_lr_hc.csv,imbalanced,K-Medoids,Probabilistic,jensen_shannon,,,,,0.032447219788786626,4.813020297228824,20.947828570505827,0.02568496886784528,0.04098514285374314
climate_model_crashes_lr_hc.csv,imbalanced,DBSCAN,Probabilistic,jensen_shannon,,,,,,,,,
climate_model_crashes_lr_hc.csv,imbalanced,KNN,Probabilistic,bhattacharyya,0.9166666666666666,0.8863895544241455,0.9166666666666666,0.8919398061557111,,,,,
climate_model_crashes_lr_hc.csv,imbalanced,SVM,Probabilistic,bhattacharyya,0.8944444444444445,0.9265246691502096,0.8944444444444445,0.9055777032623291,,,,,
climate_model_crashes_lr_hc.csv,imbalanced,K-Medoids,Probabilistic,bhattacharyya,,,,,0.06483652266634744,4.980138029761533,19.508015202682436,0.02845255643439412,0.042411079743307815
climate_model_crashes_lr_hc.csv,imbalanced,DBSCAN,Probabilistic,bhattacharyya,,,,,,,,,
climate_model_crashes_lr_hc.csv,imbalanced,KNN,Probabilistic,total_variation,0.9259259259259259,0.8981982623309843,0.9259259259259259,0.8971758479482548,,,,,
climate_model_crashes_lr_hc.csv,imbalanced,SVM,Probabilistic,total_variation,0.9333333333333332,0.933699754847851,0.9333333333333332,0.9304349700457276,,,,,
climate_model_crashes_lr_hc.csv,imbalanced,K-Medoids,Probabilistic,total_variation,,,,,0.03172742414370965,7.018259307047055,9.912937601067988,0.016002710106262568,0.04575745750014918
climate_model_crashes_lr_hc.csv,imbalanced,DBSCAN,Probabilistic,total_variation,,,,,,,,,
ecoli_lr_lc.csv,imbalanced,KNN,Geometric,euclidean,0.866198419666374,0.864545109918561,0.866198419666374,0.85622291506766,,,,,
ecoli_lr_lc.csv,imbalanced,SVM,Geometric,euclidean,0.8572870939420543,0.868211381195699,0.8572870939420543,0.8549777251167379,,,,,
ecoli_lr_lc.csv,imbalanced,K-Medoids,Geometric,euclidean,,,,,0.20818641642727348,1.561930545161445,87.81459465187234,0.39647788333356837,0.5917278368694489
ecoli_lr_lc.csv,imbalanced,DBSCAN,Geometric,euclidean,,,,,0.41519605644522806,1.750674673436289,31.272650761126197,0.04456832511155614,0.1147001215246438
ecoli_lr_lc.csv,imbalanced,KNN,Geometric,manhattan,0.8691834942932397,0.8697888014528583,0.8691834942932397,0.8586141478803789,,,,,
ecoli_lr_lc.csv,imbalanced,SVM,Geometric,manhattan,0.8543020193151888,0.8703088179507301,0.8543020193151888,0.8540875670277179,,,,,
ecoli_lr_lc.csv,imbalanced,K-Medoids,Geometric,manhattan,,,,,0.1517780566106743,1.8832601691710833,76.89045259932362,0.3066245826866949,0.49183089360851534
ecoli_lr_lc.csv,imbalanced,DBSCAN,Geometric,manhattan,,,,,0.39911367420760707,1.6477442710237618,32.80906056960233,0.043383070062086145,0.11272675723513557
ecoli_lr_lc.csv,imbalanced,KNN,Geometric,minkowski,0.866198419666374,0.864545109918561,0.866198419666374,0.85622291506766,,,,,
ecoli_lr_lc.csv,imbalanced,SVM,Geometric,minkowski,0.8572870939420543,0.868211381195699,0.8572870939420543,0.8549777251167379,,,,,
ecoli_lr_lc.csv,imbalanced,K-Medoids,Geometric,minkowski,,,,,0.20818641642727348,1.561930545161445,87.81459465187234,0.39647788333356837,0.5917278368694489
ecoli_lr_lc.csv,imbalanced,DBSCAN,Geometric,minkowski,,,,,0.41519605644522806,1.750674673436289,31.272650761126197,0.04456832511155614,0.1147001215246438
ecoli_lr_lc.csv,imbalanced,KNN,Geometric,chebyshev,0.8543898156277436,0.8534179064556217,0.8543898156277436,0.8447349846428385,,,,,
ecoli_lr_lc.csv,imbalanced,SVM,Geometric,chebyshev,0.8393766461808605,0.8505353211649057,0.8393766461808605,0.8361898993247749,,,,,
ecoli_lr_lc.csv,imbalanced,K-Medoids,Geometric,chebyshev,,,,,0.1617042186982262,1.8143849345101475,62.97976019547142,0.34867455149567184,0.5040165222926494
ecoli_lr_lc.csv,imbalanced,DBSCAN,Geometric,chebyshev,,,,,0.4845799730034117,1.8169895124867481,29.916708435760302,0.042080289283825484,0.09919828036666288
ecoli_lr_lc.csv,imbalanced,KNN,Geometric,canberra,0.8453906935908693,0.8392044049203697,0.8453906935908693,0.8342175978726771,,,,,
ecoli_lr_lc.csv,imbalanced,SVM,Geometric,canberra,0.8423617208077261,0.8710897003207257,0.8423617208077261,0.8459437342745298,,,,,
ecoli_lr_lc.csv,imbalanced,K-Medoids,Geometric,canberra,,,,,0.164884187698863,2.1392684583368613,70.14013203600987,0.31766400236366676,0.5031340586433567
ecoli_lr_lc.csv,imbalanced,DBSCAN,Geometric,canberra,,,,,0.3983384876754783,2.5877478505594538,21.739393073467387,0.021198442104529678,0.07586394663662263
ecoli_lr_lc.csv,imbalanced,KNN,Geometric,braycurtis,0.8632133450395083,0.8642831745073719,0.8632133450395083,0.8530445930570927,,,,,
ecoli_lr_lc.csv,imbalanced,SVM,Geometric,braycurtis,0.8543020193151888,0.8758354908193695,0.8543020193151888,0.8552983567334864,,,,,
ecoli_lr_lc.csv,imbalanced,K-Medoids,Geometric,braycurtis,,,,,0.1864832582432315,1.613497749402942,81.26616746116242,0.3926731027328225,0.5761037595915813
ecoli_lr_lc.csv,imbalanced,DBSCAN,Geometric,braycurtis,,,,,0.28016457642686043,2.535353817440059,20.066214442083584,0.03280049270735117,0.11421171008351763
ecoli_lr_lc.csv,imbalanced,KNN,Geometric,hamming,0.5474539069359087,0.4695882386197356,0.5474539069359087,0.48692658140312195,,,,,
ecoli_lr_lc.csv,imbalanced,SVM,Geometric,hamming,0.5657155399473222,0.5346818585087394,0.5657155399473222,0.5245281465674099,,,,,
ecoli_lr_lc.csv,imbalanced,K-Medoids,Geometric,hamming,,,,,0.009769646883202553,6.409193245226949,2.875922418349764,-0.0298134742461811,0.08468602087112877
ecoli_lr_lc.csv,imbalanced,DBSCAN,Geometric,hamming,,,,,,,,,
ecoli_lr_lc.csv,imbalanced,KNN,Geometric,cosine,0.7977611940298507,0.7954199024944144,0.7977611940298507,0.7924516890839619,,,,,
ecoli_lr_lc.csv,imbalanced,SVM,Geometric,cosine,0.7589991220368745,0.7961689832222818,0.7589991220368745,0.7672906331867885,,,,,
ecoli_lr_lc.csv,imbalanced,K-Medoids,Geometric,cosine,,,,,0.25721722720374035,2.142261502392108,47.28705374668631,0.21987453228540235,0.40738224717302746
ecoli_lr_lc.csv,imbalanced,DBSCAN,Geometric,cosine,,,,,0.6357324594778484,2.0852850129530793,26.323159348828412,0.041292769104119366,0.095544778488261
ecoli_lr_lc.csv,imbalanced,KNN,Probabilistic,earth_movers,0.821641791044776,0.8176249491827526,0.821641791044776,0.8093718474826119,,,,,
ecoli_lr_lc.csv,imbalanced,SVM,Probabilistic,earth_movers,0.8007023705004391,0.8379654043259286,0.8007023705004391,0.801456217911247,,,,,
ecoli_lr_lc.csv,imbalanced,K-Medoids,Probabilistic,earth_movers,,,,,0.32227162885957217,1.7027424413127312,174.55588373481015,0.35303800356944237,0.49065037716777915
ecoli_lr_lc.csv,imbalanced,DBSCAN,Probabilistic,earth_movers,,,,,0.5265537802965716,0.9782564164512022,39.65259494806706,0.03523107083773591,0.10255233801991155
ecoli_lr_lc.csv,imbalanced,KNN,Probabilistic,kl_divergence,0.8483318700614573,0.8434374423750691,0.8483318700614573,0.8388738275440891,,,,,
ecoli_lr_lc.csv,imbalanced,SVM,Probabilistic,kl_divergence,0.8244951712028094,0.865374647626623,0.8244951712028094,0.8325895169290828,,,,,
ecoli_lr_lc.csv,imbalanced,K-Medoids,Probabilistic,kl_divergence,,,,,-0.033975541860856794,1.513129829382502,159.22858942468008,0.42000543418456243,0.5558527458224731
ecoli_lr_lc.csv,imbalanced,DBSCAN,Probabilistic,kl_divergence,,,,,0.8395812830116297,4.010335456405081,8.172107455120523,0.0299512780059346,0.08131212288621854
ecoli_lr_lc.csv,imbalanced,KNN,Probabilistic,jensen_shannon,0.8513169446883231,0.8458327679782902,0.8513169446883231,0.8415267894299248,,,,,
ecoli_lr_lc.csv,imbalanced,SVM,Probabilistic,jensen_shannon,0.8364793678665496,0.8565508223790814,0.8364793678665496,0.8367887199396777,,,,,
ecoli_lr_lc.csv,imbalanced,K-Medoids,Probabilistic,jensen_shannon,,,,,0.1369241264062939,1.5984656824552363,167.06970062592285,0.33190645655029327,0.5193835032448431
ecoli_lr_lc.csv,imbalanced,DBSCAN,Probabilistic,jensen_shannon,,,,,0.4250209823191215,4.010335456405081,8.172107455120523,0.0299512780059346,0.08131212288621854
ecoli_lr_lc.csv,imbalanced,KNN,Probabilistic,bhattacharyya,0.8513169446883231,0.8458327679782902,0.8513169446883231,0.8415267894299248,,,,,
ecoli_lr_lc.csv,imbalanced,SVM,Probabilistic,bhattacharyya,0.8304653204565409,0.8745839734031129,0.8304653204565409,0.8399437418398051,,,,,
ecoli_lr_lc.csv,imbalanced,K-Medoids,Probabilistic,bhattacharyya,,,,,0.15919725151329103,1.9932954611187952,167.65464067613323,0.3702426140870997,0.5246214292625334
ecoli_lr_lc.csv,imbalanced,DBSCAN,Probabilistic,bhattacharyya,,,,,0.6873419396640319,4.010335456405081,8.172107455120523,0.0299512780059346,0.08131212288621854
ecoli_lr_lc.csv,imbalanced,KNN,Probabilistic,total_variation,0.8602721685689201,0.8578120887104413,0.8602721685689201,0.8502469134236254,,,,,
ecoli_lr_lc.csv,imbalanced,SVM,Probabilistic,total_variation,0.8542581211589113,0.8749287538488811,0.8542581211589113,0.8542891356584358,,,,,
ecoli_lr_lc.csv,imbalanced,K-Medoids,Probabilistic,total_variation,,,,,0.19464718698745626,1.7827589338724292,187.95050804003785,0.32180703956132134,0.5109001935960213
ecoli_lr_lc.csv,imbalanced,DBSCAN,Probabilistic,total_variation,,,,,0.41449547089067246,1.2739045146433006,33.55957127534333,0.040319775816350135,0.10902639681518739
Indian_Liver_Patient_lr_mc.csv,imbalanced,KNN,Geometric,euclidean,0.6476461769115442,0.6163011679065872,0.6476461769115442,0.6255146836695277,,,,,
Indian_Liver_Patient_lr_mc.csv,imbalanced,SVM,Geometric,euclidean,0.5975562218890553,0.7364815337950389,0.5975562218890553,0.6114683775232308,,,,,
Indian_Liver_Patient_lr_mc.csv,imbalanced,K-Medoids,Geometric,euclidean,,,,,0.12233613157611463,3.022017052708635,50.68775400231171,-0.0005561215877339804,0.0031985123533982943
Indian_Liver_Patient_lr_mc.csv,imbalanced,DBSCAN,Geometric,euclidean,,,,,0.539006043047632,1.6868013200973955,584.3555022456067,0.000217287552087928,0.033187652491161006
Indian_Liver_Patient_lr_mc.csv,imbalanced,KNN,Geometric,manhattan,0.6511544227886057,0.6296927063959379,0.6511544227886057,0.6373557997678552,,,,,
Indian_Liver_Patient_lr_mc.csv,imbalanced,SVM,Geometric,manhattan,0.6285907046476762,0.7530236763555161,0.6285907046476762,0.6442697229613537,,,,,
Indian_Liver_Patient_lr_mc.csv,imbalanced,K-Medoids,Geometric,manhattan,,,,,0.05195010219143834,5.265819579485705,16.793263684531322,-0.0018676284403743326,0.004174996685685301
Indian_Liver_Patient_lr_mc.csv,imbalanced,DBSCAN,Geometric,manhattan,,,,,0.541559258946394,1.6937411963598283,573.1089832958464,-0.0035105976122613855,0.037699277442617446
Indian_Liver_Patient_lr_mc.csv,imbalanced,KNN,Geometric,minkowski,0.6476461769115442,0.6163011679065872,0.6476461769115442,0.6255146836695277,,,,,
Indian_Liver_Patient_lr_mc.csv,imbalanced,SVM,Geometric,minkowski,0.5975562218890553,0.7364815337950389,0.5975562218890553,0.6114683775232308,,,,,
Indian_Liver_Patient_lr_mc.csv,imbalanced,K-Medoids,Geometric,minkowski,,,,,0.12233613157611463,3.022017052708635,50.68775400231171,-0.0005561215877339804,0.0031985123533982943
Indian_Liver_Patient_lr_mc.csv,imbalanced,DBSCAN,Geometric,minkowski,,,,,0.539006043047632,1.6868013200973955,584.3555022456067,0.000217287552087928,0.033187652491161006
Indian_Liver_Patient_lr_mc.csv,imbalanced,KNN,Geometric,chebyshev,0.6408095952023988,0.6141419182462208,0.6408095952023988,0.6243608698907028,,,,,
Indian_Liver_Patient_lr_mc.csv,imbalanced,SVM,Geometric,chebyshev,0.5509295352323839,0.699861961403378,0.5509295352323839,0.5650017595348247,,,,,
Indian_Liver_Patient_lr_mc.csv,imbalanced,K-Medoids,Geometric,chebyshev,,,,,0.14388363034168633,1.8153045562954382,124.41624093423316,-0.0036222990046813367,0.00024236422363193696
Indian_Liver_Patient_lr_mc.csv,imbalanced,DBSCAN,Geometric,chebyshev,,,,,0.5469800141906875,1.6427149742247342,582.6564963031194,0.007111069325677758,0.02960044375734953
Indian_Liver_Patient_lr_mc.csv,imbalanced,KNN,Geometric,canberra,0.7114392803598201,0.6932479627524875,0.7114392803598201,0.6979786086098899,,,,,
Indian_Liver_Patient_lr_mc.csv,imbalanced,SVM,Geometric,canberra,0.6338980509745127,0.750621280089997,0.6338980509745127,0.6504158012293145,,,,,
Indian_Liver_Patient_lr_mc.csv,imbalanced,K-Medoids,Geometric,canberra,,,,,0.2372807150390314,3.5543698514313635,34.75352246348942,0.024698138927829256,0.08472828072382711
Indian_Liver_Patient_lr_mc.csv,imbalanced,DBSCAN,Geometric,canberra,,,,,0.34987959292180304,1.557483730678177,616.4023293016768,0.021777993775437578,0.013429450673626003
Indian_Liver_Patient_lr_mc.csv,imbalanced,KNN,Geometric,braycurtis,0.6511244377811094,0.628710063334794,0.6511244377811094,0.6364417987479357,,,,,
Indian_Liver_Patient_lr_mc.csv,imbalanced,SVM,Geometric,braycurtis,0.6285907046476762,0.7508011028618495,0.6285907046476762,0.6444495635500459,,,,,
Indian_Liver_Patient_lr_mc.csv,imbalanced,K-Medoids,Geometric,braycurtis,,,,,0.17263834980886525,2.930957284138491,54.87165884271861,0.0060168415112211845,0.0046041412600848946
Indian_Liver_Patient_lr_mc.csv,imbalanced,DBSCAN,Geometric,braycurtis,,,,,0.5284454391463321,1.7248878123581939,553.3249190884901,0.0071334078655788825,0.02626483189524872
Indian_Liver_Patient_lr_mc.csv,imbalanced,KNN,Geometric,hamming,0.661424287856072,0.6416375855489905,0.661424287856072,0.649257091850151,,,,,
Indian_Liver_Patient_lr_mc.csv,imbalanced,SVM,Geometric,hamming,0.6614392803598201,0.6954289791732902,0.6614392803598201,0.6726974931729685,,,,,
Indian_Liver_Patient_lr_mc.csv,imbalanced,K-Medoids,Geometric,hamming,,,,,0.000948772837138797,10.93412470995311,1.5234691556470847,0.026177011286848857,0.0035014841716957444
Indian_Liver_Patient_lr_mc.csv,imbalanced,DBSCAN,Geometric,hamming,,,,,,,,,
Indian_Liver_Patient_lr_mc.csv,imbalanced,KNN,Geometric,cosine,0.6546176911544228,0.6258996081580986,0.6546176911544228,0.635228028069221,,,,,
Indian_Liver_Patient_lr_mc.csv,imbalanced,SVM,Geometric,cosine,0.5889355322338832,0.7599379703405146,0.5889355322338832,0.6006313421734151,,,,,
Indian_Liver_Patient_lr_mc.csv,imbalanced,K-Medoids,Geometric,cosine,,,,,0.8819459009656083,0.49941188492186006,1334.467466263471,0.03249183723041081,0.005598327781872355
Indian_Liver_Patient_lr_mc.csv,imbalanced,DBSCAN,Geometric,cosine,,,,,0.7191680556432269,1.7248204362776658,553.3618264117979,-0.001956834600147572,0.039276716502426166
Indian_Liver_Patient_lr_mc.csv,imbalanced,KNN,Probabilistic,earth_movers,0.682263868065967,0.6626633545533667,0.682263868065967,0.669493923159656,,,,,
Indian_Liver_Patient_lr_mc.csv,imbalanced,SVM,Probabilistic,earth_movers,0.628680659670165,0.7545791820752514,0.628680659670165,0.6447683654163067,,,,,
Indian_Liver_Patient_lr_mc.csv,imbalanced,K-Medoids,Probabilistic,earth_movers,,,,,0.33128010078137676,2.3800652307694854,83.99827800487958,0.03506180393459459,0.028758220890597062
Indian_Liver_Patient_lr_mc.csv,imbalanced,DBSCAN,Probabilistic,earth_movers,,,,,0.36926841138082445,1.106663400780933,33.696165515829925,-0.025253096749916597,0.03404160222785638
Indian_Liver_Patient_lr_mc.csv,imbalanced,KNN,Probabilistic,kl_divergence,0.6890854572713644,0.6747889193796535,0.6890854572713644,0.6802081902401902,,,,,
Indian_Liver_Patient_lr_mc.csv,imbalanced,SVM,Probabilistic,kl_divergence,0.6165367316341829,0.7456058613306981,0.6165367316341829,0.6318081331214194,,,,,
Indian_Liver_Patient_lr_mc.csv,imbalanced,K-Medoids,Probabilistic,kl_divergence,,,,,0.02442399819913022,2.8355601083675968,56.198596712337455,0.0029266368823914353,0.06686011099321139
Indian_Liver_Patient_lr_mc.csv,imbalanced,DBSCAN,Probabilistic,kl_divergence,,,,,0.7877110429793308,1.9161461418188879,276.1445017746217,0.002772950100939542,0.029173043382622565
Indian_Liver_Patient_lr_mc.csv,imbalanced,KNN,Probabilistic,jensen_shannon,0.6735232383808094,0.659183552171788,0.6735232383808094,0.664119145423525,,,,,
Indian_Liver_Patient_lr_mc.csv,imbalanced,SVM,Probabilistic,jensen_shannon,0.6355322338830585,0.7600976011845582,0.6355322338830585,0.6512702396594995,,,,,
Indian_Liver_Patient_lr_mc.csv,imbalanced,K-Medoids,Probabilistic,jensen_shannon,,,,,0.07696448339832963,2.332607988777473,77.17934457763556,-0.005673675647060803,0.00037583797862008553
Indian_Liver_Patient_lr_mc.csv,imbalanced,DBSCAN,Probabilistic,jensen_shannon,,,,,0.4990405551602894,1.9268090143024146,275.8930948333497,-0.0011363221435661953,0.034852357748691304
Indian_Liver_Patient_lr_mc.csv,imbalanced,KNN,Probabilistic,bhattacharyya,0.6821889055472263,0.6655049913240065,0.6821889055472263,0.6711550474338647,,,,,
Indian_Liver_Patient_lr_mc.csv,imbalanced,SVM,Probabilistic,bhattacharyya,0.6148275862068966,0.7634119708590297,0.6148275862068966,0.6288024685029154,,,,,
Indian_Liver_Patient_lr_mc.csv,imbalanced,K-Medoids,Probabilistic,bhattacharyya,,,,,0.16883688301023855,3.740934775367397,30.9639569449939,-0.02577753821714204,0.04196210317822133
Indian_Liver_Patient_lr_mc.csv,imbalanced,DBSCAN,Probabilistic,bhattacharyya,,,,,0.7162283797068322,1.9268090143024146,275.8930948333497,-0.0011363221435661953,0.034852357748691304
Indian_Liver_Patient_lr_mc.csv,imbalanced,KNN,Probabilistic,total_variation,0.6580359820089955,0.6302967406501214,0.6580359820089955,0.6400205285445472,,,,,
Indian_Liver_Patient_lr_mc.csv,imbalanced,SVM,Probabilistic,total_variation,0.6321139430284857,0.7570136839465406,0.6321139430284857,0.6481439419488242,,,,,
Indian_Liver_Patient_lr_mc.csv,imbalanced,K-Medoids,Probabilistic,total_variation,,,,,0.21705554808446811,1.8248781154220843,143.28062026986868,0.0004279888871776419,0.0013716594446265614
Indian_Liver_Patient_lr_mc.csv,imbalanced,DBSCAN,Probabilistic,total_variation,,,,,0.3804593517729876,1.5936974565859734,232.82431955116468,-0.00362394714949615,0.037775711395752774
german_credit_data_mr_hc.csv,imbalanced,KNN,Geometric,euclidean,0.7380000000000001,0.722547061034122,0.7380000000000001,0.7201990314182268,,,,,
german_credit_data_mr_hc.csv,imbalanced,SVM,Geometric,euclidean,0.712,0.7440588080009767,0.712,0.7205950830529109,,,,,
german_credit_data_mr_hc.csv,imbalanced,K-Medoids,Geometric,euclidean,,,,,0.06515081768020763,3.7077509564645807,69.467204093055,0.09599453974105346,0.07668466743957385
german_credit_data_mr_hc.csv,imbalanced,DBSCAN,Geometric,euclidean,,,,,0.2079357095051262,2.647623192445953,3.360987395381705,-0.0018937318782639603,0.0004024592061289054
german_credit_data_mr_hc.csv,imbalanced,KNN,Geometric,manhattan,0.7219999999999999,0.7033337719298246,0.7219999999999999,0.7051228408211834,,,,,
german_credit_data_mr_hc.csv,imbalanced,SVM,Geometric,manhattan,0.708,0.7455410471122547,0.708,0.7175312051389346,,,,,
german_credit_data_mr_hc.csv,imbalanced,K-Medoids,Geometric,manhattan,,,,,0.08266657284421339,3.8848481863235254,63.638385938171275,0.05001049405238623,0.040455692216610085
german_credit_data_mr_hc.csv,imbalanced,DBSCAN,Geometric,manhattan,,,,,0.29377329149075615,0.6850749715871398,2.059643746589596,0.002664649146598528,0.0038952700563815736
german_credit_data_mr_hc.csv,imbalanced,KNN,Geometric,minkowski,0.7380000000000001,0.722547061034122,0.7380000000000001,0.7201990314182268,,,,,
german_credit_data_mr_hc.csv,imbalanced,SVM,Geometric,minkowski,0.712,0.7440588080009767,0.712,0.7205950830529109,,,,,
german_credit_data_mr_hc.csv,imbalanced,K-Medoids,Geometric,minkowski,,,,,0.06515081768020763,3.7077509564645807,69.467204093055,0.09599453974105346,0.07668466743957385
german_credit_data_mr_hc.csv,imbalanced,DBSCAN,Geometric,minkowski,,,,,0.2079357095051262,2.647623192445953,3.360987395381705,-0.0018937318782639603,0.0004024592061289054
german_credit_data_mr_hc.csv,imbalanced,KNN,Geometric,chebyshev,0.712,0.6942110760123562,0.712,0.6963215070257057,,,,,
german_credit_data_mr_hc.csv,imbalanced,SVM,Geometric,chebyshev,0.671,0.6989259953645233,0.671,0.6798572778151059,,,,,
german_credit_data_mr_hc.csv,imbalanced,K-Medoids,Geometric,chebyshev,,,,,0.0035518581409087237,2.8826894956864475,22.641639442985202,0.046887124340969484,0.013992639174421171
german_credit_data_mr_hc.csv,imbalanced,DBSCAN,Geometric,chebyshev,,,,,0.09375971075002461,2.304991781530858,51.19643954133607,-0.008038565357835654,0.013330134109130587
german_credit_data_mr_hc.csv,imbalanced,KNN,Geometric,canberra,0.722,0.6957671201417585,0.722,0.6946260552719941,,,,,
german_credit_data_mr_hc.csv,imbalanced,SVM,Geometric,canberra,0.7230000000000001,0.7541319997566769,0.7230000000000001,0.7314553457231876,,,,,
german_credit_data_mr_hc.csv,imbalanced,K-Medoids,Geometric,canberra,,,,,0.1114693326898311,2.9115355822724616,111.78192128789321,-0.001855671714093729,0.00010142143604730727
german_credit_data_mr_hc.csv,imbalanced,DBSCAN,Geometric,canberra,,,,,0.26104385618996445,2.367717059010973,2.011541145491968,0.0003660513719200503,2.4724308299543784e-05
german_credit_data_mr_hc.csv,imbalanced,KNN,Geometric,braycurtis,0.7329999999999999,0.7140202767401836,0.7329999999999999,0.7113362735189375,,,,,
german_credit_data_mr_hc.csv,imbalanced,SVM,Geometric,braycurtis,0.7110000000000001,0.7456028730980571,0.7110000000000001,0.7200276164670592,,,,,
german_credit_data_mr_hc.csv,imbalanced,K-Medoids,Geometric,braycurtis,,,,,0.09756457166017672,3.397167926745747,83.14002004446947,-0.0008432844703858184,1.460769177187257e-07
german_credit_data_mr_hc.csv,imbalanced,DBSCAN,Geometric,braycurtis,,,,,0.3133344550870104,2.9463976545317543,8.99289310935485,0.002111227554872359,0.0001356729023341266
german_credit_data_mr_hc.csv,imbalanced,KNN,Geometric,hamming,0.708,0.6805634032777738,0.708,0.6825944190056179,,,,,
german_credit_data_mr_hc.csv,imbalanced,SVM,Geometric,hamming,0.701,0.7427874601150447,0.701,0.7114582343141351,,,,,
german_credit_data_mr_hc.csv,imbalanced,K-Medoids,Geometric,hamming,,,,,0.04196450816840816,6.067932691155713,20.643974006042207,0.014853935270633492,0.001840106517721959
german_credit_data_mr_hc.csv,imbalanced,DBSCAN,Geometric,hamming,,,,,,,,,
german_credit_data_mr_hc.csv,imbalanced,KNN,Geometric,cosine,0.736,0.7165526295853895,0.736,0.7151862221617847,,,,,
german_credit_data_mr_hc.csv,imbalanced,SVM,Geometric,cosine,0.7030000000000001,0.7386148357194386,0.7030000000000001,0.7124532918814965,,,,,
german_credit_data_mr_hc.csv,imbalanced,K-Medoids,Geometric,cosine,,,,,0.19399965061970614,2.700475798124156,129.56454029942591,-0.003217992172363507,0.0010840823582403574
german_credit_data_mr_hc.csv,imbalanced,DBSCAN,Geometric,cosine,,,,,0.3932903584127847,2.7124356605686226,15.497059010984685,-0.003967339107931687,0.0003066275275006152
german_credit_data_mr_hc.csv,imbalanced,KNN,Probabilistic,earth_movers,0.689,0.6604774021744515,0.689,0.6664422864264475,,,,,
german_credit_data_mr_hc.csv,imbalanced,SVM,Probabilistic,earth_movers,0.6300000000000001,0.7269797392347588,0.6300000000000001,0.6443944397995974,,,,,
german_credit_data_mr_hc.csv,imbalanced,K-Medoids,Probabilistic,earth_movers,,,,,0.47749499835713377,1.1826213468339195,652.8944201124402,0.02035194394002747,0.023096702647468072
german_credit_data_mr_hc.csv,imbalanced,DBSCAN,Probabilistic,earth_movers,,,,,0.36756453604376405,0.8243719542921416,1.2758924412876482,-0.001141992491399369,0.0011535417203592275
german_credit_data_mr_hc.csv,imbalanced,KNN,Probabilistic,kl_divergence,0.7310000000000001,0.7112540360485349,0.7310000000000001,0.7086543034522977,,,,,
german_credit_data_mr_hc.csv,imbalanced,SVM,Probabilistic,kl_divergence,0.593,0.6450412968379318,0.5930000000000002,0.6082103117419526,,,,,
german_credit_data_mr_hc.csv,imbalanced,K-Medoids,Probabilistic,kl_divergence,,,,,0.168771955997387,3.0046978170562864,92.7030425700885,-0.0037158839743953826,0.014042425449969066
german_credit_data_mr_hc.csv,imbalanced,DBSCAN,Probabilistic,kl_divergence,,,,,0.38008709771008126,1.8011457389241532,23.224158043211684,0.004968823284782565,0.0005844601412546091
german_credit_data_mr_hc.csv,imbalanced,KNN,Probabilistic,jensen_shannon,0.719,0.6955713773287957,0.719,0.6976191708959865,,,,,
german_credit_data_mr_hc.csv,imbalanced,SVM,Probabilistic,jensen_shannon,0.727,0.7519193884059605,0.727,0.7341955370591325,,,,,
german_credit_data_mr_hc.csv,imbalanced,K-Medoids,Probabilistic,jensen_shannon,,,,,0.07816398876248837,1.8679805275106414,249.4083319649384,0.042458860302957445,0.04012340438668514
german_credit_data_mr_hc.csv,imbalanced,DBSCAN,Probabilistic,jensen_shannon,,,,,0.18575081267656743,2.5800419596731183,6.055762622100856,0.003685091271412695,0.0006844877834016413
german_credit_data_mr_hc.csv,imbalanced,KNN,Probabilistic,bhattacharyya,0.718,0.6928306994907493,0.718,0.6953931788764873,,,,,
german_credit_data_mr_hc.csv,imbalanced,SVM,Probabilistic,bhattacharyya,0.726,0.7533770289086046,0.726,0.7336899880483521,,,,,
german_credit_data_mr_hc.csv,imbalanced,K-Medoids,Probabilistic,bhattacharyya,,,,,0.2348976136016067,1.4914080406034607,392.19634643302356,-0.0007120512835993325,0.009204196055752267
german_credit_data_mr_hc.csv,imbalanced,DBSCAN,Probabilistic,bhattacharyya,,,,,0.34500140580393707,2.8495068328390034,6.7422753870748275,0.006602510002177703,0.0015320224519636946
german_credit_data_mr_hc.csv,imbalanced,KNN,Probabilistic,total_variation,0.725,0.7045929694568434,0.725,0.7067174327953605,,,,,
german_credit_data_mr_hc.csv,imbalanced,SVM,Probabilistic,total_variation,0.699,0.7408839353586133,0.699,0.7095874800520747,,,,,
german_credit_data_mr_hc.csv,imbalanced,K-Medoids,Probabilistic,total_variation,,,,,0.2622118972970766,1.0797491889379858,794.4692356707853,0.01397895704558227,0.015754522286395702
german_credit_data_mr_hc.csv,imbalanced,DBSCAN,Probabilistic,total_variation,,,,,0.1845070121986822,2.1642654762337923,0.980597870977624,-0.002274265836774764,0.002284401440691255
solar_flare_mr_mc.csv,imbalanced,KNN,Geometric,euclidean,0.9913617120743838,0.9828011347563914,0.9913617120743838,0.987062087068044,,,,,
solar_flare_mr_mc.csv,imbalanced,SVM,Geometric,euclidean,0.9733683089629379,0.9835254491895867,0.9733683089629379,0.9781926571729456,,,,,
solar_flare_mr_mc.csv,imbalanced,K-Medoids,Geometric,euclidean,,,,,,,,,
solar_flare_mr_mc.csv,imbalanced,DBSCAN,Geometric,euclidean,,,,,0.23214911369466962,1.5222998068945595,386.0560831494644,-0.004224751186468919,0.00144912006121577
solar_flare_mr_mc.csv,imbalanced,KNN,Geometric,manhattan,0.9913617120743838,0.9828011347563914,0.9913617120743838,0.987062087068044,,,,,
solar_flare_mr_mc.csv,imbalanced,SVM,Geometric,manhattan,0.9546450925901878,0.9857587177170302,0.9546450925901878,0.9692310532129383,,,,,
solar_flare_mr_mc.csv,imbalanced,K-Medoids,Geometric,manhattan,,,,,,,,,
solar_flare_mr_mc.csv,imbalanced,DBSCAN,Geometric,manhattan,,,,,0.3414107979272669,1.5222998068945595,386.0560831494644,-0.004224751186468919,0.00144912006121577
solar_flare_mr_mc.csv,imbalanced,KNN,Geometric,minkowski,0.9913617120743838,0.9828011347563914,0.9913617120743838,0.987062087068044,,,,,
solar_flare_mr_mc.csv,imbalanced,SVM,Geometric,minkowski,0.9733683089629379,0.9835254491895867,0.9733683089629379,0.9781926571729456,,,,,
solar_flare_mr_mc.csv,imbalanced,K-Medoids,Geometric,minkowski,,,,,,,,,
solar_flare_mr_mc.csv,imbalanced,DBSCAN,Geometric,minkowski,,,,,0.23214911369466962,1.5222998068945595,386.0560831494644,-0.004224751186468919,0.00144912006121577
solar_flare_mr_mc.csv,imbalanced,KNN,Geometric,chebyshev,0.9913617120743838,0.9828011347563914,0.9913617120743838,0.987062087068044,,,,,
solar_flare_mr_mc.csv,imbalanced,SVM,Geometric,chebyshev,0.984162273069631,0.9827415950032743,0.984162273069631,0.9834480618299271,,,,,
solar_flare_mr_mc.csv,imbalanced,K-Medoids,Geometric,chebyshev,,,,,,,,,
solar_flare_mr_mc.csv,imbalanced,DBSCAN,Geometric,chebyshev,,,,,,,,,
solar_flare_mr_mc.csv,imbalanced,KNN,Geometric,canberra,0.9913617120743838,0.9828011347563914,0.9913617120743838,0.987062087068044,,,,,
solar_flare_mr_mc.csv,imbalanced,SVM,Geometric,canberra,0.9690413733994753,0.9859876326062313,0.9690413733994753,0.9768486338425817,,,,,
solar_flare_mr_mc.csv,imbalanced,K-Medoids,Geometric,canberra,,,,,,,,,
solar_flare_mr_mc.csv,imbalanced,DBSCAN,Geometric,canberra,,,,,0.3104951492247195,1.2558035977365753,194.30510737138042,-0.004249886603486862,0.0014587903471080534
solar_flare_mr_mc.csv,imbalanced,KNN,Geometric,braycurtis,0.9913617120743838,0.9828011347563914,0.9913617120743838,0.987062087068044,,,,,
solar_flare_mr_mc.csv,imbalanced,SVM,Geometric,braycurtis,0.9460016102641351,0.98565320140944,0.9460016102641351,0.9646123162732498,,,,,
solar_flare_mr_mc.csv,imbalanced,K-Medoids,Geometric,braycurtis,,,,,,,,,
solar_flare_mr_mc.csv,imbalanced,DBSCAN,Geometric,braycurtis,,,,,,,,,
solar_flare_mr_mc.csv,imbalanced,KNN,Geometric,hamming,0.9913617120743838,0.9828011347563914,0.9913617120743838,0.987062087068044,,,,,
solar_flare_mr_mc.csv,imbalanced,SVM,Geometric,hamming,0.9719242656416383,0.9851783426349474,0.9719242656416383,0.978151224507128,,,,,
solar_flare_mr_mc.csv,imbalanced,K-Medoids,Geometric,hamming,,,,,,,,,
solar_flare_mr_mc.csv,imbalanced,DBSCAN,Geometric,hamming,,,,,0.30189784121387236,1.2558035977365753,194.30510737138042,-0.004249886603486862,0.0014587903471080534
solar_flare_mr_mc.csv,imbalanced,KNN,Geometric,cosine,0.9913617120743838,0.9828011347563914,0.9913617120743838,0.987062087068044,,,,,
solar_flare_mr_mc.csv,imbalanced,SVM,Geometric,cosine,0.9395189985195959,0.9855880404109557,0.9395189985195959,0.961158800200885,,,,,
solar_flare_mr_mc.csv,imbalanced,K-Medoids,Geometric,cosine,,,,,,,,,
solar_flare_mr_mc.csv,imbalanced,DBSCAN,Geometric,cosine,,,,,,,,,
solar_flare_mr_mc.csv,imbalanced,KNN,Probabilistic,earth_movers,0.9913617120743838,0.9849464968761701,0.9913617120743838,0.9880187271782994,,,,,
solar_flare_mr_mc.csv,imbalanced,SVM,Probabilistic,earth_movers,0.9740825390229333,0.9856092127024206,0.9740825390229333,0.9794371836191902,,,,,
solar_flare_mr_mc.csv,imbalanced,K-Medoids,Probabilistic,earth_movers,,,,,,,,,
solar_flare_mr_mc.csv,imbalanced,DBSCAN,Probabilistic,earth_movers,,,,,0.31506988517531354,2.7085336452723467,45.482124237367955,0.06470909795878074,0.057106928357352885
solar_flare_mr_mc.csv,imbalanced,KNN,Probabilistic,kl_divergence,0.9913617120743838,0.9828011347563914,0.9913617120743838,0.987062087068044,,,,,
solar_flare_mr_mc.csv,imbalanced,SVM,Probabilistic,kl_divergence,0.9496039269667298,0.9849750842163729,0.9496039269667298,0.9662019959413716,,,,,
solar_flare_mr_mc.csv,imbalanced,K-Medoids,Probabilistic,kl_divergence,,,,,,,,,
solar_flare_mr_mc.csv,imbalanced,DBSCAN,Probabilistic,kl_divergence,,,,,0.35071080692912276,1.612652256990741,339.4877239825886,-0.004224751186468919,0.00144912006121577
solar_flare_mr_mc.csv,imbalanced,KNN,Probabilistic,jensen_shannon,0.9913617120743838,0.9828011347563914,0.9913617120743838,0.987062087068044,,,,,
solar_flare_mr_mc.csv,imbalanced,SVM,Probabilistic,jensen_shannon,0.9762460068046644,0.9835776440608617,0.9762460068046644,0.9797165764582877,,,,,
solar_flare_mr_mc.csv,imbalanced,K-Medoids,Probabilistic,jensen_shannon,,,,,,,,,
solar_flare_mr_mc.csv,imbalanced,DBSCAN,Probabilistic,jensen_shannon,,,,,0.2309401634270939,1.612652256990741,339.4877239825886,-0.004224751186468919,0.00144912006121577
solar_flare_mr_mc.csv,imbalanced,KNN,Probabilistic,bhattacharyya,0.9913617120743838,0.9828011347563914,0.9913617120743838,0.987062087068044,,,,,
solar_flare_mr_mc.csv,imbalanced,SVM,Probabilistic,bhattacharyya,0.9481624808456482,0.9856811604136286,0.9481624808456482,0.965764834876277,,,,,
solar_flare_mr_mc.csv,imbalanced,K-Medoids,Probabilistic,bhattacharyya,,,,,,,,,
solar_flare_mr_mc.csv,imbalanced,DBSCAN,Probabilistic,bhattacharyya,,,,,0.3582565200572226,1.612652256990741,339.4877239825886,-0.004224751186468919,0.00144912006121577
solar_flare_mr_mc.csv,imbalanced,KNN,Probabilistic,total_variation,0.9913617120743838,0.9828011347563914,0.9913617120743838,0.987062087068044,,,,,
solar_flare_mr_mc.csv,imbalanced,SVM,Probabilistic,total_variation,0.9640028049762357,0.9851931632348279,0.9640028049762357,0.9738337073634431,,,,,
solar_flare_mr_mc.csv,imbalanced,K-Medoids,Probabilistic,total_variation,,,,,,,,,
solar_flare_mr_mc.csv,imbalanced,DBSCAN,Probabilistic,total_variation,,,,,0.26401455521942,1.2756206426985308,171.4727857212205,-0.004249886603486862,0.0014587903471080534
yeast_mr_lc.csv,imbalanced,KNN,Geometric,euclidean,0.5660569660569661,0.5626603790966846,0.5660569660569661,0.5546286750902176,,,,,
yeast_mr_lc.csv,imbalanced,SVM,Geometric,euclidean,0.5977409227409227,0.6082744783354668,0.5977409227409227,0.596828025682753,,,,,
yeast_mr_lc.csv,imbalanced,K-Medoids,Geometric,euclidean,,,,,0.12031623766153796,1.670100199866988,159.58389659311075,0.13778799929551155,0.2509946096472721
yeast_mr_lc.csv,imbalanced,DBSCAN,Geometric,euclidean,,,,,0.5294504136928964,2.7638002789905243,71.41871752282971,0.01366404542268942,0.034263074429685854
yeast_mr_lc.csv,imbalanced,KNN,Geometric,manhattan,0.5714600964600963,0.5684034150102586,0.5714600964600963,0.559118436571806,,,,,
yeast_mr_lc.csv,imbalanced,SVM,Geometric,manhattan,0.584930384930385,0.593883422089678,0.584930384930385,0.584135396630429,,,,,
yeast_mr_lc.csv,imbalanced,K-Medoids,Geometric,manhattan,,,,,0.08828224241509786,1.9829107308543314,131.41931024219332,0.07961849678624583,0.18674752236115888
yeast_mr_lc.csv,imbalanced,DBSCAN,Geometric,manhattan,,,,,0.5001418871275534,2.673982346512136,74.28581900867397,0.013088244263014888,0.03349934422583926
yeast_mr_lc.csv,imbalanced,KNN,Geometric,minkowski,0.5660569660569661,0.5626603790966846,0.5660569660569661,0.5546286750902176,,,,,
yeast_mr_lc.csv,imbalanced,SVM,Geometric,minkowski,0.5977409227409227,0.6082744783354668,0.5977409227409227,0.596828025682753,,,,,
yeast_mr_lc.csv,imbalanced,K-Medoids,Geometric,minkowski,,,,,0.12031623766153796,1.670100199866988,159.58389659311075,0.13778799929551155,0.2509946096472721
yeast_mr_lc.csv,imbalanced,DBSCAN,Geometric,minkowski,,,,,0.5294504136928964,2.7638002789905243,71.41871752282971,0.01366404542268942,0.034263074429685854
yeast_mr_lc.csv,imbalanced,KNN,Geometric,chebyshev,0.5593138593138594,0.5578199028127443,0.5593138593138594,0.5480307149323747,,,,,
yeast_mr_lc.csv,imbalanced,SVM,Geometric,chebyshev,0.47035217035217036,0.5132494232731213,0.47035217035217036,0.4843979529010718,,,,,
yeast_mr_lc.csv,imbalanced,K-Medoids,Geometric,chebyshev,,,,,0.07815877139878566,2.2718830959276213,129.20484255640054,0.10210503251334646,0.21796132922961167
yeast_mr_lc.csv,imbalanced,DBSCAN,Geometric,chebyshev,,,,,0.5913522508803243,2.0886642409690004,57.51798778554604,0.012508363262749896,0.03916112885635786
yeast_mr_lc.csv,imbalanced,KNN,Geometric,canberra,0.5694376194376194,0.5657643996726651,0.5694376194376194,0.5585868414563938,,,,,
yeast_mr_lc.csv,imbalanced,SVM,Geometric,canberra,0.5761716261716262,0.5840624922729002,0.5761716261716262,0.5762991680601963,,,,,
yeast_mr_lc.csv,imbalanced,K-Medoids,Geometric,canberra,,,,,0.04970557764353242,2.7301992610443557,90.53943433167122,0.06285816440063306,0.16497007728827418
yeast_mr_lc.csv,imbalanced,DBSCAN,Geometric,canberra,,,,,0.4191915269123868,2.4620839480062466,48.44894666516628,0.014486927633473149,0.03982552604532664
yeast_mr_lc.csv,imbalanced,KNN,Geometric,braycurtis,0.5802143052143052,0.5769362954767182,0.5802143052143052,0.5699340150513106,,,,,
yeast_mr_lc.csv,imbalanced,SVM,Geometric,braycurtis,0.5849258349258349,0.5947586594201637,0.5849258349258349,0.5845304688130827,,,,,
yeast_mr_lc.csv,imbalanced,K-Medoids,Geometric,braycurtis,,,,,0.10092620527236526,2.0113162353721963,137.52410071055382,0.0811230797268915,0.18060800297230242
yeast_mr_lc.csv,imbalanced,DBSCAN,Geometric,braycurtis,,,,,0.40571880228787444,2.0069773538788587,62.865572381661366,0.01306853677491308,0.059100826095912204
yeast_mr_lc.csv,imbalanced,KNN,Geometric,hamming,0.3537878787878788,0.3224829252099696,0.3537878787878788,0.31445784003181404,,,,,
yeast_mr_lc.csv,imbalanced,SVM,Geometric,hamming,0.43800391300391306,0.466680892423617,0.43800391300391306,0.4163695981400336,,,,,
yeast_mr_lc.csv,imbalanced,K-Medoids,Geometric,hamming,,,,,0.006454389068936405,17.13069677014642,1.9833305492758093,-0.017879441538835365,0.0257628641778243
yeast_mr_lc.csv,imbalanced,DBSCAN,Geometric,hamming,,,,,,,,,
yeast_mr_lc.csv,imbalanced,KNN,Geometric,cosine,0.5579647829647829,0.5578633667818432,0.5579647829647829,0.5481763213194306,,,,,
yeast_mr_lc.csv,imbalanced,SVM,Geometric,cosine,0.5404427154427155,0.5868055378999875,0.5404427154427155,0.5549232582348581,,,,,
yeast_mr_lc.csv,imbalanced,K-Medoids,Geometric,cosine,,,,,0.11544261805820809,2.292273297791662,104.29546646871023,0.07110114064644116,0.1632030023760467
yeast_mr_lc.csv,imbalanced,DBSCAN,Geometric,cosine,,,,,0.6976320035414412,1.762156539636949,61.52685612607489,0.01053420486307737,0.055728695888679756
yeast_mr_lc.csv,imbalanced,KNN,Probabilistic,earth_movers,0.5013445263445263,0.49284904102739724,0.5013445263445263,0.49169251163272987,,,,,
yeast_mr_lc.csv,imbalanced,SVM,Probabilistic,earth_movers,0.4919055419055419,0.5227534850035018,0.4919055419055419,0.4849642410773215,,,,,
yeast_mr_lc.csv,imbalanced,K-Medoids,Probabilistic,earth_movers,,,,,0.22428905356132198,2.829867886447097,229.23154338029624,0.061367027447980844,0.16670139310061471
yeast_mr_lc.csv,imbalanced,DBSCAN,Probabilistic,earth_movers,,,,,0.4956089904008586,1.2990761603817569,193.65161882006134,0.014134231808039565,0.03892594513112348
yeast_mr_lc.csv,imbalanced,KNN,Probabilistic,kl_divergence,0.5613454363454364,0.5536355593447745,0.5613454363454364,0.5522173509134786,,,,,
yeast_mr_lc.csv,imbalanced,SVM,Probabilistic,kl_divergence,0.5802074802074803,0.6037172500208126,0.5802074802074803,0.5851920822213645,,,,,
yeast_mr_lc.csv,imbalanced,K-Medoids,Probabilistic,kl_divergence,,,,,-0.05341009987586002,1.9874794336219286,222.62381933494723,0.12486118160430351,0.2529186173124409
yeast_mr_lc.csv,imbalanced,DBSCAN,Probabilistic,kl_divergence,,,,,0.9084375680322547,2.61444181897624,73.23856700875515,0.01103390479559386,0.03275743810754681
yeast_mr_lc.csv,imbalanced,KNN,Probabilistic,jensen_shannon,0.5613431613431613,0.5533047208026736,0.5613431613431613,0.5519794640312604,,,,,
yeast_mr_lc.csv,imbalanced,SVM,Probabilistic,jensen_shannon,0.5903266903266904,0.5987051137162234,0.5903266903266904,0.5894308239847856,,,,,
yeast_mr_lc.csv,imbalanced,K-Medoids,Probabilistic,jensen_shannon,,,,,0.08714657399950147,2.122274794272396,197.82916908528753,0.10973397296301873,0.2358495995892989
yeast_mr_lc.csv,imbalanced,DBSCAN,Probabilistic,jensen_shannon,,,,,0.5475909540013028,2.61444181897624,73.23856700875515,0.01103390479559386,0.03275743810754681
yeast_mr_lc.csv,imbalanced,KNN,Probabilistic,bhattacharyya,0.5613454363454364,0.5536355593447745,0.5613454363454364,0.5522173509134786,,,,,
yeast_mr_lc.csv,imbalanced,SVM,Probabilistic,bhattacharyya,0.5829010829010828,0.605045938856777,0.5829010829010828,0.5874971234771801,,,,,
yeast_mr_lc.csv,imbalanced,K-Medoids,Probabilistic,bhattacharyya,,,,,0.14597895673659714,2.2040761379218847,212.59442449828808,0.13755959557781877,0.2616344616621965
yeast_mr_lc.csv,imbalanced,DBSCAN,Probabilistic,bhattacharyya,,,,,0.8071183897689707,2.61444181897624,73.23856700875515,0.01103390479559386,0.03275743810754681
yeast_mr_lc.csv,imbalanced,KNN,Probabilistic,total_variation,0.5512398762398762,0.545529538823302,0.5512398762398762,0.5420298881854361,,,,,
yeast_mr_lc.csv,imbalanced,SVM,Probabilistic,total_variation,0.5795431795431795,0.5921081046603028,0.5795431795431795,0.5805900261794904,,,,,
yeast_mr_lc.csv,imbalanced,K-Medoids,Probabilistic,total_variation,,,,,0.07023242852494531,1.9884260609823337,252.39354670719115,0.06460593213977109,0.16495876944496485
yeast_mr_lc.csv,imbalanced,DBSCAN,Probabilistic,total_variation,,,,,0.5102569374815089,1.5178822701378358,88.50603415698079,0.012831251279687669,0.03899843105683648
HTRU_2_hr_lc.csv,imbalanced,KNN,Geometric,euclidean,0.978154020738604,0.9776522781807999,0.978154020738604,0.9775822696719894,,,,,
HTRU_2_hr_lc.csv,imbalanced,SVM,Geometric,euclidean,0.9750250296187725,0.976210780064444,0.9750250296187725,0.9754645125076349,,,,,
HTRU_2_hr_lc.csv,imbalanced,K-Medoids,Geometric,euclidean,,,,,0.6073536872010472,0.9600739225319157,14246.536752846154,0.4929190830287726,0.3188674429629562
HTRU_2_hr_lc.csv,imbalanced,DBSCAN,Geometric,euclidean,,,,,0.4688305020901965,1.435374446425137,138.8970878660206,0.06281177511756718,0.026176235238680925
HTRU_2_hr_lc.csv,imbalanced,KNN,Geometric,manhattan,0.9787686083157338,0.9782909170523182,0.9787686083157338,0.9782072905981863,,,,,
HTRU_2_hr_lc.csv,imbalanced,SVM,Geometric,manhattan,0.9742428130575471,0.9757159349716623,0.9742428130575471,0.9747762647160112,,,,,
HTRU_2_hr_lc.csv,imbalanced,K-Medoids,Geometric,manhattan,,,,,0.6006484188753108,1.0074102480114255,13478.722445296733,0.4546342628172591,0.3019622399606797
HTRU_2_hr_lc.csv,imbalanced,DBSCAN,Geometric,manhattan,,,,,0.5007187694120022,1.906684459567234,166.42209285625475,0.06131654975586235,0.025991648501306214
HTRU_2_hr_lc.csv,imbalanced,KNN,Geometric,minkowski,0.978154020738604,0.9776522781807999,0.978154020738604,0.9775822696719894,,,,,
HTRU_2_hr_lc.csv,imbalanced,SVM,Geometric,minkowski,0.9750250296187725,0.976210780064444,0.9750250296187725,0.9754645125076349,,,,,
HTRU_2_hr_lc.csv,imbalanced,K-Medoids,Geometric,minkowski,,,,,0.6073536872010472,0.9600739225319157,14246.536752846154,0.4929190830287726,0.3188674429629562
HTRU_2_hr_lc.csv,imbalanced,DBSCAN,Geometric,minkowski,,,,,0.4688305020901965,1.435374446425137,138.8970878660206,0.06281177511756718,0.026176235238680925
HTRU_2_hr_lc.csv,imbalanced,KNN,Geometric,chebyshev,0.9778187159423141,0.9772700090747006,0.9778187159423141,0.9771936494304276,,,,,
HTRU_2_hr_lc.csv,imbalanced,SVM,Geometric,chebyshev,0.9097108052715953,0.9431331105935834,0.9097108052715953,0.9202993275121442,,,,,
HTRU_2_hr_lc.csv,imbalanced,K-Medoids,Geometric,chebyshev,,,,,0.2670370464653588,1.5061457683935937,5537.410572494427,0.0983595876234425,0.1447118540812072
HTRU_2_hr_lc.csv,imbalanced,DBSCAN,Geometric,chebyshev,,,,,0.5466418200845371,1.566808420386979,132.14405668561707,0.04842786185200666,0.017601749249131392
HTRU_2_hr_lc.csv,imbalanced,KNN,Geometric,canberra,0.9783773907695574,0.9778773926338511,0.9783773907695574,0.9778756831270015,,,,,
HTRU_2_hr_lc.csv,imbalanced,SVM,Geometric,canberra,0.9735164624181094,0.9752054347961359,0.9735164624181094,0.9741176298106305,,,,,
HTRU_2_hr_lc.csv,imbalanced,K-Medoids,Geometric,canberra,,,,,0.3560220045995989,1.3867606539018424,6514.580048606423,0.09212729571904656,0.1255005571510857
HTRU_2_hr_lc.csv,imbalanced,DBSCAN,Geometric,canberra,,,,,0.466012626287878,2.115740149876231,196.3873349412145,0.025832387939672245,0.008285668698418177
HTRU_2_hr_lc.csv,imbalanced,KNN,Geometric,braycurtis,0.9787685458782688,0.9782786032168127,0.9787685458782688,0.9782375663316143,,,,,
HTRU_2_hr_lc.csv,imbalanced,SVM,Geometric,braycurtis,0.97368402896474,0.9753444767022617,0.97368402896474,0.9742789527060511,,,,,
HTRU_2_hr_lc.csv,imbalanced,K-Medoids,Geometric,braycurtis,,,,,0.18950858739730023,2.1660562738217903,2278.4879384636715,0.05051370830632489,0.07183103495810889
HTRU_2_hr_lc.csv,imbalanced,DBSCAN,Geometric,braycurtis,,,,,0.4538017717010707,2.174142773868969,38.191471564298624,0.013137237602945178,0.005597270159430316
HTRU_2_hr_lc.csv,imbalanced,KNN,Geometric,hamming,0.9085372775079958,0.8619264980270429,0.9085372775079958,0.8651088337782864,,,,,
HTRU_2_hr_lc.csv,imbalanced,SVM,Geometric,hamming,0.9084255300550541,0.8252369545874292,0.9084255300550541,0.8648353668096551,,,,,
HTRU_2_hr_lc.csv,imbalanced,K-Medoids,Geometric,hamming,,,,,8.621255530543708e-05,3.3744020560690866,2.7147459329773533,-0.0017903889517818566,0.0006153263068853927
HTRU_2_hr_lc.csv,imbalanced,DBSCAN,Geometric,hamming,,,,,,,,,
HTRU_2_hr_lc.csv,imbalanced,KNN,Geometric,cosine,0.976030803523346,0.9753903811466056,0.976030803523346,0.9754417699014599,,,,,
HTRU_2_hr_lc.csv,imbalanced,SVM,Geometric,cosine,0.968096796801953,0.9709340417971812,0.968096796801953,0.9690812576784733,,,,,
HTRU_2_hr_lc.csv,imbalanced,K-Medoids,Geometric,cosine,,,,,0.8018468981103558,0.9442298249808985,14403.844116430984,0.5473869178217738,0.36997104011959914
HTRU_2_hr_lc.csv,imbalanced,DBSCAN,Geometric,cosine,,,,,0.5504375979051016,1.5540662487466812,42.86571173458891,0.01789216128541432,0.00678006606019666
HTRU_2_hr_lc.csv,imbalanced,KNN,Probabilistic,earth_movers,0.9777999999999999,0.9772676074779278,0.9777999999999999,0.9770710318359324,,,,,
HTRU_2_hr_lc.csv,imbalanced,SVM,Probabilistic,earth_movers,0.9719999999999999,0.9729777083202775,0.9719999999999999,0.9723914353113219,,,,,
HTRU_2_hr_lc.csv,imbalanced,K-Medoids,Probabilistic,earth_movers,,,,,0.3291882967902508,1.7039105082888597,876.195837244527,-0.013069686896962326,0.008850045969381095
HTRU_2_hr_lc.csv,imbalanced,DBSCAN,Probabilistic,earth_movers,,,,,0.6332400686648566,1.6484053328810304,294.46396259281363,0.07415286766587219,0.02536683323792975
HTRU_2_hr_lc.csv,imbalanced,KNN,Probabilistic,kl_divergence,0.977,0.9765062962631721,0.977,0.9761809732648834,,,,,
HTRU_2_hr_lc.csv,imbalanced,SVM,Probabilistic,kl_divergence,0.9757999999999999,0.9769251336096364,0.9757999999999999,0.976206667589101,,,,,
HTRU_2_hr_lc.csv,imbalanced,K-Medoids,Probabilistic,kl_divergence,,,,,0.7749249085650559,1.0832349118742532,3189.0490654341806,0.42807949973535253,0.2895043318600877
HTRU_2_hr_lc.csv,imbalanced,DBSCAN,Probabilistic,kl_divergence,,,,,0.5746520693898581,1.3527545135184549,188.39127171474206,0.10576348354122145,0.04443057662041324
HTRU_2_hr_lc.csv,imbalanced,KNN,Probabilistic,jensen_shannon,0.977,0.9765062962631721,0.977,0.9761809732648834,,,,,
HTRU_2_hr_lc.csv,imbalanced,SVM,Probabilistic,jensen_shannon,0.976,0.9765777767134576,0.976,0.9762336227242427,,,,,
HTRU_2_hr_lc.csv,imbalanced,K-Medoids,Probabilistic,jensen_shannon,,,,,0.47446788459016837,1.3971006752452215,1951.6102642387614,0.24695271870936433,0.19505617352538726
HTRU_2_hr_lc.csv,imbalanced,DBSCAN,Probabilistic,jensen_shannon,,,,,0.46668560123002806,1.3527545135184549,188.39127171474206,0.10576348354122145,0.04443057662041324
HTRU_2_hr_lc.csv,imbalanced,KNN,Probabilistic,bhattacharyya,0.977,0.9765062962631721,0.977,0.9761809732648834,,,,,
HTRU_2_hr_lc.csv,imbalanced,SVM,Probabilistic,bhattacharyya,0.976,0.9770858787785291,0.976,0.9763913480911872,,,,,
HTRU_2_hr_lc.csv,imbalanced,K-Medoids,Probabilistic,bhattacharyya,,,,,0.764396175889502,1.0818372599950996,3198.976396223948,0.42864708492111525,0.28988798271027716
HTRU_2_hr_lc.csv,imbalanced,DBSCAN,Probabilistic,bhattacharyya,,,,,0.5744420836765627,1.3527545135184549,188.39127171474206,0.10576348354122145,0.04443057662041324
HTRU_2_hr_lc.csv,imbalanced,KNN,Probabilistic,total_variation,0.978,0.9775393230650451,0.978,0.9772864941001211,,,,,
HTRU_2_hr_lc.csv,imbalanced,SVM,Probabilistic,total_variation,0.9756,0.9765875493821076,0.9756,0.9759617917381798,,,,,
HTRU_2_hr_lc.csv,imbalanced,K-Medoids,Probabilistic,total_variation,,,,,0.6410090151302202,0.8751244916874696,4229.026398470459,0.44301704755024773,0.25185981703444377
HTRU_2_hr_lc.csv,imbalanced,DBSCAN,Probabilistic,total_variation,,,,,0.5096081904774713,1.2288136880923897,475.39623501913644,0.14264179123621956,0.054834423500675716
online_shoppers_intention_hr_hc.csv,imbalanced,KNN,Geometric,euclidean,0.8524736415247365,0.823000512489028,0.8524736415247365,0.8229549565099225,,,,,
online_shoppers_intention_hr_hc.csv,imbalanced,SVM,Geometric,euclidean,0.799837793998378,0.8558433927990958,0.799837793998378,0.8187543467170325,,,,,
online_shoppers_intention_hr_hc.csv,imbalanced,K-Medoids,Geometric,euclidean,,,,,0.13010699407528456,2.6120667929612877,1503.3395459173566,-0.025806367421633714,0.020490779056784442
online_shoppers_intention_hr_hc.csv,imbalanced,DBSCAN,Geometric,euclidean,,,,,0.3266235650377584,1.8650668165037765,2.950883765171285,-0.0002648113455383465,0.00012613346051320847
online_shoppers_intention_hr_hc.csv,imbalanced,KNN,Geometric,manhattan,0.8527169505271696,0.822192967730101,0.8527169505271696,0.8195982461053202,,,,,
online_shoppers_intention_hr_hc.csv,imbalanced,SVM,Geometric,manhattan,0.8679643146796432,0.8975193687006762,0.8679643146796432,0.8774233292876499,,,,,
online_shoppers_intention_hr_hc.csv,imbalanced,K-Medoids,Geometric,manhattan,,,,,0.13319250586819953,3.1310658051205347,1157.8818358798217,7.280367341678627e-05,0.009074094954000928
online_shoppers_intention_hr_hc.csv,imbalanced,DBSCAN,Geometric,manhattan,,,,,0.4977733279063439,1.8650668165037765,2.950883765171285,-0.0002648113455383465,0.00012613346051320847
online_shoppers_intention_hr_hc.csv,imbalanced,KNN,Geometric,minkowski,0.8524736415247365,0.823000512489028,0.8524736415247365,0.8229549565099225,,,,,
online_shoppers_intention_hr_hc.csv,imbalanced,SVM,Geometric,minkowski,0.799837793998378,0.8558433927990958,0.799837793998378,0.8187543467170325,,,,,
online_shoppers_intention_hr_hc.csv,imbalanced,K-Medoids,Geometric,minkowski,,,,,0.13010699407528456,2.6120667929612877,1503.3395459173566,-0.025806367421633714,0.020490779056784442
online_shoppers_intention_hr_hc.csv,imbalanced,DBSCAN,Geometric,minkowski,,,,,0.3266235650377584,1.8650668165037765,2.950883765171285,-0.0002648113455383465,0.00012613346051320847
online_shoppers_intention_hr_hc.csv,imbalanced,KNN,Geometric,chebyshev,0.8468775344687753,0.8152183145363818,0.8468775344687753,0.8196267554731478,,,,,
online_shoppers_intention_hr_hc.csv,imbalanced,SVM,Geometric,chebyshev,0.6206001622060018,0.7899893223732576,0.6206001622060018,0.6724678029603013,,,,,
online_shoppers_intention_hr_hc.csv,imbalanced,K-Medoids,Geometric,chebyshev,,,,,0.10791086214247338,1.7182785694119027,1551.3150927173226,-0.05337045228134652,0.011625485912889442
online_shoppers_intention_hr_hc.csv,imbalanced,DBSCAN,Geometric,chebyshev,,,,,,,,,
online_shoppers_intention_hr_hc.csv,imbalanced,KNN,Geometric,canberra,0.8723438767234388,0.8560674264715713,0.8723438767234388,0.8551189771947465,,,,,
online_shoppers_intention_hr_hc.csv,imbalanced,SVM,Geometric,canberra,0.8617193836171939,0.9011078907732605,0.8617193836171939,0.8734323330908186,,,,,
online_shoppers_intention_hr_hc.csv,imbalanced,K-Medoids,Geometric,canberra,,,,,0.1761608049280197,7.018583825242038,238.37538441459333,0.008190749797691344,0.026562590064239392
online_shoppers_intention_hr_hc.csv,imbalanced,DBSCAN,Geometric,canberra,,,,,0.26097487100479555,0.5725230107985235,2.9042493936818787,-0.00013247109879990164,6.31709710784917e-05
online_shoppers_intention_hr_hc.csv,imbalanced,KNN,Geometric,braycurtis,0.8537712895377128,0.8246215588497217,0.8537712895377128,0.8220606704369289,,,,,
online_shoppers_intention_hr_hc.csv,imbalanced,SVM,Geometric,braycurtis,0.8656934306569344,0.8971947483881781,0.8656934306569344,0.8756692700610846,,,,,
online_shoppers_intention_hr_hc.csv,imbalanced,K-Medoids,Geometric,braycurtis,,,,,0.059053891117590684,4.842217842990204,416.0036384906012,-0.06412876983359247,0.04626494397881754
online_shoppers_intention_hr_hc.csv,imbalanced,DBSCAN,Geometric,braycurtis,,,,,,,,,
online_shoppers_intention_hr_hc.csv,imbalanced,KNN,Geometric,hamming,0.8526358475263585,0.8254976588907862,0.8526358475263585,0.8060735498407322,,,,,
online_shoppers_intention_hr_hc.csv,imbalanced,SVM,Geometric,hamming,0.8725060827250608,0.8995119491636148,0.8725060827250608,0.8812401291478142,,,,,
online_shoppers_intention_hr_hc.csv,imbalanced,K-Medoids,Geometric,hamming,,,,,-0.020292338412111366,8.712842729777105,11.652241441849178,-0.0048568715046708715,0.0002200515972390695
online_shoppers_intention_hr_hc.csv,imbalanced,DBSCAN,Geometric,hamming,,,,,0.19999749918917215,4.056266845894109,11.423368380802472,0.003833580007733549,0.000518380687392402
online_shoppers_intention_hr_hc.csv,imbalanced,KNN,Geometric,cosine,0.8522303325223033,0.8226941116819846,0.8522303325223033,0.8230090646077993,,,,,
online_shoppers_intention_hr_hc.csv,imbalanced,SVM,Geometric,cosine,0.8145985401459853,0.864874285561792,0.8145985401459853,0.8313836507778747,,,,,
online_shoppers_intention_hr_hc.csv,imbalanced,K-Medoids,Geometric,cosine,,,,,0.15473834093148908,3.193160760884658,1109.1540604389709,0.009435662767970506,0.0065847603055246475
online_shoppers_intention_hr_hc.csv,imbalanced,DBSCAN,Geometric,cosine,,,,,0.26053440356430363,0.77053470885133,1.6033215711700546,-0.00013247109879990164,6.31709710784917e-05
online_shoppers_intention_hr_hc.csv,imbalanced,KNN,Probabilistic,earth_movers,0.8238,0.7722825237081455,0.8238,0.7891974308081394,,,,,
online_shoppers_intention_hr_hc.csv,imbalanced,SVM,Probabilistic,earth_movers,0.6941999999999998,0.8330746486298043,0.6941999999999998,0.7349037221847038,,,,,
online_shoppers_intention_hr_hc.csv,imbalanced,K-Medoids,Probabilistic,earth_movers,,,,,0.4119214956970538,1.8962849212432866,1309.002167104077,-0.0003554878585171013,4.469720751914179e-05
online_shoppers_intention_hr_hc.csv,imbalanced,DBSCAN,Probabilistic,earth_movers,,,,,0.6053245439957234,1.1657354206318762,94.28934234281176,0.0032835681814335415,0.002113217905626932
online_shoppers_intention_hr_hc.csv,imbalanced,KNN,Probabilistic,kl_divergence,0.8672000000000001,0.8481948051748631,0.8672000000000001,0.848063498081056,,,,,
online_shoppers_intention_hr_hc.csv,imbalanced,SVM,Probabilistic,kl_divergence,0.6624000000000001,0.8128051853965497,0.6624000000000001,0.7078939537804636,,,,,
online_shoppers_intention_hr_hc.csv,imbalanced,K-Medoids,Probabilistic,kl_divergence,,,,,0.04267526762075401,4.78336211526432,193.09889184998315,0.1424708439852968,0.09180207161058841
online_shoppers_intention_hr_hc.csv,imbalanced,DBSCAN,Probabilistic,kl_divergence,,,,,0.6217093228533133,1.3227592829052421,235.63861101609444,0.010567321743170908,0.015651280056778415
online_shoppers_intention_hr_hc.csv,imbalanced,KNN,Probabilistic,jensen_shannon,0.857,0.8306219974840943,0.857,0.825836323965944,,,,,
online_shoppers_intention_hr_hc.csv,imbalanced,SVM,Probabilistic,jensen_shannon,0.8564,0.8875219961317647,0.8564,0.8667808920281221,,,,,
online_shoppers_intention_hr_hc.csv,imbalanced,K-Medoids,Probabilistic,jensen_shannon,,,,,0.10337725767172273,3.431807597793192,382.4741740739898,0.023535691026199755,0.03258766559675886
online_shoppers_intention_hr_hc.csv,imbalanced,DBSCAN,Probabilistic,jensen_shannon,,,,,0.35162391663702286,1.4320350348117457,236.75592149281098,0.01051383828842928,0.015684879421330008
online_shoppers_intention_hr_hc.csv,imbalanced,KNN,Probabilistic,bhattacharyya,0.8572,0.8310185164245139,0.8572,0.8291739850205821,,,,,
online_shoppers_intention_hr_hc.csv,imbalanced,SVM,Probabilistic,bhattacharyya,0.8562,0.8932821373185093,0.8562,0.867882772356456,,,,,
online_shoppers_intention_hr_hc.csv,imbalanced,K-Medoids,Probabilistic,bhattacharyya,,,,,0.09112767417481721,3.709715522034873,325.1316055488968,-0.02680176874593587,0.04821140882659592
online_shoppers_intention_hr_hc.csv,imbalanced,DBSCAN,Probabilistic,bhattacharyya,,,,,0.569816271656742,1.3227592829052421,235.63861101609444,0.010567321743170908,0.015651280056778415
online_shoppers_intention_hr_hc.csv,imbalanced,KNN,Probabilistic,total_variation,0.8427999999999999,0.8005228715312777,0.8427999999999999,0.8048424805972862,,,,,
online_shoppers_intention_hr_hc.csv,imbalanced,SVM,Probabilistic,total_variation,0.8583999999999999,0.8935538920317689,0.8583999999999999,0.8695749717038348,,,,,
online_shoppers_intention_hr_hc.csv,imbalanced,K-Medoids,Probabilistic,total_variation,,,,,0.14915163242159732,2.568644984180281,681.3627258003662,0.008210911396537112,0.007431062025483414
online_shoppers_intention_hr_hc.csv,imbalanced,DBSCAN,Probabilistic,total_variation,,,,,0.514793816610408,1.1047510955321915,89.67230153621836,0.004881273888155111,0.0033959376409318565
page_blocks_classification_hr_mc.csv,imbalanced,KNN,Geometric,euclidean,0.9577935271676974,0.9552578817829402,0.9577935271676974,0.9548194068701591,,,,,
page_blocks_classification_hr_mc.csv,imbalanced,SVM,Geometric,euclidean,0.9221633985291294,0.9541340320460634,0.9221633985291294,0.9333697762827701,,,,,
page_blocks_classification_hr_mc.csv,imbalanced,K-Medoids,Geometric,euclidean,,,,,0.2775626572111073,1.1252143232837262,2488.1009170397765,0.040280350614673506,0.09172761132100786
page_blocks_classification_hr_mc.csv,imbalanced,DBSCAN,Geometric,euclidean,,,,,0.36939699306450746,1.6355860098946977,125.25671697350853,0.25048835803026853,0.14902674434673888
page_blocks_classification_hr_mc.csv,imbalanced,KNN,Geometric,manhattan,0.9627272044276378,0.9607791467941011,0.9627272044276378,0.9604378229271034,,,,,
page_blocks_classification_hr_mc.csv,imbalanced,SVM,Geometric,manhattan,0.9378773384087552,0.9643870761949864,0.9378773384087552,0.9469156962338948,,,,,
page_blocks_classification_hr_mc.csv,imbalanced,K-Medoids,Geometric,manhattan,,,,,0.19589588333762656,1.3077672185492775,1898.193674524834,0.010629076519122118,0.06147328616816457
page_blocks_classification_hr_mc.csv,imbalanced,DBSCAN,Geometric,manhattan,,,,,0.36073623347583733,1.243838440490932,112.55248574403062,0.2464992177110448,0.1413813250710787
page_blocks_classification_hr_mc.csv,imbalanced,KNN,Geometric,minkowski,0.9577935271676974,0.9552578817829402,0.9577935271676974,0.9548194068701591,,,,,
page_blocks_classification_hr_mc.csv,imbalanced,SVM,Geometric,minkowski,0.9221633985291294,0.9541340320460634,0.9221633985291294,0.9333697762827701,,,,,
page_blocks_classification_hr_mc.csv,imbalanced,K-Medoids,Geometric,minkowski,,,,,0.2775626572111073,1.1252143232837262,2488.1009170397765,0.040280350614673506,0.09172761132100786
page_blocks_classification_hr_mc.csv,imbalanced,DBSCAN,Geometric,minkowski,,,,,0.36939699306450746,1.6355860098946977,125.25671697350853,0.25048835803026853,0.14902674434673888
page_blocks_classification_hr_mc.csv,imbalanced,KNN,Geometric,chebyshev,0.9530426652642475,0.9501774361669033,0.9530426652642475,0.949280002630821,,,,,
page_blocks_classification_hr_mc.csv,imbalanced,SVM,Geometric,chebyshev,0.8773966759326506,0.9365711356796016,0.8773966759326506,0.8978331571094861,,,,,
page_blocks_classification_hr_mc.csv,imbalanced,K-Medoids,Geometric,chebyshev,,,,,0.28035276230979694,1.0996022627871687,2534.660445620509,0.055441786856959406,0.09988605990628607
page_blocks_classification_hr_mc.csv,imbalanced,DBSCAN,Geometric,chebyshev,,,,,0.2997211973102116,1.9567387041508846,115.50686760216706,0.23059096995586642,0.14716856227747288
page_blocks_classification_hr_mc.csv,imbalanced,KNN,Geometric,canberra,0.9704006077149752,0.9691104628708285,0.9704006077149752,0.9686247550181477,,,,,
page_blocks_classification_hr_mc.csv,imbalanced,SVM,Geometric,canberra,0.9528593490437671,0.9672236419898805,0.9528593490437671,0.9575285556615597,,,,,
page_blocks_classification_hr_mc.csv,imbalanced,K-Medoids,Geometric,canberra,,,,,0.23544911694989215,3.799433500556699,747.007901693795,0.014364937923565933,0.0451605509117847
page_blocks_classification_hr_mc.csv,imbalanced,DBSCAN,Geometric,canberra,,,,,0.262986664110567,1.4104585640287994,163.09567979467647,0.6063202762261627,0.42172957227809643
page_blocks_classification_hr_mc.csv,imbalanced,KNN,Geometric,braycurtis,0.9641890594609034,0.9623684361350747,0.9641890594609034,0.961949430557536,,,,,
page_blocks_classification_hr_mc.csv,imbalanced,SVM,Geometric,braycurtis,0.941348993680766,0.9629468377341842,0.941348993680766,0.9485122196228982,,,,,
page_blocks_classification_hr_mc.csv,imbalanced,K-Medoids,Geometric,braycurtis,,,,,0.20104387241058486,1.2388747423987538,1806.3915743880705,0.004158975632371598,0.0608284224326515
page_blocks_classification_hr_mc.csv,imbalanced,DBSCAN,Geometric,braycurtis,,,,,0.3436567187669226,1.1484757994761172,127.56148084555954,0.3264657852884434,0.1971496896744574
page_blocks_classification_hr_mc.csv,imbalanced,KNN,Geometric,hamming,0.9428106817593683,0.9184323658233184,0.9428106817593683,0.9289732089333217,,,,,
page_blocks_classification_hr_mc.csv,imbalanced,SVM,Geometric,hamming,0.9408013823846135,0.9283742604033071,0.9408013823846135,0.9325368073326782,,,,,
page_blocks_classification_hr_mc.csv,imbalanced,K-Medoids,Geometric,hamming,,,,,,,,,
page_blocks_classification_hr_mc.csv,imbalanced,DBSCAN,Geometric,hamming,,,,,,,,,
page_blocks_classification_hr_mc.csv,imbalanced,KNN,Geometric,cosine,0.9652844490078719,0.9639138745837096,0.9652844490078719,0.9619173342971165,,,,,
page_blocks_classification_hr_mc.csv,imbalanced,SVM,Geometric,cosine,0.9135729132754001,0.9514613002774484,0.9135729132754001,0.9265769885045947,,,,,
page_blocks_classification_hr_mc.csv,imbalanced,K-Medoids,Geometric,cosine,,,,,0.5102906910721187,1.6729917194528359,1543.9876362064479,0.07185869730042256,0.09060762834284684
page_blocks_classification_hr_mc.csv,imbalanced,DBSCAN,Geometric,cosine,,,,,0.2149462126483865,2.650490342974383,107.51323806930583,0.35758566629020244,0.2120150588916438
page_blocks_classification_hr_mc.csv,imbalanced,KNN,Probabilistic,earth_movers,0.9398,0.9337900598796068,0.9398,0.9322643742835707,,,,,
page_blocks_classification_hr_mc.csv,imbalanced,SVM,Probabilistic,earth_movers,0.8969999999999999,0.9458536315003633,0.8969999999999999,0.914415346052526,,,,,
page_blocks_classification_hr_mc.csv,imbalanced,K-Medoids,Probabilistic,earth_movers,,,,,0.3603598672527601,1.147221578704627,2451.1971745478186,0.06820592165712533,0.11749180441847083
page_blocks_classification_hr_mc.csv,imbalanced,DBSCAN,Probabilistic,earth_movers,,,,,0.48756749677179695,1.7849804612794093,144.88566531221724,0.22002205581186796,0.13966714476049755
page_blocks_classification_hr_mc.csv,imbalanced,KNN,Probabilistic,kl_divergence,0.9676,0.9660134869448583,0.9676,0.9659823907549706,,,,,
page_blocks_classification_hr_mc.csv,imbalanced,SVM,Probabilistic,kl_divergence,0.9154,0.9590448936910828,0.9154,0.9306422900936949,,,,,
page_blocks_classification_hr_mc.csv,imbalanced,K-Medoids,Probabilistic,kl_divergence,,,,,0.3701913112230182,1.4990011308134352,1268.8188319129004,0.005026375087946531,0.054347242057915864
page_blocks_classification_hr_mc.csv,imbalanced,DBSCAN,Probabilistic,kl_divergence,,,,,0.45631379322963156,1.6841228408900366,145.6627260889078,0.2705348666473162,0.16129167228995275
page_blocks_classification_hr_mc.csv,imbalanced,KNN,Probabilistic,jensen_shannon,0.9681999999999998,0.9667146214957665,0.9681999999999998,0.9666356554336131,,,,,
page_blocks_classification_hr_mc.csv,imbalanced,SVM,Probabilistic,jensen_shannon,0.943,0.9649252281367928,0.943,0.9502302682704544,,,,,
page_blocks_classification_hr_mc.csv,imbalanced,K-Medoids,Probabilistic,jensen_shannon,,,,,0.2328619202961064,1.472230194767709,1287.763921894762,0.032779989777560366,0.08013464686964483
page_blocks_classification_hr_mc.csv,imbalanced,DBSCAN,Probabilistic,jensen_shannon,,,,,0.3610975011616232,1.686840537284139,145.49824839079562,0.2684110951198147,0.1603846794608381
page_blocks_classification_hr_mc.csv,imbalanced,KNN,Probabilistic,bhattacharyya,0.9682000000000001,0.9666450143371407,0.9682000000000001,0.9665746550590285,,,,,
page_blocks_classification_hr_mc.csv,imbalanced,SVM,Probabilistic,bhattacharyya,0.924,0.9627509406709983,0.924,0.9373748940852649,,,,,
page_blocks_classification_hr_mc.csv,imbalanced,K-Medoids,Probabilistic,bhattacharyya,,,,,0.3687695656920631,1.4709214493953688,1337.46428207953,0.031639450536810186,0.11098072514187737
page_blocks_classification_hr_mc.csv,imbalanced,DBSCAN,Probabilistic,bhattacharyya,,,,,0.47263163289766164,1.686840537284139,145.49824839079562,0.2684110951198147,0.1603846794608381
page_blocks_classification_hr_mc.csv,imbalanced,KNN,Probabilistic,total_variation,0.9561999999999999,0.9534947312027253,0.9561999999999999,0.9526892195084674,,,,,
page_blocks_classification_hr_mc.csv,imbalanced,SVM,Probabilistic,total_variation,0.9294,0.959745165294969,0.9294,0.9399884845288866,,,,,
page_blocks_classification_hr_mc.csv,imbalanced,K-Medoids,Probabilistic,total_variation,,,,,0.22664138595124136,1.1237443949204677,1967.6211901014165,0.011760982483017546,0.0641218435853607
page_blocks_classification_hr_mc.csv,imbalanced,DBSCAN,Probabilistic,total_variation,,,,,0.4627977876303061,1.610355448056304,150.15796572768394,0.2785106712285866,0.16390528861245826
