vconst_corr,vconst_2,vconst_3,vconst_4,vconst_5,vconst_6,vconst_7,ah_corr,ah_bolus,slm_corr,efficiency_factor,tidal_mix_max,vertical_decay_scale,convect_corr,bckgrnd_vdc1,bckgrnd_vdc_ban,bckgrnd_vdc_eq,bckgrnd_vdc_psim,Adjusted_p,outcome
0.04775951851756472,0.051599358129623046,0.014023397684280507,0.0165637802010609,0.009443797989012227,0.040995588012416456,0.023674850662678062,0.03159270889567101,0.026333923881554262,0.013570308827060396,0.005769801623485164,0.0483847046523975,0.05555555555555555,0.024851407160688642,0.01707079515899166,0.04780777879009733,0.04430590781301006,0.04834217324774562,0.4323546431971068,0
0.03368705669403935,0.025401500203674206,0.019961994770898127,0.01701678712519441,0.046893800640110034,0.05208336413044772,0.024582603039130617,0.046066825888531296,0.01639862365397033,0.034243500880502716,0.054212903329829566,0.05090751081905362,0.04706381975478976,0.04799932882379871,0.01925150586468959,0.019832064183851913,0.024368249019123794,0.02846137746217775,0.3915671837161865,1
0.05546690075038618,0.020692987574219054,0.02876272942734926,0.028066248082766445,0.03440169359024139,0.03372885040025733,0.04143648824600296,0.010887963153762656,0.045410471030452745,0.03772352309718262,0.04463208099740736,0.035835859864144476,0.03999221305995778,0.051376450030523865,0.017507573781462504,0.013925589241852911,0.015870950613544498,0.02032320053248211,0.4239582265260038,1
0.04355280982956869,0.005691753938755897,0.010940349049855662,0.023426556018432697,0.041256613721573125,0.027332920121565556,5.2256999924960495e-05,0.021807219683549713,0.0003791814463537438,0.02614524893130663,0.03320806418710266,0.0423954839578437,0.020156372076713714,0.050710421354884676,0.054376804549646315,0.04711698854575322,0.0388806017692432,0.026445185269231803,0.48612516854869403,1
0.02257396686811061,0.028492824344174456,0.0033782186837444717,0.03536675732256365,0.046975443057588835,0.024583439869609973,0.010466815906685087,0.02711799059923771,0.019859360351797428,0.030605222988550475,0.04132291533377017,0.017346951928285233,0.03618787452115827,0.028953703841930696,0.002382245302862842,0.02095205269768762,0.015563015560807044,0.007338917582289493,0.580532283239146,1
0.0022786395671140097,0.034947694771204886,0.01683797150633455,0.04527440260261117,0.012354694470186951,0.05410986286354105,0.033812947444164534,0.03603715586685829,0.0410645245459476,0.02444550820129983,0.0019766860145785537,0.034267781023700275,0.0009020257919607749,0.05179672624775307,0.01828361026336918,0.05315006158700287,0.007515729206585733,0.01637340243663564,0.5145705755891511,1
0.008935129683237812,0.0304789513922505,0.008491578514312488,0.036403362983269814,0.0077641886143315535,0.0443796388207892,0.022418528471620333,0.0368626197083444,0.0025820725710602576,0.03210762822724538,0.014697885407641942,0.05340917374255878,0.03885822753182458,0.025895288641013328,0.03540837000945857,0.0005776876351881355,0.008180016092617145,0.011871191976128657,0.5806784599771071,1
0.023077328669342746,0.04997803284206523,0.05185358156998773,0.05103474512243858,0.02216728730355755,0.0004999786938595006,0.04702546272686972,0.03803899742715858,0.02202653987903398,0.04927510504245292,0.029014337569683954,0.03866670362377436,0.04936561769980645,0.02279319941122735,0.026729706066656905,0.05161246371386008,0.0014575263380803083,0.005140730643761433,0.42024265565638264,1
0.009252617700216825,0.019563554172991108,0.0549904495409536,0.015907179704752375,0.031324817503795524,0.022420989016977328,0.021026879936582532,0.02665299879118007,0.0031822987079039152,0.013060689464338297,0.016122399921010572,0.021778082938723863,0.014144326836103779,0.027067393946953525,0.002946401486431421,0.04802608363951265,0.023067502554052096,0.027064403947229688,0.6024009301902908,1
0.03644514788247366,0.022960713459811474,0.04480338031227115,0.009011729794103448,0.047927497900546095,0.05279372513118799,0.030281033603443135,0.02370048131629205,0.023131783844661018,0.05255219985094354,0.018062425774363584,0.03709197599383089,0.0207987811512827,0.0054471492023392375,0.011827444135099693,0.012376488883011223,0.00039296188486820637,0.023334441144210353,0.5270606387352605,1
0.03279524343892936,0.016259986645668908,0.023530710373991962,0.018291494726702977,0.0254364385053263,0.046226708102813395,0.027554661007024764,0.00885722116533968,0.054099502550941224,0.02730812247853573,0.004660556003714421,0.054251907240163925,0.05159081475691159,0.01631745995030515,0.04470829762284731,0.0485064033304249,0.030365273172250146,0.04917479253111537,0.42006440639699294,1
0.049032898824849375,0.02357291796796014,0.050260075974609145,0.009559643882415737,0.04398125811866282,0.026516623346113356,0.03780205664873094,0.05039840481582579,0.04612304018280401,0.0045503095933465436,0.028910888425043316,0.00399874795839534,0.05279933165490657,0.05554558800417931,0.040493132761670006,0.015890825450401,0.011714605000754713,0.04632410430338566,0.40252554708594623,1
0.05343166612281906,0.054334650203874964,0.04773640045804207,0.03420255785042579,0.034213143328462224,0.019637338405071474,0.04633838192007661,0.005275892403255905,0.012724964477836415,0.05306590122109168,0.03205767332133911,0.04361374826460492,0.029507073863757727,0.009618381526611637,0.03025472014148509,0.004488596894207398,0.040748082624764245,0.0295238402859925,0.4192269866862811,0
0.0095736565506223,0.0006483638651060781,0.034671481139656915,0.02885538056662451,0.014115801707815519,0.020427647655671836,0.002855356430306006,0.02884081368841846,0.02057050515182846,0.04743807794953217,0.01926590819811865,0.052747397724595385,0.03323546242854158,0.023747656532181798,0.02229281744229933,0.04569652367371314,0.03332849445783761,0.007527799012179674,0.5541608558249507,1
0.02203241863093327,0.011107801739103246,0.053875363709467876,0.046559506235157325,0.03390481463689344,0.013612407111655518,0.04378562807157048,0.019797713799859007,0.006809202092426423,0.028297243826380474,0.022429979954971,0.04819076557892346,0.02778338705838997,0.03270764014817876,0.0007938047196825337,0.04976177858884671,0.031245379637293322,0.0015668472291975994,0.5057383172310697,1
0.002848273246347245,0.017219642947714765,0.05059829582105334,0.0400134440158391,0.02406321955580129,0.05555555555555555,0.012671251922373387,0.04292643022427974,0.03296855464162598,0.005966107927411533,0.011933387108617606,0.002822664437887484,0.01629591948451726,0.041743107066074446,0.05128913526775963,0.03377147599065921,0.01768223319182211,0.039945987108758026,0.49968531448590225,1
0.04527427609071828,0.03872320007088622,0.039097511052395145,0.05432599238572891,0.05469507236205221,0.001709098878470967,0.05220096096335373,0.04143805119124317,0.04186602950148418,0.022862742764621115,0.03258429440743877,0.05242996052065834,0.013727304839991555,0.030510699775034702,0.012751149505198987,0.03850559771147927,0.05555555555555555,0.03595521083703998,0.3357872915866489,1
0.033107632677819326,0.0440039080001082,0.044181257017589556,0.023919236797966256,0.05098203700007219,0.0500172962057048,0.040517589335063116,0.031161769232698627,0.03665106662324746,0.04640598330109051,0.035813750032728256,0.024698548130502335,0.04565803958616999,0.04877385261577458,0.01322759472638458,0.02300830470657739,0.02104739472999201,0.054076570488658375,0.3327481687918523,1
0.025190378651423952,0.012588677890771458,0.048351259163883,0.04673285086319888,0.007374732546899063,0.05300247889780831,0.009749114954730445,0.0012721003655689859,0.007915507265648799,0.03744027364113214,0.004605175353347418,0.024309428844218318,0.012830339189752212,0.023510732979371632,0.03215565065632516,0.0077722699107404085,0.029954562241662024,0.03447257594141766,0.5807718906421001,1
0.01992784655081374,0.02997323984224442,0.022678591949508428,0.021725051906608416,0.03674401641238903,0.040680130131853995,0.022961443290415575,0.037716039176493084,0.004975247674911458,0.02537848159102212,0.05394966326485696,0.006437941539966832,0.04975052218111777,0.049733395539312435,0.02289040177718052,0.0037134082887477333,0.014164604442150027,0.008140422460733496,0.528459551979674,1
0.04420863703245294,0.007125722502456098,0.04906783253278819,0.029532204011439467,0.030399217754193845,0.03490081951017702,0.03828240897121699,0.05239126363839844,0.0258895138844919,0.005363209788397304,0.024162876242008573,0.040650938942088766,0.0483476233326025,0.04736804889876718,0.029226388972357995,0.043743611039234936,0.035053314170055826,0.041172809963408025,0.373113558813464,1
0.027826673255227325,0.01998011777161957,0.05225965743787722,0.008258976667627756,0.03218281115322921,0.016556012863216996,0.05034150192660877,0.04257264437535962,0.0013217722357374271,0.033791164455974215,0.01755448226803976,0.04690802229133076,0.021365470570066852,0.033339985576036395,0.05234677236638341,0.05468630488178871,0.012502161706496878,0.03848900941340774,0.43771645878397136,1
0.001615287013647817,0.03755015276049062,0.0013232486935202147,0.006241286950073536,0.04635692756149385,0.014922834640941018,0.0520622878430891,0.032111515929262174,0.040530685535133115,0.04703207470968385,0.023312762448944386,0.015890695153868914,0.04353747660322848,0.02526247154418362,0.025046421719099363,0.05064662096466714,0.045979700860743766,0.006987512403944896,0.48359003666398404,1
0.016378305201199296,0.045471708745153744,0.030494499792915616,0.0547508454290028,0.026401154365883406,0.037445895718632674,0.010809211497038944,0.015024336671416068,0.025194525810801296,0.040290781185807645,0.036291301702460796,0.005458096068989048,0.020507993342987148,0.013901520615130978,0.023667928052520232,0.021233499053254664,0.04312835170617829,0.031217586896270428,0.5023324581443569,1
0.026894305285042507,0.015097087702343479,0.015981773454218737,0.023551435158141457,0.04592171845432427,0.03825268591261098,0.01745496295349292,0.005948416731004412,0.0423579112950719,0.04004137612371473,0.054716104184028225,0.01918053747191348,0.008015655358532508,0.05343309999669298,0.0011589960801251175,0.007071446006648541,0.054380621677260974,0.0487663953914637,0.481775470763369,1
0.04302932474772304,0.0015644609835871709,0.027845907904689365,0.0100134943779263,0.02788943365674892,0.0009302828322525879,0.03795075819715731,0.013309376371813694,0.03865729310862531,0.04236353632693672,0.006569838630567499,0.03862905004418917,0.027214933000434465,0.01958761558066835,0.02932812810881319,0.04331387532095835,0.017176676182199483,0.014590285191963148,0.5600357294327459,1
0.023354244950474824,0.020616827312459063,0.04128886248343092,0.003407595223217214,0.010481260847665338,0.04713845898748199,0.04858853117539832,0.007987815540722984,0.00855542254420023,0.01959415777260494,0.021827176958622584,0.035269912758976424,0.043892011478772426,0.04756106261607608,0.033457566636814054,0.009352811162898626,0.02971060390450582,0.05488057266222169,0.4930351049834565,1
0.029532543204907415,0.008184604403204267,0.019161970035959614,0.004641317720504243,0.040975593145379956,0.019221689679746568,0.009366565312294944,0.03842290405420233,0.0052635607755428205,0.010102239795659058,0.02062955110745444,0.026732357050333087,0.02820042773648944,0.045760831779286845,0.008122578261941968,0.03315572678897991,0.020650642104796627,0.011094681117234302,0.6207802159260822,1
0.0169442366400072,0.01330512882090827,0.04622143573192874,0.0011169486507061988,0.055533608815773294,0.016384782356506127,0.039757227698896634,0.02311101391944724,0.05132117532463067,0.007655264086903424,0.0038260937352541957,0.05464849097913835,0.01140790968986654,0.010679522459234439,0.027843983304310666,0.010084727920539834,0.03841645208202123,0.03421682076833125,0.5375251770155957,1
0.013888470670162677,0.040840778797303946,0.05218070274987058,0.049713598969629125,0.013064096637662235,0.05473497193326357,0.029517777584901643,0.022159438784949567,0.010753979687250023,0.04991615920760337,0.04088685451940279,0.04949814918685368,0.05449406160311258,0.04602147754619095,0.024587351671492605,0.02515523423364488,0.04279820386376785,0.024214885430209193,0.35557380692272866,1
0.021340946927607615,0.04910963521666117,0.0015656374912551485,0.01994657713745163,0.01984484348468322,0.029308415823200762,0.001770457449174875,0.03286207364471257,0.007505176084202669,0.0025694877822875634,0.03680099710035859,0.01877703054700574,0.016985625551010297,0.0013510469992306135,0.0016787799676293404,0.018854734728398406,0.032043697617075144,0.04220922568338097,0.6454756107646737,1
0.03975932905478937,0.018236457634185896,0.03203255824583839,0.0011342613086493094,0.021345526745469065,0.04583158569603288,0.039799713169165,0.018082447786636195,0.04759128108901874,0.02208942251422462,0.04642514388537729,0.026023442601644933,0.00019590924480293676,0.037867527125815724,0.00631574984207341,0.03151077152769547,0.03108310474500772,0.04461091054380317,0.4900648572397699,1
0.037722826212830546,0.006342822151449958,0.02941673292338203,0.010400456620929203,0.02323135125731233,0.018553638618741396,0.007472287141642192,0.006673316430458983,0.02958754903150927,0.05376301534846131,0.00880044337300381,0.02640081156586478,0.00789861226230353,0.009011250807840212,0.04497847150056284,0.042817424750717814,0.052037157492063425,0.022350950970370556,0.5625408815405558,1
0.04128789167469168,0.023334916209538023,0.024003036577519676,0.038181854212083734,0.002350011820697676,0.002304849463174223,0.054879386174743944,0.04831502326080212,0.02296527318495699,0.02944180687417611,0.02346961379982069,0.010101431411186367,0.049973353563719375,0.04051094031228378,0.008762211896837525,0.04874783542794572,0.0344055264658677,0.01212434801444082,0.48484068965551397,1
0.0007945353151817085,0.05253233781795182,0.013627222264016968,0.03786437342662131,0.05377751667967698,0.02504536771136517,0.032879863802366696,0.01514898362234365,0.037630948077612726,0.04201764448094194,0.03443033396524122,0.050623565924277636,0.03908122593696887,0.0423981065869831,0.020933589374416462,0.02655561294007581,0.019593115190945948,0.018224370462591292,0.43684128642042064,1
0.011017330628357967,0.024193334381621762,0.0371684771875132,0.05545971024671551,0.006024322821737074,0.001919781519926061,0.014520464351604142,0.05522286884409665,0.038982773068548617,0.022760937408078042,0.0,0.017191149554976956,0.040727737899163195,0.03882803333031082,0.007934250710826134,0.013874161375933624,0.007167175496276669,0.045757115137503745,0.5612503760368099,1
0.027390262494177104,0.013094820613882986,0.0354197015851504,0.030119920396272908,0.0037853408481241355,0.047930428327965874,0.02529596761359951,0.003276392421173795,0.021195814153712217,0.019325186487261677,0.01851293175987442,0.016547571116047717,0.04251019187895237,0.0034556216413977195,0.0,0.04150018868550547,0.03730528595065334,0.0003021934442569032,0.6130321805819914,1
0.05239431364096227,0.042175285806902,0.026447202230378063,0.046371621201797816,0.005142701213787513,0.008949015409129329,0.04603882077521146,0.011949443475736322,0.021762452449737776,0.036100105558170184,0.04544618482841579,0.0008698637899725006,0.021894967107903243,0.0345567849012643,0.0037557757549485627,0.03297301059485508,0.03087892390820189,0.005700668636503972,0.5265928587161219,1
0.022425084116491623,0.034677692745916214,0.019561850100668483,0.038498808065336045,0.011906976358672779,0.04537952201672675,0.02420912719939821,0.012241286725064022,0.031948930554787695,0.014192698448500811,0.03029977082333483,0.02000375085765123,0.002855762476733227,0.05114974866460092,0.03762255048764966,0.04616283791430791,0.016632795500186388,0.006751713578437755,0.5334790933655355,1
0.006811831305155985,0.03357746124961646,0.02734744425866819,0.006426308337864167,0.02242935626309246,0.03294219326936279,0.03647047967784602,0.010130059295291056,0.03642329148656643,0.03101949193978211,0.03336031912230582,0.0018811029558561997,0.04152621640671388,0.0029368089461296056,0.05288174331075022,0.04134326763547788,0.02148071636927706,0.04359666701774442,0.5174152411524992,1
0.04499503196869617,0.013950517886948951,0.030804903130248418,0.0030423413709306252,0.03163782621092197,0.002975934973614602,0.026342179959425636,0.002440327947376736,0.008460294164869618,0.012063944608123173,0.019818941666222487,0.021280234427811566,0.011956730763775243,0.039841236161611164,0.01802328880906543,0.03971927231923091,0.025624247221213987,0.029009937708536524,0.6180128087013768,1
0.05180577049578464,0.029679182403576636,0.003965410873748793,0.028236502200947915,0.0443344489777057,0.04762912926048596,0.029601387209197014,0.02777890114871745,0.04821353072095988,0.028558335635523364,0.02780810777930525,0.022813748181650457,0.030547779169999623,0.006428547607095881,0.05011105737872346,0.015231531411044195,0.0358162655118037,0.00214167232280886,0.4692986917109213,1
0.017775993324480772,0.027767596920863932,0.030163604042302214,0.032191749218076764,0.05222600477289516,0.010428555718483607,0.03572358750184097,0.005647449713853637,0.03393309089778085,0.02110201513721701,0.048783612812419934,0.037936168664996606,0.05174782252755714,0.05491196689196354,0.0075457420855624445,0.007092119468455665,0.03602587692012957,0.02136128426593005,0.46763575911519006,1
0.03755486890490249,0.050320172685844114,0.05372821679666526,0.04251235306781133,0.03521745315929234,0.042298211413563054,0.011858194636833519,0.014194563564646327,0.03700039899292783,0.02040335801839189,0.04154664548870257,0.05205594530302124,0.053289045988362996,0.02327353261976778,0.05487905757364769,0.053236745178791005,0.02696290943050963,0.011463155277701134,0.3382051718986179,0
0.007369081204594845,0.05348103579171326,0.028616923539114776,0.045616081092698706,0.016018777166669572,0.029456855461921,0.04425569182682565,0.04695324717818161,0.0018952890417337255,0.025740583396268613,0.04312421959904397,0.043152169086333944,0.006853194466604349,0.04109613405087501,0.04914500763224559,0.011270283736443853,0.0017826493684896692,0.03827167236071856,0.4659011039995231,1
0.020341482183832707,0.00892899593015299,0.031093465842090426,0.04943678168342644,0.018595493574295387,0.004985523721901158,0.025796278234565838,0.036312582522954724,0.03007003383351714,0.026376438618651386,0.020739175754656038,0.03949454534481324,0.03411566938818072,0.04914179413289175,0.04868343775421482,0.03058120096783755,0.00924430690699235,0.02987940210099571,0.48618339150402956,1
0.0064179009982356545,0.042314375607857106,0.01910697972666126,0.04324502451985471,0.008772345811035972,0.03702471761528829,0.031933443451788064,0.0024705843570483393,0.04309166463496499,0.027601836930921192,0.021907992580120057,0.0037160554642473825,0.003149264359522082,0.008385835187090995,0.03411589207680457,0.015097397933014817,0.0033225354914473153,0.03307564011603622,0.615250513138061,1
0.04793185294509419,0.02167672213841916,0.03332387553302245,0.04754421470850659,0.04289334673064502,0.003357987140791031,0.01681807736571205,0.040010351720314564,0.027218148420877268,0.03356640615528519,0.029487066604678463,0.0032686056396186197,0.03374784353347207,0.01150661932046506,0.053448047380936746,0.044102006968897614,0.010580147650207096,0.04687963745310534,0.4526390425899516,1
0.04048692567819245,0.0435426946625963,0.05342113242270497,0.0029574585285154207,0.0234584400798688,0.01053976875293742,0.042681731619186765,0.0499621890466788,0.052367391420355784,0.03866417546611052,0.0007689949157391893,0.04724920387389629,0.014939141220400845,0.01753793619894172,0.020290569900998208,0.04079102955796004,0.024781112471430323,0.00016239483679513436,0.475397709346691,0
0.04960064280901552,0.04638540206103299,0.04074223216346891,0.020816724053729953,0.04004426153310073,0.05233119689899107,0.012286252692908551,0.047871786819824944,0.04826647735599587,0.04615113051287559,0.05499022638649923,0.03200236428709025,0.024572753318808135,0.01800727557082512,0.0004654476588759283,0.05278042640389712,0.046979228685781624,0.03552330313473374,0.3301828676525447,1
0.0192895423440525,0.0011787474110476431,0.03702163900901058,0.05384762380813131,0.02099961799486422,0.01872328333883296,0.04564540155476757,0.0507197731664376,0.04391679926180571,0.04595791740685674,0.027346661906515083,0.03154340413971642,0.03530889678051275,0.0037267098039343513,0.028563177105613582,0.017753795119071394,0.02389937573948609,0.016931403085593055,0.47762623102375046,1
0.0259285708723291,0.051477082073546614,0.03361716097144826,0.01685510034224507,0.032566692714803114,0.030166377499098156,0.049745660428575256,0.05413922882053451,0.013770042958572176,0.043150899164071596,0.027071829031571442,0.020376596071639077,0.00518744502082156,0.024464750462729824,0.019774588731541604,0.038700351609778694,0.04946494408428696,0.010010720842808655,0.45353195829959836,1
0.033479575651464095,0.04571591784703595,0.05089117295683518,0.014642827738377114,0.0014603052338619986,0.03849752637220506,0.054040761900763276,0.03739778111273325,0.04029032000259834,0.04102856852338907,0.028592308340204056,0.013560735603855893,0.002082488033360143,0.014237134006636728,0.04545027139736793,0.03715065029409452,0.004112968157491097,0.025950300524674768,0.47141838630305144,1
0.0352742685003439,0.03230713711812286,0.0029207687820072335,0.016289767194070492,0.016616448645281712,0.029751291538781102,0.00848345915713123,0.03551219710495702,0.030971241495172202,0.02968488230183815,0.014998691510577073,0.04201556983011297,0.05198642401691448,0.039407377248372295,0.03273925606144534,0.044687993194708966,0.02356049369683404,0.014257608170512089,0.4985351244328169,1
0.03807127812917056,0.025979256616665784,0.03946811897117849,0.05369737816075447,0.03745723928358216,0.007275709745247975,0.039345670650610357,0.034438194156467414,0.02912393249607488,0.012464014696347734,0.000914364898714506,0.013170322328211664,0.038049835023430484,0.017448078719663872,0.013870904379557574,0.002549917870688663,0.04139981337506582,0.04240857897591207,0.5128673915226556,1
0.04983653007401496,0.010790075142813606,0.025646011871625143,0.03945080534143531,0.04894688576530071,0.017986645682684613,0.01649493340739806,0.052725094619297745,0.05491805803723501,0.009123126589469304,0.0376261035152324,0.01107860873642377,0.00424594893001713,0.0067792025427323,0.04203341496808189,0.012250087664314548,0.018220467494079844,0.030910933686731343,0.5109370659311123,1
0.007608180222541271,0.025056427858928292,0.03498411626771085,0.01327056564607248,0.055066629550540286,0.019859687773835403,0.017244073417387193,0.03308592747605482,0.01187689930455212,0.03811457588876157,0.038325572308035544,0.04005391825260488,0.009582959319669845,0.0201851253554031,0.02379989095453239,0.05107894289385714,0.04173127564032254,0.008751838620190152,0.5103233932490001,1
0.05363428117139428,0.04822725570127742,0.02428039877001195,0.003797275150897234,0.008016258374603936,0.011081582469944567,0.03891955698881053,0.020376172779266916,0.053737778936500655,0.007013190116066591,0.03816305869952338,0.05409331513261005,0.0013743454665108938,0.01903091595127157,0.005509484141567398,0.011505562912409227,1.3665037515117729e-05,0.05274647371873044,0.5484794284810879,0
0.02447863954715632,0.015869732631408617,0.04176034929294506,0.04909595133994268,0.0514235414932427,0.043292606647329084,0.05437771468451061,0.016929604840668463,0.011345875405953951,0.039557390023304335,0.0004087055379610649,0.011160370121185478,0.004770132477982328,0.02710247064314269,0.0518317185479896,0.040392151562874214,0.04754245470493728,0.003975837139235221,0.46468475335823034,1
0.01246286464262126,0.05555555555555555,0.03676111289299444,0.04429163374641782,0.011177056075439108,0.03597470212404433,0.03095561387871251,0.026342927541156295,0.0007732478579388585,0.003229519600621517,0.009296937082047986,0.030795272631558228,0.014752917833128404,0.010083159407753495,0.01540569231192108,0.036433149753987204,0.029440588988893783,0.016347700320183896,0.5799203477550241,1
0.014378208122057534,0.039912679105785956,0.01319376638304678,0.014220290206191762,0.016121592230799633,0.01552762519599685,0.021321918930249546,0.0036084838453790758,0.04923150576072742,0.023876711426558107,0.04018563700320422,0.02908827025493668,0.038520019820859036,0.032090491797671344,0.041739110487582644,0.04506912238833825,0.05170414842503351,0.0030265376839152982,0.5071838809316664,1
0.029024126345608692,0.03115489567945213,0.0026266348117903312,0.04503902119205373,0.051772004801275716,0.043828412836729044,0.003595319442389997,0.04061344961466172,0.04353260768145769,0.011162931051994942,0.01549000402488627,0.020695221620636754,0.022939047552151287,0.03591741301421211,0.03774843052089712,0.05013166139204315,0.044690675101634464,0.001384628180663691,0.46865351513546116,1
0.034267118043614625,0.04122105647905222,0.0434866072385088,0.0017546551902822085,0.013297024305494787,0.008320510574323729,0.022384628931556835,0.05217676242876734,0.0033447070674788035,0.0017859627361003906,0.03520232030851655,0.01773834482484359,0.055298648283985605,0.02263016110105034,0.021429433404333384,0.030864112134798997,0.025319110669135843,0.013909222048750376,0.5555696142294055,0
0.0060315410412587955,0.04477801017946861,0.021558134999262592,0.013947013699113855,0.02181669380611468,0.0049098704571228415,0.01873331561609718,0.0009641452904932814,0.03338127328863763,0.029961113694748805,0.004213275446295784,0.01948531581280994,0.05021527537199791,0.007426087764108654,0.014250565332287956,0.023941490374789286,0.04926519768688897,0.05242323454276878,0.5826984455957345,1
0.02595457855647325,0.024839804863471062,0.03144676586305631,0.020065235028922254,0.03624481963261787,0.04465744295086344,0.041683531302053524,0.05314114909555259,0.029679955641965197,0.04865048427931612,0.02466768614183606,0.007118045533806984,0.05054186232922559,0.019845549766270426,0.049786505595555794,0.04207668734280262,0.04248468437674635,0.043269026167351794,0.3638461855321129,1
0.03685747925711294,0.014752873022596001,0.005787150515186409,0.05134173664266995,0.012902457509004414,0.006672859603493311,0.0009843660700339907,0.02042063298991876,0.05218709361372755,0.03302894817469627,0.032949623690304956,0.0232561921946971,0.0184046576618065,0.02668917570605016,0.01078952546026212,0.0424934883822595,0.012217028870717732,0.012960800738096996,0.5853039098973654,1
0.009218401331552046,0.015511878291750032,0.0037686009202195056,0.040862334428733785,0.02968278484842359,0.0007465283514959676,0.007878769690182736,0.032189198021793444,0.04985908183203427,0.048085348913860335,0.03057817873765277,0.028108204965767207,0.04185854475687551,0.018500539539390806,0.04267069522569139,0.005977565605063436,0.03348975809308444,0.050187973189159664,0.510825613257269,1
0.030169200735403214,0.011989418272583577,0.014996621581455233,0.033927759857278646,0.017871040090714187,0.03184434520507165,0.01159551563596834,0.008176143813110087,0.052891971610093715,0.001003680047263789,0.02027589967514141,0.011833762496436324,0.018112461231672646,0.021187624303630873,0.006932286670860855,0.05555555555555555,0.04040183162891865,0.04526999333188405,0.5659648882569572,1
0.017239821426349253,0.03061905952410336,0.018334171137707935,0.03894672058609754,0.02506704173078035,4.120910315227432e-05,0.02853437144814665,0.013741706522514628,0.004642108809966001,0.016289623390960684,0.05454336769706646,0.04763003167150875,0.012299009140343726,0.03180378190530143,0.012076657519520835,0.027963602800044143,0.01871133069314906,0.03057604871263039,0.5709403361806565,1
0.030805090161840465,0.03557690891068249,0.009918843587903325,0.05255057397961809,0.05369038163532109,0.05058546929833315,0.015853990074764138,0.007620596213455139,0.05186804551309057,0.024990203343688958,0.05173743028959329,0.01491206356098037,0.03988150661496678,0.04270848894732767,0.04315036102482987,0.05399984149325582,0.03288412355923829,0.047365361187042855,0.3399007206040676,1
0.0033405983562121264,0.0017582982888182707,0.015232821373624528,0.018638096049160186,0.003258441976477685,0.04879805149064192,0.03884309671917323,0.022491195610522763,0.04790225191642273,0.008607278898992283,0.049376191874259234,0.011667147220007133,0.03200517861741937,0.03620004277778541,0.011654178554731661,0.03209754683693925,0.03628869909906383,0.010620211332239757,0.5712206730075087,1
0.04654371197312754,0.01935385112413464,0.0076859807380181035,0.05070022552309142,0.040244552383629936,0.024287782499037288,0.0245681414635373,0.04964293124984709,0.015238085104952871,0.03179950890119074,0.031634844210148456,0.03300797944105512,0.037887910321043335,0.028851238534602437,0.004024966471381945,0.006676703506835491,0.028697803011097582,0.0366752007986207,0.48247858274464805,1
0.015074177480975247,0.03628979498606817,0.05525115935972863,0.04340129992549243,0.025709351281163327,0.012552180690815703,0.031636761045195826,0.029116244462994403,0.012291004184028316,0.008349086889023282,0.025538288656747156,0.01050310949110846,0.03747702164922732,0.005962985040806921,0.02971365097080567,0.03954569793992012,0.04622224457241518,0.04991540163187244,0.48545053974161123,1
0.0013075495072738062,0.04383500495016819,0.02181721690068649,0.0479918923862278,0.0453377720860987,0.035150487340806724,0.02600810596982301,0.029400849206319263,0.05456972343521419,0.03605879409919175,0.02133954420032607,0.009726253381517233,0.019124053978936698,0.038930670604347094,0.016760001735585422,0.05232177361031459,0.017582490807056008,0.03899610713405134,0.44374170866605556,1
0.015207395838036332,0.033792284430337535,0.009310628826368208,0.03762730989490008,0.0007156558625468087,0.04563572357362391,0.02999775495178353,0.027447592068652427,0.00990316770448203,0.03397849537002215,0.02585190781863378,0.05023387654901867,0.03514846568906408,0.005380165356376836,0.03015600460573796,0.00907300447497556,0.045382497083299986,0.03955993827002212,0.5155981316321179,1
0.02770183746155479,0.02877653334966782,0.000817006291518837,0.0020845956014234218,0.04466966787343794,0.04132223073602736,0.05030352028159039,0.002102685870248335,0.014962040058228432,0.03673774704169541,0.007867275890415946,0.04477857528743156,0.02659693068744116,0.054449689686404054,0.040447906118538685,0.01933500741554203,0.05497427993837081,0.02488593810223084,0.47718653230823216,1
0.01601569328181182,0.05247469442647773,0.04437352432561383,0.04474155149978199,0.03516971426202779,0.01226752733824337,0.02354863589073329,0.03134993588259278,0.04438696251914141,0.005662933080022043,0.04743001169511768,0.05479649959058597,0.003647225647121234,0.021942933615249727,0.03850426314696001,0.010452345510089712,0.05034545230519208,0.019445768743525063,0.4434443272397124,1
0.05041276458666327,0.047017719565732675,0.0018224569569723526,0.02125674218815664,0.035889630781704936,0.05196857879794927,0.001983744052824329,0.030573360619016957,0.0119919813043531,0.051293442792992354,0.019614852384091365,0.04612633965884737,0.04817685641776857,0.0045442455501676264,0.020404431762720013,0.029899289975144447,0.004857570627846711,0.015122568326224047,0.5070434236508239,0
0.04396159799119254,0.005267279202515493,0.020893469109826528,0.01793617324528179,0.015072535731398615,0.051019138488307005,0.005139480038022307,0.037395431464521435,0.0507502213243572,0.017809335641630283,0.013136926670750733,0.022401173742398233,0.03448993472870789,0.02782862221116715,0.0555181250380726,0.008918348582836801,0.014715170897769176,0.0265940228687309,0.5311530130225133,1
0.0358128814886857,0.053895224455216745,0.045379727241885624,0.03120290663680958,0.04326323850844213,0.025299402823651045,0.05105401803202611,0.045059648943222556,0.01405575518951924,0.02324085241700988,0.04338087696713884,0.0007870110076103038,0.02403100953933922,0.04289419277043751,0.029006401891886264,0.004255199262930235,0.00960017557673138,0.04708954026657317,0.43069193698088437,1
0.013555678197894565,0.009768494034662742,0.016193287373283335,0.022072759318025124,0.027430760961309798,0.017467610013149892,0.04743503945531777,0.028088169740479094,0.042805934517868634,0.0483298741018753,0.0530784289484445,0.04533508158314694,0.01858180567427791,0.028025780621384944,0.021152410839259776,0.03903599515057246,0.019049251190837155,0.03939945342706111,0.46319418485114894,1
0.04476385762199475,0.0037919668390505768,0.01743159033983799,0.0075478675338180486,0.001617235068685974,0.02103037577953801,0.04930918914200815,0.009154256648563447,0.02399251772159644,0.003731117078583364,0.049524946083328816,0.0239933765562128,0.0043129733754996066,0.04071271993086895,0.027391861156047158,0.03154801852947038,0.0026041448524702446,0.01778443743970396,0.6197575483027213,1
0.03733294173231351,0.04058624946097956,0.05286022844852307,0.015184218390305352,0.0456710600071558,0.05518257457390647,0.002307423709891541,0.006389504772714164,0.009228822315163372,0.00041798688953136455,0.045765407720008214,0.029638527871515902,0.033581055212715885,0.004117637983343512,0.013360659588101967,0.024379903668997893,0.04814929917730243,0.006045684321519649,0.5298008141560104,1
0.03220529018396909,0.02832347958840094,0.01229664629873109,0.030883549506229166,0.038305207071596875,0.004235490352210439,0.013660541638311466,0.014739431779983618,0.04975934916661571,0.0302151132011702,0.028362991296936042,0.007043063837127879,0.03709659075100505,0.05244134353630897,0.03372461130285806,0.055101955137401466,0.010452860160664311,0.05041669577073901,0.4707357894197407,1
0.05433804482021779,0.0331750646160463,0.017155474562485687,0.054765590603614585,0.015509771552093219,0.050159404069190026,0.04221491233896281,0.011390060792491928,0.03136269680843139,0.04196325393467215,0.047910549789999174,0.03913474488824154,0.030852159657612115,0.01812826793733225,0.046099909640072045,0.0030163676025737694,0.05435461064040388,0.028044469262368112,0.3804246464831912,0
0.026292357002497664,0.05446220259941772,0.014217178687436997,0.000557044845977479,0.030744219880155164,0.03089670913253066,0.03232386123950117,0.05132824601046744,0.025993416202570528,0.04269020067821508,0.05075033095913112,0.010178286886521552,0.0467343991583504,0.015781480220221456,0.050428832588236244,0.025697322675331057,0.03530875899923803,0.0011569046505464664,0.4544582475836537,0
0.028238040286317972,0.03159986693729353,0.0005464386495068712,0.01951109188100912,0.04981126736684424,0.03801633096382777,0.0555292329011117,0.024381792698336666,0.01661028532643453,0.01871732426543169,0.009970893088808906,0.012702105844729396,0.010450654701498727,0.04688748233469067,0.021702597107280255,0.015737524694196516,0.027795785921274678,0.017051691505448562,0.5547395935259583,1
0.02683704217909758,0.051049110081492245,0.03169566605160498,0.02589717906592463,0.006227282671017335,0.05161392413392042,0.014121315199408473,0.006955206316619318,0.023675214750188443,0.05532573281216616,0.001537032930392124,0.016692608697596846,0.0005595634396432699,0.03365248278707843,0.03872261403650403,0.024756503940792842,0.02897326707074979,0.04068386454977504,0.5210243892860281,1
0.030566629645341507,0.05498651567163515,0.021192554028192426,0.033446710252613206,0.007254847579807885,0.011614661456415203,0.04499120275094017,0.05167615011410545,0.03838469556128319,0.03708922423272166,0.011362219764642778,0.03478322652998477,0.0025395378322756973,0.030113549097001622,0.005737790951041672,0.03402909388887498,0.039088804946814264,0.0206832455714653,0.49045934012484305,1
0.03501563058162603,0.00039412894360864255,0.03224141959067103,0.041961978567632265,0.018037938788944184,0.020309071630388177,0.004983283903127676,0.038745338033558084,0.003971140325634158,0.045344005633758816,0.04689122891646,0.032203354880628296,0.005495336773995035,0.04511066253414278,0.04771678121766496,0.0336734805488601,0.02931437937279428,0.021131038036369114,0.49745980172013626,1
0.03852725393400819,0.0031443326858021665,0.03873843032850759,0.02634434113791165,0.048277790822530045,0.04512352452903461,0.049487156335713475,0.05480020392996323,0.019442625873009628,0.024111382298667952,0.007285529164531522,0.007753906419718595,0.03954720823530836,0.006133123119357709,0.03519933614359478,0.024613680174068397,0.0536725374523996,0.05283266586633995,0.4249649715495325,1
0.05102711150046049,0.017326067638175544,0.034493310357835996,0.021485430990531944,0.024631921905654497,0.04978967754821684,0.0277002431773649,0.030858947897979012,0.009098666874832828,0.050676718882462134,0.02272820182468678,0.031321108909757076,0.01785761773413848,0.026401098881681122,0.004688080127720392,0.027059457208696413,0.0037280019649610623,0.04799288902474744,0.5011354475500971,1
0.05392056243708097,0.03842461283468316,0.029243561508787295,0.00448548683720008,0.0057787097006331166,0.04397587867347947,0.044744558842980245,0.03510806818700037,0.03319544363139789,0.016149358923657653,0.02294588237046902,0.03641986177523257,0.048616309513479936,0.004247099724147084,0.03170514511255145,0.03560347887401379,0.03768928748426396,0.05507668076077016,0.42267001280817174,0
4.674704995952946e-05,0.05204912874481762,0.042815472025466456,0.044114385668840024,0.019611681034019973,0.037177986743216734,0.04534273756986697,0.05364511802666487,0.03957391538910773,0.03241796382480264,0.00916413120588863,0.045054232930457766,0.015965894428198044,0.055113915301972516,0.04947776301687061,0.029507472916290245,0.04993506472551566,0.04891948929929243,0.3300669000987514,1
0.04268544390991355,0.04796817823266894,0.005273558609875296,0.005214393045031712,0.02838625995372943,0.01133110899616708,0.043867472258944266,0.044175075069905166,0.00651648603667512,0.05247142880120131,0.014404823000067932,0.015282473213933834,0.042957539034432474,0.04146575245229562,0.02266917357313652,0.052243252616039744,0.009946826215397702,0.043083612622305416,0.4700571423582789,0
0.046837954510281596,0.006925801905895292,0.03277038920545454,0.03579934400548689,0.039580093594664786,0.030384024691973807,0.01999383450515765,0.02085532892881875,0.03487022076631382,0.01443599698476312,0.008091205640596988,0.01626843551773193,0.010767225659809372,0.0531376264313164,0.003662529342482964,0.021552206182756585,0.01992183973328136,0.011295502190469027,0.572850440202745,1
0.021224680147088577,0.05293183221124983,0.005071912877624566,0.05144669256701848,0.011017326936836418,0.035716693097045664,0.0062981385580509665,0.048728330210332065,0.03515982094306957,0.024808345329274593,0.04186768719269309,0.014429542783585658,0.03132466899615812,0.03438890105167579,0.0020417879410352885,0.040103326953819046,0.042128521605034476,0.02399141754134962,0.4773203730570581,1
0.05442270747560177,0.007772192427018199,0.05295262436150547,0.004917438121562454,0.0008914806499888279,0.01428456837505615,0.00018048745855305927,0.016491082778654704,0.04112203745900427,0.05421272994062169,0.02622400127386835,0.007379435064002763,0.026086988000099627,0.004951227353769399,0.027109116012508358,0.022498090228517217,0.04635162680868113,0.04770521178934082,0.5444469544216457,1
0.05282178693920413,0.014886972985433507,0.01545474740013762,0.034832983028253245,0.04780289183925121,0.039699976821573314,0.01308282740835142,0.047127815666203034,0.00011707747922587395,0.01991132369014388,0.015171567675305435,0.036170042163431594,0.005971371766020552,0.05007053769089855,0.00922131855772877,0.03258379424392479,0.03470269946607662,0.024516865856148554,0.5058533993226879,1
0.031106507455045278,0.01170620837350516,0.03860669795487822,0.008299339875786814,0.006995573359757683,0.009033990416953835,0.013947895131592855,0.04522462705082421,0.051556474325906675,0.05009215391018049,0.03409555837398276,0.014752378439105854,0.022641239666487328,0.04036927328033687,0.04839745995812931,0.012824144244437176,0.03681256127348945,0.009807690816316071,0.5137302260932839,1
0.004762326150769642,0.0042263839690126065,0.003215762761955274,0.024236081738504233,0.01840474343412959,0.042990743086858414,0.037303327646486556,0.01630970688925521,0.002681639789597834,0.03571064048001527,0.009695663858054038,0.04659385877845445,0.021986310481737784,0.03113605601239851,0.015529632453166745,0.03518775775032283,0.010867928182230664,0.055509144856693386,0.583652291680357,1
0.03256541095205187,0.029592834764642577,0.0414255382832583,0.05266197941138219,0.022816367427477162,0.03648529626271977,0.028760337261314495,0.002910790487593083,0.011191241149381513,0.00736590348245273,0.04825852212330616,0.028932202516527603,0.05409662563512698,0.025606897630627703,0.019730812486394363,0.02286285887671744,0.004458770521323677,0.02211459680744373,0.5081630139202586,1
0.00045760240104186875,0.023996840153943273,0.05555555555555555,0.006036954311395425,0.03730197897844617,0.009494546574743757,0.011346372415083123,0.03911334844282135,0.03398084328327326,0.03512359513713404,0.05268565039987501,0.03723370091578873,0.05124090152617651,0.01494888978306675,0.002644581099889733,0.04601706662656249,0.041014439754826396,0.040755672124070774,0.46105146051630586,1
0.002724753002612351,0.0026386396377310784,0.042236330328887024,0.03696712682867629,0.04303811082943094,0.048132872392939036,0.033087402204187995,0.048927758118911556,0.03267812035547671,0.011742424007245318,0.017190511022129915,0.03272484101089009,0.037394020591321145,0.024255379909439614,0.004578026214515421,0.048915527087673466,0.00592061257925954,0.004741566002609345,0.5221059778760633,1
0.004230743464409512,0.0395135336300029,0.04917721652137511,0.006752625504208579,0.050341891537331394,0.01313922787163998,0.020250347159694357,0.04348309677029165,0.019078592374176098,0.045409002916600154,0.039589025572637826,0.030541443330784606,0.04739508707961009,0.01695467420299183,0.01138830367756279,0.03595557022108822,0.04910408930456484,0.04180241395145798,0.43589311490957194,1
0.016140644382871813,0.025867326597428825,0.011878933805488271,0.025032801287369975,0.029139884285599778,0.02206061707072521,0.018232706863242326,0.04793198374065922,0.045902592945594754,0.01734045866058316,0.05016040110596249,0.027437729153670435,0.044505611255995337,0.012184072947226243,0.05324411071860747,0.04703440816551066,0.023284370813174617,0.03252146340158958,0.45009988279869995,1
0.0038393781767198454,0.00643655239681694,0.010681081049792172,0.010674495517007443,0.006636690603440861,0.03191482360702958,0.017810510261120273,0.039268800674297055,0.04495866192468674,0.038873621532841865,0.04699213734864979,0.02972589236233241,0.02570024515547624,0.034914863428557194,0.02824853044005286,0.034790941899221266,0.016090177805147977,0.03693319555468652,0.5355094002621229,1
0.020882286068159613,0.021029344838840516,0.023029975600231824,0.050143253713355256,0.03909255446708187,0.022954426587768046,0.027117359689097852,0.007196673382109075,0.017646471763942715,0.05186142510438649,0.0399234372124376,0.00949220141836208,0.04504998953026859,0.01451575076803574,0.050741539528725045,0.030245790661639443,0.05221854295149171,0.017334484662207182,0.4595244920518593,1
0.050872608946006544,0.04949079697882109,0.04503428537527163,0.042342869038402,0.03824852972812922,0.014625679833841878,0.024985471408984335,0.01599972657971128,0.03453877666990823,0.014984952075661143,0.04228120802855765,0.04086552721133493,0.043980518257737605,0.009202055808593844,0.018537744740313583,0.03749577566035603,0.013278297424490593,0.004342132253504436,0.4588930439803739,0
0.018666141881331328,0.04752026371821757,0.040086626714745506,0.007159906384911095,0.01706368622569645,0.015969787979282175,0.02902832642914913,0.028354514258788526,0.017336311961620804,0.05105863251977754,0.004945268815675149,0.0013935308757192326,0.04764856288837653,0.04405796835887977,0.0032887326916761304,0.045364132314191535,0.009324895685302668,0.02064271639062264,0.5510899939060363,1
0.02913089102979787,0.0008654861898931306,0.051358267727018785,0.04050175059964236,0.033050182256022416,0.039241902214435624,0.05142888329151185,0.009488841979073412,0.03609233188122987,0.0,0.038697770090833944,0.0510669727777982,0.010022219238056384,0.003023295332004299,0.031839870258740896,0.04097445504620188,0.014436918290993892,0.05372477851974659,0.4650551832769986,1
0.03131043860979252,0.03956641555965332,0.0325140475229213,0.00019645794813641647,0.05280576969119003,0.04343004104173854,0.006903614252873394,0.019390297611741988,0.014512797782568844,0.01898944925711527,0.012092929577052759,0.0021123851428972865,0.028665937352668067,0.020620390139652726,0.006692838906319878,0.00966470202109978,0.020125422635030667,0.041620309639303875,0.5987857553082434,1
0.02391307366558448,0.014137181735632711,0.042450401599855726,0.01152168305283171,0.05335397452027,0.02595671954346926,0.015182040634621245,0.009619691360133093,0.0321348195716854,0.0013234152780969384,0.02400086153824492,0.013901797214636361,0.03615440443048081,0.04472861322927971,0.02330170679043232,0.013435440187525335,0.0342704867841832,0.04616027665157628,0.5344534122114606,1
0.018035780534679403,0.0449660781689776,0.02438942287503209,0.0024858244056858844,0.031877538868780766,0.01533791525008525,0.0011496185756322411,0.04382807013052198,0.044822270310721994,0.02014515732021978,0.04411439806556425,0.008533271344491777,0.02800216233060855,0.04198452058217131,0.032562250973806564,0.036634776183139636,0.013084892653012903,0.05335682039504222,0.4946892310318258,1
0.04827264729393958,0.05057082068401736,0.04304649002916825,0.03909193270293603,0.018891180730007045,0.007550971510820587,0.0038983816255607462,0.018588964052976442,0.004196576568823837,0.010722193490000389,0.002305838867059911,0.042229631550330334,0.02878108247052717,0.037607952488118525,0.04112229449641178,0.05418620017278135,0.03219128103427395,0.027499205240998085,0.4892463549912486,0
0.0501669497060315,0.021972366731028165,0.012435847523959423,0.00791175177524463,0.03927682959957897,0.014140337712462933,0.055187986872902974,0.014366134968346985,0.052920641598269064,0.0029204464658079176,0.012357461758635044,0.02823660995338924,0.04888554087378219,0.02172847235718294,0.04722473473096975,0.023608212523076308,0.021711176098716728,0.014999291257149874,0.5099492074934653,1
0.05508574892717793,0.03399086051580333,0.011212921431104837,0.012801071167079646,0.0026849595862335407,0.009647261075906325,0.01844625014190975,0.05111006082092056,0.024178602312357845,0.0005641156711566157,0.035672551206933356,0.030005421158138937,0.03476578336042669,0.015385975620664294,0.038195711869904114,0.0016201924716071744,0.053176692091397984,0.032936508636139374,0.5385193119351377,0
0.03917839096858066,0.046050382007044234,0.025264917740246404,0.013048249967144543,0.0418523566746435,0.00555528639156289,0.01111460291939647,0.02845091706686781,0.022772145196286033,0.03166560386439975,0.053619022480098706,0.015444453353687462,0.029737259145744606,0.03730617915886891,0.047930998701091874,0.0005169747685973581,0.03968670847453716,0.013654621910789708,0.49715092921041193,1
0.0416759886960211,0.012566122750259333,0.0,0.003923710816216524,0.02777769306002805,0.007833512543665025,0.03718009128809377,0.05555555555555555,0.001512776411862302,0.05338555976182434,0.026222048230747485,0.04860843095843615,0.012948292851616238,0.015144254547652966,0.014863642595194114,0.02823941745734053,0.02597776952550663,0.05194442990171948,0.5346407030482604,1
0.043467467789510134,0.020136976396254076,0.0065541906592122955,0.03726423401792292,0.009079238141545928,0.0235734064464432,0.03616141820500847,0.030163175922191605,0.006312381765335822,0.006806798509663153,0.017699245461449638,0.04268149212202736,0.02700950302456143,0.038324400164769665,0.016364664454547886,0.03823550134421232,0.015270713454228837,0.03195014193676214,0.5529450501843531,1
0.00544477211689047,0.050838802989041365,0.04671161670697078,0.015391342084674587,0.0027711996393293987,0.0068227324089248295,0.0042572011206287366,0.03255453130806926,0.021492249801891974,0.02664002260543912,0.04975114797335099,0.025933170133015857,0.02483996841866604,0.007652957698628445,0.017785106205997783,0.01727319095220718,0.012721708912631212,0.025237858093372603,0.6058804208302693,1
0.013766976343295094,0.013804651250745655,0.03572047938823681,0.028461062586540978,0.02956006389621528,0.03254930804300922,0.016802260061056704,0.017147428605811355,0.050486489829431956,0.016830747180630698,0.027763196513911875,0.004562494428691765,0.03662209682774233,0.04643394841347083,0.008456076150622062,0.01872863304024152,0.045079104401891196,0.002278775459185237,0.5549462075792695,1
0.00995376104011207,0.022412422604321688,0.02315641135027509,0.03324294265443614,0.05035857469986869,0.04184742025430095,0.04810488202601082,0.01035392314455643,0.005988252321472689,0.0206231138076745,0.03898551562781613,0.04145702652275513,0.015118778677381607,0.0016893948675087507,0.04599118599098912,0.014529790905585328,0.017915708064251617,0.051132136690571484,0.5071387587501117,1
0.020651876543733898,0.016898261606248886,0.03384063980723879,0.022399319696727007,0.010129093615046474,0.05330938515827907,0.05165070190908573,0.012371968584187145,0.04705694959426228,0.043213940264567416,0.00314736656276116,0.002710825145427643,0.05501529964301114,0.04348270245275879,0.015859849891714448,0.0056543525816707615,0.016804874570055514,0.012732880088210984,0.5330697122850128,1
0.04218776287480468,0.041832305518299126,0.0046961951025125525,0.05166620937889259,0.04056922725924929,0.038743316609232664,0.03500315721278844,0.029714448156658205,0.022295777625019553,0.017848012848565645,0.02502872081972255,0.008636229045424606,0.040955602432197195,0.038204463385288844,0.010440583720938394,0.04435127207997403,0.03671854739905422,0.050921144270620854,0.4201870242607566,1
0.05211346144534084,0.029195083621430078,0.010261276061217132,0.04168835925332236,0.047292100750786686,0.021881040350920852,0.008790489466798737,0.04590154006372459,0.0038026622454019423,0.004425872303116064,0.01578598282418866,6.951902228164217e-05,0.0075286993229003825,0.04693012818424932,0.0106691722523874,0.01681859804641195,0.008794701894099324,0.027243924078139664,0.6008073888132824,1
0.045459415200599235,0.0378201253052865,0.017779436389146443,0.025988188694884645,0.019247363817743574,0.012949902318309024,0.016032975476028766,0.010571814864611126,0.03173771067021106,0.03455503700950969,0.014015778955859747,0.020149799669780897,0.008595703569306714,0.049568550882367,0.026121917531487723,0.032427433113048444,0.019439482414790207,0.03884416837252703,0.5386951957445021,1
0.025384725776516816,0.017897007258426797,0.03750245069760367,0.018967652364437943,0.03679606044081939,0.02786140088982816,0.033454829363588394,0.034717878819474204,0.026542503435129712,0.044623303313424005,0.0552952856857646,0.01843829606551154,0.007115937990989741,0.04429563052736262,0.0451680297699558,0.025617702305841584,0.03376939880111667,0.03497795067073761,0.4315739558234707,1
0.05259066009491897,0.010707169922633174,0.021943972082915604,0.031101037316639782,0.03560750481143048,0.049066099596551095,0.0476870415799893,0.025439546686841827,0.053454592397516626,0.02877836532597826,0.0452531781127629,0.02752623766911582,0.04309078917285022,0.048707807818337286,0.010093012865338048,0.042314871496638956,0.026602341190297064,0.03239560720990042,0.36764016464934424,1
0.051447742837682546,0.01876232119084688,0.04377052745791102,0.048379047960457736,0.048694260552712636,0.048289184164286056,0.002596646561629861,0.04568858973990216,0.027715206521965054,0.017144903638278322,0.03120329421505129,0.052928458395582,0.009199505285541401,0.020349324371225788,0.03103102855214755,0.037859329068773186,0.001102979375619105,0.025851847983279105,0.43798580212710825,1
0.024739202815565173,0.05508899036616194,0.04551495999720203,0.03266484462368723,0.03007062732660072,0.02406851167114292,0.007535339242475204,0.021197831368312426,0.04863748863292872,0.021581132557964983,0.0351365909974533,0.006411646199934489,0.022411938628051978,0.04815707176263444,0.048851812845868814,0.00860901800820338,0.006899388782622211,0.03157543498929132,0.4808481691838987,1
0.004521229417039089,0.044438495715681675,0.027752199104807397,0.017295974713615485,0.01690998028531799,0.05125144187463021,0.026630859122744314,0.02568973240647486,0.02529816794130191,0.05510115178423666,0.03948147975080373,0.03442200759660116,0.025088176353166302,0.012942193833746379,0.009353624890123714,0.007513636775728587,0.02081213761851325,0.0185456820229008,0.5369518287925664,1
0.012949925884032428,0.004877412335671977,0.05119996520369983,0.053283116042017756,0.02711068683838635,0.027720856683633,0.005915636741870445,0.03350846961497494,0.03046590406325861,0.04950205471960105,0.029745019479889872,0.022167791603126707,0.04660540215557221,0.010837769488365222,0.03678599552943494,0.0013639100826037963,0.005217842041375403,0.00627232302583656,0.5444699184666488,1
0.03883337168586086,0.04167002554806924,0.007450010504649733,0.049926031600867615,0.02046285985853001,0.0335943872445542,0.02808660897501965,0.0431593927965604,0.037350226026424634,0.03522129487216057,0.016954006826866066,0.04391502969556174,0.05235931202096109,0.013379027096982361,0.05522848340959005,0.02923606005319775,0.0035452245674378402,0.04274831889985141,0.4068803283168546,0
0.01149909184608057,0.031407693301536005,0.0009935965721390137,0.03175276229511847,0.03796397488549813,0.02270941650714397,0.04255738866405783,0.024532953529824975,0.010610673679227514,0.013867561661548065,0.034633729416269896,0.03748423355692568,0.031076126180065597,0.02496408641030651,0.046550674704147976,0.022123502420566734,0.04679405081783574,0.005269732357762182,0.5232087511939452,1
0.046143583824602125,0.009854738185364047,0.0396183048636219,0.03294125655596081,0.02297316439681587,0.04246872302365087,0.03475772438181794,0.04185556071517555,0.03787680851468187,0.04410357895785973,0.011085938476280996,0.05135861521171132,0.04615699447665497,0.012693804496773414,0.027714988693576817,0.02904339216319216,0.052919561222148,0.003105144834036958,0.4133281170060745,1
0.03195141157349673,0.040166108970196485,0.05449841827740157,0.048780321066305844,0.0,0.017656082110158015,0.04315524914521049,0.013206515954838492,0.04893514607278795,0.022444392307205924,0.04776709588806164,0.004762063367726562,0.031617925392057857,0.05274768414980114,0.013608629400646104,0.0009679166023010553,0.02629119620553387,0.01901060578556723,0.482433237730703,1
0.00797103777503198,0.031845920938446244,0.036379006251292784,0.03500368284047268,0.042065522841942336,0.04682801983812472,0.019400208547211747,0.03395672269791802,0.04653003302627274,0.009390705701652022,0.05317970555633105,0.025507263494654257,0.0066633236304489835,0.0453822975697512,0.04364634054615672,0.050979350383321784,0.011936401817290488,0.029300910557449242,0.424033545986231,1
0.04724989830080327,0.032464080561868974,0.008910597208276205,0.0458460541388987,0.0202824641532895,0.028917665659059552,0.05277642328068879,0.0046550967902763,0.02900161409563462,0.04061878313050909,0.03209668805063018,0.04791986360184759,0.019259059499182867,0.03639574072438673,0.03730969676016316,0.026871139035172423,0.028400291757475764,0.03474359800168424,0.4262812452501521,1
0.034524114236553057,0.036008268651616306,0.04021024674779731,0.011754717483667989,0.008605403418040187,0.035380254828628784,0.04663352377371491,0.05464582472936354,0.04248935917737163,0.03846549257930024,0.02127966529223889,0.023542912161739378,0.024368569124765167,0.03260544195467134,0.04152591222228949,0.026181988068168165,0.03759109518204558,0.009053050690392288,0.4351341596776357,1
0.02845324558889028,0.03731336705846426,0.029919139297527264,0.014891070669224675,0.014563529448876804,0.01721741353123904,0.040216068542923214,0.0196969069458124,0.02687958295413006,0.023623016341407083,0.024808653079193936,0.05555555555555555,0.019768334821326294,0.05292861106420381,0.033225409645566216,0.01188286969043456,0.05271135053771999,0.02537097881005467,0.47097489641744994,1
0.036096942544835336,0.009234542736076616,0.007142067068166948,0.022664386907962065,0.003635172012951813,0.036757886343781014,0.041208083014472145,0.022624864090802506,0.030656366736213594,0.04355774560517009,0.04378762268096529,0.018980527056779266,0.0022201307809998345,0.02959203958271773,0.02554920073911636,0.053586983863682734,0.04831056275694292,0.037433724561997075,0.4869611509163667,1
0.041759680388667286,0.0029681610503900346,0.04874681388389355,0.0016591155289058506,0.05303698073917936,0.006404697617937639,0.019763985043644367,0.04758050746825844,0.012879452626926802,0.05216057102035993,0.042215019053694264,0.03369099297367903,0.013440296090996536,0.0274522141607973,0.0435007524387749,0.04333395016774776,0.008000391853038689,0.0007218852798313805,0.5006845326132768,1
0.0235364113769463,0.02267725345023839,0.04727115736932233,0.02718328885778306,0.0018411020006333274,0.013399984279948806,0.019269600743782925,0.04424410368044854,0.0076923515064941765,0.002090575703878389,0.044900618090169306,0.0517187899111237,0.016936567377476713,0.050537763938993424,0.044244075841282315,0.018434418554202192,0.0511210837848251,0.028090137621300096,0.4848107159111509,1
0.01065132312056014,0.02689609565159419,0.018665235602896384,0.022906674958039844,0.010195661727962956,0.006027753591145544,0.045875195032744065,0.012920596860000766,0.01425136130417496,0.006477507257898201,0.010780076405036726,0.03808345666524823,0.008671064977073449,0.028591851517207348,0.03582918946878174,0.020189752436371822,0.04380536694079827,0.012401963024988872,0.6267798734574765,1
0.011410600462572723,0.017846102528027805,0.03423247795911872,0.0003680088641183614,0.026155546755329533,0.021401644330144468,0.049055744072405386,0.011513002192008955,0.035705201606552744,0.010026854930600161,0.010452083272650903,0.006001466736465939,0.01658029847891365,0.0,0.007230567253897799,0.005434485790890772,0.039328619665760955,0.008608280283895257,0.6886490148166459,1
0.0019317274187911548,0.04874469028906165,0.006096838152810984,0.012443459059339697,0.020751564312357994,0.031306251946706505,0.020713940514322446,0.004385348070381682,0.024958922968564154,0.003390942571474923,0.04274492404023409,0.048933533701601105,0.052951655600397655,0.002447960572352016,0.039261424868635854,0.05173075915217304,0.005376741517144592,0.018034198415196327,0.5637951168284542,1
0.019475588282846953,0.018937071130887016,0.006881014359862576,0.005658146684696412,0.03866650990565506,0.049366692086253716,0.015368282832002264,0.02529492099184333,0.0400271131307896,0.039440797790623455,0.026639106310172064,0.005705120483145289,0.005800621692858711,0.008632215460466754,0.030731971133145915,0.016439560604122952,0.051317639434387295,0.003570782141359953,0.5920468455448806,1
0.040006658895384836,0.03275502872807037,0.0410061884005779,0.026949153526963945,0.014344773134663088,0.03326153108466546,0.013328023957508468,0.0247568954075804,0.02843743939309752,0.009635809045028811,0.011452873025194592,0.05002645709567099,0.03286622644628222,0.04377790494913594,0.02472471586761639,0.0503116399372527,0.043859257777038696,0.04560537321780156,0.4328940501104662,1
0.018982885767953664,0.02155390099973391,0.04956064886515212,0.017784651500215666,0.024209486364895488,0.031201383730971446,0.026997882496695255,0.005070910892031488,0.015937034904818,0.045051539386552944,0.008412336164751066,0.04347755040710577,0.05092304547021189,0.03021464301579152,0.04078039274607543,0.02771995650720213,0.024456807243576184,0.05446783744233405,0.46319710609393205,1
0.01180413745616131,0.004552420163261092,0.009756262913163817,0.03441090580851321,0.005225473516681272,0.01010475764489708,0.001353665437352789,0.04477188254336219,0.018930622888090335,0.013210004421678296,0.002557462888752123,0.018056797998023687,0.02328097219783888,0.029348593271952193,0.04399298154674626,0.02331904851670251,0.05528394023365115,0.023606489550300716,0.6264335810028712,1
0.014552847974231432,0.0035170400110603583,0.02484657758198115,0.027578273928241876,0.009733298077212422,0.0401643427357016,0.021638047514465568,0.05395179570523298,0.00569318261615687,0.006198149504209572,0.05229463313625098,0.012352474056172558,0.02106330219704558,0.012410203486178984,0.046666264401295295,0.0031829497949372888,0.025844946590872095,0.015487987964114623,0.6028236827246388,1
0.031791999082526536,0.04938641335272468,0.011656620036330603,0.01132924455296775,0.04368283439038397,0.03461241080485663,0.005394603496292847,0.04095006786004764,0.0467142631587176,0.027907681674263926,0.012710577268534407,0.05381356958480523,0.009328518405019033,0.05390228233127483,0.03483218469263631,0.0034234430437557807,0.041262807063683196,0.04386760958526724,0.4434328696159118,1
0.04860964106012085,0.05335133026135051,0.02840962441992785,0.0094542193878956,0.024924708341201116,0.026226406055863776,0.009323369096945266,0.021559629440830737,0.045601130562838404,0.00797612789304262,0.001291328789275757,0.008263982798378557,0.04607852232282694,0.04503712551434468,0.054195886180743676,0.017399880382623908,0.02744685431022683,0.01343123857330304,0.5114189946082599,0
0.04096571732741812,0.03664517452473583,0.026793742357556397,0.04039533913944402,0.0546051010542686,0.023407082742239443,0.032461335127596525,0.003726826628599805,0.024510673485978844,0.0159177377779189,0.031146404066560423,0.02865398075534045,0.032384809313149146,0.0008837735118197623,0.012560850401049638,0.013218935141962164,0.006529460047874198,0.007828708454062215,0.5673643481424255,0
0.03643737979120727,0.03547127144411827,0.020609328915146143,0.02537225644044894,0.03089348921543558,0.021250506752721235,0.035778430248355295,0.008517598656121436,0.027812606274573423,0.01557931683980405,0.013274551402066695,0.023055594129662148,0.04232308776145735,0.007232182404710838,0.05267202798151994,0.05501954136126406,0.002405005954420571,0.022573013560934874,0.5237228108660318,1
0.017514886336963194,0.043168618082691484,0.027026445334000622,0.041423249135387856,0.017414681102701245,0.028522599328110847,0.0032113763574320485,0.040297290138829385,0.02813017742643241,0.011597786644793015,0.007394363990378818,0.01370493678359677,0.0004078915233906084,0.016707455765998063,0.031257247959259576,0.04736891229703776,0.04349677984802801,0.037280224907639194,0.544075077037329,1
0.008016363034286843,0.034458346287920084,0.054208684369929594,0.013546689785425703,0.05220402101780175,0.003802343124551716,0.006865884980744897,0.000903011638192504,0.01343261896351526,0.050600024270784985,0.050598587656972754,0.012161303922578028,0.001575453545877885,0.031462389942187044,0.05384734312558921,0.016354818775374293,0.008599116186059574,0.05164656225245633,0.5357164371197516,1
0.005625783188926416,0.027701775228294957,0.047376224593806894,0.00877265126557617,0.015327010151004563,0.003479383903045546,0.010196394751435975,0.0465258096141653,0.05446821948207332,0.015111716133515782,0.03392238712399261,0.04935297602380767,0.01092495896076556,0.01933394413055835,0.03665090508504994,0.0,0.05389357540910869,0.01918267160950724,0.542153613345365,1
0.03948024379330684,0.004363115274815094,0.02245782463775845,0.03600970322208536,0.05092272177297969,0.008582212300755402,0.03408607240310205,0.018334510865061233,0.015442147064370242,0.02710983106210772,0.03778534917536129,0.045678693653590514,0.041202507981234385,0.02226308565662818,0.05122961592235783,0.011085153399768557,0.0008654112643310768,0.004214329379022495,0.5288874711713636,1
0.02181094868300656,0.00858377696314516,0.0021759063025951495,0.029775752090117538,0.004883312051455333,0.0026369057342096776,0.05358999900059777,0.0016272082464096928,0.016235287450400787,0.03284403052044829,0.04599576381467646,0.0015095144909161007,0.025502818208336345,0.033096935730143204,0.0521534920060693,0.03453181268766207,0.003060408447465309,0.009374991799878767,0.6206111357724664,1
0.005015121772899614,0.038254633273061875,0.008205697907324887,0.019195144410250886,0.028944266270214496,0.05355584300985691,0.004440100173391752,0.026185384513471084,0.04389967087040485,0.03661240812761823,0.013814236555790331,0.05513055846165184,0.023683306471345957,0.01618275364270766,0.03444824766439454,0.006281289795436825,0.001988972106201496,0.002628988691088107,0.5815333762828887,1
0.003478438019768456,0.011375109057872474,0.006340528860968838,0.031918150548082586,0.026802363601705525,0.0190876132020208,0.0306487586153731,0.042168066487481976,0.00045440069701036,0.04114630637362055,0.037327560436677315,0.0004327693366616562,0.05414713704419974,0.013594904531806893,0.03913633602732178,0.019583857019994756,0.03827639231487521,0.05361400971728683,0.5304672981072711,1
0.04747403211081038,0.026771205528455928,0.03784072369916828,0.03671155477517676,0.0335787540527463,0.03413145402534211,0.023315928251766992,0.004123606064227539,0.05517756527085061,0.04900007897064243,0.016385146472696423,0.04425403299859293,0.017443179205910216,0.008143654366350075,0.009606343022777216,0.01433447959723262,0.011302295443277353,0.051374544086962196,0.47903142205701355,0
0.013004064398958074,0.005951009070523251,0.01288569524055144,0.029140474884343816,0.046253896806640944,0.02705716844497332,0.035242028851467905,0.0413915949094104,0.018620875417403884,0.005142982051466479,0.01908038527602163,0.024999768126093384,0.0327608218377372,0.0003882704665252256,0.014618035674938535,0.010651037632803803,0.02762711223974336,0.04955452909010352,0.5856302495802939,1
0.02989873009829355,0.026437271181387223,0.026158087685923346,0.01098451829233322,0.00040610349488744585,0.04031203705638301,0.036980950640277836,7.709103506740538e-05,0.0022982942241114492,0.01817647097962377,0.03666666343957112,0.03494226964671207,0.04038463606521063,0.05192870153239608,0.03990584994719013,0.027411538630894423,0.04542305307251777,0.015900358128863614,0.5157073748483558,1
0.018439549793471524,0.010217100142527406,0.04602212927072122,0.02443317592213324,0.004424180755792859,0.05494296332498169,0.014701524551909314,0.05339169952324219,0.03545152123322359,0.044313738738198806,0.04851620375796803,0.033155371803380004,0.019711400545038577,0.03676220584575964,0.025776744178302002,0.035266571305420887,0.022315638283934888,0.021613968517587474,0.4505443125064066,1
0.05485444319791541,0.036937593817683724,0.04819305743470746,0.03974942793504734,0.012033796325209057,0.05423094964796191,0.04817209244092465,0.039723444301706295,0.018395007167814517,0.04759229210663267,0.044381063820862675,0.025290125323234693,0.012498491050313483,0.002039193869076929,0.036204911766908245,0.049412446190141436,0.039967993351057364,0.03353699582188384,0.35678667443091827,1
0.04936308962204103,0.04677965020837338,0.01645574401195347,0.053077521812466805,0.04952845641849616,0.032211646752896866,0.008301267776500906,0.049166129534848106,0.020755537086809665,0.03116792042193723,0.0069165561984224485,0.031077012766038765,0.011157522153009575,0.011877102179085205,0.02645903162190904,0.004602435338161134,0.01375855526971902,0.02294039466838036,0.5144044261589508,0
0.0156581855359869,0.00841113685670969,0.04653199870177723,0.0428199071177486,0.05420070321378634,0.025432335989859757,0.04325808922613608,0.02385015387399117,0.009722474446271738,0.054926899790399254,0.0028145395680571777,0.0033420298215527454,0.006358049307339268,0.03575260646067721,0.04248729377499487,0.01797823917363993,0.04875760654146214,0.030020350684954074,0.48767739991465575,1
0.0009971556479835544,0.02714678550203604,0.03591969931914873,0.012240089338501731,0.03299365781640396,0.02838962658551984,0.021971079830355747,0.0189088093453438,0.020101434011589828,0.012732420078923294,0.0033855819635165616,0.04023009447751871,0.044730963424231156,0.05410611179079128,0.024320742080329194,0.002419549489314079,0.006248565361095606,0.03547121904430845,0.5776864148930885,1
0.02437311838055227,0.04759865429907453,0.004524850686238773,0.030546449032643173,0.013709757437425907,0.011950074473565287,0.054330858419731884,0.0357402112128041,0.050301739042359975,0.021391125565973133,0.051041199152939906,0.041304847553801136,0.014364945490675771,0.0019435776497900709,0.03956245962757311,0.020472617045626505,0.02214508722089346,0.03369684022015895,0.4810015874881719,1
0.04573383081881868,0.0165100012869411,0.038309159048174765,0.0553472930202989,0.01166709020197963,0.0013323590323666484,0.006013424615895801,0.0005369819949498525,0.017123928862503652,0.04140533751920623,0.02994668104793843,0.033711249194956286,0.029201041051965852,0.021315940713849152,0.03570428386081998,0.031175659525367036,0.05081444686227406,0.0304171459976275,0.5037341453440665,1
0.012307385507462262,0.04268823501294069,0.020324541999834116,0.047841632176239074,0.04148774940304924,0.04162060884352889,0.05333673596129726,0.0366209185573845,0.007086621130781982,0.0015858154972114601,0.05209308606728686,0.009183770014658895,0.003464481124709507,0.0005738334072882651,0.04732953697486855,0.046417479185966254,0.04768957308625049,0.0376961118202542,0.4506518842289874,1
0.04045677766342345,0.02446594852346708,0.04983569925565187,0.020501050929189118,0.03465391720061904,0.046466784792290425,0.03420856404636326,0.015730086220351703,0.010338371365137182,0.010523036483491122,0.006165339822317935,0.005005587192511095,0.026472747224152764,0.03395053685579657,0.02201971194223327,0.00803429662863439,0.022673598975686056,0.010448349576734949,0.5780495953019487,1
0.04247869965540113,0.007618518475808029,0.025332121469244497,0.047134497742752586,0.04508421019132122,0.039447708042247925,0.050827037754709106,0.01767560623772016,0.017960475970478628,0.046624974027257286,0.05147739091868736,0.02148497352639427,0.05362581373636537,0.03957262811886966,0.01629510961931185,0.03705956139536533,0.050074910130191407,0.04431429876871274,0.3459114642191615,1
0.03482856934821352,0.04538606495995135,0.008950194374173069,0.026745101483593405,0.04238123717349613,0.004613464145321394,0.00044539518524904783,0.023288778180597908,0.0380904813169516,0.054452329864266825,0.0055043217118597955,0.02717818251720093,0.035814809791089024,0.009990500937855064,0.0059042199742887465,0.021754737281121223,0.031534797887468546,0.040378309451886446,0.542758504415416,0
0.00839343176338819,0.03916516381690368,0.013281284561536598,0.04359810620461018,0.04916630239926799,0.005493357380041317,0.053069224441422695,0.01759076344505559,0.04157950160623506,0.0292172298004929,0.006023042750207784,0.03660644505076022,0.015497788015792317,0.03526862067257372,0.004958482643712476,0.0051759640598287825,0.015111843004973131,0.019833660702129538,0.5609697876810679,1
0.010420906198217141,0.0021675025756187033,0.01791939053381092,0.024922576208306554,0.004111660762097783,0.01678672310505827,0.04088534150068458,0.05034908680294457,0.03933219872567641,0.05365984477446476,0.04061966212389804,0.04607336916104492,0.030003070085134302,0.011226111426638546,0.001274651992786941,0.02854114167360157,0.0058157132618102975,0.044973880582220696,0.530917168505985,1
0.006648171797806416,6.590316795739422e-05,0.01465454904742637,0.05211499180648256,0.02842539944277611,0.026696998784201946,0.031221249223771366,0.03418731708882909,0.05544479468174149,0.003984944658831759,0.01846015724206622,0.039629610438975595,0.045325306645508476,0.03093536328802781,0.019035051910527862,0.0020444938182289474,0.032686714519058364,0.036305835541173136,0.5221331468966091,1
0.019326743188295654,0.013686487639821564,0.04590651521228801,0.005713980798858305,0.03581936046972839,0.01940390714759444,0.04539972456406078,0.03185830307153903,0.041123421846959676,0.012805703679783521,0.007455128265415522,0.026173871666155868,0.015153168256434297,0.03852757217333439,0.04740953978364387,0.016250644651947248,0.042940164255877315,0.008229877813268964,0.5268158855149931,1
0.008934086743770948,0.01740626895659775,0.0014841195452199138,0.015177547040188873,0.019239338397328026,0.00021384657812418135,0.04900933589940814,0.012025093933459598,0.025024612199405546,0.005205835575884979,0.014853509950852363,0.006716035022772276,0.004416283203486729,0.032693433146727964,0.00980110622111317,0.026254692081226768,0.042446518570776914,0.017754656511657432,0.6913436804219985,1
0.03713071282164651,0.053417993457589165,0.020871623191110956,0.04939923648015985,0.02253331423757404,0.009220979960384894,0.038623411119048406,0.014888286095984644,0.01953840514049192,0.02673689395371565,0.03508467249925648,0.010037401153820505,0.01987830034427985,0.05187836915536566,0.05445964205016186,0.030492937926756693,0.038879708286448794,0.029885763188176335,0.43704234893802774,1
0.050261779380325965,0.0484239731224789,0.037495880022672415,0.0114376171673649,0.02614003054918047,0.053321861529183306,0.013948003299384488,0.032973587710641045,0.04852393489279652,0.004817641203127956,0.039435748316240464,0.0020641089314283752,0.01952217744405293,0.013954784726502004,0.04253144288582505,0.014678118685372657,0.05288313094589577,0.05434721342968549,0.43323896575784127,0
0.005691960562705956,0.041807662222654356,0.03721675206611214,0.039136739069999024,0.013795682609897475,0.015686398339615267,0.0334584897482482,0.04058422538500187,0.037653659462833236,0.015273964093809005,0.03672822742957233,0.04242543715509425,0.003917126268703875,0.006147531277848552,0.05152986605526986,0.008634434501538214,0.04055885989548231,0.00616078186520772,0.5235922019904063,1
0.016356843231297838,0.03283659807510737,0.007497439860237987,0.0069095782665839975,0.0162848067644971,0.010654000517756296,0.026800236307603875,0.048715649912837306,0.004724361118102108,0.03407511982852708,0.040628398126130255,0.05454557637215991,0.025905404995390423,0.04084369032161955,0.03581604390856755,0.019467823840168527,0.044297538001164746,0.033230199970120645,0.5004106905821274,1
0.03693551193240022,0.05049822037288115,0.033220022797174724,0.03184822038354997,0.03848291646716639,0.005969061816212366,0.01741628967154649,0.006882774339317678,0.0035868447820433655,0.006727632382670348,0.014085580877075883,0.05361810800693985,0.010528277187393409,0.019504772415624302,0.020001891290927012,0.012361121327042889,0.041571304685840055,0.03780511343787195,0.558956335826322,1
0.010096151980254913,0.02744317000485845,0.03958775448748957,0.05555555555555555,0.04691958645211041,0.02276422422247457,0.03658264973364655,0.03015824226202219,0.04618470581257315,0.0035685665349088854,0.03443817209455596,0.007251483817253716,0.051163589328571485,0.04865522377485465,0.01644758564257083,0.036186455074385865,0.00692272259626427,0.011569180864878416,0.46850497976077055,1
0.04466323843775528,0.040230874603524376,0.018695269193135848,0.0197981271549751,0.04311135249680537,0.009879507494535592,0.02747913329348779,0.053102362646967945,0.03386384914232425,0.03755482214111312,0.012343674901645028,0.03943536279494842,0.023415494886307228,0.05489000189129287,0.04994976233922527,0.05278039188986061,0.04217756423503403,0.05216259384571176,0.34446661661135003,1
0.014795074253122178,0.004504478194524011,0.02690279577032636,0.012820287509910218,0.04587988580916557,0.029303746088797693,0.05270355087412371,0.03926731312402453,0.0016869159613941969,0.005514417437367813,0.02290162241588702,0.012919688892935594,0.012860360195214306,0.036604231334003534,0.010967408432079325,0.05489922766030244,0.026455030132989162,0.048925613687100376,0.540088352226732,1
0.011320305266586428,0.05006550218867235,0.047280814662917385,0.04580135434114123,0.004120396319866116,0.02524496105050315,0.05066879185133729,0.013891562074276007,0.0022203226304436992,0.00974816260415969,0.009569233302032607,0.04425079398339201,0.03934271821434583,0.04427169880021755,0.0077423027290790735,0.000736979336734721,0.020016572931430075,0.03209636227936499,0.5416111654334999,1
0.00788909710822136,0.01658305071583055,0.0038044509844365015,0.04269651297388613,0.019474731897166243,0.021802545947825325,0.019341021768776005,0.05540544198661881,0.05157339009570779,0.006024203769531656,0.01627073543027284,0.009323220434358861,0.038284476767998704,0.026868997064480274,0.04810071702175436,0.02804737427697153,0.010517048347185764,0.010579378633648199,0.5674136047753291,1
0.045720369112414797,0.05170624185754919,0.03539209145608721,0.04307726105467278,0.003836678524226025,0.05305054145980382,0.025354775525405555,0.04799198297447733,0.0009847473253866445,0.0023678039567082546,0.04603754436384166,0.0258660085117116,0.029403091930366783,0.052789723074421716,0.011386812715620675,0.0016785788468032111,0.03563130645483589,0.0025504335725805424,0.48517400728308624,1
0.0010440835297407783,0.0478543961251566,0.04862081540993516,0.043534542691252974,0.025827655499651145,0.050705615000976284,0.010700377154907922,0.04696187928860018,0.014850266437104782,0.0009508156172857688,0.02420836806222572,0.049138204674941545,0.01657532209941563,0.02872786515059159,0.052500571086277065,0.05139975666201396,0.001647809647231403,0.008499430369562631,0.47625222549312884,1
0.03569748337940155,0.03622609583325198,0.04113534191509513,0.04990079130250274,0.023470114764666372,0.023502582447907545,0.05326516939028289,0.009861387279510931,0.021097982115233078,0.03324161645090781,0.0552892491384032,0.002452315439814203,0.05443361199026368,0.047849187069708275,0.02129426238846518,0.029168782828742315,0.04641104586118811,0.04645702223018715,0.3692459581744678,1
0.048978934411285396,0.03768896698292608,0.01798559690782441,0.019444500348693484,0.010911707002715444,0.02368629991638552,0.020381041564402638,0.04152660562442235,0.020780113326670995,0.03668893582554725,0.02486091457440536,0.023574251389900866,0.03416135682931112,0.014322277637237694,0.04645789903391154,0.025159788413732107,0.01024896530730456,0.04035609717806436,0.5027857477252589,0
0.042326540794517115,0.03903293355261702,0.04357917660210947,0.04437311836707768,0.02430670582722271,0.055469888685678995,0.009916598141672268,0.04342409860526851,0.0002978430086581573,0.04083225489842712,0.010469215448279301,0.0023576794992440577,0.0050698527299346974,0.006865496016164539,0.013668492120787402,0.051815411657034,0.02042374145963973,0.041835960056092095,0.5039349925295751,1
0.05471308607499556,0.02338116892931912,0.014438598124479705,0.024530491329434984,0.010753744078906701,0.03191946914967222,0.03545227731461844,0.00642429395866514,0.008538776128628644,0.002746015806870737,0.01286187363518891,0.0451720066451056,0.034771503394551324,0.048988517092030816,0.04567220482446303,0.04330227854893354,0.05317705753631488,0.049333555327771374,0.4538230821000493,1
0.003177440127287911,0.020616093198032526,0.013284081222918846,0.013128615275323741,0.046965062461466194,0.04295799128937694,0.016825290190727194,0.03774125039311791,0.011834168902627885,0.0508169472046125,0.042949851055472325,0.04367933843392151,0.051022473237016565,0.004357477784020409,0.010485071198612013,0.033124806338339925,0.02897170236373263,0.019195392394135213,0.5088669469292577,1
0.0026040600982428267,0.037227285022609,0.053457889689930864,0.025014046372893672,0.01043509023068882,0.046762831070495815,0.009189637780917512,0.03437240016633292,0.04737030106813737,0.006357173472827094,0.04930376092066741,0.035379997687075546,0.011054432605170568,0.03772103444176368,0.04592283266130323,0.04166419894093513,0.017926456103980533,0.046960456391540756,0.4412761152744872,1
0.01841806223678848,0.028383886399906053,0.013091338193282367,0.03522894714143666,0.03418775917433437,0.03467783786690001,0.05034819246210107,0.051855103947971055,0.013791973445693327,0.018091086661113,0.011910339054323107,0.04182562500314668,0.04068590642020023,0.03528837133030833,0.027043770091333286,0.015343206566486649,0.00838831079823648,0.04857566478246783,0.4728646184239711,1
0.034973265156766416,0.05205896843050856,0.052987314262287304,0.016476602045509305,0.03023988053259233,0.04428604234891946,0.04715538883854969,0.016541137999367024,0.031547692244489195,0.02266496812919709,0.003838903570445059,0.030260585368017314,0.020576721864542027,0.04647390401740907,0.03773602579543932,0.04746936431302188,0.04785705940543997,0.04401539271074091,0.37284078296675804,1
0.03317043137271374,0.0015213984543736743,0.03204865109783746,0.03684670262071097,0.00280402392665972,0.011158093092942563,0.00492886472067761,0.035732455336727434,0.003101291219864495,0.011277174907931117,0.0020532685048766106,0.022112698407513762,0.03147053181818575,0.03867547824880715,0.04506601942810759,0.006185371719482983,0.04127180861924442,0.036968512068343874,0.603607224434999,1
0.049473814083174555,0.018674235707513132,0.014848104392052823,0.008052471744775915,0.03396325591300804,0.03386311132622113,0.05186544402881988,0.0055962173315200195,0.03603842112685268,0.03549828241720951,0.02742540537249463,0.015481106963984201,0.04669605942645429,0.0025642889477150285,0.03203567665746838,0.0073847637052281605,0.04041430329860637,0.0013628502818763886,0.538762187275025,1
0.036446291834104354,0.03957210574059323,0.03577801824597069,0.03349265763658609,0.030473530861755124,0.02665111727106019,0.03839575887167456,0.04126074113159557,0.03485831669554504,0.0397319665438052,0.005471994451666952,0.025047060646973304,0.0006702378185367523,0.015901815971377957,0.04511301102073852,0.03404701949810174,0.015208131457059904,0.020365535866288028,0.48151468843656686,1
0.04108319113654681,0.04899983464753826,0.021770336257494236,0.003009765087073689,0.006445902167735113,0.001026490342008429,0.01360708540621723,0.037415968986081724,0.00929329512017008,0.028109090262024326,0.028217046706419502,0.028136630975712864,0.04484551339532047,0.030589580018264204,0.00819907192666506,0.019021357400875828,0.006649752203273437,0.05096983552179959,0.572610252438779,0
0.05096347895460354,0.021309219485493573,0.03242891826035131,0.03658031858110963,0.0483391330971203,0.03671766386311678,0.05479242720406153,0.052173825340675016,0.04980765048920882,0.04809321881075984,0.016999909787727672,0.04313848494397219,0.027615106576640583,0.019876826037207165,0.010075125940425691,0.019217274293962826,0.01271926306742884,0.01229002017585206,0.4068621350902826,1
0.026380355339849018,0.022827146207806983,0.051401400377040676,0.03393082291577837,0.0411297264038692,0.036283881127944714,0.0515418685167752,0.022053145615308297,0.04948015090355908,0.013884061728812465,0.016937365830077072,0.04650194584061191,0.008584263277988937,0.04623565185883727,0.008547553329054762,0.02673834039726264,0.014858918644711873,0.030019340626804353,0.45266406105790713,1
0.05230939561837336,0.031806532770918376,0.02448197017424316,0.011206432299831606,0.05555555555555555,0.04212210565396813,0.012831708113884253,0.01791319258241516,0.03429546858634343,0.014391684754096483,0.038603436073792005,0.04727373999940746,0.0023766880090335856,0.04357892554127698,0.03507281587865835,0.020690520550882226,0.009732412420461446,0.010350662778377944,0.49540675263848044,1
0.03133277564762425,0.005101690283816018,0.008901035471317938,0.05392140235209306,0.03326318444270977,0.05529708705233267,0.029188349893621655,0.0020965518959242023,0.050789466218831875,0.000617659173317158,0.021631571947484156,0.01714041252818991,0.03750658346817306,0.031807330591793394,0.01398913607573358,0.02228299144872916,0.0025684172180272086,0.04425850069947399,0.538305853590807,1
0.021375671583250964,0.002072403521434856,0.01885604315096302,0.03172951395003966,0.029047998924426124,0.04074806354946527,0.05500377712374324,0.019857547404014925,0.039350461993250006,0.011537666228574718,0.018100158280655178,0.00042074277844738705,0.04952580101791383,0.03676101394433927,0.021128853974434092,0.028531561658766642,0.03392101723732797,0.05324157131483702,0.48879013236411584,1
0.04145842846394433,0.04500484518419407,0.016197398203082733,0.05349181997506288,0.04988834292985944,0.002818686133869493,0.03316892205580224,0.014249679116600349,0.029593653015321335,0.03493927596641541,0.004913157880936982,0.0017815447714110988,0.026858215566876134,0.002930201291101667,0.03116364832319224,0.027201523172076428,0.022889350826166353,0.047605973270389915,0.5138453338536969,1
0.026167451512657026,0.042298966616819596,0.012832395977274468,0.021502461267713147,0.032307127270530485,0.03977100756490039,0.0243066806353793,0.0513141677118018,0.015327671963972512,0.05291982974819077,0.02055810084407904,0.022333499397809934,0.04272808318645505,0.04815511829436428,0.05188610018154212,0.01785908010380598,0.009994189422484855,0.0262585733849706,0.4414794949152486,1
0.03085700212615709,0.019317817212525602,0.01952962182799949,0.034382531981997894,0.04803723683169685,0.00577757266108069,0.04373232040257437,0.04750422181855446,0.0460825438727151,0.004204416522092349,0.042110720559291825,0.028074664656742337,0.03355827512244157,0.016441835888525314,0.05390811438936144,0.0011121994373734317,0.030996574984512075,0.02924547948897573,0.46512685021538236,1
0.03104350345404035,0.016851035640104386,0.011461734532176356,0.052210799843963394,0.009533713245038967,0.005469532955317745,0.015206830949264755,0.04663554794756628,0.04492910517476591,0.04261575230120253,0.052772075309286265,0.021550015739077298,0.039211681027026206,0.04995682970490331,0.040880642645530485,0.04197082080491651,0.0004784089341683192,0.038191033920841874,0.4390309358708091,1
0.015564594428791557,0.03422399520647767,0.050257308843849345,0.005200069962983415,0.021680002496210164,0.02722174092213153,0.0053006834030236575,0.029740187651762038,0.041596900302067134,0.010846851939554807,0.055033679956267144,0.01481478790664493,0.04137566412705204,0.05506734858918843,0.004247404304896354,0.03852542599757491,0.0540073771916076,0.013025143499039155,0.48227083327087816,1
0.05458113331802458,0.054389641967130045,0.005193181047330001,0.0065892854463420235,0.05146405500177154,0.013012726034777227,0.031535113659439694,0.04206595524419049,0.013180401118256229,0.016313527867935093,0.05225789221426345,0.005596437139919941,0.022787528047454274,0.040368037092057774,0.0019483548453334226,0.011394394037179217,0.007420786761750723,0.04582289126935347,0.5240786578874908,0
0.0048118114313464916,0.03166443668417116,0.0452534781476635,0.0062503959475140375,0.03174177477850493,0.04021407831958162,0.047498263753017425,0.025896268755022062,0.0038809241536304304,0.01195944930592738,0.03227100384680806,0.0040135373798513025,0.054007653814097195,0.01863877587172218,0.050523199155762734,0.046622508342269005,0.04405148002392678,0.0401238434509822,0.46057711683820146,1
0.03420621505111863,0.026033816538070777,0.02032629032411942,0.01820892114628614,0.0065143804933552145,0.02132145689400776,0.021567774375463818,0.02033510858889638,0.03492672272067584,0.019076744757534958,0.006451604819439836,0.048246591817752885,0.054461091297419266,0.027937198770758485,0.00500534575598795,0.04960513956143086,0.0013263442355528937,0.03940996242337533,0.5450392904287535,1
0.05051658044989798,0.030355479286388726,0.04609475025311223,0.014303852984104708,0.03499826084367681,0.004076030028816182,0.018456975570691675,0.0016089490231865726,0.014611879000893557,0.00713424329549361,0.04839711687307922,0.012019614958706328,0.032182269412819396,0.014969085871898637,0.023158239972176056,0.014115963258737365,0.022301978250991065,0.0021951574867402207,0.6085035731785897,0
0.0008873804008234681,0.04046519341803801,0.025456675227147254,0.03503313351913278,0.007956260896881787,0.02073731027181551,0.03788895851844071,0.013265706241364956,0.04011230921962851,0.022115948600792704,0.02783561373872998,0.03967555829468088,0.01839720561227928,0.04709997942879312,0.04464197193463074,0.03757280006132887,0.0340397267804661,0.05387753978101681,0.45294072805400853,1
0.0035358988670363013,0.0332421985527815,0.029464871682526934,0.02540822536651644,0.020052682564255866,0.04614093459967019,0.029634066788655957,0.027512520009333522,0.028823336417780773,0.043202521849328754,0.025212836903797137,0.03671949521086488,0.02236162424423574,0.03724932485948423,0.05337450715073365,0.003792695338511435,0.008306404371911717,0.018459467973094754,0.50750638724948,1
0.05133734071437358,0.001335041280835228,0.023283701705388397,0.023924748216516,0.029355719173339068,0.014658836815440038,0.00017189169491259304,0.016872899611281262,0.050187602605020296,0.0064401704290664,0.016511696974846116,0.04079862560323027,0.019121881347470757,0.05034000640278123,0.007334245280775573,0.04915778952934888,0.033371282986308086,0.032349989826385234,0.5334465298026809,1
0.009479880662365152,0.026377312094417356,0.027277055345589094,0.007464672894270451,0.0368328558865834,0.003175527365149065,0.008691073656334869,0.03473305569471981,0.03405647536861328,0.013043338844267248,0.054854561646064115,0.023054143429945134,0.043890304391275205,0.0011090768613823765,0.02751736760024892,0.01182414570216734,0.01939461142859939,0.04364405036313634,0.5735804907648714,1
0.03282620806139505,0.01191202049887068,0.039082026308345896,0.046624769445244414,0.0015295254242444372,0.00831178632316732,0.03426233790960184,0.04842419569285729,0.05329843619732187,0.030286651865546337,0.03339814150482048,0.015312474020805414,0.04811455059612726,0.00023919700059792402,0.005825942663920777,0.023659547886917136,0.04598856562468971,0.022126264618958225,0.4987773583565678,1
0.03965127802296761,0.020050408573147903,0.020000036341609784,0.0501381591425969,0.04283273106939568,0.03184490774711398,0.05211813063882993,0.023775087071599678,0.013057262526082376,0.049194963274806186,0.04668994741867327,0.03822745441699483,0.03531224559643538,0.03092593809747736,0.04196228303509159,0.00474413820718615,0.051925136836486814,0.03720447582739698,0.3703454161561077,1
0.025810820114101456,0.019459811538630377,0.016740851139505523,0.02591130491106454,0.01459808098751565,0.0036901511599207997,0.007998021775130525,0.04295521071560066,0.01670399315425164,0.0019725226835098685,0.008045779129323636,0.005377822512758875,0.003349189172007368,0.018413563268439893,0.03148006967582823,0.024151814564172952,0.005622524465386969,0.004801304966311923,0.722917164066539,1
0.0208902827161337,0.04552111877555774,0.045078155789391346,0.030128261313577393,0.022504492223803615,0.050033459869127855,0.04050040976434593,0.037176792129126626,0.05234344365506529,0.010292735833237285,0.050738433114706015,0.029571945147523974,0.012069908863562354,0.024086485706698114,0.05124456588316387,0.021139720903322123,0.029028660612929708,0.02787148554738968,0.3997796421513373,1
0.04645656673244836,0.02779875858195425,0.03176231070463014,0.01001092834527662,0.0006225565104918038,0.02135809029847093,0.02242186222977708,0.054174384829436935,0.027229309266248645,0.02143815213609352,0.03899987220112434,0.01681132005418383,0.05358120483145386,0.0510035340685976,0.020159178845072227,0.0352280350733517,0.021595731426675837,0.006466958562998904,0.4928812453017134,1
0.00812781988923158,0.02452860304142975,0.04235116572609623,0.026217959259404153,0.027386448290304323,0.038255030116494254,0.0046066584027971225,0.043258557601697986,0.04551183988727223,0.04518404712637128,0.006665913923006172,0.04625272441526715,0.050426395881185866,0.02242222299088611,0.0036831874701422213,0.026495658880468644,0.05240704869252676,0.007434954100168205,0.47878376430524994,1
0.003861177947761692,0.008603869841628316,0.0044274404735645,0.02362871508964177,0.01326418259592027,0.03245082572739257,0.004127929044159982,0.05273078379783551,0.004463822077249079,0.018755391014711627,0.031610830973037816,0.01611085408326889,0.05152626252389649,0.017892394735114774,0.02621431927881873,0.04091811380888165,0.018981010802941765,0.05407605384141327,0.5763560223427613,1
0.04840157380213007,0.025231279225238545,0.049761283702906445,0.0005514271928949033,0.015684545716982037,0.052537913150820154,0.030775125190980007,0.022860202302239948,0.04876457330089647,0.02683495007215037,0.011500585238336558,0.0008071221143166886,0.030451526783355394,0.006533614029259693,0.024244091223313266,0.022743409643642794,0.047462393575260026,0.0011396437184632538,0.5337147400168134,1
0.02263529154189185,0.014523735307166484,0.030418297860384635,0.03133086138899384,0.05384321696444898,0.02751740208311829,0.05438556444796825,0.032227247819098276,0.051209838349126666,0.03217815304515135,0.05143188136778675,0.05428078470527478,0.03604473754048755,0.0005244875966326221,0.025144396308803524,0.023819181216091653,0.05129771395621948,0.021523595774317564,0.3856636127270374,1
0.012414915125174016,0.023683790813381612,0.038498811224567615,0.012034845448568249,0.036678921230545544,0.026078814466552167,0.0382250413224961,0.027187754302717318,0.007300162805219692,0.009851206475194267,0.029812884143295804,0.038630886192289986,0.00250683872211664,0.026084241949711748,0.03948345695128324,0.055335168043310366,0.02517662257278697,0.03606635570132599,0.5149492825094626,1
0.05279304786612557,0.029459423553053657,0.025862264118357108,0.03719290494992014,0.020900766964416225,0.019732566037046692,0.04926442656093607,0.02604315493871663,0.035408443001589796,0.01499543244343239,0.01092712696777761,0.04502395856338668,0.05485331777931973,0.03214258996696308,0.019677330994336058,0.039906168614814636,0.045567556565331686,0.02822040427053457,0.41202911584394153,1
0.029028338486092303,0.015945616311532015,0.054621902190999334,0.018570475202421385,0.044060376648542676,0.01632424849607228,0.043236673344314774,0.03513103210519456,0.015772610273169663,0.02228179453535046,0.009423479691542343,0.047552742859423874,0.00711457409438658,0.010170200354230162,0.03488018014585308,0.04562765467750607,0.00408284486440458,0.014793255515513914,0.53138200020345,1
0.03488209611656548,0.013999621910952269,0.0021118289193057796,0.04259214658424028,0.014202564483899303,0.05267760167103714,0.022928342437635894,0.019059184660349532,0.04433071097086952,0.018955917192920654,0.03202038402655204,0.006863532025915272,0.00977812557905168,0.0071295264689164905,0.03301807601605634,0.0425845796785712,0.04601897445637153,0.052957775215363094,0.5038890115854264,1
0.0491882707736429,0.03468437517671299,0.006268707155519404,0.05435611311192304,0.04856502401514869,0.02834873888718485,0.01813578159383221,0.03535517016727768,0.030784757540233583,0.049050554868783174,0.0439281057763183,0.04003659364670379,0.006544270463926662,0.034861961355292875,0.026394610770421885,0.03131808858310206,0.05429962930807925,0.018021993555152147,0.3898572532507445,1
0.027822017072836307,0.015359057101410951,0.028982158667593357,0.02065921556869328,0.03121433437007331,0.03911326609573987,0.0207105393747831,0.04182339188398103,0.02483306808514884,0.02973312650134642,0.000957947807982166,0.03237545540978811,0.05513541690206668,0.021609626092854727,0.015632056948018693,0.055489608599085645,0.0009743070655938871,0.05343157842868602,0.48414382802431766,1
0.02314382181738113,0.04650545041726228,0.04089434373108678,0.0034469269409306397,0.0003138240458898554,0.04244294854236679,0.010329933533264356,0.02917087570402089,0.043221419537339774,0.052624368855593746,0.035856407444784764,0.033365015361915995,0.02835078985025126,0.015222008790536133,0.04137115899740777,0.04816680026576259,0.03914147299946938,0.05126417291498922,0.41516826024974673,1
0.028440068118255755,0.036781056970677614,0.026090104459928903,0.044822192828042035,0.044833699248776115,0.054107703721051024,0.045087519688265916,0.003001838715766683,0.02147857198405534,0.01992989728618934,0.02557163662625389,0.019189293739754237,0.008107733241184982,0.03801310532801523,0.017879128731065307,0.03535624864139036,0.021953933728007635,0.030819619260189224,0.4785366476831304,1
0.02706884729558855,0.03018415393191188,0.03948929883506244,0.039763797048340176,0.014841486381873766,0.031501571482488444,0.047836353695371786,0.033242089588693575,0.04232095811936981,0.044291107695609164,0.05202090934612816,0.020480709727480527,0.005396753154178224,0.011820803888677742,0.015326073664416455,0.03180829601577573,0.020138030985120965,0.015300507385373197,0.4771682517585394,1
0.04422939508774357,0.03228837821800666,0.017476196902229034,0.026437718614090347,0.005620288120938895,0.03317788439400985,0.023905925280872667,0.017309160182806635,0.037249834312298793,0.05471386343512151,0.02667720688099625,0.04220672842367055,0.006356685020366224,0.041200731310870084,0.0032081699444785837,0.031140624544361745,0.0452201679748254,0.025873885317475587,0.4857071560348376,1
0.0016275433601452022,0.04252920302396089,0.028008985529658352,0.03592214850305578,0.0025818127758562167,0.035589182229658706,0.029960616523868135,0.004437234957025566,0.026401933672583974,0.031672470106759665,0.01876641072231661,0.04138483355684015,0.041883874352853984,0.005560691906435319,0.036354295636926506,0.0033383026587341484,0.038111782956901624,0.0422005606407753,0.5336681168856439,1
0.027755145462924184,0.012166479561279336,0.0095120974306024,0.03481161063772428,0.022927202512796938,0.03747535470536639,0.03413240291430675,0.021103742811783274,0.0028082674664511088,0.004405759558474179,0.023705186439426686,0.017957054113756997,0.009992194663498218,0.03618427738026829,0.0188058882500386,0.020808550080568186,0.05034186280423712,0.011321865875552568,0.6037850573309445,1
0.0012900296816867748,0.012948691161036894,0.007736109582525301,0.04363995758895607,0.041744344215531554,0.01527455886895628,0.0440387817697717,0.01729786491883784,0.052883943467877066,0.01042851217531267,0.04103660909474505,0.011123973290648041,0.0467539866364223,0.03474459800439756,0.029044639960429712,0.033978567960039,0.027576723824917437,0.0,0.5284581077979088,1
0.025194602862193657,0.00528330561204018,0.012405814602337827,0.0138818914283282,0.05349440393130328,0.04335704424407388,0.025127614726324715,0.05500408385923075,0.042598613254896056,0.02071094196177693,0.051161437698522674,0.04792164873964017,0.04768468180600975,0.05023246821683338,0.028194104236225443,0.0013749323269514006,0.032832490785564154,0.036398533252635326,0.4071413864551122,1
0.012770167006837979,0.04997495109958645,0.03864011129699791,0.01771579439373738,0.043763544300332496,0.03601460933144347,0.01016028224138735,0.02409588712769515,0.039038857325430394,0.04335503690578591,0.0032484462433388936,0.031062278257318998,0.043347134144487647,0.042401959153744666,0.0028026903384909736,0.016785322277629442,0.04988606129799122,0.051680887719515275,0.44325597953824836,1
0.028181421355411216,0.006858373777248021,0.022082505303176878,0.05238649864933889,0.04553357066940783,0.022351307270872443,0.040329051477443034,0.028387047241488314,0.030123760919498754,0.04248923179150291,0.025941321487641354,0.02777372362900095,0.03172557663504517,0.003075116360261901,0.015018737414230059,0.04721631196947081,0.029555262234073412,0.04051654633267467,0.46045463548221344,1
0.005337044201621415,0.022469276319835557,0.02131234733832007,0.04052021833494824,0.030982338152190703,0.012604207078333589,0.03172370895326319,0.0008117462993629216,0.0055896906175219,0.02284994715780291,0.026250686063645747,0.03626051973252408,0.03388376424802475,0.037451936959599884,0.04771598613070132,0.044907238175254466,0.04701606299775604,0.006980136978236042,0.5253331442610572,1
0.02172071823270237,0.02672353139194643,0.04057738175394433,0.04419839402920003,0.005369302324830811,0.004409779054185895,0.0033356377397429048,0.0051689935388519945,0.03783763091684392,0.053656802009794884,0.04236334872683814,0.029195617016588158,0.023771781797652023,0.016973187391192315,0.03918318239096711,0.03941908043697851,0.027144119229485623,0.032506979823676764,0.5064445321945776,1
0.02109726509458519,0.0257037941242204,0.03004708244655117,0.017031407150616518,0.04442380360483941,0.012154836376747323,0.021326875763998793,0.053302396584240845,0.017322283687046428,0.03685673877785467,0.030574163099131708,0.0032560179680136926,0.025440973357759418,0.020679554708980665,0.011444880661459192,0.005376110734514464,0.023459976493219473,0.025539339327116897,0.5749625000391039,1
0.03586221302607928,0.04163149326222078,0.025097424340012615,0.012384049293898077,0.01762857460694857,0.03945491356366938,0.03480171677022074,0.03180561002035991,0.023383490760886607,0.04447277184056832,0.05306851927501471,0.03063518890454281,0.0018394106186944588,0.003742838353692975,0.001480870252558818,0.02965115083572112,0.013629990724795593,0.02388206154174484,0.5355477120083704,1
0.011487430281008208,0.047513235434985424,0.015292989571119492,0.047362864438007066,0.039887781837857565,0.0049115248056438646,0.05418264776088058,0.01242588048267874,0.014200139341084697,0.030729341934108163,0.01364875608702131,0.04603410800413901,0.03796444417686931,0.039083320944377074,0.009312553187062547,0.04369046505454183,0.00021540219776613459,0.02770474345811891,0.5043523710027302,1
0.051974472045316245,0.01085710247050774,0.037950698857385744,0.01787519557195827,5.737645972028063e-05,0.04202932060941807,0.027959746648991677,0.04089916590221147,0.00899947118515263,0.0032267801990434226,0.03618232091807188,0.027267740785765653,0.024656509240533274,0.0014275003783089317,0.005890215003468261,0.048425823927933875,0.025795887056542847,0.009757029646004068,0.5787676430936657,1
0.0005792524179130639,0.012826817410589038,0.026333256652113227,0.0,0.05493043758553244,0.037026507917043684,0.032610344697218824,0.016154119081886666,0.011299743673270272,0.01330743014414533,0.017595212871717076,0.007826561488852172,0.05175955252909504,0.03325163412848877,0.03307911915294105,0.05051765561511918,0.03227801920736067,0.008938949863414423,0.559685385563299,1
0.03392240913968017,0.011453226902374509,0.045621801510632394,0.030702216867091188,0.054512642039265355,0.038463364763652,0.028010584784728287,0.01857777486768242,0.0014308718775415423,0.05518274398055965,0.02846321195647009,0.05027098802561222,0.007419087698129091,0.012176123595352644,0.008784097070316806,0.04421925377153266,0.026574458388170966,0.02734002452374937,0.47687511823745854,1
0.028732099846233823,0.053549787588914315,0.029312439456923793,0.019045080153875234,0.04786830952742969,0.016567177472143226,0.016495645214043446,0.04483825462331562,0.055236941417615835,0.031782131214025386,0.02575853248130465,0.010744297935759055,0.02991257269860278,0.025026795878068067,0.054084127357148466,0.005043400663793041,0.003163649694839654,0.04556440338032969,0.45727435339563427,1
0.019027108014428376,0.0002411796329426352,0.03827153163051342,0.024361502540421368,0.028602376324819784,0.017151724651917336,0.032750595134077326,0.032694463940018514,0.019803314382453988,0.02796071435463672,0.0496457027650597,0.021682204353595566,0.029072596868708753,0.0098772690216644,0.036571587579028085,0.032821010778068746,0.04195950160716985,0.03136977353062301,0.5061358428898525,1
0.01437206145401563,0.05291603384364675,0.009629347485519298,0.052639393637247386,0.016580324150736583,0.05224901369835938,0.02836023901496771,0.03030447466492316,0.028115533700639645,0.007608987821092309,0.044746160881799356,0.04356375877576674,0.04892620631790541,0.020081139198351642,0.013062753428760059,0.02821035273555854,0.03760494972599357,0.0329537965846376,0.4380754728800793,1
0.05159144281982076,0.03450537887540672,0.027710331368353124,0.01680849351187326,0.00899329293071043,0.024074345954530164,0.005440441776999438,0.05064277329447056,0.044835890613409805,0.025570764390985296,0.03557588441000119,0.001039342389288686,0.018653136903375264,0.025846258520456265,0.013518403027718043,0.05390651163549376,0.005205485087582933,0.02430000587110058,0.5317818166184236,1
0.038346588839758056,0.01821018221152299,0.05437758855386227,0.008644137833571918,0.050189712687270654,0.04526174248007198,0.0038873592940697446,0.023272953869243343,0.04029705805040291,0.037973637695862546,0.053780229409496276,0.0369568554851916,0.04720220493017929,0.03551810693097446,0.032344063842463536,0.023370005452811857,0.005271957138015988,0.02858039460961577,0.41651522068561475,1
0.013788095950934233,0.041119378983862837,0.03662685397960099,0.055349033726683,0.008414374855940026,0.010942433303354369,0.005712380410151905,0.044283203856992116,0.018436975172625072,0.004856031755054429,0.04476826370724436,0.033824057962017574,0.0031056682971548934,0.04170521623247394,0.033411972747972044,0.052013720947155735,0.03854904769790648,0.009386373882230379,0.5037069165306456,1
0.0020846432590460764,0.05509322496866817,0.03295128176345663,0.03301922466851573,0.047573695760079145,0.01832221249031178,0.015640407629969683,0.04022700800782851,0.007928815119666121,0.02624932374674953,0.029047819102928512,0.033412903672046385,0.040305116995124235,0.013337260634029716,0.0023023004187518884,0.029882437256209298,0.03941514870337408,0.02480908585170898,0.5083980899515355,1
0.03195886199930737,0.008386898374485885,0.0027371881015899355,0.030576451695669513,0.028856569372398902,0.04809940744019702,0.05555555555555555,0.03960238966669796,0.039739502620460214,0.03910938444524982,0.05363789181804993,0.03723087912588494,0.007687873757929387,0.04949699752389243,0.027216485693427914,0.012970496360483589,0.03637708627839078,0.04150808178366548,0.40925199838666326,1
0.012324950388034262,0.04792111176212064,0.049990482843138,0.001842861097984423,0.03605197453716546,0.007261440118295025,0.03635792555933902,0.05368487137179564,0.04769679584345628,0.052469501523839196,0.002221606670697717,0.03453654865143075,0.020712363520395675,0.04446557407797548,0.04308013073570262,0.045395245853859685,0.042740199770383756,0.0031228967866835412,0.4181235188877027,1
0.0065337273523707615,0.028111773872268073,0.0522017621511022,0.04798871929910479,0.029707468550407887,0.024411561313574477,0.04108136405546552,0.010342995705331386,0.032301105983792655,0.013810947380831981,0.04273885725622127,0.03508911031722235,0.0008733474915939205,0.04507076475380121,0.04437244941726207,0.03015622143991358,0.009372270124872049,0.043049990582644734,0.46278556295221895,1
0.04415321812160262,0.004746929946954578,0.009853539513701047,0.029272059242005946,0.027039168303323414,0.0019630017164537867,0.026689756485291274,0.045746660022624216,0.006025041056389701,0.04014485384796852,0.03105146615022119,0.032116398193532875,0.037215614305183414,0.029933374223596113,0.030669749248816453,0.04278061628351019,0.03687567742523412,0.03511249397399697,0.4886103819395936,1
0.024601377335985594,0.009991758277392779,0.04367614547127352,0.03767885808173027,0.046644054550783666,0.008848151375678305,0.0014261980875434053,0.012332302673263136,0.031989920802068215,0.024122685205360192,0.023874750356854157,0.008134042651348821,0.04851187687017581,0.007634167815047753,0.03261120833256889,0.0022795571560112393,0.03485510745681853,0.02123194345700837,0.5795558940430874,1
0.03358879077060118,0.0006557945096955084,0.001079235321523487,0.027748838101727416,0.045336549634574806,0.032997427127570284,0.04799880853266906,0.007166052431346294,0.010609681612778048,0.035266889559576735,0.0473430735963634,0.04165665968460425,0.0534562588084831,0.02905304951608254,0.05488569698659396,0.050929881955643214,0.015444931088623097,0.018929548146543216,0.4458528326150003,1
0.05103528859086821,0.014904416186202847,0.04184806928259433,0.03821023769121154,0.01977100294853793,0.0005407574735311216,0.000761114285092701,0.04533223190053218,0.020333951884333176,0.040494921489428,0.005588514167034915,0.003363268618439582,0.02846699872604082,0.013135708187532416,0.048376945890946564,0.017048799254149597,0.02406988437488425,0.003944198971629969,0.58277369007701,1
0.053202055295342936,0.040937130911753536,0.008418611633611737,0.027219073268304295,0.017362479717451904,0.005049213882434549,0.012046830884681432,0.04263328614763538,0.01236406373805183,0.02904330511799944,0.019473083675232022,0.052409632996447485,0.03676858758760991,0.043192601858213046,0.01846805524831696,0.051086981430415276,0.01416894551850012,0.02671281521291314,0.48944324587508503,0
0.03445906229179928,0.01025007789114007,0.014026844687974506,0.011001480108499833,0.052334311183673494,0.02889114998459901,0.0175929322009068,0.03906031305694731,0.01599553518920995,0.007961396710514467,0.05008248681344976,0.027121884363334063,0.036456661027095584,0.007916172381872082,0.02375149837515847,0.03271805055623919,0.03166503490451092,0.05023661713381747,0.5084784911392578,1
0.006957665280501997,0.039333753114150966,0.026657943450061297,0.00910031762164665,0.008769590814306392,0.02595038174816482,0.038962457418887,0.00815005831007284,0.032715941288890674,0.011899842886032587,0.008723338522319565,0.04843693892929215,0.029982485602381887,0.04282158878283653,0.01424357241752351,0.050126319633982265,0.03496483546268061,0.01239193415372909,0.5498110345625392,1
0.002149628566920851,0.0438891670242422,0.005554421462645381,0.00417273153560804,0.05522085442888238,0.05481971031891511,0.011158548263749393,0.02645094117778254,0.0071607015926707,0.049637896056118895,0.01231994352126117,5.23650082310652e-06,0.01723350914390513,0.040515850917168215,0.05214996244092982,0.04469624143609959,0.04825705104478092,0.0018400543393095718,0.522767550228187,1
0.026586734315242565,0.0018369483983235557,0.023808666466304404,0.04834085246124568,0.007282931291191782,0.013520009748427729,0.023498904239989248,0.015322865938286738,0.009846420709874674,0.045443946089782604,0.013299088944936324,0.028883462640868916,0.0017266073855290271,0.03142878050583669,0.027793272903712682,0.016387518120716687,0.024893047437625174,0.03852657529376682,0.6015733671083386,1
0.015006948101108416,0.04518598219281579,0.032621901658110894,0.0014054166959792237,0.037867694665817936,0.02979877388871572,0.04164343111038052,0.038038509387337424,0.005369301119038334,0.04647886780154395,0.04550001184848754,0.004672538381297381,0.05057422683662802,0.047476764613796366,0.0371632091790066,0.010575598814474271,0.021219823285756258,0.0158779291122388,0.4735230713074665,1
0.04227186529091878,0.053923496526454305,0.002520878799466675,0.020453597514486072,0.005143809335312769,0.05122823500869449,0.0483409477832357,0.024158733733538565,0.031418752838733806,0.017501870882569902,0.007716302400063144,0.026784572484075612,0.03702958917004427,0.0021122156572318724,0.038337195950825666,0.02486318303611683,0.03959696744746343,0.007099868726527915,0.5194979174142402,0
8.099846139039656e-05,0.005925860594033076,0.040304783073725724,0.022130642687398096,0.01110901213701928,0.007485974214844018,0.012434046436438986,0.004295050240304624,0.04357114663197739,0.03290530334883757,0.008365031757328771,0.0499107476539123,0.02798694370496287,0.053619299164139614,0.04694762246891347,0.0323650466223545,0.03544549106011394,0.0034821849769210897,0.5616348147653842,1
0.049839698440680126,0.03751362888197669,0.0416482854839481,0.02693524991509308,0.05166419456265309,0.0006790872975251882,0.024800982859576527,0.006751610896368302,0.04087181956470745,0.03985527225127471,0.0155623685578927,0.04946878793217461,0.039705802023020355,0.027571543513979394,0.020660213114103706,0.05305891771114928,0.030355766544233023,0.026939689893941417,0.4161170805557022,1
0.04051969377939596,0.05553085898325462,0.021183555880377694,0.02258017255080835,0.032989540155265104,0.04572419914033248,0.006239827067127518,0.029394431613460687,0.04680125607893579,0.05338399900410737,0.037591294237265004,0.026438335919335754,0.04858292892903988,0.028123652072355412,0.022849824464746545,0.04125675170719181,0.043717865181345315,0.010873034279278774,0.3862187789563759,1
0.023431803380327722,0.04319399287351296,0.0071720090577586625,0.013744956231415436,0.052625026097686864,0.015140107363202291,0.04650437662657576,0.013552094341969911,0.02797368859975499,0.03728535590666085,0.02198142334416376,0.03299168925730641,0.047600870842131146,0.005146828147815239,0.03888880396053613,0.012762078918283286,0.01148229063280113,0.01291732259881822,0.5356052818192792,1
0.03879970470989551,0.03146529812873596,0.033479043130036724,0.00844900737073233,0.02059952979417967,0.05104402539954155,0.033707213148479305,0.010042326888358707,0.04916411287416572,0.046249249732170046,0.004143958645472358,0.01304628599718498,0.010231722723655794,0.009196944715150236,0.004581846627129106,0.044474855860440005,0.028111749863339863,0.01440395514561163,0.5488091692457204,1
0.022060510692178313,0.003848177556594858,0.04926490781617428,0.038514653414589844,0.021258295962263297,0.05152508346114989,0.016130032658742632,0.030841395550542,0.011522559707376732,0.009431630145736964,0.014526402852401017,0.04094315402942948,0.019186962141307082,0.008860171175066212,0.005283896007574737,0.003577308179730125,0.011942149456204957,0.029357391708391,0.6119253174845465,1
0.013101081409337599,0.049355929910154896,0.0338854232190556,0.023166951348935,0.037672404555993494,0.04740264092677269,0.01142018061831253,0.05239598402811573,0.019182823685613318,0.00027797399026314464,0.001560685884461349,0.038009127064280064,0.04432097929520057,6.593121139335149e-05,0.007494805884495674,0.009877022002765854,0.04479362241385502,0.046755739673557874,0.5192606928774361,1
0.05373666478671794,0.014305882378862246,0.0538679247228003,0.04043001835373294,0.02449702853795348,0.035297258193987616,0.015361448817745031,0.0011980516067866267,0.018877021899461246,0.034414009929609655,0.00987302238402775,0.05214149126241168,0.028841786493005356,0.034064533514121226,0.0244007301436328,0.00568812754943367,0.01670659135145869,0.042633195507124286,0.4936652125671275,1
0.0186398778843838,0.0132642035438296,0.0035877775641666274,0.04120424720390713,0.017190099580431346,0.044753681731535426,0.02585382433779422,0.004775485622983285,0.009662787807133609,0.05529835316533651,0.020846246182961395,0.0028440450601559236,0.0350605062086745,0.054604492033527435,0.03430303926682027,0.006652326170364019,0.014711684101738374,0.00661520502554896,0.5901321175087075,1
0.024282639682843245,0.01697324131080765,0.05053514636792675,0.040965221904237153,0.03915085541898685,0.030159000907370725,0.01777903985900979,0.0401490221496063,0.02384666662631775,0.028481631555932578,0.006040793609966708,0.038649166558545715,0.05544922370700478,0.04594485799390564,0.02240755145694074,0.03200202084936139,0.032493163725311684,0.025131643113343583,0.429559113202581,1
0.015943264779173374,8.862070195915136e-05,0.022551566979970065,0.0472335427531443,0.050524317184500005,0.0022252029971644247,0.00949695867978146,0.04408762060468416,0.0025887809390358345,0.033616782361864654,0.0465101173799381,0.01337270686901449,0.013791966934245078,0.0018966995920331564,0.0015942834624374,0.007706822097493156,0.054409798995160887,0.019983212624535836,0.6123777340638645,1
0.02401222071990769,0.021017517811271133,0.00318356892310642,0.0038783755083072855,0.01003433653367335,0.048449668178188375,0.051193216123659666,0.028436381950908054,0.036320932966748785,0.04751656957121844,0.03547428231345519,0.046992408337635655,0.02155411179685872,0.021487785535516293,0.03045350468035311,0.0198069903217842,0.02438626386318559,0.04123687833541088,0.4845649865288112,1
0.008562174974875035,0.027528314906560783,0.0473110184721221,0.030979361449391354,0.022172887803627125,0.017555511499349762,0.02635407266171113,0.03677932869197056,0.006517128931953826,0.031439327188830704,0.008964569528815832,0.017475058101424013,0.021222636572192255,0.045042608617401544,0.029685470705055547,0.004244543458401594,0.027881642789357137,0.023184083287678868,0.5671002603592807,1
0.04354876216759193,0.04962315703529627,0.04462698231500583,0.05481606316579984,0.011763340475438176,0.04506129267457645,0.014506320016052628,0.05395877012765145,0.007876674814598016,0.04116046090451434,0.021409781607137628,0.003931665166135733,0.052116838062367,0.012514368573281023,0.031530581596812574,0.002686380070422088,0.020871386960447127,0.005789468090519436,0.48220770617635245,0
0.020035242783520615,0.030940269388298264,0.05254618025232585,0.02660479428878581,0.04069192550131181,0.028600484087694986,0.05344774930336313,0.0510388365042506,0.00048192463016965333,0.025475566691372506,0.02101743409759717,0.025608153968002485,0.001463437131094675,0.013693545348570816,0.0436875430665915,0.04871302308756689,0.05352196675099114,0.01374175285102621,0.4486901702674658,1
0.019616100151999424,0.054335827528810436,0.004827298139574831,0.045178939157816664,0.0033316176285753973,0.034231487735144464,0.053821307498118726,0.019549264353267416,0.02447161947025368,0.03338397026397704,0.01848873037742357,0.010264223311703173,0.013893267249610118,0.032383720548524786,0.015793871028121333,0.02733731142809534,0.009219664008713387,0.034562871248749065,0.5453089088715212,1
0.002841076630285259,0.00799429762383287,0.03505777516790371,0.04195882857982469,0.005995436518215711,0.05470117303389298,0.02087220725787313,0.03417836518404259,0.02671282921047827,0.027357999837453517,0.045911526115688356,0.03270064645932274,0.05235471318490681,0.03141650842231146,0.04039557649821628,0.030873226795597244,0.03183616132643172,0.04845860171120367,0.4283830504425189,1
0.004417159299068216,0.011223852228428201,0.04294696352950933,0.00766861323515426,0.0011270724183056952,0.009371714416122624,0.03128744835922824,0.018152240152506938,0.02288721601724371,0.05216860042375748,0.024654327600353174,0.011580179884858294,0.038350246508910925,0.052554164893821934,0.00018352108376894346,0.0020842993750818744,0.0036615041131826866,0.040947166474889364,0.6247337099858081,0
0.007618389849005446,0.03656293849502331,0.0018480497544951697,0.005068764694151767,0.013938510446106655,0.04868650751959424,0.0273262249342641,0.006037597395688613,0.03861426965332373,0.00906460502539698,0.027577801041523894,0.042776276020365905,0.02396065551759262,0.011053254914856647,0.025510285658669578,0.009002586751986454,0.006257068016505506,0.0029447265870948484,0.6561514877243546,1
0.030022301626838485,0.022801331605928486,0.046372230178067214,0.013521924585299834,0.016951511520085925,0.006730881255513999,0.03595670490453861,0.023051771929306467,0.022508465794770612,0.045767702677700875,0.031421632963822804,0.05393074422101333,0.027033458072415653,0.0008414614570503709,0.020798907852565985,0.04766425426018897,0.017058886812902636,0.0006564950491195413,0.5369093332328703,1
0.01765145494933247,0.03386418629342791,0.017735561573292428,0.01171650418570805,0.03713974309617813,0.043656348884852016,0.008289311212755784,0.04570325787161885,0.05480416149787274,0.0476923296923117,0.0028740177293488274,0.028499652106074105,0.005509223178765176,0.03970363906412736,0.01018299629966416,0.0462296197870665,0.05501163644955622,0.013572910263282955,0.48016344586476456,1
0.01802317381614459,0.04011138113815859,0.010824296155229219,0.051478770206957396,0.049015908856109056,0.0061857368793597056,0.018809255886955156,0.012834436042584855,0.035831389898969765,0.041767465389062036,0.033795677768258786,0.014535717367378017,0.0343529364817446,0.04161956294090387,0.006902890042802288,0.039168196232861455,0.002314658262093736,0.017525096254444733,0.5249034503799822,1
0.010207972556862255,0.024265289855740627,0.015844258761841184,0.004484960686126229,0.030685769252804068,0.014386432520410006,0.006578789447532724,0.0022500435641909116,0.05436024012805142,0.017172956955010362,0.04121801544126404,0.05347281448186598,0.0241568293216418,0.005102070678550071,0.0216764077027851,0.040612291399270986,0.017694430777822144,0.007921097033253045,0.6079093294349771,1
0.036289313202297474,0.02401736860810074,0.02366082831406386,0.02853655974188947,0.006950299069932118,0.030872282254934175,0.030414336550432415,0.048844851234234085,0.023425707383172355,0.023926483134698383,0.02258095099971229,0.05096335300208868,0.023050213072124383,0.019084740249625365,0.049645733136663636,0.008203238432485842,0.01656229343531212,0.052352039840850614,0.48061940833738204,1
0.0296039684832139,0.04572539958715933,0.013727954225971528,0.017356311799401482,0.03448292728075816,0.012043779083719019,0.048775491213578395,0.007596983746049418,0.013991615290466278,0.03793830594836553,0.01130120931657453,0.016017225693847215,0.04637858632334463,0.03355516912770089,0.04925931870224352,0.03868500602235702,0.05054146712741681,0.0229604621390329,0.4700588188887994,1
0.005047698640722486,0.0040651453456417765,0.00913268894058395,0.019326749747001423,0.042090166522860906,0.04904618492820789,0.0016868382149310757,0.031098469260179062,0.048007344669525345,0.05420035799509213,0.0479613580917336,0.045678004540563005,0.020162816971943467,0.04555463517324506,0.03749209590828594,0.03360850868361873,0.0549544090656364,0.050754880527545926,0.40013164677268176,1
0.0537777185552806,0.0357161217049223,0.03681618845107081,0.02117952156721746,0.025393638953445926,0.03258555694340898,0.039327130043010784,0.024960328760097444,0.05006958274930347,0.05454356657866735,0.053271772713829435,0.04874049419351919,0.052712838292262296,0.004639541177162736,0.04879407536552663,0.03578521518174507,0.01246938460046769,0.016585089667638185,0.3526322345014238,0
0.03942631764866837,0.04292341517054826,0.055499099357302455,0.010719303613729317,0.027588199659253316,0.002606512075957358,0.025671876222951494,0.0387629311205491,0.043776606170385264,0.025207561077527047,0.05183871601294093,0.004428825511753016,0.01236577153610063,0.023465121302947187,0.04201693281365621,0.022160727621068174,0.040793653528053225,0.036710807933302086,0.4540376216233065,1
0.02737690107683235,0.02080170082028904,0.003989500116843702,0.05451444519356641,0.04629367574214544,0.04159874579086668,0.03085275569532591,0.01559059766067214,0.02556239041102529,0.026038205702162733,0.03840369053119915,0.010845157245432628,0.041684677524432875,0.011488154875662541,0.006663607761404279,0.013693693612377824,0.04817676259635438,0.044595170091109665,0.4918301675522969,1
0.047045139914282635,0.021615031838767267,0.05097431369415122,0.05370239378095403,0.04342300082166955,0.05435711519705798,0.04674527004196401,0.05080954232844976,0.02161091210573378,0.04158041856811695,0.048717548119087024,0.03180142041118969,0.018144232265319058,0.004034864841672312,0.05527360900450764,0.04684379896250989,0.004335255811257776,0.004184802271862681,0.35480133002144676,1
0.03764589004238116,0.03531231898002169,0.006051673517373804,0.03422486888777505,0.012869120907502982,0.007885110056978228,0.003673697902431495,0.04475019435202173,0.010825210941450331,0.029458350103988,0.010693418050890201,0.023875227762489713,0.045049140196938,0.01272969540268216,0.028748464919467396,0.03456707181475261,0.055378883623794076,0.01678775791876267,0.5494739046182986,1
0.046193001912065594,0.04860247499858268,0.01219615448202701,0.04504575475409464,0.051998121095236174,0.04143154733713159,0.042960386824087156,0.055317571443657704,0.022017681540018978,0.008385624403169319,0.044387503060392394,0.05551799663772271,0.004830950600000528,0.05132258328363379,0.01202705258415532,0.03801917606157921,0.029797001655532087,0.0004144410896972313,0.3895349762372158,1
0.004178209963794073,0.04374208160093586,0.019418279903426025,0.01614987952523578,0.04912644191875473,0.04327211165544222,0.006444306600014617,0.0005314523796652765,0.010301878757779428,0.027532933409685885,0.04382468058755406,0.018875289390189433,0.024919007054961043,0.02186115456036328,0.02380517083498633,0.015796833859867878,0.025989564855187608,0.008944968965028895,0.5952857541771276,1
0.0298844336509521,0.024834676205112326,0.04696418198007432,0.009766985792781773,0.002027294136612938,0.029469694319042165,0.041815175024400096,0.008992273399077433,0.04419163179529062,0.05104517633105522,0.019221546528330573,0.043983640399862856,0.04228531908493255,0.017685401801217113,0.0460920328872972,0.021620486210033693,0.019469611212905146,0.03976918479584462,0.46088125444517725,1
0.04495826331856808,0.019790387171482668,0.0006480027621147884,0.03334197773323813,0.009836750695288145,0.007043563661109016,0.04238013936702335,0.03374324810278582,0.025834795570474064,0.038391923214528875,0.0036506181078166133,0.020965532268379813,0.0058162255578115205,0.04205877443630655,0.052800721562057604,0.010969564832102464,0.025556592979829415,0.016991973220977227,0.5652209454381057,1
0.04531658188725212,0.0326581597297442,0.0312822706010553,0.015050867381375847,0.04233114905637155,0.012928729176750453,0.035391833420835656,0.011171486740562751,0.05471953184102431,0.02053903778774813,0.047196820358557594,0.01845601453789102,0.032777232764539005,0.026771182322971668,0.012622181213741066,0.00010361481761084954,0.03779875330619676,0.028717704927429897,0.4941668481283418,1
0.043129698966340536,0.03827964989540089,0.00010857122785170819,0.03932510037330193,0.024911538516143857,0.03876046717385065,0.023081454952391937,0.049717727011763156,0.038207993429605326,0.043537708659530945,0.028872682192685375,0.007563386207625137,0.013333191365845064,0.014429903895542329,0.02471532522786416,0.02901575327814944,0.013202670233764046,0.03053766200020535,0.49926951539213826,1
0.03543011219151708,0.03491092184104197,0.00698846097246237,0.03781482227046295,0.004556477318515086,0.014140678961212747,0.014942605696522723,0.003421454563689392,0.006145455755708642,0.04874402888120714,0.05437932041222571,0.05056191703994658,0.045294601656244694,0.02976556424114554,0.030082873687572436,0.03476474585702628,0.049544435860570404,0.034761845477630025,0.46374967731529826,0
0.04347362864152879,0.0035488489612316865,0.04208190278041496,0.03998548374518375,0.052929013589034755,0.051969675955600786,0.012532190604889588,0.05000944470312113,0.04545703040978722,0.0483830475756933,0.00015913121662653292,0.030592385290788154,0.04319334268707309,0.05431894178837513,0.004618340334190065,0.00938568419357822,0.003932813488962194,0.016219299471265165,0.4472097945626554,1
0.04093536773330896,0.007214725001874916,0.03453478232823129,0.04624444284327132,0.05075077418630938,0.03498844596839068,3.819395783255352e-06,0.00891460516467314,0.0,0.03596934136249569,0.03011231214414377,0.044593965525468675,0.013209567023763004,0.04005529939501687,0.016907179404818347,0.020259099833925015,0.011044848340728155,0.01572787805322676,0.5485335462945706,1
0.01692636388370458,0.03591117946911803,0.011904073558688192,0.050874048150735277,0.02826979809581849,0.013905239453170824,0.002805184621575119,0.0013170703771971954,0.051952681150620184,0.04689445513190334,0.03794989619868175,0.018688113726098535,0.002988211074247457,0.0272141552489084,0.04898921259805459,0.025492834647823665,0.013471192341366471,0.045038488782219804,0.5194078014900682,1
0.009637303336079442,0.03055505068679098,0.020479072459739508,0.004567194751242494,0.040161850215009925,0.0034148407878617716,0.03733265899699431,0.027458505649750498,0.01265312509456009,0.05399853927959024,0.01748770790271166,0.012583927894294602,0.011212732500127989,0.010388275865622517,0.029566008513175573,0.04362182360564169,0.016089465877078726,0.03376001655016245,0.5850319000335655,1
0.015359848891285157,0.007934693528808427,0.04813429690069468,0.03232817689959528,0.023391843245297358,0.041071143060877044,0.02936663913234299,0.02547582692933841,0.0011568545612049442,0.05017717260014388,0.022482597342239542,0.006184924501697121,0.01566720821029792,0.0295570738543557,0.01269838937274574,0.02774872861240319,0.05274751078954792,0.03334404264024396,0.5251730289268807,1
0.014003813267255475,0.0028030600923615347,0.049060216418104076,0.020345714449348944,0.01143742650532045,0.009986776993330627,0.049886143850811415,0.04722524191643891,0.03651911390438389,0.03619268153680208,0.03729592989785507,0.040476819965693765,0.011879218362187492,0.022522218985526903,0.014612643339396516,0.0494876852285149,0.004926622034322902,0.054896859835988514,0.4864418134163566,1
0.017452502426047685,0.012440076534827862,0.034845543041813885,0.027877465244854523,0.03816359250266146,0.04974964202415286,0.01322355834263146,0.003188321297129857,0.027753370981233903,0.024740349279715,0.018840108558253868,0.023213684942470985,0.04597733867228972,0.04291748754671136,0.041391962409695914,0.015554838888035978,0.011265818902543863,0.0354337036390622,0.5159706347658676,1
0.047402820092766085,0.0334225736940742,0.001439468352586261,0.00038269193839661595,0.008138366375524514,0.053600258245905585,0.002486157185240625,0.003793027791653853,0.011949159683067465,0.008836076768576801,0.023294258563168007,0.02114498926447366,0.00872440573128918,0.04384538118697789,0.05290346238901036,0.038061701424872973,0.0030167471217617562,0.014090811659285976,0.6234676425313682,1
0.04676879221593618,0.01800104692686431,0.036443497731914305,0.00234353223202321,0.003447670091578854,0.020610911779477773,0.03974853661797697,0.010622922969042973,0.00505434877890716,0.019392262088534503,0.047673797643077234,0.019819699644626345,0.01762809100614378,0.034316688905287704,0.025733179822801166,0.004465978156623647,0.007325988337356184,0.021687695925028984,0.6189153591267987,1
0.023651270105749914,0.05473152623899971,0.048320056160994544,0.050426509515270265,0.018325452963954804,0.019838747854225413,0.019830168311511978,0.002693210658878074,0.01863226269024648,0.014460347400470037,0.040267806604166206,0.008751177625230418,0.014605848154724722,0.04908495626699552,0.017209734505354575,0.05024398768628747,0.048909839983878704,0.03400700939931341,0.46601008787374787,1
0.05524590871904077,0.02903929170022215,0.04444906833816391,0.04684393396466037,0.04145773538493566,0.0017069933591918596,0.04601584774651362,0.00937440601890267,0.04078847463642632,0.016170569333652227,0.03314782538504862,0.019589529482304927,0.0499182259750161,0.053799400671767854,0.03400484404058941,0.021855696692472445,0.04470737374344686,0.0017475749271513982,0.41013729988049274,1
0.055424667208698604,0.025389871626076192,0.04395765621475651,0.051284481474245074,0.034734192556380925,0.049454889224751684,0.007399267624645618,0.03636923432341864,0.003536895474369628,0.030882513116980665,0.04153142433614269,0.05155408470593056,0.0529346062515362,0.05228073342724491,0.04268606879886039,0.04034948301372301,0.04668562550188058,0.009987352977967517,0.32355695214239066,1
0.0486203658152465,0.038478971798324386,0.029651374445894656,0.014638187956314722,0.02154211801305794,0.008340752444588095,0.03691383090528438,0.03340313599540283,0.05555555555555555,0.0014252030911529711,0.020222544157852806,0.008549656245741806,0.04403239445568755,0.053238263610540695,0.040589919311500085,0.05425851583323207,0.050749810432984016,0.037499131691865625,0.40229026823977343,1
0.03042211917408481,0.05231229146296315,0.05115301881308401,0.0028600628873595695,0.05409690393201464,0.019085887170080588,0.04952021282628936,0.035860328504139505,0.017604597996781258,0.030000749834255207,0.020007951252186885,0.02445324240136553,0.026233315194986343,0.039445249531628195,0.0035121731059807237,0.01807233023596809,0.02469768343209359,0.05555555555555555,0.44510632668918293,1
0.037685613910159114,0.005665496014911023,0.014493970158861832,0.04876309355221625,0.015346090736799557,0.04592296522159788,0.0030792367170490195,0.0218329169920662,0.047245372519572865,0.05000399755363636,0.032798995698160346,0.0012985452776045057,0.006762699143456493,0.0033491056184318433,0.050953523601798056,0.05344862428406502,0.03730701063713275,0.031058928440789273,0.49298381392169166,1
0.0419628293666261,0.018999861849840993,0.055027223635062475,0.029464196725428396,0.028002573487893218,0.03722839841433726,0.007737176821748977,0.01576407825789826,0.02684900104838356,0.016902538471220217,0.040031228818228674,0.03923113692139049,0.04568324532336139,0.005980743569793447,0.006323193022336481,0.05379549486735842,0.036587301571652374,0.04242998820625419,0.45199978962118514,1
0.04767603563530567,0.021915754543786116,0.04319845912546235,0.04768908407390852,0.01243136392235987,0.05030909554790101,0.03715403083997541,0.020782287472205736,0.030883857315438183,0.047066439114874764,0.00721937737407953,0.024217649982650448,0.025093039804233955,0.028503842276166796,0.03392776945992396,0.017349930375408457,0.008794946061571954,0.020544987622320505,0.4752420494524269,1
0.008940875862524442,0.05150600132240775,0.01719123904361574,0.04571781388140745,0.03267950636591235,0.001516423379474169,0.01415374000349042,0.03127597194222614,0.026018981993641586,0.024611594286702416,0.04880752227778754,0.022803513172360398,0.026342621494742206,0.026461561696597108,0.019276960666476786,0.03619572050409319,0.03127696259700625,0.02373457076056447,0.5114884187489697,1
0.040288201266627854,0.00896416599087569,0.011349649383125819,0.0014837350365607099,0.023856486204282656,0.030600105551972987,0.021904363489709203,0.04627324191069085,0.04650039277039238,0.04495949177319583,0.015257860188202556,0.04965572660739082,0.00030137246459749535,0.055549686070546375,0.0004895543906884406,0.00039802640723508983,0.04352210153299302,0.026139745296848337,0.5325060936640639,1
0.03818248072937914,0.00668261893693162,0.03987211237300375,0.032595769524393935,0.026706979764838403,0.03458786870982043,0.008974511710220484,0.025119070320973273,0.0537471407706183,0.015529109774717106,0.0008371579437496233,0.005880032711645174,0.03065258985865162,0.02533079040218282,0.039920691125365206,0.002939041161963171,0.051608539593727985,0.020683458033889532,0.5401500365539285,1
0.022334582891290113,0.002610735208858344,0.055303228589003356,0.03629760405083487,0.018697896850046712,0.016000000645262257,0.0530759255925557,0.03657770485464397,0.028652562650286602,0.051804067146900674,0.0026094667610235614,0.03425589472989643,0.04094568190660004,0.022949964975300483,0.05538032137124835,0.012312185552984304,0.02356318070676627,0.04623549424222194,0.4403935012742761,1
0.03225969914005142,0.029714257892661758,0.010577461382989171,0.015930933221816622,0.033492293410660866,0.018139138165916682,0.006913684473136447,0.007907126679878605,0.03704079055725493,0.04409968346833243,0.0012224896052642608,0.035638226194880496,0.042373724981166615,0.015590390223783272,0.0381859353439392,0.014420762012134346,0.000912659143853156,0.024660930778019584,0.5909198133242601,1
0.05303570060991724,0.01767181012077761,0.008135145461459213,0.009294702657302074,0.018018396374522756,0.031106879566412726,0.04099027967918848,0.02451982988357719,0.015367138870275302,0.04213236874995499,0.02709793193255516,0.013572583821112715,0.015788625958734242,0.023704172630418623,0.018062139955372574,0.0421431091878815,0.01597244120627507,0.022407030877518993,0.5609797124567435,1
0.0315616551381345,0.05254696811158691,0.02295199202395851,0.02308350546248544,0.038906676766429574,0.011510739617889286,0.01909213142362682,0.047805138968710165,0.029089629488756083,0.015862634074977486,0.004370825686243796,0.05194465073375465,0.03568810715941307,0.007328674891026229,0.05366204652009566,0.0068765649249609455,0.030688308629155187,0.055058446292727894,0.4619713040860678,0
0.0249930813704141,0.010541905289354486,0.04780940589570646,0.04979388253747712,0.03537039040576565,0.023003946954166347,0.050329183090156535,0.011470335523525705,0.05221477181492451,0.03918475237945138,0.014393429451853068,0.017660802522188695,0.00016841069798884323,0.024917945686967247,0.00273552810906009,0.024577339012418094,0.017315588623573977,0.043351816525832414,0.5101674841091752,1
0.010921047402375606,0.05083887499054741,0.0004311770084076008,0.04913613109266898,0.049690272886674755,0.022132889620593992,0.0010928170199200628,0.05024808259581257,0.032998565364373594,0.02102391476313856,0.006877296518905601,0.05499628645234745,0.017358609976417957,0.009487204909507597,0.03964287953844651,0.025900192446163806,0.028642099018678608,0.039141425150628524,0.4894402332443908,1
0.007142779248588863,0.006355061794461088,0.02813650026178412,0.041667033563583304,0.03627556560763606,0.04780676852128248,0.0020588640140145214,0.03851222246532939,0.03325403245222885,0.007891705013315322,0.0395912571375607,0.03129474488699276,0.011534771090550516,0.05062412364774015,0.03599616162617761,0.018323108333119915,0.04008894889018434,0.0388843773588214,0.4845619740866286,1
0.04270236862033493,0.028690296666614976,0.01654384277362427,0.0024215949736577902,0.05333568389131077,0.03781585066779546,0.011578835559082372,0.028051743959821678,0.006861256991131646,0.0020636494030313256,0.03807571323970607,0.03490382850141701,0.004079472905167138,0.010799837431776725,0.04392072934740848,0.005990781916190741,0.007838890278230167,0.05043116306097776,0.5738944598127207,1
0.03265700222977243,0.043487016432970156,0.022369265755558997,0.035753059840190386,0.007645395014466899,0.0275429014249334,0.032231211503193996,0.018415716316807648,0.04280089872842897,0.032566339676496636,0.0505648953564815,0.0529599954768407,0.009382932732179418,0.016063689342197006,0.037023744226131076,0.008505353008633146,0.048594239429295555,0.05278767125010331,0.4286486722553188,1
0.01351886321344243,0.02692173905484532,0.02490586989007064,0.028392624782853784,0.040887030033621416,0.01782613279474564,0.04273157853344018,0.049319634949931544,0.05319006586325525,0.020236587736994688,0.03408554342809378,0.0139480583795573,0.02736334125716606,0.03578058578388243,0.01892015942379796,0.037224872701728605,0.030247696775264885,0.04954633210966739,0.4349532832876407,1
0.03996073434920645,0.046104144784840546,0.03586007598949703,0.05301588363263085,0.05118248314792184,0.04038993508241643,0.04478806380585915,0.0001727500680104278,0.03025357803213655,0.02365896344759717,0.00028639539268116823,0.009130867809345626,0.03866373170483278,0.023109687286040716,0.022163179149992558,0.02301936241284296,0.03437459793726053,0.04511375390174373,0.43875181206514335,1
0.017124284035975764,0.046668730606555964,0.05258449980091563,0.04224732893066206,0.03922522925392325,0.016786780574424662,0.0004129071342971987,0.02050343140275093,0.038882376938779675,0.021849259026943388,0.04188701708375774,0.016408509601167742,0.009197338732692207,0.020449461136799893,0.02667000059445173,0.01017482438738562,0.018364108254409622,0.04753490142089392,0.513029011083213,1
0.010718914052775488,0.044189855846199375,0.010293970750566353,0.022441260019016872,0.012978247332662986,0.01856302401844755,0.03507581741828293,0.02877747497992952,0.033538658658548444,0.01824774710432399,0.015876317154766444,0.009664742810382628,0.03105869187073263,0.018764566761151805,0.008999456743547253,0.011599032276018363,0.014501003049708675,0.03577289445158697,0.6189383247013517,1
0.0162681324689496,0.016092471129395627,0.031124391870027572,0.02173736400912291,0.018998904748002653,0.01027805766195332,0.04580238587304889,0.043636613650331536,0.016580955227561787,0.017746464128175862,0.04529778373229933,0.004924309374321725,0.02212651439041099,0.030357939469898915,0.02845860005010738,0.05469404589508544,0.00606720214420639,0.00542816940093677,0.5643796947761635,1
0.04801252673247562,0.0008244247675518759,0.030631919820146864,0.007278334789704442,0.0014217279322477586,0.044191190636834604,0.042124858964885714,0.026733401473354092,0.04185774989118729,0.00015972214370815602,0.02957893172131669,0.05277859741308307,0.03190596349066653,0.008653750627927493,0.017442757306187013,0.018592477842584054,0.03611457499454635,0.005068873261424846,0.5566282161901676,1
0.011787720643354434,0.03874910907721613,0.0053602113739728875,0.01553606030020812,0.012219119018842654,0.03350278982592108,0.04456855241398553,0.022346061839856886,0.020004010000891477,0.03483720873851975,0.01302102714022945,0.03606538133144217,0.033343655226090486,0.02457792477815078,0.0006464038095721435,0.04600194485067968,0.033053208783348734,0.022577769228227563,0.5518018416194901,1
0.05417542152189905,0.007622065162996489,0.006624729286975392,0.010135168124947708,0.03207446594595182,0.020226841105321882,0.028773810241398898,0.008513094764853717,0.02963989933114893,0.003623916180830536,0.005203558907364847,0.037712690887869584,0.014833048222451175,0.016610465539956036,0.04682052724186666,0.05252568309558803,0.050979280147009726,0.04999043222000762,0.5239149020715619,1
0.045517455532846585,0.044702086486124365,0.05187983607632604,0.00581333926807641,0.025295525780087483,0.0471715073291237,0.022147673751255974,0.010883448688020537,0.008292274529001508,0.05057262825003409,0.0540151859773295,0.014426512381033306,0.032669822658604984,0.04668532914670351,0.04336201541141261,0.03710563066438847,0.01209901907785871,0.04815447336909222,0.3992062356226801,1
0.020309288895239884,0.051146661923822695,0.053760617628462036,0.024727094122554198,0.026392824362336142,0.02551348139741337,0.044340494146290495,0.019297579061854125,0.022283016416440045,0.023332836818120026,0.034565156637167,0.020152167217070957,0.01448140492816293,0.008524707300452041,0.016223342184312192,0.01342203669768953,0.022690478727372815,0.01489455550922674,0.5439422560260128,1
0.020520494650109508,0.01555507066888077,0.028647494586682823,0.029647815415658405,0.03971924105136573,0.02813581527488874,0.0399832640781393,0.01408471993174237,0.024121689200138918,0.012487858133125963,0.0302581074411939,0.055329304545878276,0.049237932897505526,0.01736448624325296,0.05007402276324528,0.009766124110116512,0.027290891238859184,0.018560814550667208,0.48921485321854863,1
0.03903591420147262,0.009496594390734577,0.018383101763279716,0.0008734695352017469,0.016011226544154884,0.02491113348552408,0.020078569834342443,0.005401948820310829,0.01796391033472005,0.02894831615803563,0.043301709910128945,0.024771646125208567,0.01614759075170749,0.033877277701220225,0.03547646871545171,0.007307309300621134,0.021701161451107266,0.03166150100470812,0.6046511499720699,1
0.006418284021231325,0.04702992103457071,0.015631276390786677,0.0518664112015842,0.004719896577497358,0.04655239475021443,0.016750758559519414,0.014658917064036072,0.054008415602937926,0.038832772553598,0.032476278805866,0.051246064841129486,0.04011569006529267,0.021141600007379316,0.0009154609264674404,0.040138684437549976,0.018826903649034034,0.004405378125761388,0.49426489138554364,1
0.0058720105729761175,0.009364844229369392,0.034095930032458366,0.03893741228731709,0.002235578735810265,0.026408547325240398,0.052395287250493076,0.054687625626669026,0.01697565005782352,0.05136504856816812,0.03660217383121626,0.029700132212419326,0.016680646124463426,0.04774055653028536,0.022815715796003368,0.014831135801991156,0.04915599766329805,0.01178496680845635,0.4783507405455413,1
0.0254219647784386,0.003289139306025267,0.024321957437857308,0.02900076341753362,0.04459106611069896,0.024629167815240174,0.02408846396056953,0.021558148290897985,0.05062195516444011,0.0017393099814880077,0.04977178476585856,0.011854019163705352,0.02162687083168574,0.05184525673455432,0.011961905921599942,0.03675899593630419,0.0018698793241152048,0.0197349742964171,0.54531437676257,1
0.045006556644487036,0.04656630695953655,0.004026224956103061,0.03280325109076611,0.04829093454205207,0.019546010440286216,0.021528022041575286,0.010453583669922887,0.029809077095183864,0.040669765506336046,0.0003026706593849166,0.036787521108462756,0.012430445062615005,0.046818355339006607,0.0026545793643632915,0.018363633164724003,0.014207907384942832,0.031417808883281745,0.5383173460869697,1
0.020553390685220958,0.05493607566303096,0.009430257879373245,0.05465672403211703,0.00377851817484128,0.015615665255276107,0.03404772591527406,0.01786198786068037,0.03018320492184286,0.01568537991711163,0.014529620832494523,0.04103314775320479,0.043160818741457135,0.010824898613086038,0.03369297748070191,0.04178292354651628,0.005223355243928085,0.03704915073057788,0.5159541767532647,1
0.0397080993675661,0.044053342216776606,0.04394894913858644,0.05048239535181238,0.04799118583262056,0.021528956535240604,0.03289323917442838,0.04905147267947265,0.03458806273680844,0.04648507385185501,0.01427264197764996,0.02552461229560866,0.022289557390977936,0.0020502675891998817,0.03289364899602756,0.02406265304298821,0.022643040896567088,0.009760412590349644,0.43577238833546394,1
0.05379621201353046,0.03009404432574459,0.007352900947142886,0.04740774908608348,0.03496366227054485,0.05135509152798048,0.04289172821229355,0.05242008347789516,0.02102538558889943,0.006961485059960754,0.026477749642651444,0.055532752888541065,0.009035502532734186,0.052901384004822694,0.04558133944399837,0.05304975961507731,0.027462487089567035,0.033753748463933086,0.34793693380859925,1
0.04167428889937215,0.009820199308122326,0.02378331581988567,0.03512254388316917,0.0009520564014966856,0.04788903661604124,0.0013301459266456463,0.007006486673673635,0.05137517366524518,0.03606230240674474,0.015630872859873256,0.04847464140072469,0.035643447506416806,0.04595447331156152,0.012415418039235128,0.03621907306919633,0.04446984544630376,0.012748094332294404,0.4934285844339976,1
0.03566370109604874,0.04008217455201793,0.05191340860521618,0.024337972986285056,0.020873808073194187,0.01711942396945257,0.04356390510650656,0.00769391739274361,0.049829077313544676,0.006098290917791984,0.01777132741516224,0.025786471287887174,0.05379370652505407,0.0009669001127596233,0.013861851550215885,0.014086675617540243,0.03454243696751329,0.049870224126735835,0.49214472638433016,0
0.04294008695329754,0.001868528247727595,0.005606571483245681,0.02883086092226492,0.028523925573417857,0.023619695652063906,0.014876121223817963,0.01795643043948143,0.01814275036428656,0.021263643561796435,0.038382874931140794,0.04372149201467715,0.028751158834467255,0.021583275244795405,0.006046425470458651,0.031202845434589732,0.0056020032764165315,0.009023601519474957,0.6120577088525796,1
0.002708372400663764,0.007616329563149905,0.054267532158573994,0.04359143011188063,0.02747993193364978,0.052620300978070696,0.00016871080198204455,0.04717293728240107,0.03241908760786537,0.009312898999977287,0.0502680341916619,0.014587613526765027,0.050123873665749455,0.03694169586049709,0.038762865724407854,0.03544662696357469,0.0016535660719488043,0.04139897021035043,0.4534592219468303,1
0.032886925049113606,0.0028498203893229947,0.0036678602662326767,0.011594600561441227,0.033105883063221285,0.04943589785668486,0.016029851125352938,0.015769425380016733,0.030461351143955675,0.034451201175345815,0.03579971394569231,0.04228831592739247,0.03984612449260367,0.010589126407189144,0.04723341068831166,0.01700407341193687,0.015393893247262706,0.022442171228585456,0.539150354640338,1
0.021796449154492126,0.0304720476069785,0.04693962275433723,0.03017273508397535,0.033665057338012776,0.05038438682813485,0.005130918523791073,0.005799401182096338,0.024590285798479074,0.014736490017766899,0.0303263000388708,0.05357705786556238,0.015902011344929086,0.002919903343047332,0.03551555462079726,0.03724683740110839,0.037137959166075346,0.0018134703537060893,0.521873511577839,1
0.03610248892473183,0.00821009733891181,0.03816315380037968,0.054408709695219576,0.01409695284343451,0.038134678226473526,0.0241874820197376,0.024842892877194385,0.039767746023974884,0.03331691370991871,0.003098072872701954,0.021707131279391736,0.01860303778066579,0.014737393739091621,0.02384444247763222,0.046737611761903324,0.01689280477641729,0.04573208003743826,0.49741630981478124,1
0.008549777511714853,0.025871936867235552,0.029569980695628176,0.05331929994794607,0.037929910000792134,0.05139831802328454,0.04068348067874484,0.015444609082888796,0.009347280549220568,0.007150157243210004,0.051575972073612836,0.011273735039979027,0.05057108792816804,0.01648871840282147,0.02196133311733632,0.054028158225054336,0.003008398829572994,0.03547389722711181,0.4763539485556776,1
0.020777049415442127,0.03637619606884456,0.019781202004112652,0.0022194871226699025,0.0061102388656206295,0.008341385945411624,0.04176627865696442,0.048586962455241266,0.011881762939804828,0.04385251255539081,0.05449363440833792,0.006396751301425855,0.0198874086774524,0.04192483526623289,0.047258965481090084,0.05458035677033973,0.0469771484523152,0.0218593578924771,0.4669284657208259,1
0.024970126189313283,0.04927943778386822,0.054613912764672944,0.027473098281419445,0.022666269116213448,0.0026204177116760244,0.04459012674821236,0.01348004276747105,0.027523247449044715,0.05419513120551964,0.02000247197075781,0.029382913432949704,0.05345734939040121,0.050418077561311274,0.04306796555460611,0.038199248948872395,0.0425710682261857,0.0010003256807705708,0.40048876921673404,1
0.04206972031602006,0.04967639791363122,0.027344071805866337,0.03672553795135636,0.039048221368077604,0.013386991966798857,0.04116691768293355,0.044993015673751434,0.049670668855894225,0.01364356218629058,0.034574299722551854,0.04286777730780837,0.04157069888755052,0.03714265458455382,0.017631874101721096,0.010204815133591439,0.037732884195391524,0.02946825201089008,0.39108163833532106,1
0.04560851060062258,0.026499570707404475,0.0007286704490961087,0.05495627578732322,0.016930978598203077,0.02679239063029297,0.001748810090514329,0.051106080032204904,0.026954616915458827,0.014385718019226109,0.035631081194848126,0.0009558388491908551,0.02333121352671992,0.03361336311848858,0.031204988004335625,0.006483582139190269,0.0033378067739212995,0.028226742621678697,0.5715037619412799,1
0.053070463089498594,0.03244166234682151,0.024087910985246114,0.018569900007148813,0.03130292069293672,0.002872224729380466,0.023227248429853967,0.006476592581949106,0.025630297189013905,0.03815116698016009,0.04702251623461647,0.03807658264990712,0.030216669554611903,0.024901363962874415,0.015745882585959037,0.007740256106720921,0.03929082708959711,0.020856095927637944,0.5203194188560658,0
0.05555555555555555,0.04063700946389311,0.006122469897324541,0.00980639461980422,0.04863310691705393,0.024896727738112613,0.029787093149106887,0.012552250683347718,0.0018070629274158844,0.054648808008151695,0.04364673989487627,0.03295001639992559,0.011917872787976225,0.041976122289675774,0.0379019328846309,0.0007898822734712151,0.012284221857448362,0.019371764945928335,0.5147149677063011,1
0.006570652304360284,0.014228108659205263,0.04335001902762197,0.02829822027986529,0.04498461874332606,0.04094250198119816,0.04409106050382422,0.03486371239772488,0.0013388580916394942,0.013957002201343612,0.053650638400833964,0.045912739484358894,0.006408607337729461,0.024133202214907487,0.02733893114463107,0.03965943997875411,0.04593953917613733,0.035966124968400716,0.44836602310413787,1
0.008806723587935434,0.03884590289749922,0.012090225464830327,0.0419907013946743,0.04383692378712106,0.026946439803142163,0.013683366550885529,0.04162462231991567,0.03930119677489257,0.01027211961836412,0.04199636765572373,0.05246062384829839,0.054362977125270016,0.04242148436630035,0.009832502112563422,0.02558771719116677,0.03762410455578899,0.042098598189001385,0.41621740275662655,1
0.037098070040049336,0.0012229191089722412,0.019044193444472626,0.021253653965909912,0.04240163806482553,0.014624528328341444,0.03308283988117053,0.03980488433981902,7.116921161994441e-05,0.019840951361341144,0.053752566097203566,0.00868330264009637,0.02853125455678067,0.0386992544984394,0.04910183517243269,0.05066900657917069,0.011971165515696623,0.032752727138270626,0.4973940400553877,1
0.05098100890365633,0.04781043201671344,0.02696312599621771,0.05279382282730899,0.00899485714766355,0.053738451726475595,0.0315316849192345,0.026865417719836315,0.046176372432039946,0.008721799385087613,0.0431721390777616,0.015234438395508297,0.017077835267148886,0.03282103818186968,0.023411026546075644,0.029194695454382254,0.04459291908681992,0.04262840137201434,0.3972905335441854,1
0.01861500386153427,0.04210612579682807,0.009802181080936851,0.05257501941603195,0.03742884536719222,0.020554628255277513,0.037744174923640794,0.014300155869255352,0.030716325747868947,0.048448549721106154,0.040994096751916884,0.043288359584968954,0.01766949207442746,0.04027050734623371,0.05179897703486939,0.027483507255217136,0.043903037877900876,0.03324948941249231,0.38905152262230125,1
0.010334516880063545,0.032903015006133025,0.030649581973997406,0.011292774695368858,0.05487957253650866,0.040282625840014956,0.02810813766199144,0.011352720820695019,0.04891628641392381,0.03875167586332012,0.008612587726598644,0.0287387033581818,0.03465258903240588,0.026481821458233426,0.020702894633173357,0.045879094563186694,0.036711439239631244,0.006131340977100751,0.4846186213194714,1
0.028375485190333158,0.04848093344703383,0.05072782938910968,0.039823780669963615,0.016158976025193436,0.03387952643902515,0.003857702099264037,0.054611861409863245,0.04157133490225559,0.016470031032392415,0.04555260994877438,0.011591265567693115,0.012282754807632022,0.012230467024821435,0.04645389127034211,0.03577900594487964,0.03062411577170053,0.04789724591256633,0.4236311831471562,1
0.004310391555589934,0.047322405641578275,0.006913951200315883,0.025545167314678402,0.015076269435219745,0.0033327721915145615,0.032526241613245896,0.000540285850338492,0.0037389423354921023,0.035254344184146705,0.051481180338143535,0.023550523624465657,0.029478648300006387,0.0030820580886127976,0.004819724583186749,0.044658156339845254,0.02875356655791492,0.01653451532786167,0.6230808555178431,1
0.03472976971788551,0.05259610189472663,0.0309999852080555,0.036316189626126746,0.026748242151556967,0.05189183645802004,0.033371887071991034,0.036919902304033886,0.013674487994580887,0.00916079551929548,0.027962632742230504,0.022458670554885322,0.03784864702977178,0.020449440803839605,0.02099400407598959,0.02881643109305642,0.03489870072035253,0.03343868175351245,0.44672359328008904,0
0.027162282100922454,0.05151293876782654,0.042011847006187986,0.0484505181351483,0.05091568841856497,0.026498971443492128,0.02138529894263685,0.050321682774259836,0.0073930048875167275,0.0003579548033779806,0.0010814200078049492,0.0031650443445794176,0.00941020921429736,0.04892187127456995,0.012802754761178689,0.021888113847929904,0.037008172560449124,0.0005538894843718118,0.5391583372248852,1
0.04913516563095274,0.03645037132933235,0.03696797495896911,0.027146044559367085,0.038177599096399104,0.001296195249059498,0.025932183689682444,0.027851588861334202,0.009474880953124385,0.02119612647727987,0.039388478981110545,0.03555144935396473,0.025494149654720258,0.04427618436267175,0.01424012743018407,0.007628095691731231,0.028609709766924434,0.04835393144751281,0.48282974250567945,1
0.04968038368009092,0.019688405899041393,0.003618980901364012,0.014097423552493897,0.01326467320186379,0.008179938107247134,0.014013994144796316,0.04829280779277498,0.004068884218933803,0.03402081421501201,0.032312116188209616,0.024144260197831276,0.03067954986232891,0.008930355707512492,0.03655898760126744,0.047465853583143425,0.05352449544965155,0.031131681367253097,0.526326394329184,1
0.04011026055275892,0.04249359209333549,0.04713578754734324,0.002758170188897097,0.0361181505660944,0.01307836781262987,0.012693072707080031,0.01748337921227669,0.04546692933143164,0.009733791146656297,0.00607251963880209,0.027290070144018422,0.008118670680326668,0.026012068742335293,0.024104175170289788,0.035942828854327605,0.03616660396344766,0.05332720034252046,0.5158943613054283,1
0.025219598422255726,0.032355486909631775,0.011042614876914757,0.01733922862813565,0.03990327934153362,0.01080867834192865,0.006888399860738483,0.054226041081228624,0.0006310120005863307,0.020009304288043907,0.024739466951840178,0.04460413999137649,0.04432842749679609,0.015106882120979829,0.05493631401775216,0.024776543325664292,0.025260474832035834,0.0058237779369762835,0.5420003295755813,1
0.002794366736782469,0.020351304148655717,0.025049295108672317,0.04094369027349984,0.026355678189541258,0.0312225123351646,0.004473875622202551,0.03352613677894188,0.04473902420341571,0.019263989569262358,0.03959913728692779,0.030953625910521382,0.05468649438104123,0.02945992597823797,0.05359704391801679,0.052162198715243885,0.0026059939859557446,0.04869257681751886,0.43952313004039767,1
0.04902088766646771,0.015043242278855638,0.02456141373334673,3.795005503666888e-05,0.04064260262704082,0.03259000638786444,0.0003815515487217509,0.01999155064989214,0.031139863558906238,0.015184070542192528,0.0018444282333083444,0.005833754320292272,0.04525055254174503,0.030837537126637393,0.030714707635649104,0.020669123520978525,0.03007136698936063,0.0072981099544863525,0.5988872806292176,1
0.0,0.03603721816117232,0.025406606781120687,0.03553734749672792,0.05383210084904591,0.044210266954769886,0.035150008231552184,0.03551126276666103,0.00026656074837834334,0.025100417098643288,0.04781487085337173,0.0077081600965425885,0.0126705264441978,0.009237319623724446,0.01395710390326791,0.040733457524449325,0.026674300530724785,0.0043078209617249735,0.5458446509739249,1
0.044458517652678886,0.0024873616313732627,0.03623944029501812,0.03313911948927121,0.0031161762163767048,0.04900338212315985,0.054106937849425975,0.03232783806338505,0.03550222695732984,0.018620018228531807,0.044526129047294305,0.0075769420716051816,0.043514394924336196,0.040893626679431555,0.03321337767450477,0.03900888395671152,0.01241121680199604,0.0166859179302856,0.4531684924072841,1
0.0460309804037251,0.0034366920146475157,0.05209418097915672,0.01596263786918621,0.019435493106893867,0.01736187446148751,0.009247748301000815,0.042499595127028625,0.007065070612544909,0.007427442693376985,0.008080846808380136,0.053246992962259404,0.022043694966034543,0.019700626786753037,0.038213581489753436,0.030568715138765665,0.039864646896473226,0.035027278920063715,0.5326919004624685,1
0.02133958793576471,0.015363364708540193,0.01157197340442411,0.051056202824207406,0.03283900940497538,0.03630068252853643,0.008782714962646541,0.025291195715822265,0.01087348398156987,0.048592076664369155,0.04952607412163885,0.013126607832023829,0.02513213785751086,0.04151559923366885,0.0031246019032152173,0.030282862361102905,0.004348893490449838,0.04188661911400951,0.5290463119555242,1
0.013486633157756937,0.043009471571192406,0.014516486366988842,0.004530571623548175,0.052909917807480444,0.011157438856324371,0.018350865034351023,0.035133737389677,0.015431741182181748,0.029895209497167848,0.011808620680066113,0.03508012191066737,0.04547354386446431,0.003530052531554364,0.03413805802632266,0.006252365861929763,0.008235331952729368,0.004994341142823443,0.6120654915427738,1
0.0264310860292079,0.05380433481415777,0.04895325772939256,0.04143086900811892,0.01998692522580879,0.028452549577392065,0.003599157778711148,0.03618068148258835,0.039026063306945774,0.002909882390541361,0.009473302856493955,0.020351539752481787,0.031051111779883876,0.03778395537231229,0.054300702780611165,0.021586660725765008,0.04549859702054185,0.017109717817443124,0.4620696045516024,1
0.038787112064090565,0.015518559273600087,0.014135511361026698,0.03136244144512823,0.055316626787361226,0.04534442913687949,0.03647531309080409,0.040380632524886766,0.04188363981282009,0.0324778614108887,0.030773661579379743,0.05018823737536446,0.04625750429300746,0.016793901040298247,0.038293787007032405,0.00731758494892858,0.022311607379792115,0.03770123615599207,0.3986803533127191,1
0.005758237836180561,0.031854666502180454,0.005228233338995625,0.04005545642584767,0.02329778873122842,0.05057288512359322,0.05096964961290727,0.04457584887409989,0.04257945489733869,0.05293854775776606,0.027582799260052093,0.040148306333251046,0.04028782985523706,0.035692731686114254,0.05227969182130151,0.009576258659511542,0.02783179681445276,0.05100796896923123,0.3677618475007106,1
0.019485621583011932,0.04867770241730117,0.02803308012169619,0.0059891296337819455,0.02348935988769407,0.01281853152733855,0.030250932116137892,0.027092922360637803,0.05418122867092277,0.00011421623190578644,0.035274694846297354,0.024868708985722635,0.013490072489347235,0.03437068856846069,0.03620179735635173,0.043039550844824706,0.05299476485932432,0.034420985373075655,0.47520601212616753,1
0.04697954247047011,0.03393489779106236,0.04645349661234824,0.02481391875814779,0.05431398565128727,0.015767331205273582,0.04818746539720867,0.006067049922685259,0.023326933359461774,0.03172002532062289,0.053143204415435887,0.031394260144730374,0.0,0.011193726535858524,0.022733785225463366,0.029664308712744607,0.014095874384757037,0.01022617786431329,0.4959840162281288,0
0.03823548814168832,0.019106720444114492,0.04589128404156474,0.023219022506498512,0.047756640623521994,0.041560033790212635,0.048573012393734044,0.039411526692797044,0.037802062743933613,0.04184537701749736,0.01331155000257629,0.02392725036054239,0.02062529051424266,0.02689137808308922,0.01841047434819142,0.02441611664362084,0.014971577327521681,0.018911742772549256,0.4551334515521036,1
0.007143335316100874,0.053087622962154635,0.03832288510436177,0.034279371555163314,0.024614368076204502,0.014434533878408436,0.046229782686451386,0.021654699252929132,0.05373614386298405,0.05555555555555555,0.052816431254120125,0.039030188808568164,0.04135876060922535,0.026323128218110996,0.027770437454135342,0.015476972099238286,0.029795696463339523,0.018504092809099582,0.39986599403384904,1
0.053664068134425716,0.0023140289841362617,0.042037506052597776,0.013004949296039027,0.039415184205013803,0.004113143812522395,0.037159429340249926,0.016238270860476724,0.021593421016761757,0.05476065754011519,0.052306770539440134,0.045443047381369686,0.03386355424152413,0.01155226765192478,0.00743696268190344,0.018096081636132855,0.033644685496226685,0.05464439254949116,0.4587115785796485,1
0.00741467768373453,0.05446391503152116,0.002723728879649932,0.04414745551922923,0.050478792860422304,0.04553232693041337,0.016378381438600317,0.03026728412714607,0.028879747320464038,0.05245399848357484,0.007149462398913033,0.013502258724462913,0.024588433473189456,0.015796830992468803,0.015349802689579849,0.028653488263660574,0.04360446042816879,0.026050353538507872,0.49256460121629286,1
0.023404168599368384,0.0010179102016458664,0.020177614728000743,0.01795176003842995,0.03340872653097521,0.04297729241231191,0.031059089948260128,0.008892606306405822,0.03374585924590749,0.03634735026514459,0.043406878764319354,0.05440727454850443,0.04792350290630969,0.02817996518075586,0.004420069605457275,0.04719640105041537,0.023185732436835207,0.03810073766849184,0.4641970595624608,1
0.024543866928234282,0.010963135555254157,0.05382607381322901,0.045775003434385585,0.011782721469705734,0.04763681360039171,0.04204519439203651,0.041137674062798564,0.03358985457493379,0.02278140375144763,0.029552503442837677,0.014445211645055297,0.004462123613844032,0.003950561324425279,0.03691051959136061,0.02075351541419709,0.026972038380213368,0.025179332700361632,0.5036924523052881,1
0.040885616795191114,0.02085897723814294,0.023597617515247984,0.039338299344461064,0.017505553134943456,0.05324685291350521,0.013060853311444234,0.013104925086997772,0.01219672014273284,0.0128415498134593,0.04395847487983893,0.05268263314178672,0.02312454864360641,0.04483177124992645,0.053192127811621935,0.006023539082301892,0.05506325837999256,0.02393758171991642,0.45054909979488267,1
0.013003857034780342,0.049807206148173556,0.016640055826008086,0.0068934733569064885,0.03251888368326482,0.04622043558066904,0.051821441024776364,0.05093513357994131,0.02737625169610539,0.010924068066192763,0.025623320178999303,0.026215183437453094,0.013027275051579622,0.007318479276254249,0.01733567997511048,0.022136765177885338,0.021946161962431543,0.0203856881106708,0.5398706408327973,1
0.04634051126537117,0.0048726536602843,0.04924214394084578,0.01779111908535635,0.0073301113964133295,0.017742267430642552,0.008466740808066925,0.045337154040090005,0.007746029685036315,0.03889527504119485,0.0486276329329732,0.020932332306821403,0.03760955562621161,0.05430420117205681,0.0006170299396189815,0.0033496399342712144,0.046814469969158196,0.015810200738663162,0.5281709310269238,1
0.00799777062194037,0.05079178483529318,0.0016119381641661323,0.013264197153647291,0.009360007013623306,0.012162834261935285,0.03202474276685355,0.050507501668216555,0.05064561367715998,0.007697494267666723,0.029998946767387916,0.04552383644833244,0.01111002802429474,0.02217258465308373,0.03257393584202811,0.044339737812367525,0.026356348494911266,0.0027713131665854716,0.5490893843605065,1
0.05169819065010815,0.026105864466135865,0.021672136128528526,0.04568456676888021,0.024182832335115773,0.048658282758574076,0.013271596966297913,0.0008236542149854126,0.005364507519238957,0.023594031493359955,0.028409384880816253,0.015482436186693935,0.04810142502225857,0.04562555581456071,0.05104800073254079,0.015790052269876825,0.04625351886129217,0.008278965305201204,0.4799549976255346,1
0.019217362366936077,0.0005663708126120913,0.018521619271021122,0.021417733425052255,0.012332381028344799,0.03048678069946373,0.03233036063758892,0.038970417557793624,0.04038130019264804,0.0019525602559204416,0.010548239159105322,0.021502067610301285,0.04510885072806463,0.013679025888012394,0.039097826753385315,0.04643586987044104,0.048551253164652745,0.05301237855869354,0.5058876020199625,1
0.013611944476202923,0.02108125948510057,0.015196950637971817,0.001336324411687968,0.04670695430721028,0.052182341986963726,0.03506595241511631,0.05357465284594661,0.00582328668970241,0.051826439214205426,0.0386968801105718,0.04184507520580475,0.0006497991668191045,0.018471768122041984,0.046229596954116874,0.034514794702807355,0.03878764458223279,0.04303600797578559,0.44136232670971165,1
0.05065385742675315,0.029779104889920624,0.03145633579058345,0.020925593080227213,0.011579387181330615,0.03013550619293058,0.052324491877840267,0.013682878940460103,0.03650451064600391,0.022111971520127244,0.023109299243360405,0.0507044405659105,0.014390373348330444,0.01822126855803101,0.026074989038347086,0.049934103548884314,0.02132999825544092,0.01614723246156025,0.4809346574339579,1
0.027198193204503306,0.04481328595757285,0.033715742045443566,0.003348896626554738,0.04089275148748215,0.015327219426194296,0.05059186941022662,0.047847655980553086,0.020478518027467703,0.04365790749898586,0.012337323704129745,0.05150582594388949,0.05235101922624071,0.0257147243774915,0.0008904597844195275,0.045723229285826804,0.054329957010099815,0.038288407362138344,0.3909870136407799,1
0.03122498804840598,0.053354790011736014,0.0019053719800402112,0.012508748437491862,0.015580680141623013,0.032332118152443835,0.05481597018092181,0.034141831432436036,0.012488425854625866,0.02791046986344408,0.03141254101395139,0.04395119946054129,0.03994644386422051,0.022864976655092118,0.020033262365470147,0.027952549665912645,0.002321749239155277,0.046898412249447845,0.48835547138304003,0
0.006188159733796868,0.03849625667380065,0.022334155238420805,0.047801191579793754,0.04923264469095542,0.030811083567019275,0.020424464898591684,0.03882421081190686,0.03589460105972061,0.04792644774965211,0.054174937156474395,0.04774926372348259,0.03829091809413238,0.04847051888501599,0.010391538056275627,0.02378562320166648,0.0073741146859587926,0.029080369724829254,0.40274950046850655,1
0.03844857191070299,0.026813907214208423,0.035092149815361365,0.02214441847189778,0.045675741581252885,0.00549765905408911,0.0008963669341775385,0.03737461822745494,0.05500536748640151,0.027254415014388363,0.017488531740298813,0.01068839465185205,0.01823883121244138,0.05147183055459154,0.04841183128436785,0.03761089904125863,0.017474434161185923,0.004722529658463082,0.4996895019856058,1
0.018408180844233315,0.011347268939942444,0.025900344078877948,0.01625052569759635,0.04199040124205866,0.0007585177099325231,0.029030346138601577,0.029719167767203694,0.023998733605630033,0.042153458193429395,0.002199726784974887,0.019431279561933554,0.03539531134420784,0.029099842788180372,0.05050935098773206,0.02003556819889353,0.04154920661206232,0.007634890358016634,0.5545878791464929,1
0.03186235783702835,0.02199201366829511,0.024803526001875596,0.05200501892284371,0.05320275383797778,0.022405681095273845,0.052698172152464,0.04274715804307955,0.04331603721121381,0.022961438078613845,0.009842211069480033,0.022176547257728784,0.0009565296811256853,0.04999483094926355,0.01887737557671892,0.02977915464316956,0.010686702980296371,0.01110220096402587,0.4785902900295256,1
0.05333663136490784,0.019046757679049117,0.04947223897330065,0.014600484461362397,0.051676782718535194,0.033285754896401835,0.01666646176803946,0.05495738826034575,0.03485203083195232,0.011424967758919246,0.01789476726621457,0.0015812404477030587,0.052974049336022316,0.02495923245917719,0.010697208791520753,0.00877911003832163,0.03186449181526293,0.017933238405833732,0.4939971627271299,1
0.05269694074394865,0.04420268197825817,0.026536553591904113,0.006707086208141757,0.009805084514068658,0.05514365627439207,0.02505045963506716,0.021481774260850066,0.050416048807665176,0.03073154884908435,0.031521943388415775,0.00505559301579771,0.002695198938360061,0.03489446607127177,0.02060558948788515,0.03146578591020635,0.015731576027814498,0.0025689497673538346,0.5326890625295146,1
0.006141021817936878,0.018526734269313144,0.05037544130719592,0.005630148975295502,0.003622308106917198,0.03533235793002505,0.0028125953444817814,0.01834313830044902,0.0254752019169434,0.0053329063384479885,0.03349810693144398,0.05126319510611852,0.024074296149923655,0.014444075133265698,0.012155751283875617,0.03330977224546164,0.04943325491644999,0.0002331726743178795,0.6099965212521371,1
0.028955553659708533,0.024196609502758412,0.013061018768904859,0.00725600416815296,0.006923159722110479,0.016216818350609983,0.04254771736839824,0.03665650483608476,0.05236036937403695,0.001115685242866277,0.02689027316925772,0.000828203977850847,0.039514406736705775,0.04950350524102786,0.005729323377818931,0.0026743916560831573,0.039199761741747205,0.013969916259522007,0.5924007768463551,1
0.026090586428961702,0.014122607505089778,0.015951129973048466,0.04531216847687427,0.031067950113901645,0.04219564085765605,0.027733594503393508,0.04099992979049894,0.04719711060240242,0.040856184326138655,0.011041678688445236,0.01597412610880682,0.03605741463512809,0.01306479534516045,0.0028205037586179027,0.008078622464873095,0.04930010818605296,0.03009088604181369,0.5020449621931362,1
0.015789348050770896,0.008886578683786596,0.010047021031771379,0.013631726734868052,0.012247604833396052,0.048001086718851144,0.0293976104317248,0.020830960163872873,0.008601173078327069,0.03275281279756866,0.004601259873734196,0.049700766312362504,0.05542427137563441,0.022106310176755233,0.01646726350239899,0.02526836299317747,0.05263604052560057,0.03164771329404451,0.5419620894213546,1
0.00169774942830906,0.055038540939404086,0.033635735732968804,0.00412741530974199,0.024729970009992296,0.04246553149499696,0.008237494259074076,0.01927541863674899,0.03286820730750808,0.03923885159244906,0.007636693354354494,0.0027723547827102502,0.038376909050737575,0.0060079564796624635,0.021411332864832638,0.026522043941377305,0.023585742203845503,0.04526413038070119,0.567107922230585,1
0.0014840781089163315,0.029214078309759948,0.027666139906221035,0.04991081696335706,0.02688399494242203,0.04133379473196639,0.004110021296361999,0.051633622082547105,0.019108769717583244,0.016264268095454764,0.052645011006390685,0.04144767769910421,0.0438735074444265,0.05244024104420715,0.00857944561429063,0.037809215245339214,0.047696193411185334,0.05185515643747603,0.39604396794299024,1
0.043431651635138346,0.045976176430132853,0.022575485279763705,0.0464146925536124,0.020301062371135034,0.014930016528015863,0.053861756329781296,0.03132763186725631,0.016234613533831897,0.02061016665854442,0.004083074313143234,0.007222138506780286,0.05090217060803384,0.007134732598059442,0.02350367857692282,0.038721158109535914,0.025582587835239336,0.003078928127145374,0.5241082781379276,0
0.04601378825581269,0.03722149765078167,0.004687792860371582,0.0381403405575841,0.015855452922929596,0.04352277190566383,0.022050364530882976,0.024491184968149105,0.005559761109070921,0.0454619914876341,0.010088868109772907,0.00381834568275335,0.014903988189391768,0.008162569868630662,0.01628489863054254,0.03234081330810647,0.0521199932116705,0.03678156070003642,0.5424940160502149,1
0.040625694642531324,0.005714637209970477,0.03179659481008499,0.047006928313931634,0.047055065719307856,0.03457168392041305,0.03116398197666285,0.002256669529850314,0.021954283972055955,0.04901258686427315,0.00682856465250926,0.022665070917047583,0.0019134716486146684,0.0173494473173391,0.04025539803143953,0.027007938290399703,0.006366324480539321,0.04341466415611994,0.5230409935469094,1
0.03930353219055253,0.04150320742099613,0.05536012078182376,0.004774390086966855,0.002991055447439454,0.0016475759429282223,0.04683777115930126,0.011577799009207478,0.004452312060706943,0.021756395613592064,0.022256389782845217,0.0473145961343667,0.019015856720017696,0.05472727570598304,0.022851314091249714,0.012205004526551015,0.04089487559773088,0.05273164682110751,0.4977988809066336,1
0.02264049233336661,0.005406228288452985,0.014313781376882677,0.02756703097810036,0.0013623923884807192,0.04842859648594777,0.01764036791205282,0.04757447450799239,0.05394978469376191,0.047157585215772374,0.014804830164864814,0.04265796767308851,0.022819711925135242,0.03346071729070458,0.018028926921017166,0.014624330761903571,0.0013260048144067011,0.03865758439411013,0.5275791918739586,1
0.022020471828869646,0.010312059540539318,0.05068207274826963,0.05525767068935587,0.0056148750352341785,0.04986940155049109,0.053619106081727624,0.030363677640818907,0.019448539872379662,0.043288058211393886,0.023266523661156488,0.03728347499060391,0.004085477351634912,0.03931540324719475,0.013008904690991061,0.02457961738488956,0.035470227099025246,0.03404334664427208,0.4484710917311522,1
0.04780263819624678,0.006864751427675956,0.02978611966734988,0.010549288467451274,0.025195656132806447,0.0057289810576143406,0.02882641839554413,0.004192430865690628,0.035799902898174744,0.03764787925683883,0.015194556534684918,0.023275487526714413,0.02598816547391458,0.02145269101317016,0.04767217260455011,0.05333637164578554,0.002115616119089013,0.01750266090063615,0.5610682118160621,1
0.015706098675705535,0.022219453441088353,0.03525687257459154,0.0087787440726932,0.019324612768268887,0.04458101967461339,0.04429444556415429,0.052792463315635876,0.023565696069442886,0.04732988481442973,0.0017399012965578294,0.02718169659782356,0.035046398073810964,0.009830730997851679,0.003391970301917521,0.011543488039728596,0.006737571864216039,0.02367412092049323,0.567004830936977,1
0.04985360446710862,0.04726189160801618,0.034654082532682186,0.05018614389735045,0.03958017714350995,0.051020023995925354,0.018485737308267743,0.009269209811842639,0.04292271022421937,0.04673971979400368,0.008896040214899356,0.04684330570838592,0.005021599108729433,0.03021262058257658,0.019229122795055877,0.0036536599194163014,0.018510823378489517,0.032225019117154356,0.4454345083923663,1
0.028635780131275983,0.027595811525804745,0.05278866226653506,0.001038815551011795,0.021282645079232113,0.018616160830066224,0.023897663909914508,0.05295464870454833,0.011088636527328421,0.025277583483380325,0.04748692652205199,0.053044967166083395,0.008894907473438473,0.020044990815888168,0.027786821231225185,0.043774893970894874,0.009385895904305708,0.01988845527275966,0.506515733634255,1
0.014190838011692512,0.028983294925233365,0.01788955752893149,0.02597991618279931,0.013761308967400613,0.01674153473602039,0.03626110622284881,0.032924182319208205,0.05089250362980368,0.001307741592612595,0.003414355639017918,0.052174091699538586,0.037123086716426015,0.03411726523617301,0.042611984766789034,0.05084268221452396,0.009756527948139086,0.025672984918265095,0.5053550367445763,1
0.030187546457801126,0.01187624154615494,0.017094743444465058,0.026793801368602904,0.023767852457291273,0.011520868440427235,0.03064532367339887,0.020588930480689875,0.017089100896703055,0.011133235664875838,0.0049027013910058785,0.009549308991535353,0.04731464322327148,0.05101341861693046,0.00921536233309097,0.04402015840889606,0.053226957226951116,0.015280608795109143,0.5647791965827993,1
0.039084102510340196,0.025321495496175614,0.002673286119054283,0.011795566614382951,0.013161215295886475,0.011024531386893454,0.015645366419231695,0.049737718556513606,0.02257135394284404,0.027047152527010752,0.006471718640158329,0.024492931710366844,0.010363434637434171,0.05555555555555555,0.0015098557323512797,0.051715503725005066,0.02418527271769495,0.0496299958877214,0.5580139425253794,1
0.037412898589199564,0.04088931377534891,0.04759203783719117,0.009476325432769214,0.03213726333973602,0.04497619564886346,0.01988542300075758,0.02414664822240127,0.007949011153353646,0.03104855275391281,0.04141002712652391,0.028384147151540147,0.05197144435340416,0.053953941420037704,0.02229444973819677,0.0477631480705765,0.014576202683227965,0.011948240846115322,0.4321847288568438,1
0.05128918666954395,0.03176122665917259,0.0456369234180526,0.043890083839352605,0.02989637961406201,0.02025323437170425,0.04097835837054488,0.037884420372577346,0.016313871197528144,0.02480636285954532,0.0413186446290848,0.01612731385538664,0.051140155368743584,0.04357739639124943,0.04942710213880028,0.03308900045092305,0.016367815572537043,0.05538692948825771,0.3508555947329338,1
0.04733398247242963,0.05549671929083315,0.03228198435805743,0.037781821439042816,0.029465772317168643,0.010237311268025514,0.02210945872975738,0.019694461737745087,0.01724155511114757,0.053270469474408624,0.037509383926705386,0.012115068848175405,0.024957617201651648,0.01694392664583468,0.03474684062885872,0.036620773743739725,0.013879165938277727,0.039106816845051934,0.4592068700230889,0
0.009028487950720705,0.028016076904649,0.03648680355396369,0.023691187411424078,0.052263908952467755,0.04596880687965042,0.019252488442704753,0.004381564968682183,0.018900140977097236,0.013367525219771232,0.04234617958912666,0.02976778793685139,0.02416786134182936,0.035209702215625444,0.0435126755159188,0.0014957204704601247,0.03427391224641252,0.018703448603150583,0.519165720819494,1
0.017644830364709266,0.041353315164986006,0.0361015293351182,0.03027008357797771,0.0231356711866318,0.04323362000047717,0.053062102016968954,0.022140618335411418,0.038270140140896275,0.009985735001945335,0.03454168854909527,0.006927162340164935,0.010955755129280521,0.008787923376364188,0.02177461065254936,0.005612968690679766,0.04741966182087051,0.025593351255551653,0.5231892330603216,1
0.010986187955266489,0.006010613109818974,0.03883249477737653,0.025235135779467302,0.055265651582997954,0.029280796079157147,0.03588628320243874,0.015013766538115508,0.05207171822518393,0.011786239005364955,0.0449707735689952,0.051889768325000134,0.005217821151342695,0.027753157292492794,0.04266231779459764,0.01316815317361787,0.03156596663549765,0.04109035958927762,0.4613127962139909,1
0.04026843141734088,0.03494551873188105,0.049863037034370665,0.018231165061711557,0.010857539853964704,0.013706712892630346,0.0,0.025496951612503576,0.024280220513277342,0.049406255974552865,0.052075177910242035,0.010185356357754144,0.00608517038661984,0.016039424265916605,0.005245850075309926,0.03509824779906677,0.01950678350026071,0.006191527101384305,0.5825166295112127,1
0.009891979531032623,0.010610580348108318,0.04096065791973129,0.015544732307700537,0.010322751600128929,0.0077925853804305155,0.022531731932107918,0.03458881630196771,0.03140747903115079,0.0347075096831299,0.0377554598563537,0.04076366553516716,0.014100503578464839,0.027420600752666877,0.0005714760026588326,0.05140912580110402,0.03958485243688968,0.015015905462952747,0.5550195865382537,1
0.02804638133074801,0.021485601273908247,0.020408517227966057,0.04932224752192042,0.018426897125681536,0.018069018682727134,0.02623100213080057,0.01221200645068985,0.026219645864164073,0.002625398429939267,0.025197151752034883,0.046495797230878266,0.03345229070308644,0.033257818467995415,0.013367968612394057,0.0009027840432741957,0.006997811573151693,0.002128326992043737,0.6151533345865962,1
0.04393474644386697,0.03809172289955309,0.016034052740939945,0.028446091161387892,0.036759210112203074,0.033576215386307645,0.049540699671933315,0.029428542252085917,0.03192943867644021,0.008537595834302634,0.006297785915674588,0.05445637539874876,0.04827834968738994,0.03130641279561262,0.016681653090520318,0.033710160215705304,0.008386668687183364,0.04539471022022821,0.43920956880991613,1
0.014403425897755343,0.03534447885394189,0.0021105213813491478,0.022779801967999787,0.03726984529106381,0.012622227765948076,0.030002526738153693,0.026444942334110225,0.04699003806869347,0.02608824997482866,0.020408695880018878,0.015091250118817087,0.002317797923866229,0.01953056664193225,0.025862766199918834,0.016799810589911646,0.04976402182432907,0.032439795892011875,0.5637292366553501,1
0.052227166766529255,0.04175011869704623,0.03917290223004451,0.054042317057841016,0.03573718330624331,0.03161513184234301,0.010574161600758048,0.008978491352660389,0.026772564254007935,0.03691195236428793,0.04937263217553897,0.037659729254153486,0.05197908327857097,0.001981853027020453,0.029403914046537145,0.005391602909015266,0.05148697800101773,0.013005178257166874,0.42193703957921747,0
0.04473131034584102,0.02008712488293146,0.006391880106090966,0.03226953320565355,0.0179684500844851,0.054265015325593954,0.04781726045986565,0.03271274203033017,0.05337614061663454,0.01204845955689473,0.050885215049255104,0.021087650611816604,0.04098277440672081,0.04613261427616355,0.02532915011400802,0.026172111254922345,0.04052602429157537,0.013372485986695045,0.413844057394522,1
0.022450297442314374,0.024423355007159808,0.04511005242759842,0.006346933343090038,0.04613965642401999,0.03189182989614438,0.03822490851524366,0.049865865658467776,0.020307080124892535,0.018083439315877678,0.022664196002754725,0.04425811627620698,0.01962771684174175,0.04336777387637181,0.02689615679078688,0.05027521268566318,0.04288528612893397,0.012338893092965483,0.43484323014976667,1
0.011810898373831619,0.008579750117306504,0.035782104726936104,0.05151120968037604,0.05005758472511604,0.009540957519546036,0.0049868767387894995,0.0025647914033459056,0.046533297248519,0.02899989261759677,0.0053195903341615525,0.02785962671629806,0.04211798597512144,0.047427611158515764,0.026424989113037076,0.05535339953945844,0.03142695165601805,0.004511365189532079,0.509191117166494,1
0.0010421526733294063,0.033559260807001855,0.0030866894815820543,0.008255000572418333,0.02060364138814722,0.03940058488978862,0.050335709418448615,0.020150603823832013,0.04487054312726466,0.0054829303868261115,0.040370485825837125,0.04995574549140694,0.04958255778743915,0.02891433226746017,0.011781237279780567,0.019694956142301226,0.02959388857181426,0.01371833217632034,0.5296013478890014,1
0.034300672715858196,0.01816283453385435,0.03992008871372518,0.037491277858902744,0.03657230895211312,0.03472497657120532,0.04725997625393588,0.022613250368188863,0.019839611024688533,0.031287549404378154,0.02109585741079693,0.013648088052894717,0.017569604898037928,0.023986595332037366,0.03503064906001656,0.054428102029199725,0.011103473612622105,0.027062262312652036,0.47390282089489233,1
0.03705415566930524,0.020015874488576092,0.04164938708760177,0.017248061600217062,0.0017159364236878465,0.04365550674403004,0.01012372130432649,0.0356097600441883,0.04861654087792287,0.043112239667704104,0.03380928970844358,0.02055096424593335,0.020321023958868797,0.005057119962602007,0.00024124877089217874,0.015393155793093848,0.011425968464615075,0.024224011808675325,0.570176033379316,1
0.0036437786342917314,0.017114027549723597,0.0010994866423449583,0.03086214123922719,0.04160853041898076,0.035061472420471355,0.04567441482715663,0.02395721302516494,0.043720478930850966,0.05400023024896658,0.029137467550641265,0.0,0.049408049511881935,0.01771367364051686,0.04453562358628993,0.04617347420363013,0.04494319370237676,0.027792107595600215,0.4435546362718842,1
0.042448242096198366,0.031465183550487955,0.0448025391352766,0.027930257056423324,0.004333555362413335,0.032843625000532777,0.03955652934548624,0.021091746794092488,0.001659621082734307,0.023191036933692417,4.386871232211633e-06,0.012554040146335719,0.042632358691426536,0.0389255255854985,0.040067140646511755,0.03697038253352572,0.0034112243908167327,0.017713312335628582,0.5383992924416864,1
0.014548143176955396,0.04469095088478211,0.01190783208258995,0.0451287305638955,0.030301909677768364,0.007415283549697707,0.005679404598445407,0.027449860293411354,0.051875898650515215,0.03647084989776292,0.03797249804003941,0.0323478564358236,0.04860914762030985,0.01378730436083515,0.04055004366094669,0.0069047075253604075,0.005434992335893317,0.0012271208690550906,0.5376974657759126,1
0.01709255447998749,0.0004935937857052515,0.007896177535603318,0.01515865654277413,0.0054633532208618165,0.04688619199188088,0.053333285039990165,0.02324532783225132,0.02282601950763403,0.0331265867581394,0.021943749754876774,0.03161188690012964,0.019281808471400808,0.0044659252710939346,0.05528988856171625,0.011319156894568675,0.038299985198491066,0.0052380467168679995,0.5870278055360271,1
0.0023905002482203165,0.0,0.023341176710116,0.041394547175843344,0.04267877320225293,0.0011331726610696307,0.01506173944501251,0.03336812969879587,0.003378223699065025,0.016985701617190735,0.01912936898482166,0.034459450723821755,0.03196857073362445,0.0026178830658169536,0.0352174791389254,0.01882794007118571,0.026015168464335308,0.010055829139227798,0.6419763452206746,1
0.030332580123117847,0.011474281045546292,0.019654497191096167,0.02651351276860809,0.05155794792870025,0.02189580763694573,0.0451805325353571,0.04226240493553775,0.021397691040522176,0.0037834371035270088,0.04005859954645319,0.0326941484150404,0.03885949701468325,0.0004290450709627356,0.0073100334387891965,0.0005452139971475003,0.00744492069512944,0.02254276318098552,0.5760630863318503,1
0.009393301835157498,0.02376259590445679,0.01547990821480035,0.029433390886929294,0.01285903264884522,0.04015727411511804,0.014196527181442067,0.038591517666102894,0.017957149705652004,0.05255755111573361,0.0025576009546384067,0.03872384849300907,0.004732376460595154,0.05167585019692016,0.031051889722170187,0.05265199783404137,0.043056069848934064,0.04772325186149153,0.4734388653539623,1
0.050159290080469675,0.013424191503269638,0.008324772453245748,0.03734236466261761,0.011181524463608832,0.0275227242146739,0.03885117047264981,0.05523269086116093,0.027903856042429516,0.045758406411764506,0.031096192938691633,0.047583190884538856,0.034304586216109795,0.03657716292741945,0.030163424471462738,0.022366965605014725,0.054395263607092,0.027412151625521422,0.4004000705582591,1
0.004295011229931086,0.015973683468266702,0.026102604883847955,0.020227840149148857,0.03862855017528468,0.00995211978813683,0.04980301064529667,0.05198677262817627,0.03890989349390238,0.03549441622252088,0.028181823008464932,0.03701428445118128,0.021257249387050748,0.03458584967030875,0.04985150491468058,0.01942078483265917,0.040230877531069284,0.015551075629134695,0.4625326478909382,1
0.054277275768961054,0.03115296066684162,0.02657418619135393,0.02925323329992444,0.042122971606759124,0.0538944171766069,0.0021360700044756853,0.04674694040703916,0.03693311560313635,0.0031278426178486976,0.03733801298028075,0.01730280147514609,0.03297774363375253,0.007611576392079826,0.04806764298433613,0.042720558235731634,0.03227478792249742,0.026780672109022744,0.42870719092420584,1
0.01899188869954882,0.021865505740419715,0.011091843037437255,0.048201075323193295,0.015310438924994655,0.003867105693562347,0.04659829141202459,0.025814112713682166,0.02518615207464375,0.030331507331681537,0.0012279302571478613,0.0066512027049641445,0.04401065475691787,0.011825653438974564,0.04574810967189665,0.022768031254740997,0.024532764513582512,0.01430938179452206,0.5816683506560653,1
0.000740212909169267,0.009192591270350695,0.0402042361517658,0.049545875119215224,0.014734633420425716,0.007141432487058821,0.02335881856904889,0.031836985877284646,0.04814577994372964,0.0035096806789358084,0.007747512627197756,0.04621976478752167,0.00038320548004739107,0.0374512133290404,0.01951557650819647,0.0030455891708577056,0.018981197417844556,0.02858749786995858,0.609658196382351,1
0.048318674743478694,0.016419064443656414,0.010341422059107902,0.00037459244799526717,0.0288288892670618,0.03150513625544631,0.011726213281240629,0.010767490281811752,0.03713426519440061,0.041548531637457926,0.024635984180041242,0.05383608954878901,0.027907129236409492,0.03977137673370262,0.037249383106803764,0.010619717956798051,0.009134220740644914,0.0034166153594371463,0.5564652035257165,1
0.033421750581922705,0.04557626005896817,0.021493658729697537,0.019443634012773683,0.05202648745887571,0.03839736440147927,0.012314910676564643,0.007136345449102494,0.04765661494443133,0.03223719484323147,0.041908898803689205,0.0341277188705442,0.0016871504150285108,0.02712208136554509,0.0319562866482403,0.038529856730042056,0.05397783264938765,0.05020561885500481,0.41078033450547113,1
0.012130301839529614,0.05219618301576955,0.01770115667087631,0.019756034957476007,0.021486736762101614,0.036532505033944146,0.01893708686226186,0.018542232055637455,0.029135842212159535,0.017382642559956835,0.055087001679651214,0.03320744786469564,0.04187720889864048,0.028572705333314227,0.04077169553299693,0.01235995844377078,0.05097584984702815,0.012136390664816265,0.4812110197653733,1
0.02543252933806214,0.004470335659937838,0.02913568893088821,0.010233619192796348,0.03527335674360174,0.039833044268774896,0.04889992708349942,0.03999529517145661,0.0422697542660057,0.0521118361601506,0.012641884932377806,0.025254374957762143,0.01810659268969119,0.040434772151716966,0.042040703404356866,0.010881634497412319,0.021129898868947904,0.04053488397451584,0.46131986770804545,1
0.041175955901943756,0.03451011938323173,0.053502270148046635,0.002665791562827,0.052677258264089685,0.05311509767421271,0.028532205019365257,0.006785379645539621,0.03176536897306694,0.027605256852715657,0.04282071198470107,0.0334680886304652,0.05272194556585945,0.0038206904176125147,0.02015687983128001,0.004869143419530515,0.01595699059332984,0.04907560937913844,0.444775236753044,0
0.030911972767718694,0.03081821479815451,0.051585432207363585,0.040783051496448716,0.03617537156150787,0.014008528571252584,0.05194483371244653,0.00862778050524083,0.015957963208636485,0.034948350627478975,0.046476947106340566,0.032014051389821586,0.03910045243443348,0.0052181174006329665,0.028911372167635525,0.04800339107869087,0.04354397662531658,0.0475390159208394,0.3934311764200402,1
0.0453093242522784,0.016782824801586875,0.03950259591716975,0.005238631703515592,0.009999649736077983,0.006653086852712516,0.03849950251123982,0.05401489303742995,0.04526834366377454,0.004696368368104459,0.02615149700751324,0.033895017760699434,0.003350125502054678,3.509886747189325e-05,0.033351670612773575,0.023046863966590166,0.04634675569262502,0.03191471379972754,0.5359430359466546,1
0.025786908209863034,0.05033735808555544,0.008269406826451508,0.04878432561719371,0.04639950251671186,0.009080886813465052,0.04583410596620319,0.005474976641417376,0.029415560123747395,0.0005848789171592703,0.047873057565038665,0.022978712508059676,0.010682528277461321,0.04395082713916493,0.0487373088049429,0.01790300927953463,0.030359995295760816,0.043593473633018576,0.4639531777792507,1
0.011516197054559014,0.002989215249290538,0.044276195740037466,0.03892365123281565,0.02224349420349645,0.006120275146175781,0.037505352787370105,0.04569826482742741,0.01769980373370757,0.023789758887386672,0.03299121709460739,0.0021348433927704386,0.027098878209214326,0.053625536313636285,0.026787059886517996,0.00025036203295080556,0.0007086749866990422,0.05127985249736495,0.5543613667239722,1
0.005308138981332846,0.033310776922206395,0.048672332806597184,0.042457389920591414,0.0051085165998570456,0.002077666257374187,0.04015450536950723,0.0036069127567587922,0.055436918124640105,0.047794992229200965,0.02029195294701834,0.03954824470465934,0.04891976370912783,0.05190509195733149,0.039499289637233884,0.01484354396054146,0.010393269117723987,0.04441581889617751,0.44625487510212003,1
0.023764121940902088,0.04631088256424271,0.03205763559470407,0.04691635941321471,0.00637202110956499,0.0289530623851883,0.03368923321432451,0.031729797216627026,0.002656752889680942,0.05115978353210079,0.023633261116015027,0.04026633041652655,0.03706020097244033,0.04716971931003649,0.002343359880289365,0.048683263680193836,0.01274353907502586,0.0008977584170721068,0.4835929172718503,1
0.04868448679051457,0.017331690721736757,0.045278071974375195,0.0015452001947126777,0.04588521762817213,0.018955046702632775,0.04704407384467232,0.008190575800116867,0.05459725927384161,0.019520517398481263,0.05555555555555555,0.0003535589690527702,0.029053412475424336,0.05274505507018184,0.03591142090258806,0.0554615589468265,0.0011225111052390587,0.026350494013170547,0.43641429263270515,1
0.011127678574438098,0.02832204775040193,0.01912984562193259,0.04230187065486387,0.04043238560595318,0.02288458380480622,0.04480730610730955,0.010044565560244438,0.03631256163404254,0.003933102150897296,0.03252124526426465,0.03527639926322182,0.013646619511996909,0.05061901183010892,0.039650847657502715,0.012910231116970509,0.009924847361629378,0.04036257794907527,0.5057922725803401,1
0.015275394045066417,0.022547875604748344,0.043178405604093126,0.05376418305486294,0.03399430146156696,0.025257558714657888,0.042583049237752246,0.02230643366310995,0.004788592180622257,0.02089816555423905,0.029802014122690807,0.018417797837952225,0.031249762815441784,0.004715562160521063,0.02515911891112867,0.05494439554981959,0.01701379312328939,0.008466394797347166,0.5256372015610902,1
0.00694375118867496,0.04016126057156985,0.040688167277016324,0.007663483513263716,0.02811473071559744,0.02563744415851612,0.024464441571586122,0.01893263864512986,0.02489076086579436,0.05074506346263094,0.005696254359402152,0.010883464258704048,0.04460611577447085,0.036340630268807586,0.046742171363173914,0.030883646354612652,0.0501778931972935,0.053699868884801855,0.45272821356895376,1
0.012471037394400792,0.003973657735418851,0.0529561968424858,0.023810363140446815,0.045147385530913964,0.028022819519507684,0.022834170306707573,0.003346576265217871,0.006082918120267173,0.004521346410113572,0.010381423664361003,0.005417018833611794,0.03651376500274803,0.012251452979527294,0.008245545702843912,0.042574827539615584,0.04521017045397102,0.05045130807874746,0.5857880164790938,1
0.029933421991731782,0.022879837600964247,0.042573503844087875,0.04318207871790138,0.025369680918546453,0.028698901241634323,0.006175701725018899,0.03601629153838389,0.03427979752485056,0.0551520365848595,0.009138152697599558,0.050760866719414224,0.001217047651042462,0.0007769363952014721,0.05066577529188399,0.05236859599903262,0.013317281199834285,0.022851102414942925,0.4746429899430695,1
0.05479767324937385,0.012978368710588979,0.013568286774995712,0.03339274355629763,0.0343879130960434,0.018325855691396237,0.03903626768937276,0.047940644569124065,0.0399746948078884,0.0058633764975271185,0.018800963933642258,0.034698087092089075,0.016353157914710748,0.02331823883883166,0.0019166519698550063,0.04947506714210117,0.0038710540764943808,0.05085767265008949,0.5004432817395781,1
0.01686841783318503,0.0340597075533866,0.030384757815179193,0.03170569403639239,0.0007149205102527488,0.04446144036016804,0.019549550107029242,0.028423650617660525,0.03836056831966336,0.05131196453828723,0.02543222693202645,0.036255557516637095,0.027669216805662315,0.020738193908038674,0.044378472525133855,0.053670871037905375,0.035698431156971584,0.030763507166817958,0.4295528512596023,1
0.0031559921188694475,0.008425070708532868,0.0373158287531012,0.036008087553300046,0.018996476320942986,0.036825329348700225,0.0032951578433633045,0.0019861897798438455,0.0023726527038332645,0.026344869420035444,0.03182605579136925,0.011888810256638106,0.0037949267209266835,0.029936963798835623,0.011307911365760976,0.009059759002554077,0.035832020402683386,0.05229137598185388,0.6393365221288554,1
0.03767923835166889,0.0357596958795127,0.047808242946363516,0.03859166374248583,0.0278901311588,0.002204765753350876,0.034796762897676525,0.049337451603573425,0.03504066643475687,0.024045118431755847,0.02664698201297276,0.019098150695197835,0.00659088230093938,0.04268485642108598,0.05027167418216596,0.04049801079649735,0.007955853225987908,0.039472879040022994,0.43362697412518536,1
0.024095970817164022,0.0038201466792567923,0.022047931296158618,0.029752625379115185,0.00017341394961291318,0.03605491068616538,0.04790770616567461,0.012882017559804108,0.04405804674172706,0.004948976703850288,0.054911689630274554,0.004554866966010877,0.027346342544855098,0.012855663996614072,0.03762309573624346,0.004361146872559615,0.017857183829091388,0.006537092342529211,0.6082111721032928,1
0.001996162944602437,0.045351550881989965,0.04811647661871864,0.010964439630855098,0.025999676003701306,0.020816915266235983,0.05155496218325555,0.044330365901508434,0.03248433834857796,0.012970798864483131,0.045119661564130914,0.01770787505763001,0.011546878914367776,0.03801614619186053,0.05290870365302139,0.028383857808007635,0.052418231017830996,0.02139908306558726,0.4379138760836351,1
0.01796774344686599,0.027088372162568552,0.03785615952267693,0.012285118106220115,0.008435828818956003,0.029770415236892375,0.007998513279295317,0.05538123651381972,0.014201654018458862,0.04529041117194544,0.011607335402697965,0.004222377484220757,0.03250331378691771,0.04505479658374858,0.02486408121900371,0.0024258414148970184,0.00043485709736333373,0.010780167075945453,0.6118317776575061,1
0.0350577443660511,0.012251380538374905,0.04360654023405244,0.04637039331137552,0.044093982821701065,0.009687244147328423,0.04000111679222097,0.03811463280234205,0.0531297768521454,0.04975366279811747,0.015856275201677164,0.026411912077925818,0.008506064884982964,0.03599635559328426,0.05555555555555555,0.0020451112793602923,0.054762982712402555,0.008844956142282314,0.4199543118888197,1
0.03615146157970192,0.05416343953910355,0.004975327962270515,0.009064295522517286,0.00219389843787955,0.01917410019487286,0.006463547895772734,0.04299071067319674,0.010673708493725155,0.008145618306028973,0.01402393996147619,0.03986475090078476,0.014580613530162006,0.01346789071230242,0.05146137456329615,0.034141851803727724,0.016199893744432606,0.05375083918738521,0.5685127369913636,1
0.02771389790230272,0.02313157565289769,0.006540581109688579,0.021652031343806603,0.02569531223640854,0.00871788783154976,0.017292626508525442,0.03067436059635919,0.04581784965580408,0.05014784378836352,0.036262152570010225,0.045093303370134716,0.00788960525799911,0.04454885353821135,0.0014723773616393547,0.019109027569985438,0.050768653311169004,0.04392485192092248,0.4935472084742222,1
0.0050581190243941246,0.007164262757511504,0.009204292899481437,0.022340442666222093,0.04469628845028232,0.04665374685521942,0.03683301364146964,0.0459724805392396,0.014078451203830201,0.040385750820088905,0.016542152175008398,0.0012371840579625528,0.021809653666113104,0.04103235813327276,0.02823171548311269,0.045274169665904106,0.05171819770241104,0.05202079024224867,0.46974693001622747,1
0.04808443437723845,0.039484447250710944,0.05123944647583312,0.016852464063126463,0.05361785322237827,0.038908646054378854,0.01691388776936063,0.001054963829951875,0.01670269098668878,0.002305736826058082,0.003927821780793079,0.020064752775176657,0.007348613665527111,0.0321972858529792,0.029106516689434418,0.03388276675229279,0.0089368818200694,0.04654908527825388,0.532821704529748,1
0.016272106096130067,0.047915463099077016,0.03004630762987989,0.033775870252824414,0.0018695160110493159,0.01662636930302782,0.027036961184373154,0.043755974087575505,0.013075530432875947,0.05054059206050119,0.046789273317886314,0.01857302783657775,0.00973611854517574,0.010123435492570004,0.007941599631356797,0.011795754868342126,0.0219038645492237,0.027513670196484916,0.5647085654050683,1
0.03311808999545396,0.05373278415345986,0.028317429259459945,0.036856962120287516,0.006754802008337988,0.054834851183692225,0.02717961388485215,0.003938924148889399,0.0068678665381323705,0.016725805494153517,0.0049649783879270794,0.0304156884819854,0.015472087735726621,0.02454773150195668,0.004027427407146601,0.0017885395077244708,0.031188388302319386,0.04468002525971209,0.5745880046287828,1
0.008069417281531018,0.01760760205329178,0.021084959985353008,0.008522783906057966,0.031793531813034154,0.01183502554006424,0.02528538231127493,0.004715455834499672,0.04940130534792142,0.022210001072710157,0.023764892709573934,0.008525795965003113,0.0028633793181180884,0.0013952063452227124,0.009266787972532171,0.05128330412828049,0.03260368384359636,0.03670171351870146,0.6330697710532334,1
0.02924818055847569,0.05062123879123465,0.05514686171440872,0.04021695568029657,0.007735495625359979,0.03564961296853307,0.0011350919093998484,0.05324291616752991,0.010289140298146055,0.0427482751896827,0.03907667802021913,0.05507689533863672,0.04989412096935977,0.030805774814389533,0.052193984462486784,0.021075058047435095,0.020018942429117097,0.035786263074281906,0.37003851394100684,0
0.021085308057808935,0.00621602354257184,0.03256707103704639,0.014274415194193079,0.051206620693164846,0.03730911578380694,0.03423357628376936,0.015241974715395408,0.04060419470223452,0.037234382107649795,0.016705589057448518,0.0034836882907374436,0.046786271675670024,0.05514494373362064,0.04149594931247369,0.009989508767764735,0.050567472103182014,0.034694847825814314,0.4511590471156476,1
0.009805839350258872,0.006627396010946616,0.03296800272622338,0.0343580030197985,0.04435734397739876,0.026254577137931626,0.020893854728277258,0.05134683103881236,0.041341034912024774,0.04466724729794361,0.0008946018009197041,0.04345077612766566,0.053856641009507975,0.005707404075045044,0.010035904488026933,0.014201124831697406,0.019395593881550068,0.030456132685705257,0.5093816909002662,1
0.055055997173782886,0.01628435358259196,0.017504512590296135,0.055388675611291384,0.0432520989592857,0.006815496564190753,0.009846437081487676,0.043450814736565924,0.033250630171267725,0.039586290105677574,0.048880153771523376,0.01410427463322447,0.023541179656397505,0.02987358601730794,0.007058104383624074,0.04016175180185061,0.05541563597201202,0.023222975362714754,0.4373070318249075,1
0.0037149759677483334,0.04383878837295855,0.03401815957813009,0.014937931034111816,0.041241508079236114,0.024594345949999503,0.0030585537055391313,0.046508498809985664,0.006518880992065662,0.03983365466529996,0.018930429215640015,0.0179264417964252,0.00741328869775389,0.040086681731587574,0.003820546101937059,0.0175740590084834,0.041373555334812365,0.024538471594776824,0.5700712293635088,1
0.01978427678314443,0.02864827085877678,0.0001982845902344575,0.0037004846671694854,0.014436911758491957,0.004327757503566363,0.019942243608751242,0.011981485858479057,0.041042121808590855,0.014982573234511952,0.04971824427140829,0.0019044119907720583,0.03335023474316266,0.05012375233468398,0.032191101942000644,0.0050745980630910945,0.024793221365305828,0.04606896884016458,0.5977310557776943,1
0.02958276493980647,0.014670285066017657,0.008673451154670957,0.035498012542878515,0.04981728221575016,0.025845898426682865,0.011998206836365814,0.04389882727804395,0.04438077066962094,0.028305085486619877,0.028975399988319692,0.04888632090174937,0.01539431317287905,0.023576696222140793,0.01450822091659183,0.04903539400192339,0.0209493547335599,0.0021834125728232164,0.5038203028735555,1
0.03239406812355578,0.042808811565976684,0.018491282462579074,0.0018318365312260526,0.017083452290524173,0.03789901296582841,0.009467642917504005,0.014667293439139544,0.020746916130532332,0.018276746209935187,0.05058940983278801,0.03074474031499179,0.026672052073497137,0.022495309900220736,0.04131603875483045,0.013499655531850134,0.00462697961182019,0.022176719052547124,0.5742120322906531,0
0.03527717710555253,0.036787957635141304,0.041377354058098455,0.05091293367225171,0.02727409067896082,0.004762082379434382,0.01443022643299411,0.040687928476276544,0.012571374660594346,0.03187416724311168,0.018454727317524025,0.026594726555783446,0.02812200153477332,0.009745573774806025,0.03045023997727165,0.03257703300550615,0.018589410550709017,0.05509703001374306,0.4844139649274676,1
0.030616772895569206,0.004692744076717194,0.0042875653372446134,0.03211133743228945,0.004088917163376629,0.0035316354300114045,0.04936205648540204,0.0028037057350602363,0.009071913946496563,0.024509181591346057,0.04423449687779833,0.03594188509644417,0.0345727356941656,0.0060906264524502015,0.0169822754770391,0.023211141747621077,0.018041570140678163,0.014731144054740793,0.6411182943655492,1
0.04383574206366283,0.012765773118257604,0.001187521773882105,0.02592421753998496,0.03459848112247252,0.02948892364707518,0.0023663810787443993,0.0014694803323878547,0.05111259733609328,0.041199020876401385,0.020800344222577226,0.016982587191979807,0.01680243572809662,0.03142985575734239,0.024607777432774914,0.04170859397252005,0.03826733743282657,0.03995767804543434,0.525495251327486,1
0.0419189800196813,0.05164776626910164,0.010622587628617168,0.012648332746476254,0.043239842048691766,0.027734864158859326,0.05091703000504444,0.028701240143357794,0.004763040251316905,0.025715658612365327,0.03700934424771466,0.04823014219194781,0.0068075629041343105,0.047624518554160736,0.045101501484522175,0.03940920234130484,0.0,0.009543622592269771,0.4683647638004337,1
0.0324729426595807,0.012439594369943751,0.05325851068368481,0.01001539917872272,0.030645254686694903,0.04198666384679481,0.007655605009367048,0.02597615044953891,0.05528070983103553,0.04481050089697042,0.04841514447601359,0.010153132504924701,0.05144255919057127,0.0016281832982933035,0.014898900854298338,0.04955349334823052,0.0346820201326534,0.0449906433227168,0.42969459125996445,1
0.03403327171381083,0.029386930519703154,0.028656016567140095,0.04272189934473366,0.029968971593148177,0.039007744535248766,0.017986627874983452,0.010981234192110384,0.009936427334460575,0.0016273072364043448,0.013192006121827169,0.0485629866831837,0.04054441083335217,0.03851290592551467,0.04371912719929013,0.01606434563319565,0.04904733112700669,0.046998601790678635,0.45905185377420776,1
0.020091046052329125,0.051101775282151186,0.012428798620098956,0.0074686162375519494,0.01664472828733514,0.005235655822514063,0.006798370008686331,0.01659715327212715,0.026101412492540037,0.029454681565920033,0.02723624087927376,0.009228620005883087,0.010042756039915977,0.006392254999881175,0.00862537480959516,0.031684624249607635,0.013066094871575878,0.054691040892744625,0.6471107556102688,1
0.01498725078478489,0.017908194687478507,0.054829425130017165,0.04913392438270389,0.0027152471280147373,0.05450721470269621,0.05547670888988703,0.005153884061966907,0.008306397153013413,0.038554582305048574,0.016180889666176708,0.004622057632528897,0.0032406963473200047,0.043057633506108105,0.015490185701088807,0.008497668366404124,0.047898377702077985,0.006877654988571793,0.5525620068641123,1
0.042864225650168564,0.037905971497199376,0.05239547484379997,0.019198676820058477,0.03196891609044247,0.023067481429015612,0.05518376994931109,0.02301185701733789,0.04314083958416271,0.02847789412486947,0.01135691451070563,0.05488901835249371,0.047460908349346846,0.04916770528764807,0.00503146477172189,0.03489211084813178,0.028333084368701085,0.024912870188226924,0.38674081631665835,1
0.012848732276546322,0.007832021833256979,0.03957134983669196,0.01653169056510069,0.022021089905129524,0.022049606085051923,0.020838441363138963,0.016840302792149167,0.05265339810203561,0.04625456529735633,0.013611963084624984,0.028467336880681593,0.005583901048867237,0.031994353160571795,0.04389263850042458,0.027724354286849284,0.006130105490458522,0.028709649421841923,0.5564445000692226,1
0.046857497249070276,0.048813755393125685,0.014800299997559465,0.032494772621847766,0.008916550616819782,0.03768231867190377,0.04347863363159421,0.017046312921457123,0.03742433734192088,0.04920966131963659,0.012223196019149101,0.016919866366439062,0.03647085225497701,0.008429275916130262,0.05254092788435474,0.04101167015455372,0.03316833772254754,0.039671151120060304,0.42284058279685266,0
0.022870417989503136,0.01353626814476851,0.00047038520586046916,0.05183501242486009,0.049697714467092396,0.024063479784971222,0.011221576507326705,0.028920369410848128,0.011460036604431562,0.012549640112494702,0.034220405229803755,0.029195827468952756,0.0464438500891217,0.019012620966373742,0.029787288632408666,0.04216286169921847,0.02009038952387006,0.03766031451447044,0.5148015412236235,1
0.004647782584367058,0.03899395008705268,0.022974037692261782,0.01900552268777954,0.017757085644414063,0.04072395974892758,0.010716226641716155,0.03109498730837947,0.018705179658123586,0.017693642248115617,0.04578978974421849,0.030203905166453857,0.021547242458032176,0.046508941217519195,0.006529317022375948,0.02664183948572943,0.029117800980235878,0.019740558189156827,0.5516082314351407,1
0.01655696523737146,0.02371376801626031,0.037536162856191664,0.024502740291709315,0.0005226072663762739,0.03405777088402237,0.011354359064434105,0.007856194111721808,0.028633136950691505,0.05348462482569156,0.040435177808544616,0.041415089805495735,0.03168943200876681,0.047927982805812376,0.054372371114912235,0.016606998844955822,0.023803966979819496,0.021237339902522953,0.48429331122469965,1
0.05451380153540796,0.024859082653697746,0.012770573117713704,0.03488471243869827,0.04900064190494242,0.052451961052284196,0.015433607685639129,0.046240417462083495,0.02829526093910538,0.030002656337900908,0.051177684618365714,0.00817735112778264,0.032420452704498066,0.04837135721022811,0.01153637931820164,0.043452831731346314,0.04197596703596011,0.0037862131470575403,0.41064904797908686,1
0.023919022703550345,0.009772751151571803,0.013293665191421186,0.03114399356244531,0.007488106771239212,0.0,0.024692105943139087,0.013929121215968648,0.0007873099485142463,0.006676359230507388,0.03657571742820486,0.03781249107859674,0.01614697536147092,0.0068993476097159705,0.03164214667047375,0.009402586146591296,0.027669911333419908,0.011215582687414042,0.6909328059657553,1
0.03174970758121633,0.0395234933553564,0.04622095906310788,0.04479237886522055,0.029171104835870345,0.02434276853105372,0.0073807441696865555,0.02771438294109182,0.04750881895399372,0.02887356007382974,0.03314437084762338,0.019710821514497177,0.026268377827484,0.014170702548713422,0.04199780760297936,0.013784720062446448,0.023083176982546704,0.01148037273892727,0.4890817315043552,1
0.05210316065206141,0.037419594023427025,0.034437282632199175,0.020396569321943323,0.047423201468479344,0.00046954584941457755,0.027465612040174055,0.041928865197925484,0.013379810275405702,0.037343998492946964,0.035099492293617945,0.009182022897664375,0.054902157234184734,0.01799371738578128,0.04484771783851807,0.00374864873699783,0.048447711198150195,0.04926869758726406,0.4241421948738445,0
0.017451055326678625,0.03458275279722753,0.020707296420812368,0.0030995955908328884,0.021633499131068185,0.04715669466961266,0.005433387851364161,0.0,0.00224109314488888,0.01881522271525747,0.0029731605411909235,0.016434282573344103,0.029805770733178933,0.05327466434453877,0.0493872126330678,0.04144767984442333,0.020513079229480136,0.02029613647741352,0.5947474159756196,1
0.010695687651789848,0.025103831711146538,0.016797280927352887,0.0007297866599997534,0.03859214564460364,0.05549912554299945,0.0356283268766375,0.03393378727514957,0.015109260338235626,0.03364723228600736,0.021663918828151177,0.027734824505911127,0.02085245650825506,0.015639443406930912,0.034517281455867715,0.004038412473543993,0.004044116711441137,0.05424638172049953,0.5515266994754772,1
0.03652913610366906,0.027165126492482105,0.0073844280068241,0.02287487305920454,0.0048382242854006705,0.019833515633521395,0.026573421354922952,0.0016352821358901763,0.02218277964108247,0.015512423746490065,0.021326726472479872,0.04932449733108464,0.04278282442050866,0.02545632933002502,0.018570958164172018,0.03189960666300766,0.03391786085421503,0.040993979306974154,0.5511980069980453,1
0.05092213282924953,0.04685659345864721,0.028848949651405203,0.004946241015072247,0.018709306917116184,0.04978265920636119,0.054425415060341015,0.03754341266286775,0.014541834325016292,0.04433732191873912,0.019627541772915244,0.002431116224696604,0.055186440197589975,0.0191920153326377,0.028476404456021415,0.045144740635051445,0.032980809930349006,0.00791047174405775,0.4381365926618651,0
0.026598323959209292,0.052343908873524365,0.04279509344437767,0.05293893585143198,0.010494984733485225,0.0062579701872945,0.04140406416825433,0.02931916517612354,0.04850251975035193,0.010642366001392933,0.04608554565938079,0.005592649499097812,0.030536168621645845,0.02113833637227864,0.011021769088111708,0.0482983274600948,0.025657455554469372,0.036275079242719624,0.45409733635675564,1
0.0004104199308078537,0.04332157764744194,0.04826790274158676,0.039215714067207044,0.054683792655672525,0.023401774824736626,0.03944672696866621,0.009709085517889926,0.014781464736815055,0.04227806913633478,0.024250175290789232,0.03840791718027008,0.045942119724537586,0.05454512714276056,0.006257679225356995,0.0202906877046248,0.011190768460855375,0.0298110487921576,0.45378794825148905,1
0.033800169180623084,0.0016514336758430264,0.03326834966081282,0.044234577432969324,0.0080611052906566,0.021053912132791633,0.02555342941815912,0.023653147241773767,0.0030275342737011426,0.02667299004781906,0.01708573763443746,0.012847369767099793,0.02581122391134401,0.032368380416264886,0.05389793116659359,0.025840388932434788,0.04226773971450212,0.0423688973100144,0.5265356827921595,1
