mcg,gvh,alm,mit,erl,pox,vac,nuc,Adjusted_p,name
0.06601123595505617,0.06896551724137931,0.04113924050632911,0.01625,0.0,0.0,0.0821917808219178,0.0275,0.6979422254753176,0
0.0449438202247191,0.07758620689655173,0.04272151898734177,0.03375,0.0,0.0,0.09075342465753425,0.0275,0.682745029233853,0
0.07443820224719101,0.07040229885057471,0.04430379746835443,0.01875,0.0,0.0,0.09075342465753425,0.0275,0.6738522767763455,0
0.06601123595505617,0.04454022988505747,0.056962025316455694,0.01625,0.0,0.0,0.09246575342465754,0.0275,0.696270755418773,1
0.04353932584269663,0.04454022988505747,0.04272151898734177,0.0675,0.0,0.0,0.0821917808219178,0.0275,0.6920071444629863,0
0.05617977528089888,0.03879310344827586,0.05537974683544305,0.02125,0.0,0.07530120481927711,0.0839041095890411,0.0275,0.6416920600270639,2
0.054775280898876406,0.0589080459770115,0.04272151898734177,0.08125,0.0,0.0,0.09075342465753425,0.0275,0.6440917294792361,0
0.05196629213483146,0.04597701149425287,0.060126582278481014,0.025,0.0,0.0,0.09931506849315068,0.0425,0.675115045599284,1
0.06179775280898877,0.05316091954022988,0.07120253164556962,0.045,0.0,0.0,0.0839041095890411,0.0275,0.6574346864161706,0
0.04073033707865169,0.03735632183908046,0.061708860759493674,0.01875,0.0,0.0,0.09931506849315068,0.0375,0.7046394118296235,2
0.0449438202247191,0.03735632183908046,0.05221518987341773,0.02625,0.0,0.0,0.09075342465753425,0.03375,0.7147312434052484,1
0.04353932584269663,0.034482758620689655,0.060126582278481014,0.025,0.0,0.0,0.08904109589041097,0.03625,0.7115602373677217,1
0.04073033707865169,0.041666666666666664,0.056962025316455694,0.04375,0.0,0.0,0.09075342465753425,0.03125,0.6948875462806917,2
0.06882022471910113,0.03879310344827586,0.04905063291139241,0.0575,0.0,0.0,0.09075342465753425,0.0275,0.6675826142636963,0
0.07724719101123596,0.0603448275862069,0.0379746835443038,0.02375,0.0,0.0,0.07876712328767124,0.0275,0.6944161745705821,0
0.04915730337078652,0.04454022988505747,0.04905063291139241,0.01375,0.0,0.0,0.08561643835616438,0.0275,0.7303853954765992,2
0.05056179775280899,0.03735632183908046,0.04588607594936709,0.01375,0.0,0.0,0.0839041095890411,0.05,0.7185416948697023,2
0.06601123595505617,0.048850574712643674,0.05221518987341773,0.01375,0.0,0.0,0.08732876712328767,0.0325,0.6993442323355947,1
0.054775280898876406,0.03017241379310345,0.05379746835443039,0.02625,0.0,0.0,0.0839041095890411,0.0275,0.7236007273645486,1
0.0702247191011236,0.06752873563218391,0.05379746835443039,0.02625,0.0,0.0,0.08561643835616438,0.03125,0.6653326385560977,1
0.04775280898876405,0.03879310344827586,0.04588607594936709,0.02,0.0,0.0,0.08561643835616438,0.0275,0.7344515732574286,2
0.0449438202247191,0.04454022988505747,0.04272151898734177,0.0275,0.0,0.0,0.08732876712328767,0.0275,0.725465663779594,2
0.08707865168539326,0.07183908045977011,0.03322784810126582,0.0375,0.0,0.0,0.0839041095890411,0.0275,0.6589503101645298,2
0.0449438202247191,0.0574712643678161,0.04905063291139241,0.01625,0.0,0.0,0.09417808219178084,0.0275,0.7106062003042914,2
0.04915730337078652,0.0574712643678161,0.04905063291139241,0.01875,0.0,0.0,0.09931506849315068,0.0275,0.6987557308568543,2
0.05617977528089888,0.05459770114942529,0.04905063291139241,0.06375,0.0,0.0,0.09246575342465754,0.0275,0.6564561372336258,0
0.06741573033707865,0.04597701149425287,0.05063291139240507,0.02375,0.0,0.0,0.10102739726027397,0.03375,0.6774469495159894,2
0.0646067415730337,0.048850574712643674,0.061708860759493674,0.0225,0.0,0.0,0.08732876712328767,0.0275,0.6875050558315412,2
0.07303370786516854,0.07758620689655173,0.056962025316455694,0.03,0.0,0.0,0.0839041095890411,0.0275,0.651013950332783,0
0.09691011235955056,0.10775862068965518,0.02373417721518987,0.04875,0.0,0.0,0.09589041095890412,0.04125,0.5857066787767002,3
0.058988764044943826,0.0589080459770115,0.03481012658227848,0.0125,0.0,0.0,0.09760273972602738,0.04,0.6971903236697388,1
0.05617977528089888,0.05459770114942529,0.03481012658227848,0.10875,0.0,0.0,0.08904109589041097,0.0275,0.6291213010969863,0
0.037921348314606744,0.06896551724137931,0.06329113924050633,0.015,0.0,0.0,0.09075342465753425,0.05875,0.6653185705459734,2
0.030898876404494385,0.0603448275862069,0.04746835443037975,0.05375,0.0,0.0,0.08732876712328767,0.0275,0.6927091744556313,1
0.09410112359550563,0.08764367816091954,0.03322784810126582,0.0325,0.0,0.0,0.07363013698630137,0.0275,0.6513972131560076,3
0.08848314606741572,0.07758620689655173,0.04113924050632911,0.0425,0.0,0.0,0.07191780821917808,0.0275,0.6508735983105254,4
0.08567415730337079,0.06896551724137931,0.0379746835443038,0.0375,0.0,0.0,0.09246575342465754,0.03125,0.6461698884862885,0
0.04073033707865169,0.04597701149425287,0.056962025316455694,0.0225,0.0,0.0,0.09589041095890412,0.0325,0.7054402151517356,2
0.06741573033707865,0.0574712643678161,0.03481012658227848,0.055,0.0,0.0,0.08561643835616438,0.0275,0.6721864403566624,0
0.0646067415730337,0.0574712643678161,0.05063291139240507,0.0425,0.0,0.0,0.09075342465753425,0.0275,0.6665356580092108,0
0.10533707865168539,0.07902298850574713,0.02848101265822785,0.03,0.0,0.0,0.09246575342465754,0.0275,0.637193166759682,5
0.10533707865168539,0.08764367816091954,0.04746835443037975,0.05,0.0,0.0,0.09417808219178084,0.0275,0.5878728065652346,5
0.0955056179775281,0.0632183908045977,0.03164556962025316,0.035,0.0,0.0,0.10102739726027397,0.0275,0.6461030243373471,5
0.042134831460674156,0.0589080459770115,0.02848101265822785,0.025,0.0,0.0,0.08732876712328767,0.0275,0.7306473427807988,6
0.03651685393258427,0.03304597701149425,0.05537974683544305,0.0225,0.0,0.0,0.0821917808219178,0.0325,0.7378656413985607,7
0.058988764044943826,0.02586206896551724,0.058544303797468354,0.04875,0.0,0.0,0.08047945205479452,0.04625,0.681125411137276,1
0.08848314606741572,0.08908045977011494,0.058544303797468354,0.05875,0.0,0.0,0.06849315068493152,0.04375,0.5928989396800695,5
0.05337078651685393,0.03735632183908046,0.04905063291139241,0.03625,0.0,0.0,0.0821917808219178,0.0275,0.7142804779107554,4
0.08848314606741572,0.0632183908045977,0.04746835443037975,0.035,0.0,0.0,0.09931506849315068,0.0275,0.6390150402044561,7
0.04353932584269663,0.015804597701149423,0.020569620253164562,0.02,0.0,0.0,0.08561643835616438,0.0275,0.786970017846825,6
0.05196629213483146,0.03735632183908046,0.04746835443037975,0.02625,0.0,0.0,0.08904109589041097,0.035,0.7129179357052974,2
0.042134831460674156,0.0574712643678161,0.0379746835443038,0.0175,0.0,0.0,0.08904109589041097,0.0825,0.6733781247367949,6
0.04775280898876405,0.04741379310344828,0.05379746835443039,0.05375,0.0,0.0,0.09417808219178084,0.0475,0.6556078473615765,1
0.06320224719101124,0.050287356321839075,0.058544303797468354,0.03375,0.0,0.0,0.08732876712328767,0.0275,0.6793873255663936,2
0.07443820224719101,0.0660919540229885,0.05537974683544305,0.02875,0.0,0.0,0.07876712328767124,0.0275,0.6690729736067063,2
0.07443820224719101,0.06178160919540231,0.05537974683544305,0.0275,0.0,0.0,0.07705479452054795,0.0275,0.6763456472014157,2
0.07724719101123596,0.07040229885057471,0.04430379746835443,0.0125,0.0,0.0,0.0839041095890411,0.0275,0.6841426030807938,2
0.058988764044943826,0.04454022988505747,0.04746835443037975,0.04125,0.0,0.0,0.09417808219178084,0.0275,0.6860745694478381,2
0.037921348314606744,0.05172413793103448,0.05063291139240507,0.02375,0.0,0.0,0.08561643835616438,0.0275,0.7228551640057893,2
0.04775280898876405,0.0646551724137931,0.04272151898734177,0.08375,0.0,0.0,0.08904109589041097,0.0275,0.6445794037196901,0
0.0449438202247191,0.03160919540229885,0.04905063291139241,0.065,0.0,0.0,0.09246575342465754,0.0275,0.6894305980369321,0
0.03651685393258427,0.027298850574712645,0.04113924050632911,0.0225,0.0,0.0,0.07705479452054795,0.03125,0.764240260465826,1
0.05196629213483146,0.043103448275862065,0.04746835443037975,0.04,0.0,0.0,0.08904109589041097,0.05375,0.6746708092685157,1
0.042134831460674156,0.04741379310344828,0.060126582278481014,0.02375,0.0,0.0,0.09931506849315068,0.03375,0.6935097246642459,1
0.0603932584269663,0.050287356321839075,0.03639240506329114,0.01,0.0,0.0,0.08904109589041097,0.03375,0.7201358842974925,2
0.06882022471910113,0.048850574712643674,0.0379746835443038,0.0275,0.0,0.0,0.08732876712328767,0.03625,0.6932757499006637,2
0.032303370786516857,0.04741379310344828,0.056962025316455694,0.01125,0.0,0.0,0.09417808219178084,0.0275,0.7303927286017984,2
0.05196629213483146,0.0589080459770115,0.05379746835443039,0.015,0.0,0.0,0.08732876712328767,0.0275,0.705499426410439,2
0.05056179775280899,0.03735632183908046,0.060126582278481014,0.01875,0.0,0.0,0.09760273972602738,0.0275,0.7081025584036021,2
0.09831460674157304,0.10344827586206896,0.04113924050632911,0.04625,0.0,0.0,0.09589041095890412,0.0275,0.5874574659311247,4
0.05196629213483146,0.041666666666666664,0.04905063291139241,0.03,0.0,0.0,0.09589041095890412,0.0275,0.7039259973282053,2
0.06601123595505617,0.05459770114942529,0.04430379746835443,0.03375,0.0,0.0,0.09760273972602738,0.03625,0.6674845257011367,2
0.06882022471910113,0.05316091954022988,0.03639240506329114,0.07625,0.0,0.0,0.08047945205479452,0.0275,0.6573969986225834,0
0.04775280898876405,0.0603448275862069,0.05221518987341773,0.0825,0.0,0.0,0.08047945205479452,0.0275,0.6492077214968168,0
0.04915730337078652,0.05172413793103448,0.058544303797468354,0.02875,0.0,0.0,0.07534246575342465,0.0275,0.708981789147286,0
0.05337078651685393,0.041666666666666664,0.05537974683544305,0.06875,0.0,0.0,0.07191780821917808,0.03125,0.6776649917618582,0
0.07303370786516854,0.0574712643678161,0.05221518987341773,0.05,0.0,0.0,0.08561643835616438,0.0275,0.6541633995374332,0
0.054775280898876406,0.0589080459770115,0.05063291139240507,0.0675,0.0,0.0,0.08732876712328767,0.03375,0.6471049946084193,0
0.07303370786516854,0.0632183908045977,0.060126582278481014,0.05,0.0,0.0,0.06506849315068493,0.0275,0.6610528259010678,0
0.0449438202247191,0.0632183908045977,0.04746835443037975,0.06125,0.0,0.0,0.0821917808219178,0.0275,0.6734276537183856,0
0.05196629213483146,0.04597701149425287,0.05379746835443039,0.0625,0.0,0.0,0.09075342465753425,0.0275,0.6675058033589509,0
0.054775280898876406,0.0646551724137931,0.03955696202531645,0.0575,0.0,0.0,0.07876712328767124,0.0275,0.6772454613743428,0
0.05617977528089888,0.0589080459770115,0.061708860759493674,0.07125,0.0,0.0,0.09931506849315068,0.0275,0.6251382494894453,0
0.0603932584269663,0.05603448275862069,0.06645569620253165,0.04625,0.0,0.0,0.07876712328767124,0.0275,0.6645994393242101,0
0.07865168539325844,0.07040229885057471,0.03006329113924051,0.05375,0.0,0.125,0.08561643835616438,0.0275,0.5290162862607619,0
0.02387640449438203,0.0646551724137931,0.0,0.01625,0.0,0.0,0.08732876712328767,0.0275,0.7803896559685373,6
0.03932584269662922,0.04454022988505747,0.022151898734177212,0.02,0.0,0.0,0.09417808219178084,0.0275,0.7523039464923553,6
0.09691011235955056,0.07183908045977011,0.0379746835443038,0.03625,0.0,0.0,0.08732876712328767,0.0275,0.6421973565130878,4
0.054775280898876406,0.05603448275862069,0.060126582278481014,0.0375,0.0,0.0,0.08732876712328767,0.04375,0.6604848869407343,1
0.04353932584269663,0.048850574712643674,0.04905063291139241,0.05125,0.0,0.0,0.09075342465753425,0.04,0.676556041875733,2
0.0351123595505618,0.04741379310344828,0.06487341772151899,0.0575,0.0,0.0,0.08732876712328767,0.04125,0.6665216625011832,2
0.04915730337078652,0.035919540229885055,0.04113924050632911,0.0275,0.0,0.0,0.08904109589041097,0.03375,0.7234928200025883,0
0.04073033707865169,0.04597701149425287,0.05537974683544305,0.025,0.0,0.0,0.07705479452054795,0.0275,0.7283581100711045,2
0.030898876404494385,0.043103448275862065,0.0680379746835443,0.02,0.0,0.0,0.08904109589041097,0.065,0.6839186047456882,1
0.05337078651685393,0.06896551724137931,0.04430379746835443,0.03125,0.0,0.0,0.08561643835616438,0.035,0.6814934604172479,2
0.037921348314606744,0.05316091954022988,0.02531645569620253,0.0325,0.0,0.0,0.07363013698630137,0.0275,0.7499711394626594,6
0.08146067415730336,0.08189655172413793,0.04905063291139241,0.045,0.0,0.0,0.07876712328767124,0.0275,0.636325017919495,4
0.0702247191011236,0.08477011494252873,0.02848101265822785,0.04125,0.0,0.0,0.09931506849315068,0.0275,0.6484590848049692,0
0.09410112359550563,0.08908045977011494,0.03006329113924051,0.035,0.0,0.0,0.09075342465753425,0.0275,0.6335017008376047,0
0.07443820224719101,0.0632183908045977,0.056962025316455694,0.03375,0.0,0.0,0.06335616438356165,0.0275,0.680775217248194,2
0.0351123595505618,0.0646551724137931,0.022151898734177212,0.03,0.0,0.0,0.07534246575342465,0.0275,0.7452381035480433,6
0.0351123595505618,0.043103448275862065,0.02848101265822785,0.015,0.0,0.0,0.0839041095890411,0.0275,0.7668990699263072,6
0.05056179775280899,0.05603448275862069,0.04588607594936709,0.05,0.0,0.0,0.0702054794520548,0.0275,0.6998121640871484,2
0.05196629213483146,0.014367816091954025,0.056962025316455694,0.03375,0.0,0.0,0.0821917808219178,0.05875,0.7020120856348411,1
0.05056179775280899,0.03735632183908046,0.05379746835443039,0.03,0.0,0.0,0.08047945205479452,0.0275,0.7203049599988856,2
0.046348314606741575,0.0660919540229885,0.02373417721518987,0.02,0.0,0.0,0.08904109589041097,0.0275,0.7272844582646691,6
0.04353932584269663,0.03160919540229885,0.05221518987341773,0.0225,0.0,0.0,0.09589041095890412,0.0275,0.7267458779226826,2
0.026685393258426966,0.06178160919540231,0.05379746835443039,0.0225,0.0,0.0,0.08561643835616438,0.0275,0.7221190908355759,2
0.07584269662921349,0.07471264367816093,0.04905063291139241,0.02,0.0,0.0,0.10273972602739725,0.0275,0.650154300753836,2
0.022471910112359553,0.06752873563218391,0.04272151898734177,0.02875,0.0,0.0,0.09417808219178084,0.0275,0.7168497530763339,2
0.04775280898876405,0.040229885057471264,0.04588607594936709,0.0575,0.0,0.07530120481927711,0.08561643835616438,0.03375,0.6139635868289561,8
0.046348314606741575,0.05603448275862069,0.03164556962025316,0.02875,0.0,0.0,0.08732876712328767,0.0275,0.7223928658910969,1
0.026685393258426966,0.027298850574712645,0.056962025316455694,0.02375,0.0,0.0,0.0821917808219178,0.06875,0.7143619500284869,1
0.04073033707865169,0.04454022988505747,0.04430379746835443,0.05875,0.0,0.0,0.0839041095890411,0.03375,0.6940215259788953,1
0.04775280898876405,0.05459770114942529,0.04588607594936709,0.02,0.0,0.0,0.08904109589041097,0.125,0.6177223180220326,1
0.04775280898876405,0.04597701149425287,0.04588607594936709,0.075,0.0,0.0,0.0839041095890411,0.0275,0.6739799939785749,0
0.06741573033707865,0.07758620689655173,0.05537974683544305,0.05125,0.0,0.0,0.08047945205479452,0.0275,0.640388863876132,0
0.05056179775280899,0.048850574712643674,0.056962025316455694,0.06,0.0,0.0,0.0821917808219178,0.0275,0.6739338213961739,0
0.033707865168539325,0.05603448275862069,0.04272151898734177,0.0275,0.0,0.0,0.044520547945205484,0.0275,0.7680155851402928,0
0.05056179775280899,0.040229885057471264,0.07120253164556962,0.0325,0.0,0.0,0.09075342465753425,0.0275,0.6872523608866159,0
0.07443820224719101,0.07040229885057471,0.012658227848101264,0.035,0.0,0.0,0.08732876712328767,0.0275,0.6926725039308453,0
0.06179775280898877,0.0574712643678161,0.05379746835443039,0.0575,0.0,0.0,0.08904109589041097,0.0275,0.6528924185783538,0
0.07865168539325844,0.07040229885057471,0.05221518987341773,0.05375,0.0,0.0,0.09075342465753425,0.0275,0.6267274012252149,0
0.06741573033707865,0.06752873563218391,0.04430379746835443,0.05375,0.0,0.0,0.09075342465753425,0.03875,0.6374983119048487,0
0.0603932584269663,0.0603448275862069,0.020569620253164562,0.03875,0.0,0.0,0.09246575342465754,0.0275,0.6999765403090046,6
0.06601123595505617,0.07040229885057471,0.05221518987341773,0.02125,0.0,0.0,0.0821917808219178,0.0275,0.6804294944990336,0
0.04073033707865169,0.035919540229885055,0.05063291139240507,0.02,0.0,0.0,0.08904109589041097,0.03375,0.7299261154086472,1
0.04915730337078652,0.08333333333333333,0.04272151898734177,0.06625,0.0,0.0,0.09075342465753425,0.0275,0.640284419651004,0
0.058988764044943826,0.05459770114942529,0.05379746835443039,0.00625,0.0,0.0,0.07705479452054795,0.03125,0.7180612719306525,1
0.042134831460674156,0.03879310344827586,0.060126582278481014,0.05875,0.0,0.0,0.0821917808219178,0.05375,0.6642537019906511,2
0.054775280898876406,0.07327586206896552,0.056962025316455694,0.01875,0.0,0.0,0.08047945205479452,0.0275,0.6882573796609078,2
0.04073033707865169,0.07040229885057471,0.04905063291139241,0.03875,0.0,0.0,0.0839041095890411,0.03875,0.6784126215703401,2
0.06882022471910113,0.05316091954022988,0.056962025316455694,0.03125,0.0,0.0,0.0702054794520548,0.0325,0.6871013509721585,2
0.07162921348314606,0.05459770114942529,0.04905063291139241,0.0525,0.0,0.0,0.09246575342465754,0.03375,0.6460066990313786,1
0.033707865168539325,0.0646551724137931,0.05221518987341773,0.02,0.0,0.0,0.08732876712328767,0.0275,0.7145930054209622,1
0.032303370786516857,0.0589080459770115,0.04588607594936709,0.02625,0.0,0.0,0.09246575342465754,0.03875,0.7054367538624471,2
0.03932584269662922,0.0646551724137931,0.04588607594936709,0.0325,0.0,0.0,0.09246575342465754,0.07375,0.651417155515553,6
0.05196629213483146,0.0589080459770115,0.04588607594936709,0.02125,0.0,0.0,0.09075342465753425,0.0275,0.7037361612812556,1
0.025280898876404494,0.027298850574712645,0.058544303797468354,0.01875,0.0,0.0,0.08561643835616438,0.0375,0.7470095083952502,2
0.05056179775280899,0.027298850574712645,0.0680379746835443,0.0375,0.0,0.0,0.10787671232876712,0.0275,0.681224664660167,1
0.03932584269662922,0.048850574712643674,0.05537974683544305,0.02,0.0,0.0,0.08047945205479452,0.0275,0.7284643837004895,2
0.06601123595505617,0.050287356321839075,0.04746835443037975,0.05875,0.0,0.0,0.09417808219178084,0.0275,0.6558049711009442,1
0.07443820224719101,0.06752873563218391,0.056962025316455694,0.02375,0.0,0.0,0.07363013698630137,0.0275,0.6761908998178681,1
0.03651685393258427,0.04741379310344828,0.03006329113924051,0.03375,0.0,0.0,0.07705479452054795,0.0275,0.747701267304179,1
0.0449438202247191,0.0632183908045977,0.05063291139240507,0.02,0.0,0.0,0.09246575342465754,0.0275,0.7012391241536207,2
0.02387640449438203,0.034482758620689655,0.06329113924050633,0.01125,0.0,0.0,0.08904109589041097,0.06875,0.709308601754011,1
0.06741573033707865,0.050287356321839075,0.04588607594936709,0.0175,0.0,0.0,0.07705479452054795,0.03125,0.7106060428711672,2
0.03932584269662922,0.0603448275862069,0.04272151898734177,0.03875,0.0,0.0,0.09246575342465754,0.03625,0.6901420573051645,2
0.02106741573033708,0.03304597701149425,0.04113924050632911,0.0425,0.0,0.0,0.09075342465753425,0.09,0.6814939420943054,1
0.05617977528089888,0.03017241379310345,0.04588607594936709,0.02375,0.0,0.0,0.08561643835616438,0.0275,0.7308952966204663,1
0.06601123595505617,0.05316091954022988,0.04588607594936709,0.015,0.0,0.0,0.0821917808219178,0.03125,0.706499987733429,1
0.046348314606741575,0.03735632183908046,0.05063291139240507,0.0175,0.0,0.0,0.09246575342465754,0.055,0.7006966987371153,2
0.042134831460674156,0.03735632183908046,0.03639240506329114,0.0425,0.0,0.0,0.0821917808219178,0.05,0.7094246608150364,1
0.04775280898876405,0.043103448275862065,0.04746835443037975,0.03,0.0,0.0,0.09246575342465754,0.04125,0.6979596348803365,2
0.0351123595505618,0.07902298850574713,0.03955696202531645,0.02,0.0,0.0,0.09075342465753425,0.035,0.7005542652608404,1
0.04353932584269663,0.02586206896551724,0.04588607594936709,0.01875,0.0,0.0,0.09075342465753425,0.0275,0.7477091045848847,1
0.04353932584269663,0.043103448275862065,0.05537974683544305,0.0125,0.0,0.0,0.0839041095890411,0.0275,0.7340733694569571,2
0.07865168539325844,0.08333333333333333,0.04905063291139241,0.08125,0.0,0.0,0.09075342465753425,0.045,0.5719609237044816,1
0.05337078651685393,0.048850574712643674,0.05063291139240507,0.02,0.0,0.0,0.0821917808219178,0.03375,0.7112039465561795,1
0.08426966292134831,0.0660919540229885,0.04272151898734177,0.05375,0.0,0.0,0.10102739726027397,0.0275,0.6246394668080475,0
0.04073033707865169,0.041666666666666664,0.0791139240506329,0.02625,0.0,0.0,0.09246575342465754,0.04,0.6797733187793913,2
0.04073033707865169,0.041666666666666664,0.0791139240506329,0.02625,0.0,0.0,0.09246575342465754,0.04,0.6797733187793913,2
0.0603932584269663,0.05172413793103448,0.04430379746835443,0.025,0.0,0.0,0.08904109589041097,0.0275,0.7020377102832338,2
0.04353932584269663,0.05459770114942529,0.04588607594936709,0.015,0.0,0.0,0.08904109589041097,0.0575,0.6944358011681,1
0.0646067415730337,0.05459770114942529,0.05063291139240507,0.0225,0.0,0.0,0.09589041095890412,0.03125,0.6805222349262319,1
0.033707865168539325,0.04597701149425287,0.03481012658227848,0.01375,0.0,0.0,0.09589041095890412,0.0275,0.7483645857960252,6
0.04353932584269663,0.041666666666666664,0.03322784810126582,0.025,0.0,0.0,0.0839041095890411,0.0275,0.7451620498003297,6
0.02106741573033708,0.05316091954022988,0.018987341772151903,0.035,0.0,0.0,0.08732876712328767,0.0275,0.7569555558339934,6
0.03932584269662922,0.041666666666666664,0.02689873417721519,0.05,0.0,0.0,0.0839041095890411,0.05875,0.6994546468704478,6
0.02106741573033708,0.04454022988505747,0.014240506329113924,0.01375,0.0,0.0,0.08732876712328767,0.05875,0.7603230809322039,6
0.02808988764044944,0.04454022988505747,0.05063291139240507,0.02875,0.0,0.0,0.08732876712328767,0.04,0.7206582039588003,1
0.05196629213483146,0.06896551724137931,0.03639240506329114,0.025,0.0,0.0,0.08047945205479452,0.0275,0.7096963335057036,2
0.07724719101123596,0.04597701149425287,0.04588607594936709,0.02875,0.0,0.0,0.0839041095890411,0.0275,0.690735611956103,2
0.014044943820224717,0.040229885057471264,0.05379746835443039,0.01375,0.0,0.0,0.08561643835616438,0.03375,0.7588112644117093,2
0.037921348314606744,0.07902298850574713,0.03639240506329114,0.05625,0.0,0.0,0.09075342465753425,0.0275,0.6721598334588208,0
0.046348314606741575,0.035919540229885055,0.04272151898734177,0.04,0.0,0.125,0.09075342465753425,0.0275,0.5917572015184973,8
0.02808988764044944,0.02586206896551724,0.05537974683544305,0.04125,0.0,0.0,0.08904109589041097,0.04125,0.7191272006681793,1
0.05337078651685393,0.02586206896551724,0.04430379746835443,0.04375,0.0,0.0,0.08732876712328767,0.03625,0.7091345799259867,1
0.037921348314606744,0.034482758620689655,0.05537974683544305,0.02625,0.0,0.0,0.0839041095890411,0.0275,0.7345620366402195,1
0.03932584269662922,0.03879310344827586,0.05063291139240507,0.08375,0.0,0.0,0.08047945205479452,0.0275,0.6795186904078954,2
0.018258426966292134,0.03017241379310345,0.07594936708860758,0.0225,0.0,0.0,0.08904109589041097,0.0275,0.7365786962615859,2
0.05337078651685393,0.043103448275862065,0.04746835443037975,0.01625,0.0,0.0,0.08047945205479452,0.0275,0.7318279587221097,2
0.0603932584269663,0.035919540229885055,0.04905063291139241,0.0225,0.0,0.0,0.0821917808219178,0.0275,0.7224447876098383,2
0.0449438202247191,0.0632183908045977,0.05063291139240507,0.06625,0.0,0.0,0.09075342465753425,0.03125,0.6529514529207439,2
0.05196629213483146,0.07327586206896552,0.06329113924050633,0.02875,0.0,0.0,0.10273972602739725,0.0275,0.6524769805282995,2
0.02808988764044944,0.0603448275862069,0.04905063291139241,0.02125,0.0,0.0,0.08904109589041097,0.0275,0.7247235559715403,2
0.029494382022471913,0.0632183908045977,0.04588607594936709,0.01875,0.0,0.0,0.09075342465753425,0.0275,0.7243977265660291,2
0.029494382022471913,0.041666666666666664,0.04905063291139241,0.03,0.0,0.0,0.10273972602739725,0.0275,0.7195485923720717,2
0.06741573033707865,0.05316091954022988,0.04905063291139241,0.035,0.0,0.0,0.09417808219178084,0.03125,0.6699446350195182,2
0.03651685393258427,0.041666666666666664,0.04746835443037975,0.01375,0.0,0.0,0.09760273972602738,0.0275,0.7354953852443419,2
0.0898876404494382,0.08189655172413793,0.02689873417721519,0.03375,0.0,0.0,0.0839041095890411,0.0275,0.6561629640601676,3
0.0702247191011236,0.08477011494252873,0.015822784810126583,0.04125,0.0,0.0,0.09589041095890412,0.0275,0.664541970187317,0
0.046348314606741575,0.041666666666666664,0.061708860759493674,0.02625,0.0,0.0,0.09760273972602738,0.0275,0.6989234182410706,2
0.05758426966292135,0.05459770114942529,0.04746835443037975,0.0675,0.0,0.0,0.09417808219178084,0.03375,0.6449215925654928,0
0.07303370786516854,0.06178160919540231,0.0379746835443038,0.0725,0.0,0.0,0.08732876712328767,0.0275,0.6398812322718377,0
0.05758426966292135,0.06178160919540231,0.05221518987341773,0.06625,0.0,0.0,0.07705479452054795,0.0275,0.6576141367477106,0
0.06601123595505617,0.0646551724137931,0.058544303797468354,0.06125,0.0,0.0,0.0839041095890411,0.0325,0.6331351782446413,0
0.08567415730337079,0.07040229885057471,0.020569620253164562,0.03625,0.0,0.0,0.09589041095890412,0.035,0.6562135126339859,0
0.08567415730337079,0.06896551724137931,0.02531645569620253,0.0375,0.0,0.0,0.09760273972602738,0.0275,0.65744113003302,0
0.04915730337078652,0.043103448275862065,0.02689873417721519,0.04125,0.0,0.0,0.0821917808219178,0.035,0.7223987333542184,0
0.0646067415730337,0.0632183908045977,0.03639240506329114,0.04625,0.0,0.0,0.08904109589041097,0.03125,0.6692413666686665,0
0.04353932584269663,0.02586206896551724,0.06487341772151899,0.015,0.0,0.0,0.06849315068493152,0.0275,0.7547320367853356,0
0.05337078651685393,0.04741379310344828,0.0379746835443038,0.05625,0.0,0.0,0.08904109589041097,0.0275,0.688449640944983,0
0.04353932584269663,0.0646551724137931,0.03164556962025316,0.08125,0.0,0.0,0.07876712328767124,0.0325,0.6676428088355859,0
0.06741573033707865,0.06896551724137931,0.020569620253164562,0.0275,0.0,0.0,0.08732876712328767,0.0275,0.7007203650450897,0
0.05758426966292135,0.09195402298850575,0.02689873417721519,0.0425,0.0,0.0,0.08732876712328767,0.0275,0.6662342060480699,0
0.054775280898876406,0.05603448275862069,0.061708860759493674,0.06375,0.0,0.0,0.0821917808219178,0.0275,0.6540395947610914,0
0.05337078651685393,0.06752873563218391,0.03481012658227848,0.07,0.0,0.0,0.06164383561643835,0.0275,0.6851465156522454,0
0.054775280898876406,0.040229885057471264,0.03639240506329114,0.0625,0.0,0.0,0.07191780821917808,0.0275,0.7066846207611831,0
0.054775280898876406,0.03879310344827586,0.05537974683544305,0.0875,0.0,0.0,0.08561643835616438,0.0275,0.6504354304612403,0
0.03651685393258427,0.0646551724137931,0.03639240506329114,0.06375,0.0,0.0,0.07534246575342465,0.0275,0.6958431028369068,0
0.06179775280898877,0.04597701149425287,0.0379746835443038,0.0675,0.0,0.0,0.08561643835616438,0.0275,0.6736341137962901,0
0.07865168539325844,0.07902298850574713,0.03955696202531645,0.03625,0.0,0.0,0.07876712328767124,0.0275,0.6602512407880068,0
0.058988764044943826,0.05459770114942529,0.03955696202531645,0.035,0.0,0.0,0.0821917808219178,0.0275,0.7021647919583967,2
0.033707865168539325,0.07614942528735633,0.04430379746835443,0.02625,0.0,0.0,0.09246575342465754,0.03125,0.6958731586510923,2
0.05758426966292135,0.03879310344827586,0.061708860759493674,0.015,0.0,0.0,0.09417808219178084,0.0275,0.7052356839375282,2
0.09269662921348315,0.09482758620689656,0.058544303797468354,0.02875,0.0,0.0,0.0821917808219178,0.0275,0.6154896999602341,4
0.05056179775280899,0.04741379310344828,0.060126582278481014,0.06125,0.0,0.0,0.09589041095890412,0.0275,0.6572574159063576,0
0.08707865168539326,0.10057471264367815,0.03481012658227848,0.0375,0.0,0.0,0.09417808219178084,0.0275,0.6183584268968692,3
0.09410112359550563,0.08764367816091954,0.058544303797468354,0.03125,0.125,0.0,0.09075342465753425,0.0275,0.4852074697885723,9
0.08286516853932584,0.07471264367816093,0.05221518987341773,0.035,0.0,0.0,0.10273972602739725,0.05,0.6024672718816984,7
0.05056179775280899,0.0589080459770115,0.02531645569620253,0.0175,0.0,0.0,0.08561643835616438,0.0275,0.7345972622178125,6
0.06320224719101124,0.05603448275862069,0.04272151898734177,0.02125,0.0,0.0,0.07876712328767124,0.0275,0.710524627775355,1
0.0646067415730337,0.040229885057471264,0.060126582278481014,0.03,0.0,0.0,0.06849315068493152,0.0275,0.7090436404060825,2
0.06320224719101124,0.040229885057471264,0.058544303797468354,0.02625,0.0,0.0,0.07191780821917808,0.0275,0.712355755734871,2
0.06601123595505617,0.06178160919540231,0.0379746835443038,0.015,0.0,0.0,0.08732876712328767,0.0275,0.70440370418195,1
0.058988764044943826,0.035919540229885055,0.07120253164556962,0.03125,0.0,0.0,0.07363013698630137,0.0275,0.7015090270933001,1
0.032303370786516857,0.03304597701149425,0.05221518987341773,0.01375,0.0,0.0,0.06164383561643835,0.02625,0.7807916267121329,1
0.08146067415730336,0.06896551724137931,0.02689873417721519,0.03375,0.0,0.0,0.08904109589041097,0.0275,0.6723839785336911,5
0.03651685393258427,0.0574712643678161,0.061708860759493674,0.02375,0.0,0.07530120481927711,0.07191780821917808,0.0275,0.6458340079016507,8
0.042134831460674156,0.04597701149425287,0.05063291139240507,0.02125,0.0,0.0,0.08732876712328767,0.03125,0.7214264785293802,1
0.02808988764044944,0.04741379310344828,0.05221518987341773,0.065,0.0,0.0,0.08561643835616438,0.0425,0.6791646910265201,1
0.0351123595505618,0.034482758620689655,0.018987341772151903,0.0175,0.0,0.0,0.09760273972602738,0.03875,0.7575648003305693,6
0.0997191011235955,0.09339080459770115,0.04430379746835443,0.02875,0.0,0.0,0.07876712328767124,0.0275,0.6275691735226776,4
0.0997191011235955,0.08908045977011494,0.05221518987341773,0.02875,0.0,0.0,0.07876712328767124,0.0275,0.6239681259452006,4
0.042134831460674156,0.05459770114942529,0.058544303797468354,0.01875,0.0,0.0,0.07705479452054795,0.03375,0.7151683690718842,2
0.037921348314606744,0.05459770114942529,0.08544303797468354,0.02125,0.0,0.0,0.09417808219178084,0.0275,0.6791098303695036,2
0.037921348314606744,0.05459770114942529,0.08544303797468354,0.02125,0.0,0.0,0.09417808219178084,0.0275,0.6791098303695036,2
0.058988764044943826,0.04454022988505747,0.04746835443037975,0.04125,0.0,0.0,0.08904109589041097,0.0275,0.691211555749208,0
0.04915730337078652,0.0589080459770115,0.0791139240506329,0.01875,0.0,0.0,0.10102739726027397,0.0275,0.6655433293412951,0
0.04073033707865169,0.06178160919540231,0.04272151898734177,0.0175,0.0,0.0,0.08047945205479452,0.0275,0.7292870826838097,0
0.058988764044943826,0.0574712643678161,0.061708860759493674,0.01625,0.0,0.0,0.0839041095890411,0.0275,0.6941770012387053,0
0.04353932584269663,0.0632183908045977,0.08069620253164557,0.0275,0.0,0.0,0.09760273972602738,0.0275,0.6599433410950327,0
0.04775280898876405,0.020114942528735635,0.056962025316455694,0.045,0.0,0.0,0.08904109589041097,0.0225,0.7186291272756336,2
0.012640449438202249,0.01867816091954023,0.04905063291139241,0.0175,0.0,0.0,0.09075342465753425,0.055,0.7563773320733309,2
0.05617977528089888,0.0574712643678161,0.05379746835443039,0.0175,0.0,0.0,0.08732876712328767,0.0275,0.7002227248735668,2
0.046348314606741575,0.07902298850574713,0.0379746835443038,0.06375,0.0,0.0,0.08904109589041097,0.05125,0.6326129174527966,0
0.022471910112359553,0.03735632183908046,0.07120253164556962,0.01375,0.0,0.0,0.07534246575342465,0.0275,0.7523767706495657,0
0.06179775280898877,0.041666666666666664,0.020569620253164562,0.0375,0.0,0.0,0.08904109589041097,0.0275,0.721924864380769,6
0.032303370786516857,0.041666666666666664,0.014240506329113924,0.02875,0.0,0.0,0.09075342465753425,0.0275,0.7647860315601683,6
0.046348314606741575,0.0574712643678161,0.04905063291139241,0.02875,0.0,0.125,0.08732876712328767,0.0275,0.5785510209907622,8
0.06741573033707865,0.0646551724137931,0.05537974683544305,0.02625,0.0,0.0,0.09246575342465754,0.04125,0.6525835969890277,1
0.03932584269662922,0.02155172413793104,0.03955696202531645,0.015,0.0,0.0,0.0702054794520548,0.0275,0.7868599916880685,1
0.06320224719101124,0.043103448275862065,0.05221518987341773,0.02,0.0,0.0,0.08561643835616438,0.0275,0.7083626763035447,1
0.0351123595505618,0.07902298850574713,0.02689873417721519,0.01,0.0,0.0,0.09075342465753425,0.03125,0.7269624931089416,7
0.022471910112359553,0.03304597701149425,0.061708860759493674,0.04125,0.0,0.0,0.06335616438356165,0.03875,0.7394170877330909,1
0.033707865168539325,0.03879310344827586,0.060126582278481014,0.0275,0.0,0.0,0.08047945205479452,0.04625,0.7131429970499092,1
0.04353932584269663,0.027298850574712645,0.04588607594936709,0.02625,0.0,0.0,0.08732876712328767,0.0275,0.742196980509936,1
0.016853932584269662,0.010057471264367818,0.05063291139240507,0.025,0.0,0.0,0.07534246575342465,0.0275,0.7946132190055328,1
0.06179775280898877,0.0589080459770115,0.05537974683544305,0.0275,0.0,0.0,0.08561643835616438,0.04625,0.6645480160223922,1
0.0351123595505618,0.015804597701149423,0.04430379746835443,0.02,0.0,0.0,0.08732876712328767,0.0275,0.7699504781566466,1
0.037921348314606744,0.050287356321839075,0.060126582278481014,0.0275,0.0,0.0,0.07876712328767124,0.0275,0.7178975897974019,2
0.09691011235955056,0.04741379310344828,0.04588607594936709,0.01875,0.0,0.0,0.09075342465753425,0.0275,0.6727865939300999,2
0.06882022471910113,0.06178160919540231,0.04113924050632911,0.025,0.0,0.0,0.08561643835616438,0.0475,0.6701424872230031,1
0.042134831460674156,0.015804597701149423,0.05221518987341773,0.0325,0.0,0.0,0.0702054794520548,0.0275,0.7596399015127039,1
0.05056179775280899,0.07471264367816093,0.05221518987341773,0.0775,0.0,0.0,0.09075342465753425,0.045,0.6092569440380782,0
0.0449438202247191,0.03735632183908046,0.05221518987341773,0.0175,0.0,0.0,0.08047945205479452,0.0275,0.7400052160079882,1
0.054775280898876406,0.05459770114942529,0.04905063291139241,0.01125,0.0,0.0,0.0821917808219178,0.03125,0.7168846042183881,1
0.058988764044943826,0.06896551724137931,0.04905063291139241,0.02625,0.0,0.0,0.09417808219178084,0.0375,0.6650670036105036,1
0.0603932584269663,0.041666666666666664,0.03164556962025316,0.02,0.0,0.0,0.08904109589041097,0.0275,0.7297534093957029,5
0.04915730337078652,0.03160919540229885,0.05063291139240507,0.02,0.0,0.0,0.08732876712328767,0.03625,0.725021822711222,2
0.04915730337078652,0.043103448275862065,0.04430379746835443,0.09875,0.0,0.0,0.0839041095890411,0.07875,0.6020313412959559,1
0.05617977528089888,0.0603448275862069,0.022151898734177212,0.02,0.0,0.0,0.08732876712328767,0.05875,0.6952447312754293,6
0.06320224719101124,0.05603448275862069,0.05379746835443039,0.02375,0.0,0.0,0.09246575342465754,0.0275,0.6832500482712802,2
0.0702247191011236,0.024425287356321837,0.060126582278481014,0.015,0.0,0.0,0.0839041095890411,0.03375,0.7125693016750325,1
0.03651685393258427,0.0574712643678161,0.03955696202531645,0.02875,0.0,0.0,0.08047945205479452,0.0275,0.7297254676194886,1
0.10112359550561797,0.0646551724137931,0.018987341772151903,0.005,0.0,0.0,0.09075342465753425,0.0275,0.6919804656509028,5
0.03932584269662922,0.04597701149425287,0.05063291139240507,0.0225,0.0,0.0,0.09246575342465754,0.0275,0.7215984809920553,2
0.05758426966292135,0.0589080459770115,0.04588607594936709,0.02625,0.0,0.0,0.0821917808219178,0.0375,0.6916798275887823,2
0.033707865168539325,0.03735632183908046,0.056962025316455694,0.01375,0.0,0.0,0.0821917808219178,0.0275,0.7485320068540067,1
0.0351123595505618,0.05172413793103448,0.014240506329113924,0.0275,0.0,0.0,0.08904109589041097,0.03875,0.7436319002988788,6
0.09410112359550563,0.08189655172413793,0.017405063291139243,0.02875,0.0,0.0,0.09075342465753425,0.0275,0.6595938367316829,3
0.06179775280898877,0.04741379310344828,0.05063291139240507,0.01375,0.0,0.0,0.08904109589041097,0.06,0.6773644468047468,2
0.04775280898876405,0.06178160919540231,0.05221518987341773,0.04,0.0,0.0,0.09760273972602738,0.0275,0.6731476522163885,2
0.04775280898876405,0.06178160919540231,0.05063291139240507,0.04,0.0,0.0,0.09760273972602738,0.0275,0.6747299306974012,2
0.025280898876404494,0.043103448275862065,0.03006329113924051,0.01875,0.0,0.0,0.09075342465753425,0.0275,0.7645489370509587,6
0.05758426966292135,0.08908045977011494,0.02531645569620253,0.0175,0.0,0.0,0.07876712328767124,0.0275,0.7042516915830899,6
0.08426966292134831,0.06178160919540231,0.02848101265822785,0.03375,0.0,0.0,0.08904109589041097,0.0275,0.6751766193346105,5
0.06601123595505617,0.06752873563218391,0.03481012658227848,0.015,0.0,0.0,0.09417808219178084,0.0275,0.6949718196387007,6
0.0603932584269663,0.07471264367816093,0.04430379746835443,0.0425,0.0,0.0,0.08904109589041097,0.0275,0.6615492045361073,2
0.0646067415730337,0.0660919540229885,0.03639240506329114,0.02,0.0,0.0,0.08904109589041097,0.0275,0.6963678034502756,5
0.06741573033707865,0.0646551724137931,0.03955696202531645,0.02375,0.0,0.0,0.09589041095890412,0.03375,0.6749817242649077,2
0.11376404494382023,0.06896551724137931,0.03006329113924051,0.0275,0.0,0.0,0.09246575342465754,0.0275,0.6397413932509024,5
0.06179775280898877,0.06178160919540231,0.0379746835443038,0.0175,0.0,0.0,0.09246575342465754,0.0275,0.7009802010266475,2
0.07303370786516854,0.06896551724137931,0.03164556962025316,0.0275,0.0,0.0,0.08732876712328767,0.0275,0.6840264381499113,6
0.06601123595505617,0.0574712643678161,0.02689873417721519,0.0225,0.0,0.0,0.08904109589041097,0.0275,0.7105776696095015,6
0.0351123595505618,0.04741379310344828,0.03481012658227848,0.02375,0.0,0.0,0.0821917808219178,0.0275,0.7492219399417936,6
0.029494382022471913,0.048850574712643674,0.05379746835443039,0.015,0.0,0.0,0.08904109589041097,0.0275,0.7363164790200429,2
0.032303370786516857,0.035919540229885055,0.0379746835443038,0.02375,0.0,0.0,0.08732876712328767,0.0275,0.7552236383160066,5
0.07162921348314606,0.0646551724137931,0.03955696202531645,0.01625,0.0,0.0,0.09075342465753425,0.0275,0.6896552274202101,2
0.058988764044943826,0.07902298850574713,0.03322784810126582,0.02375,0.0,0.0,0.09075342465753425,0.0275,0.6867569746905089,6
0.08707865168539326,0.0603448275862069,0.03164556962025316,0.02,0.0,0.0,0.07876712328767124,0.0275,0.6946638278204754,5
0.06179775280898877,0.04741379310344828,0.03955696202531645,0.03875,0.0,0.0,0.09931506849315068,0.06,0.6531664235690958,1
0.033707865168539325,0.06752873563218391,0.04113924050632911,0.01625,0.0,0.0,0.08904109589041097,0.05375,0.6985830628025367,1
0.09269662921348315,0.09626436781609196,0.04746835443037975,0.05,0.125,0.0,0.09246575342465754,0.0275,0.4686048951153876,9
0.09269662921348315,0.10632183908045977,0.04113924050632911,0.04625,0.0,0.0,0.0821917808219178,0.0275,0.6039005103778101,4
0.033707865168539325,0.04741379310344828,0.04430379746835443,0.01875,0.125,0.0,0.09417808219178084,0.04375,0.5928964620678772,2
0.0449438202247191,0.05459770114942529,0.04272151898734177,0.0175,0.0,0.0,0.08561643835616438,0.0275,0.7271205212823495,2
0.0646067415730337,0.06896551724137931,0.0379746835443038,0.0325,0.0,0.0,0.08561643835616438,0.0275,0.6828366192851187,2
0.07303370786516854,0.07040229885057471,0.03322784810126582,0.015,0.0,0.0,0.08904109589041097,0.03125,0.6880450492925799,2
0.01966292134831461,0.03879310344827586,0.04746835443037975,0.0225,0.0,0.0,0.08561643835616438,0.03375,0.7522091824168654,2
0.06320224719101124,0.07040229885057471,0.05063291139240507,0.03,0.0,0.0,0.09760273972602738,0.0275,0.6606598028399816,2
0.06601123595505617,0.06752873563218391,0.04746835443037975,0.03,0.0,0.0,0.09075342465753425,0.0275,0.6707382493248459,2
0.08426966292134831,0.0660919540229885,0.05063291139240507,0.01875,0.0,0.0,0.0839041095890411,0.04125,0.655101362074217,2
0.04915730337078652,0.03160919540229885,0.018987341772151903,0.02125,0.0,0.0,0.09417808219178084,0.0275,0.757318077262982,6
0.0603932584269663,0.0603448275862069,0.03322784810126582,0.0275,0.0,0.0,0.0821917808219178,0.0275,0.7088422850636431,6
0.03932584269662922,0.04454022988505747,0.011075949367088613,0.015,0.0,0.0,0.07876712328767124,0.03375,0.7775408547635534,6
0.030898876404494385,0.04454022988505747,0.04430379746835443,0.01,0.0,0.0,0.0821917808219178,0.06125,0.726815315420176,1
0.09831460674157304,0.09913793103448275,0.03164556962025316,0.045,0.0,0.0,0.06678082191780822,0.0275,0.6316210706858828,4
0.08146067415730336,0.06752873563218391,0.04746835443037975,0.01625,0.0,0.125,0.08904109589041097,0.0275,0.5457511398897219,8
0.04915730337078652,0.050287356321839075,0.03639240506329114,0.02625,0.0,0.0,0.09417808219178084,0.0275,0.7162348530523024,8
0.033707865168539325,0.03304597701149425,0.056962025316455694,0.02125,0.0,0.0,0.08904109589041097,0.0275,0.7384930366130997,2
0.08848314606741572,0.08477011494252873,0.04113924050632911,0.03125,0.0,0.0,0.09760273972602738,0.0275,0.6292547587576991,3
0.0603932584269663,0.0632183908045977,0.04905063291139241,0.02375,0.0,0.0,0.10102739726027397,0.08375,0.6188103205967697,1
0.04353932584269663,0.05603448275862069,0.03006329113924051,0.02125,0.0,0.0,0.08561643835616438,0.0325,0.7309964619032778,6
0.11235955056179776,0.09195402298850575,0.020569620253164562,0.05875,0.0,0.0,0.08904109589041097,0.03875,0.5885757103061209,3
0.09831460674157304,0.11063218390804598,0.02848101265822785,0.05125,0.0,0.0,0.09075342465753425,0.0275,0.5930687720346188,5
0.04775280898876405,0.03879310344827586,0.05537974683544305,0.0175,0.0,0.0,0.09246575342465754,0.0275,0.7206085873028594,2
0.05056179775280899,0.048850574712643674,0.058544303797468354,0.02,0.0,0.0,0.0839041095890411,0.035,0.7031392141480379,2
0.042134831460674156,0.03735632183908046,0.04746835443037975,0.065,0.0,0.0,0.0839041095890411,0.0275,0.6966363826808245,2
0.03651685393258427,0.03017241379310345,0.017405063291139243,0.0275,0.0,0.0,0.09589041095890412,0.0275,0.765015258024269,6
0.08146067415730336,0.06752873563218391,0.04588607594936709,0.03875,0.0,0.0,0.09417808219178084,0.0275,0.6446964320693648,2
0.033707865168539325,0.06178160919540231,0.02373417721518987,0.0375,0.0,0.0,0.09075342465753425,0.03125,0.7212729237633342,6
0.10252808988764045,0.07614942528735633,0.02373417721518987,0.0975,0.0,0.0,0.0839041095890411,0.0625,0.5536841980207723,3
0.05617977528089888,0.0646551724137931,0.05221518987341773,0.03625,0.0,0.0,0.09075342465753425,0.0275,0.672446437774356,2
0.03651685393258427,0.043103448275862065,0.06487341772151899,0.03375,0.0,0.0,0.0821917808219178,0.0275,0.7120644992481169,1
0.06179775280898877,0.07614942528735633,0.056962025316455694,0.04,0.0,0.0,0.09760273972602738,0.0425,0.6249880568611719,2
0.05196629213483146,0.03160919540229885,0.03322784810126582,0.02625,0.0,0.0,0.09760273972602738,0.0275,0.7318439246355765,2
0.07162921348314606,0.0646551724137931,0.04905063291139241,0.01875,0.0,0.0,0.08904109589041097,0.03625,0.6706238853012575,2
0.06320224719101124,0.0660919540229885,0.05063291139240507,0.02,0.0,0.0,0.0410958904109589,0.0525,0.7064769969826363,1
0.046348314606741575,0.05459770114942529,0.02531645569620253,0.01875,0.0,0.0,0.08732876712328767,0.0275,0.7401587614243429,6
0.046348314606741575,0.04454022988505747,0.04430379746835443,0.01875,0.0,0.0,0.07876712328767124,0.03375,0.7335405347521753,1
0.054775280898876406,0.05316091954022988,0.04272151898734177,0.02125,0.0,0.0,0.08047945205479452,0.0325,0.7151128285187575,2
0.06882022471910113,0.06752873563218391,0.04430379746835443,0.0375,0.0,0.0,0.09075342465753425,0.0275,0.6635938175228262,1
0.05337078651685393,0.04741379310344828,0.020569620253164562,0.02625,0.0,0.0,0.09417808219178084,0.0275,0.7307177179347524,6
0.033707865168539325,0.07902298850574713,0.056962025316455694,0.05,0.0,0.0,0.09075342465753425,0.045,0.6445536963517235,1
0.08286516853932584,0.08045977011494253,0.03481012658227848,0.04125,0.0,0.0,0.09931506849315068,0.0275,0.6337998662703024,3
0.016853932584269662,0.024425287356321837,0.058544303797468354,0.0275,0.0,0.0,0.0821917808219178,0.03375,0.7567346954400224,1
0.04775280898876405,0.041666666666666664,0.04905063291139241,0.025,0.0,0.0,0.08561643835616438,0.03125,0.7196634530770125,2
0.05617977528089888,0.03160919540229885,0.03955696202531645,0.01875,0.0,0.0,0.08732876712328767,0.0525,0.7140753001681981,2
0.04353932584269663,0.03735632183908046,0.04113924050632911,0.01625,0.0,0.0,0.08561643835616438,0.03375,0.7423486734557294,2
0.029494382022471913,0.035919540229885055,0.04905063291139241,0.025,0.0,0.0,0.08904109589041097,0.035,0.7364943489458396,2
0.06741573033707865,0.07471264367816093,0.04905063291139241,0.0375,0.0,0.0,0.07876712328767124,0.03875,0.6538038697856967,2
0.042134831460674156,0.05603448275862069,0.03164556962025316,0.01375,0.0,0.0,0.09246575342465754,0.04375,0.7202193627357945,2
0.03651685393258427,0.02873563218390805,0.04588607594936709,0.015,0.0,0.0,0.08732876712328767,0.0675,0.719032670810853,2
0.04775280898876405,0.06178160919540231,0.04430379746835443,0.02125,0.0,0.0,0.08904109589041097,0.0275,0.7083706884570682,2
0.06320224719101124,0.0589080459770115,0.060126582278481014,0.0175,0.0,0.0,0.08904109589041097,0.03375,0.6774720286630853,1
0.02808988764044944,0.02586206896551724,0.05221518987341773,0.0225,0.0,0.0,0.08904109589041097,0.03625,0.7460417576302046,1
0.022471910112359553,0.05459770114942529,0.04113924050632911,0.04375,0.0,0.0,0.0839041095890411,0.035,0.719137038642845,1
0.0603932584269663,0.06178160919540231,0.056962025316455694,0.0225,0.0,0.0,0.07705479452054795,0.03125,0.6900583125406278,1
0.008426966292134833,0.035919540229885055,0.0379746835443038,0.01125,0.0,0.0,0.09246575342465754,0.03375,0.7802130565090188,1
0.0449438202247191,0.05459770114942529,0.05221518987341773,0.01875,0.0,0.0,0.07705479452054795,0.0325,0.7199384942318899,1
0.06882022471910113,0.03879310344827586,0.060126582278481014,0.0225,0.0,0.0,0.0821917808219178,0.0275,0.7000683087322241,2
0.11235955056179776,0.08045977011494253,0.056962025316455694,0.05625,0.0,0.0,0.09589041095890412,0.0275,0.5705782430478998,5
0.037921348314606744,0.048850574712643674,0.05063291139240507,0.015,0.0,0.0,0.0821917808219178,0.0275,0.7379033847584267,2
0.06741573033707865,0.043103448275862065,0.04905063291139241,0.02375,0.0,0.0,0.09417808219178084,0.03375,0.688752106283886,2
0.07443820224719101,0.0574712643678161,0.0379746835443038,0.01625,0.0,0.0,0.09075342465753425,0.0275,0.6956124251831548,2
0.05337078651685393,0.02586206896551724,0.020569620253164562,0.01625,0.0,0.0,0.08904109589041097,0.0275,0.7674064283740533,6
0.05758426966292135,0.05459770114942529,0.04746835443037975,0.015,0.0,0.0,0.08732876712328767,0.05,0.6880209076339859,2
0.05337078651685393,0.043103448275862065,0.04272151898734177,0.01875,0.0,0.0,0.09417808219178084,0.03125,0.7166261640281614,2
0.05337078651685393,0.048850574712643674,0.04905063291139241,0.02,0.0,0.0,0.09075342465753425,0.035,0.7029745812015757,2
0.05196629213483146,0.03735632183908046,0.04430379746835443,0.0225,0.0,0.0,0.08732876712328767,0.0275,0.729044821434446,2
0.046348314606741575,0.03017241379310345,0.05379746835443039,0.0225,0.0,0.0,0.08904109589041097,0.0275,0.7306407073553136,2
0.0449438202247191,0.0589080459770115,0.058544303797468354,0.02,0.0,0.0,0.08561643835616438,0.045,0.6869873916446367,1
0.05337078651685393,0.041666666666666664,0.05221518987341773,0.02125,0.0,0.0,0.08561643835616438,0.045,0.7008809185868974,2
0.032303370786516857,0.07614942528735633,0.04746835443037975,0.02,0.0,0.0,0.08047945205479452,0.04125,0.7023493974409525,1
0.012640449438202249,0.03017241379310345,0.018987341772151903,0.0125,0.0,0.0,0.0821917808219178,0.03875,0.8047580141746246,6
0.08848314606741572,0.0574712643678161,0.04588607594936709,0.01,0.0,0.0,0.09417808219178084,0.03875,0.6652314314236203,2
0.08146067415730336,0.050287356321839075,0.02689873417721519,0.01875,0.0,0.0,0.09417808219178084,0.0275,0.7009251531518614,5
0.026685393258426966,0.05316091954022988,0.04113924050632911,0.01375,0.0,0.0,0.07876712328767124,0.0275,0.7589973234073428,2
0.046348314606741575,0.05459770114942529,0.04272151898734177,0.0475,0.0,0.0,0.08904109589041097,0.0275,0.6922913693660804,2
0.02808988764044944,0.04597701149425287,0.04588607594936709,0.02125,0.0,0.0,0.0839041095890411,0.0275,0.7473929153268895,2
0.06179775280898877,0.040229885057471264,0.05537974683544305,0.02625,0.0,0.0,0.08904109589041097,0.0275,0.6998015194076859,2
0.04073033707865169,0.03017241379310345,0.04905063291139241,0.02125,0.0,0.0,0.08047945205479452,0.06375,0.7145671641620579,1
0.04073033707865169,0.050287356321839075,0.04588607594936709,0.02125,0.0,0.0,0.09246575342465754,0.0625,0.6868804772254846,2
0.06601123595505617,0.050287356321839075,0.05537974683544305,0.0125,0.0,0.0,0.07876712328767124,0.03125,0.7058045375999904,1
0.06601123595505617,0.050287356321839075,0.05537974683544305,0.015,0.0,0.0,0.07876712328767124,0.03125,0.7033045375999905,1
0.06601123595505617,0.04597701149425287,0.04272151898734177,0.03,0.0,0.0,0.08904109589041097,0.04625,0.6799991376729382,2
0.06601123595505617,0.040229885057471264,0.04746835443037975,0.0325,0.0,0.0,0.08732876712328767,0.04625,0.6802117574338051,2
0.042134831460674156,0.06752873563218391,0.05063291139240507,0.03625,0.0,0.0,0.08047945205479452,0.05375,0.6692240694599423,1
0.08146067415730336,0.05316091954022988,0.04430379746835443,0.0525,0.0,0.0,0.0839041095890411,0.0275,0.6571704992450712,0
0.037921348314606744,0.05172413793103448,0.06329113924050633,0.01625,0.0,0.0,0.09246575342465754,0.0275,0.710847621089195,2
0.06882022471910113,0.050287356321839075,0.03639240506329114,0.065,0.0,0.0,0.09246575342465754,0.07875,0.6082842604711112,1
0.05056179775280899,0.05172413793103448,0.06645569620253165,0.02125,0.0,0.0,0.05308219178082192,0.0325,0.7244261763328029,1
0.02387640449438203,0.05459770114942529,0.05379746835443039,0.01375,0.0,0.0,0.07876712328767124,0.0275,0.747711302714091,1
0.06320224719101124,0.0632183908045977,0.06645569620253165,0.04875,0.125,0.0,0.10102739726027397,0.05,0.48234626854158535,1
0.014044943820224717,0.035919540229885055,0.04430379746835443,0.02,0.0,0.0,0.08732876712328767,0.05625,0.7421529513582481,2
0.04915730337078652,0.0632183908045977,0.056962025316455694,0.01875,0.0,0.0,0.08904109589041097,0.0325,0.6903711846177492,1
0.0449438202247191,0.041666666666666664,0.05221518987341773,0.0275,0.0,0.0,0.09760273972602738,0.04125,0.6948215835091691,1
0.0646067415730337,0.0660919540229885,0.04588607594936709,0.0725,0.0,0.0,0.09075342465753425,0.0275,0.6326618037970764,0
0.05196629213483146,0.03017241379310345,0.04113924050632911,0.0175,0.0,0.0,0.08047945205479452,0.0325,0.7462426015109415,2
0.033707865168539325,0.03879310344827586,0.05063291139240507,0.0225,0.0,0.0,0.07191780821917808,0.0475,0.7349483117716017,2
0.05056179775280899,0.04597701149425287,0.05063291139240507,0.0775,0.0,0.0,0.07876712328767124,0.0275,0.6690611560728619,0
0.058988764044943826,0.043103448275862065,0.04113924050632911,0.01875,0.0,0.0,0.09931506849315068,0.0275,0.7112034786797143,2
0.04915730337078652,0.04597701149425287,0.05537974683544305,0.02,0.0,0.0,0.09589041095890412,0.0275,0.7060955273406134,2
0.046348314606741575,0.041666666666666664,0.06487341772151899,0.0175,0.0,0.0,0.09417808219178084,0.04625,0.6891835188132919,1
0.03651685393258427,0.03017241379310345,0.058544303797468354,0.03,0.0,0.0,0.07534246575342465,0.0225,0.7469239627234192,1
0.03651685393258427,0.03017241379310345,0.058544303797468354,0.03,0.0,0.0,0.07534246575342465,0.0225,0.7469239627234192,1
0.03932584269662922,0.03735632183908046,0.05379746835443039,0.065,0.0,0.0,0.06335616438356165,0.02,0.7211642027262982,1
0.03932584269662922,0.03735632183908046,0.05379746835443039,0.065,0.0,0.0,0.06335616438356165,0.02,0.7211642027262982,1
0.05196629213483146,0.04741379310344828,0.02689873417721519,0.03625,0.0,0.0,0.09075342465753425,0.0275,0.7192177559269708,6
0.05196629213483146,0.0632183908045977,0.04588607594936709,0.01125,0.0,0.0,0.08904109589041097,0.0525,0.6861381452207929,1
0.0702247191011236,0.0632183908045977,0.0379746835443038,0.02625,0.0,0.0,0.08561643835616438,0.0525,0.6642157681938106,1
0.06320224719101124,0.04454022988505747,0.05537974683544305,0.02375,0.0,0.0,0.09246575342465754,0.0275,0.6931620226638306,2
0.05617977528089888,0.07183908045977011,0.014240506329113924,0.04375,0.0,0.0,0.09075342465753425,0.03375,0.6894872132726828,6
0.058988764044943826,0.07902298850574713,0.020569620253164562,0.0525,0.0,0.0,0.09246575342465754,0.03375,0.662702873771487,6
0.03651685393258427,0.01293103448275862,0.0680379746835443,0.04375,0.0,0.0,0.08047945205479452,0.0275,0.7307846848463182,1
0.05617977528089888,0.050287356321839075,0.058544303797468354,0.0275,0.0,0.0,0.08561643835616438,0.035,0.6868721262436293,1
0.05337078651685393,0.034482758620689655,0.060126582278481014,0.02125,0.0,0.0,0.08732876712328767,0.0275,0.7159411054606877,1
0.05617977528089888,0.050287356321839075,0.058544303797468354,0.0275,0.0,0.0,0.08561643835616438,0.035,0.6868721262436293,1
0.058988764044943826,0.0574712643678161,0.05063291139240507,0.02125,0.0,0.0,0.0839041095890411,0.04625,0.6815029506057939,1
0.025280898876404494,0.07902298850574713,0.04113924050632911,0.0325,0.0,0.0,0.08047945205479452,0.04625,0.6953274200567248,1
0.054775280898876406,0.04597701149425287,0.04430379746835443,0.01875,0.0,0.0,0.09417808219178084,0.05375,0.6882658279467355,1
0.030898876404494385,0.02155172413793104,0.015822784810126583,0.03,0.0,0.0,0.09075342465753425,0.0275,0.7834731899899138,6
0.10393258426966293,0.10344827586206896,0.014240506329113924,0.03875,0.0,0.0,0.09417808219178084,0.0525,0.5929505513473734,3
0.0449438202247191,0.03735632183908046,0.04746835443037975,0.035,0.0,0.0,0.06849315068493152,0.0275,0.7392383528208891,1
0.0702247191011236,0.0589080459770115,0.04430379746835443,0.02,0.0,0.0,0.09246575342465754,0.0525,0.6615976840288529,2
0.032303370786516857,0.03160919540229885,0.06329113924050633,0.02375,0.0,0.0,0.08904109589041097,0.03125,0.728755198680267,1
0.06179775280898877,0.0574712643678161,0.05537974683544305,0.03625,0.0,0.0,0.0821917808219178,0.0275,0.6794094551658343,0
0.07724719101123596,0.07040229885057471,0.04905063291139241,0.02125,0.0,0.0,0.0839041095890411,0.0275,0.6706457676377557,2
0.046348314606741575,0.040229885057471264,0.058544303797468354,0.025,0.0,0.0,0.09760273972602738,0.03125,0.7010247568122914,2
0.03651685393258427,0.07040229885057471,0.020569620253164562,0.03125,0.0,0.0,0.08732876712328767,0.0275,0.7264324598403888,6
0.04775280898876405,0.06178160919540231,0.04746835443037975,0.08,0.0,0.0,0.09246575342465754,0.0275,0.6430314739607963,0
0.037921348314606744,0.04741379310344828,0.04905063291139241,0.09375,0.0,0.0,0.08561643835616438,0.0325,0.6537477873143882,0
0.0702247191011236,0.0589080459770115,0.04430379746835443,0.02375,0.0,0.0,0.09246575342465754,0.05875,0.651597684028853,2
0.046348314606741575,0.0574712643678161,0.04905063291139241,0.04625,0.0,0.0,0.08561643835616438,0.0275,0.6877633497578854,1
0.046348314606741575,0.0574712643678161,0.04905063291139241,0.04625,0.0,0.0,0.08561643835616438,0.0275,0.6877633497578854,1
0.029494382022471913,0.03017241379310345,0.06329113924050633,0.02125,0.0,0.0,0.08904109589041097,0.04,0.7267509690535073,1
0.032303370786516857,0.03017241379310345,0.06329113924050633,0.0225,0.0,0.0,0.08904109589041097,0.04,0.7226919802894625,1
0.05617977528089888,0.07902298850574713,0.04430379746835443,0.07375,0.0,0.0,0.09246575342465754,0.03375,0.6205276853203421,0
0.042134831460674156,0.024425287356321837,0.04430379746835443,0.035,0.0,0.0,0.09246575342465754,0.0275,0.734170330289992,2
0.042134831460674156,0.043103448275862065,0.04588607594936709,0.035,0.0,0.0,0.08561643835616438,0.0275,0.7207592059579323,2
0.026685393258426966,0.05316091954022988,0.020569620253164562,0.0325,0.0,0.0,0.08732876712328767,0.0275,0.7522552998248909,6
0.05337078651685393,0.03879310344827586,0.020569620253164562,0.0325,0.0,0.0,0.08561643835616438,0.0275,0.7416500514255413,6
0.032303370786516857,0.03879310344827586,0.014240506329113924,0.02875,0.0,0.0,0.08732876712328767,0.0275,0.7710842523128056,6
0.0449438202247191,0.04454022988505747,0.014240506329113924,0.0225,0.0,0.0,0.08732876712328767,0.0275,0.7589466764378219,6
0.0449438202247191,0.04597701149425287,0.02531645569620253,0.015,0.0,0.0,0.0821917808219178,0.0275,0.7590709317629077,6
0.04775280898876405,0.0632183908045977,0.014240506329113924,0.02125,0.0,0.0,0.08732876712328767,0.0275,0.7387095267542366,6
0.04775280898876405,0.0632183908045977,0.014240506329113924,0.02125,0.0,0.0,0.08732876712328767,0.0275,0.7387095267542366,6
0.04353932584269663,0.04454022988505747,0.018987341772151903,0.02125,0.0,0.0,0.09246575342465754,0.03375,0.7454673490754364,6
0.05758426966292135,0.05316091954022988,0.05063291139240507,0.0125,0.0,0.0,0.0821917808219178,0.0275,0.7164301185825259,8
0.058988764044943826,0.06178160919540231,0.04430379746835443,0.0575,0.0,0.0,0.08904109589041097,0.0275,0.6608847334008885,0
0.04775280898876405,0.0589080459770115,0.05221518987341773,0.0775,0.0,0.0,0.09075342465753425,0.0275,0.6453705305032724,0
0.05617977528089888,0.043103448275862065,0.06645569620253165,0.0225,0.0,0.0,0.08904109589041097,0.0275,0.6952199843502964,2
0.05617977528089888,0.05603448275862069,0.04272151898734177,0.0625,0.0,0.0,0.08732876712328767,0.0275,0.667735455849851,0
0.06179775280898877,0.05172413793103448,0.04588607594936709,0.0575,0.0,0.0,0.08904109589041097,0.03125,0.6628009374201986,0
0.054775280898876406,0.04741379310344828,0.04905063291139241,0.02,0.0,0.0,0.08904109589041097,0.0325,0.7072191971958719,2
0.054775280898876406,0.0574712643678161,0.0379746835443038,0.055,0.0,0.0,0.0839041095890411,0.0275,0.6833746615999625,0
0.04775280898876405,0.0660919540229885,0.05063291139240507,0.0925,0.0,0.0,0.08047945205479452,0.03125,0.6312928735410479,0
0.0646067415730337,0.06896551724137931,0.05379746835443039,0.08375,0.0,0.0,0.0821917808219178,0.0275,0.6191884920092388,0
0.0603932584269663,0.04597701149425287,0.06487341772151899,0.01625,0.0,0.0,0.08904109589041097,0.0325,0.6909652164668508,1
0.07865168539325844,0.05459770114942529,0.05063291139240507,0.035,0.0,0.0,0.08732876712328767,0.0275,0.6662889349416234,0
0.033707865168539325,0.05172413793103448,0.04113924050632911,0.0275,0.0,0.0,0.08561643835616438,0.035,0.7253123180379327,0
0.05056179775280899,0.07183908045977011,0.07120253164556962,0.05625,0.0,0.0,0.06335616438356165,0.01375,0.6730404257582896,0
0.05617977528089888,0.03017241379310345,0.03481012658227848,0.0225,0.0,0.0,0.0821917808219178,0.03125,0.7428959035218015,2
0.06320224719101124,0.04597701149425287,0.060126582278481014,0.0175,0.0,0.0,0.08732876712328767,0.0325,0.6933653919129672,1
0.04775280898876405,0.035919540229885055,0.060126582278481014,0.0225,0.0,0.0,0.07534246575342465,0.05625,0.7021086027494452,1
0.0449438202247191,0.05459770114942529,0.061708860759493674,0.03125,0.0,0.0,0.09417808219178084,0.0275,0.6858215356745812,2
0.05056179775280899,0.0660919540229885,0.03481012658227848,0.01625,0.0,0.0,0.09589041095890412,0.0375,0.69889571068302,6
0.04073033707865169,0.04597701149425287,0.03322784810126582,0.02125,0.0,0.0,0.09246575342465754,0.0325,0.7338490499011721,6
0.10955056179775281,0.09770114942528736,0.02373417721518987,0.08875,0.0,0.0,0.09417808219178084,0.07875,0.5073360293699891,3
0.06601123595505617,0.0603448275862069,0.04905063291139241,0.0275,0.0,0.0,0.07534246575342465,0.0275,0.6942508377939198,0
0.06741573033707865,0.0632183908045977,0.03955696202531645,0.0175,0.0,0.0,0.08904109589041097,0.0275,0.6957678209425961,0
0.05337078651685393,0.040229885057471264,0.017405063291139243,0.02625,0.0,0.0,0.08561643835616438,0.04,0.7371278267783712,6
0.033707865168539325,0.0574712643678161,0.022151898734177212,0.04125,0.0,0.0,0.08561643835616438,0.04,0.719802533373303,6
0.04353932584269663,0.027298850574712645,0.06329113924050633,0.01625,0.0,0.0,0.02397260273972603,0.03375,0.7918980816023583,1
0.054775280898876406,0.04741379310344828,0.03322784810126582,0.04,0.0,0.0,0.09589041095890412,0.06875,0.6599426669375054,6
0.0800561797752809,0.05316091954022988,0.03481012658227848,0.03375,0.0,0.0,0.10445205479452055,0.0275,0.6662707193076902,5
0.054775280898876406,0.04597701149425287,0.04430379746835443,0.0375,0.0,0.0,0.08047945205479452,0.05,0.6869644580837218,1
0.04915730337078652,0.040229885057471264,0.04588607594936709,0.055,0.0,0.0,0.09075342465753425,0.0275,0.6914733109648408,0
0.029494382022471913,0.03304597701149425,0.020569620253164562,0.02375,0.0,0.0,0.09417808219178084,0.0325,0.7664619385210885,6
0.04073033707865169,0.05459770114942529,0.03322784810126582,0.01625,0.0,0.0,0.07705479452054795,0.03125,0.7468893191501093,6
0.08286516853932584,0.08620689655172413,0.02531645569620253,0.04625,0.0,0.0,0.0821917808219178,0.03875,0.6384196983908297,3
0.09831460674157304,0.09051724137931035,0.017405063291139243,0.04625,0.0,0.0,0.08732876712328767,0.0275,0.6326843214646897,5
0.07584269662921349,0.06896551724137931,0.02848101265822785,0.0375,0.0,0.0,0.09760273972602738,0.035,0.656608033745152,6
0.05056179775280899,0.043103448275862065,0.022151898734177212,0.04,0.0,0.0,0.09246575342465754,0.0275,0.7242171018124942,6
0.04353932584269663,0.017241379310344827,0.061708860759493674,0.0175,0.0,0.0,0.07705479452054795,0.0275,0.755455639566917,2
0.016853932584269662,0.03017241379310345,0.03164556962025316,0.035,0.0,0.0,0.08561643835616438,0.03375,0.7669616456462094,1
0.10393258426966293,0.06178160919540231,0.018987341772151903,0.0475,0.125,0.0,0.09417808219178084,0.03125,0.5173703825710021,9
0.032303370786516857,0.02586206896551724,0.061708860759493674,0.04625,0.0,0.0,0.08561643835616438,0.0375,0.7107592611323079,1
0.06741573033707865,0.0574712643678161,0.04113924050632911,0.0325,0.0,0.0,0.09075342465753425,0.03875,0.6719703401312418,1
0.07865168539325844,0.07183908045977011,0.020569620253164562,0.05125,0.0,0.0,0.10273972602739725,0.04125,0.6336998878664096,3
0.08286516853932584,0.08620689655172413,0.02689873417721519,0.045,0.0,0.0,0.09246575342465754,0.0275,0.6390634473070773,3
0.0603932584269663,0.05459770114942529,0.05221518987341773,0.065,0.0,0.0,0.08047945205479452,0.03125,0.6560643984953962,0
0.058988764044943826,0.05316091954022988,0.05221518987341773,0.07,0.0,0.0,0.0839041095890411,0.05125,0.6304810169523675,0
0.10252808988764045,0.07183908045977011,0.02689873417721519,0.02875,0.0,0.0,0.09075342465753425,0.0275,0.65173067081784,4
0.10955056179775281,0.09195402298850575,0.02373417721518987,0.0425,0.0,0.0,0.07534246575342465,0.0275,0.629418772245127,4
0.05196629213483146,0.043103448275862065,0.0379746835443038,0.02125,0.0,0.0,0.0821917808219178,0.04625,0.7172637952230849,6
0.0351123595505618,0.03160919540229885,0.04113924050632911,0.0275,0.0,0.0,0.07534246575342465,0.03875,0.7505467387873856,6
0.0646067415730337,0.05172413793103448,0.04272151898734177,0.02,0.0,0.0,0.08732876712328767,0.0275,0.7061188343853024,1
0.0449438202247191,0.05603448275862069,0.05063291139240507,0.065,0.125,0.0,0.0839041095890411,0.0275,0.546984676035214,2
0.037921348314606744,0.05172413793103448,0.05221518987341773,0.125,0.0,0.0,0.08561643835616438,0.03375,0.6137728855247766,2
0.0449438202247191,0.027298850574712645,0.05537974683544305,0.03375,0.0,0.0,0.08047945205479452,0.03375,0.7243981303103306,1
0.10252808988764045,0.10632183908045977,0.0379746835443038,0.0675,0.0,0.0,0.04794520547945206,0.0275,0.6102301820081438,3
0.022471910112359553,0.06178160919540231,0.05537974683544305,0.0225,0.0,0.0,0.08904109589041097,0.0275,0.7213256379663842,2
0.10955056179775281,0.09913793103448275,0.061708860759493674,0.06125,0.0,0.0,0.09417808219178084,0.0275,0.5466745642164899,5
0.10533707865168539,0.11350574712643678,0.04588607594936709,0.04625,0.125,0.0,0.09075342465753425,0.04,0.4332676736149764,9
0.03651685393258427,0.0603448275862069,0.012658227848101264,0.04,0.0,0.0,0.08732876712328767,0.0275,0.7356513235098199,6
0.10674157303370786,0.10057471264367815,0.056962025316455694,0.045,0.0,0.0,0.06164383561643835,0.0275,0.60157785338972,4
0.0449438202247191,0.04597701149425287,0.05221518987341773,0.0175,0.0,0.0,0.08561643835616438,0.03875,0.7149975400514459,2
0.05758426966292135,0.050287356321839075,0.05221518987341773,0.035,0.0,0.0,0.09246575342465754,0.0275,0.6849474307171644,1
0.09269662921348315,0.06752873563218391,0.03322784810126582,0.04125,0.0,0.0,0.09760273972602738,0.0275,0.6401940473270397,5
0.09129213483146068,0.08764367816091954,0.05537974683544305,0.0425,0.0,0.0,0.08732876712328767,0.0375,0.598355673048889,5
0.06601123595505617,0.09051724137931035,0.03006329113924051,0.04625,0.0,0.0,0.09246575342465754,0.0375,0.6371924781017354,5
0.11657303370786516,0.06752873563218391,0.018987341772151903,0.06125,0.0,0.0,0.09246575342465754,0.0275,0.6156951354631415,5
0.0351123595505618,0.04454022988505747,0.056962025316455694,0.0225,0.0,0.0,0.07191780821917808,0.0275,0.7414675770287469,0
0.04353932584269663,0.05459770114942529,0.02848101265822785,0.0275,0.0,0.0,0.0839041095890411,0.0325,0.7294778507606091,6
0.05758426966292135,0.050287356321839075,0.058544303797468354,0.06875,0.0,0.0,0.0821917808219178,0.0275,0.6551422893958534,2
0.04353932584269663,0.027298850574712645,0.04272151898734177,0.02,0.0,0.0,0.09417808219178084,0.0275,0.7447622224034681,7
0.0449438202247191,0.035919540229885055,0.04746835443037975,0.03,0.0,0.0,0.07876712328767124,0.04125,0.7216511618273449,1
0.05196629213483146,0.0632183908045977,0.04905063291139241,0.07625,0.0,0.0,0.08732876712328767,0.0275,0.6446859170258907,0
0.10112359550561797,0.0574712643678161,0.04905063291139241,0.025,0.0,0.0,0.0821917808219178,0.03125,0.6539127263932557,5
0.0351123595505618,0.03017241379310345,0.03955696202531645,0.02375,0.0,0.0,0.08904109589041097,0.0275,0.7548671687406073,5
0.05617977528089888,0.043103448275862065,0.04113924050632911,0.02375,0.0,0.0,0.08904109589041097,0.04625,0.700536440046499,2
0.0603932584269663,0.0589080459770115,0.04430379746835443,0.0175,0.0,0.0,0.09589041095890412,0.0275,0.6955044871687637,2
0.046348314606741575,0.040229885057471264,0.03639240506329114,0.01625,0.0,0.0,0.0839041095890411,0.0525,0.7243752856834549,1
0.05758426966292135,0.07040229885057471,0.05221518987341773,0.02375,0.0,0.0,0.08561643835616438,0.0275,0.6829318032569218,0
0.04915730337078652,0.03879310344827586,0.02689873417721519,0.0225,0.0,0.0,0.0839041095890411,0.0275,0.7512467494146813,6
0.0800561797752809,0.05316091954022988,0.05379746835443039,0.08125,0.0,0.0,0.07876712328767124,0.03875,0.6142183090423876,0
0.058988764044943826,0.04454022988505747,0.04113924050632911,0.0275,0.0,0.0,0.09075342465753425,0.0275,0.7095783409061354,1
0.05196629213483146,0.050287356321839075,0.04588607594936709,0.05875,0.0,0.0,0.09417808219178084,0.0275,0.6714321934021815,0
0.04915730337078652,0.0014367816091954036,0.02373417721518987,0.02625,0.0,0.0,0.08561643835616438,0.03125,0.7825552994486639,6
0.054775280898876406,0.04597701149425287,0.04272151898734177,0.02125,0.0,0.0,0.08561643835616438,0.0325,0.7171597502633645,2
0.046348314606741575,0.0574712643678161,0.03481012658227848,0.02125,0.0,0.0,0.09246575342465754,0.09375,0.6539045410185063,1
0.04915730337078652,0.048850574712643674,0.03955696202531645,0.02,0.0,0.0,0.08732876712328767,0.0275,0.7276063927679657,2
0.05758426966292135,0.05172413793103448,0.056962025316455694,0.07125,0.0,0.0,0.08732876712328767,0.0275,0.6476507999663008,1
0.07162921348314606,0.07327586206896552,0.05537974683544305,0.025,0.0,0.0,0.0821917808219178,0.04125,0.6512733967905275,1
0.04915730337078652,0.027298850574712645,0.058544303797468354,0.02125,0.0,0.0,0.10445205479452055,0.03125,0.708047487462512,1
0.09410112359550563,0.050287356321839075,0.04113924050632911,0.0375,0.0,0.0,0.09075342465753425,0.05875,0.6274688549187919,5
0.05337078651685393,0.07040229885057471,0.06962025316455697,0.0225,0.0,0.0,0.07876712328767124,0.05375,0.6515895381803432,1
0.054775280898876406,0.03017241379310345,0.06487341772151899,0.02375,0.0,0.0,0.09760273972602738,0.0275,0.7013261478604738,2
0.03932584269662922,0.034482758620689655,0.018987341772151903,0.02875,0.0,0.0,0.09075342465753425,0.0325,0.7552006322529949,6
0.03932584269662922,0.034482758620689655,0.05537974683544305,0.01875,0.0,0.0,0.08561643835616438,0.03375,0.7326952134910737,2
0.030898876404494385,0.034482758620689655,0.05221518987341773,0.035,0.0,0.0,0.09075342465753425,0.03375,0.722899750443864,1
0.03932584269662922,0.034482758620689655,0.018987341772151903,0.02875,0.0,0.0,0.08904109589041097,0.0325,0.7569129610201183,6
0.030898876404494385,0.035919540229885055,0.05063291139240507,0.0325,0.0,0.0,0.08904109589041097,0.03375,0.7272575760828045,1
0.05196629213483146,0.05459770114942529,0.056962025316455694,0.03,0.0,0.0,0.08561643835616438,0.0275,0.6933575430431231,2
0.054775280898876406,0.07040229885057471,0.05221518987341773,0.0825,0.0,0.0,0.0839041095890411,0.0275,0.62870312078809,0
0.05056179775280899,0.0589080459770115,0.05221518987341773,0.06,0.0,0.0,0.09075342465753425,0.0325,0.6550615417392276,0
0.08567415730337079,0.0646551724137931,0.03322784810126582,0.035,0.0,0.0,0.0821917808219178,0.0275,0.6717510413596524,0
0.042134831460674156,0.040229885057471264,0.04746835443037975,0.02375,0.0,0.0,0.09760273972602738,0.0275,0.7213141893254474,0
0.09831460674157304,0.07471264367816093,0.04905063291139241,0.05125,0.0,0.0,0.09760273972602738,0.0325,0.5965693769428462,0
0.054775280898876406,0.05172413793103448,0.04905063291139241,0.025,0.0,0.0,0.07363013698630137,0.065,0.6808198112723953,1
0.009831460674157301,0.050287356321839075,0.03955696202531645,0.015,0.0,0.0,0.0,0.03125,0.8540742209786871,1
0.02106741573033708,0.035919540229885055,0.04905063291139241,0.045,0.0,0.0,0.0821917808219178,0.07,0.6967706303064676,1
0.058988764044943826,0.05459770114942529,0.04746835443037975,0.01375,0.0,0.0,0.0839041095890411,0.05125,0.69004107078621,1
0.06601123595505617,0.05172413793103448,0.04588607594936709,0.05125,0.0,0.0,0.09760273972602738,0.0275,0.6600258104385148,0
0.07162921348314606,0.06752873563218391,0.04113924050632911,0.02,0.0,0.0,0.09075342465753425,0.0275,0.6814493857208066,2
0.0800561797752809,0.0646551724137931,0.04746835443037975,0.02375,0.0,0.125,0.09246575342465754,0.0275,0.5391045399558887,8
0.04073033707865169,0.05603448275862069,0.05063291139240507,0.065,0.0,0.0,0.08732876712328767,0.0275,0.6727735016470349,0
0.05617977528089888,0.048850574712643674,0.03164556962025316,0.055,0.0,0.0,0.08561643835616438,0.0275,0.6952076420300399,6
0.08567415730337079,0.06178160919540231,0.03006329113924051,0.0325,0.0,0.0,0.08732876712328767,0.0325,0.6701521752386987,5
0.05337078651685393,0.04454022988505747,0.0379746835443038,0.0275,0.0,0.0,0.08732876712328767,0.0275,0.7217855329304971,2
0.029494382022471913,0.048850574712643674,0.05379746835443039,0.03125,0.0,0.0,0.0839041095890411,0.0275,0.7252034653214129,0
0.04915730337078652,0.0632183908045977,0.04905063291139241,0.035,0.0,0.0,0.08904109589041097,0.0275,0.6870325770228124,1
0.058988764044943826,0.050287356321839075,0.0379746835443038,0.055,0.0,0.0,0.0839041095890411,0.03375,0.6800950864998723,0
0.05337078651685393,0.050287356321839075,0.03955696202531645,0.07875,0.0,0.0,0.08904109589041097,0.0275,0.6614937992455796,0
0.08286516853932584,0.0574712643678161,0.03322784810126582,0.0275,0.0,0.0,0.08732876712328767,0.035,0.6766069518683046,1
0.0800561797752809,0.07902298850574713,0.04430379746835443,0.01875,0.0,0.0,0.09075342465753425,0.0275,0.6596136095930833,4
0.05056179775280899,0.06752873563218391,0.022151898734177212,0.02625,0.0,0.0,0.08904109589041097,0.0275,0.716966471990419,6
0.06179775280898877,0.05172413793103448,0.0379746835443038,0.0225,0.0,0.0,0.0839041095890411,0.0275,0.7145993161266317,1
0.04073033707865169,0.0574712643678161,0.06329113924050633,0.02625,0.0,0.0,0.0821917808219178,0.04125,0.688815478491108,1
0.0646067415730337,0.04454022988505747,0.03322784810126582,0.025,0.0,0.0,0.09246575342465754,0.0275,0.7126594270159854,2
0.04073033707865169,0.048850574712643674,0.04272151898734177,0.0225,0.0,0.0,0.07876712328767124,0.0275,0.7389304459336916,2
0.032303370786516857,0.0589080459770115,0.05221518987341773,0.01625,0.0,0.0,0.08904109589041097,0.0275,0.7237822974726429,2
0.0449438202247191,0.10057471264367815,0.05379746835443039,0.025,0.0,0.0,0.08047945205479452,0.05,0.6452045467223779,1
0.06179775280898877,0.07471264367816093,0.04588607594936709,0.035,0.0,0.0,0.09417808219178084,0.0275,0.6609254453717024,1
0.025280898876404494,0.04741379310344828,0.05221518987341773,0.03375,0.0,0.0,0.0839041095890411,0.0275,0.7299360085576884,2
0.04915730337078652,0.041666666666666664,0.061708860759493674,0.02625,0.0,0.0,0.06849315068493152,0.0275,0.7252240185181216,4
0.09691011235955056,0.09770114942528736,0.05379746835443039,0.04375,0.0,0.0,0.07191780821917808,0.0275,0.6084234616415536,4
0.0955056179775281,0.08764367816091954,0.04430379746835443,0.04125,0.0,0.0,0.0821917808219178,0.0275,0.62160512557128,4
0.04775280898876405,0.050287356321839075,0.06645569620253165,0.08375,0.0,0.0,0.0821917808219178,0.0275,0.6420623576649473,0
0.07724719101123596,0.05603448275862069,0.04905063291139241,0.055,0.0,0.0,0.09589041095890412,0.03375,0.6330272823598468,0
0.054775280898876406,0.05172413793103448,0.060126582278481014,0.05875,0.0,0.0,0.0839041095890411,0.045,0.6457198893025671,0
0.0603932584269663,0.05603448275862069,0.05221518987341773,0.025,0.0,0.0,0.09417808219178084,0.03125,0.6809289867492144,1
0.03651685393258427,0.02586206896551724,0.05063291139240507,0.02,0.0,0.0,0.09075342465753425,0.055,0.7212347410519592,1
0.0449438202247191,0.03735632183908046,0.060126582278481014,0.01625,0.0,0.0,0.0702054794520548,0.05375,0.7173677962056646,1
0.05196629213483146,0.048850574712643674,0.05221518987341773,0.06875,0.0,0.0,0.08732876712328767,0.08125,0.6096391761558195,0
0.06882022471910113,0.0660919540229885,0.0379746835443038,0.02875,0.0,0.0,0.09417808219178084,0.0275,0.6766850555218258,0
0.04775280898876405,0.08620689655172413,0.04113924050632911,0.08125,0.0,0.0,0.09246575342465754,0.05375,0.5974353005285251,0
0.07724719101123596,0.0589080459770115,0.04430379746835443,0.02,0.0,0.0,0.09246575342465754,0.045,0.6620752121187405,1
0.04915730337078652,0.0603448275862069,0.06329113924050633,0.01625,0.0,0.0,0.08047945205479452,0.0275,0.7029772777477057,2
0.04353932584269663,0.05316091954022988,0.05063291139240507,0.0275,0.0,0.125,0.08561643835616438,0.0275,0.5870504048685039,8
0.07724719101123596,0.07614942528735633,0.017405063291139243,0.0675,0.0,0.0,0.08732876712328767,0.0275,0.6468695532869808,5
0.08848314606741572,0.06178160919540231,0.022151898734177212,0.045,0.0,0.0,0.08732876712328767,0.03125,0.6640045788797171,5
0.10955056179775281,0.05603448275862069,0.03164556962025316,0.0325,0.0,0.0,0.08904109589041097,0.03875,0.6424782899329624,5
0.07865168539325844,0.05459770114942529,0.05221518987341773,0.02625,0.0,0.0,0.07363013698630137,0.0375,0.6771552865975972,0
0.06601123595505617,0.04741379310344828,0.03955696202531645,0.0425,0.0,0.0,0.08561643835616438,0.05375,0.6651515705600146,1
0.04073033707865169,0.07902298850574713,0.04588607594936709,0.1025,0.0,0.0,0.07534246575342465,0.045,0.6115181327128094,0
0.06741573033707865,0.0632183908045977,0.03481012658227848,0.0325,0.0,0.0,0.08732876712328767,0.0275,0.6872269851527575,0
0.03932584269662922,0.024425287356321837,0.05537974683544305,0.015,0.0,0.0,0.09075342465753425,0.0475,0.7276156984540716,1
0.06882022471910113,0.07040229885057471,0.05221518987341773,0.05,0.0,0.0,0.08561643835616438,0.0275,0.645445848200742,0
0.0351123595505618,0.03879310344827586,0.05063291139240507,0.06,0.0,0.0,0.0821917808219178,0.0275,0.7057698447868395,0
0.05617977528089888,0.041666666666666664,0.05537974683544305,0.0475,0.0,0.0,0.07876712328767124,0.0275,0.6930066879293202,0
0.042134831460674156,0.0589080459770115,0.058544303797468354,0.025,0.0,0.0,0.08904109589041097,0.0275,0.698871722874435,0
0.0646067415730337,0.03879310344827586,0.06487341772151899,0.0375,0.0,0.0,0.0821917808219178,0.01375,0.6982849564352536,0
0.05758426966292135,0.05316091954022988,0.060126582278481014,0.03875,0.0,0.0,0.08561643835616438,0.0275,0.6772617901622033,0
0.04353932584269663,0.0574712643678161,0.05063291139240507,0.08,0.0,0.0,0.08047945205479452,0.0275,0.6603770463422877,0
0.054775280898876406,0.04741379310344828,0.0680379746835443,0.045,0.0,0.0,0.0839041095890411,0.0275,0.6733688417250898,0
0.06882022471910113,0.05459770114942529,0.061708860759493674,0.0475,0.0,0.125,0.08904109589041097,0.03,0.5233321174815689,0
0.04775280898876405,0.035919540229885055,0.0680379746835443,0.0175,0.0,0.0,0.09246575342465754,0.0275,0.710823922673149,0
0.06882022471910113,0.0632183908045977,0.0680379746835443,0.065,0.0,0.0,0.08047945205479452,0.035,0.6194439577379623,0
0.058988764044943826,0.041666666666666664,0.058544303797468354,0.03625,0.0,0.0,0.08561643835616438,0.0275,0.6914338271347568,0
0.042134831460674156,0.05603448275862069,0.05063291139240507,0.05125,0.0,0.0,0.06678082191780822,0.04125,0.6919169524704918,0
0.04775280898876405,0.043103448275862065,0.06645569620253165,0.05,0.0,0.0,0.10102739726027397,0.01375,0.6779106492725683,0
0.046348314606741575,0.04454022988505747,0.07278481012658229,0.04375,0.0,0.0,0.0821917808219178,0.0325,0.6778848645597009,0
0.06601123595505617,0.05603448275862069,0.06329113924050633,0.04125,0.0,0.0,0.06506849315068493,0.01375,0.6945946488951319,0
0.0646067415730337,0.06896551724137931,0.05379746835443039,0.03375,0.0,0.0,0.07534246575342465,0.02625,0.677287807077732,0
0.0646067415730337,0.0646551724137931,0.058544303797468354,0.04375,0.0,0.0,0.0839041095890411,0.0275,0.6570396726266637,0
0.07443820224719101,0.07327586206896552,0.05537974683544305,0.02625,0.0,0.0,0.08561643835616438,0.0275,0.657539750492236,0
0.06320224719101124,0.05316091954022988,0.06329113924050633,0.06125,0.0,0.0,0.07876712328767124,0.035,0.6453285707405813,0
0.06882022471910113,0.04741379310344828,0.060126582278481014,0.02,0.0,0.0,0.0839041095890411,0.0275,0.6922352903099285,0
0.0351123595505618,0.035919540229885055,0.05537974683544305,0.055,0.0,0.0,0.0821917808219178,0.0275,0.7088965725621923,0
0.058988764044943826,0.05603448275862069,0.06329113924050633,0.04375,0.0,0.0,0.08561643835616438,0.0275,0.6648191755997648,0
0.07162921348314606,0.0660919540229885,0.05221518987341773,0.05875,0.0,0.0,0.07876712328767124,0.0275,0.6450465193327765,0
0.06179775280898877,0.05316091954022988,0.061708860759493674,0.03875,0.0,0.0,0.07876712328767124,0.03375,0.6720653436036164,0
0.06601123595505617,0.0574712643678161,0.056962025316455694,0.0575,0.0,0.0,0.08732876712328767,0.03375,0.6409767072373844,0
0.07584269662921349,0.0574712643678161,0.05379746835443039,0.065,0.0,0.0,0.08047945205479452,0.03375,0.6336591185937455,0
0.037921348314606744,0.0589080459770115,0.05221518987341773,0.05125,0.0,0.0,0.08732876712328767,0.0275,0.6848766487116764,0
0.06601123595505617,0.0574712643678161,0.04588607594936709,0.06625,0.0,0.0,0.08047945205479452,0.03875,0.6451519716729661,0
0.0702247191011236,0.04741379310344828,0.04746835443037975,0.04625,0.0,0.0,0.08732876712328767,0.0275,0.6738143662417606,0
0.06179775280898877,0.0660919540229885,0.04113924050632911,0.08,0.0,0.0,0.09246575342465754,0.04125,0.617255299237036,0
0.0603932584269663,0.07327586206896552,0.04588607594936709,0.01625,0.0,0.0,0.0839041095890411,0.0275,0.69279069396566,0
0.04073033707865169,0.08764367816091954,0.04430379746835443,0.02,0.0,0.0,0.08732876712328767,0.0275,0.6924934201687867,0
0.09129213483146068,0.09051724137931035,0.022151898734177212,0.03375,0.0,0.0,0.07534246575342465,0.0275,0.659446259301627,3
0.05617977528089888,0.06178160919540231,0.04746835443037975,0.0525,0.0,0.0,0.09075342465753425,0.045,0.6463168364357847,0
0.0449438202247191,0.027298850574712645,0.04588607594936709,0.03625,0.0,0.0,0.08561643835616438,0.0275,0.7325048148950368,0
0.05337078651685393,0.04454022988505747,0.0379746835443038,0.06875,0.0,0.0,0.0821917808219178,0.0275,0.6856725192318669,0
0.029494382022471913,0.04597701149425287,0.03639240506329114,0.025,0.0,0.0,0.09417808219178084,0.04125,0.7277081192282032,1
0.05617977528089888,0.06752873563218391,0.04746835443037975,0.0325,0.0,0.0,0.09246575342465754,0.0275,0.6763573812318799,1
0.05337078651685393,0.04741379310344828,0.03322784810126582,0.0575,0.0,0.0,0.09417808219178084,0.0275,0.686809490086651,1
0.054775280898876406,0.06178160919540231,0.04430379746835443,0.07625,0.0,0.0,0.08561643835616438,0.0275,0.6497728740812024,0
0.05617977528089888,0.050287356321839075,0.04746835443037975,0.05375,0.0,0.0,0.0839041095890411,0.0275,0.6809104043778411,0
0.05758426966292135,0.035919540229885055,0.06487341772151899,0.015,0.0,0.0,0.0702054794520548,0.035,0.7214172929336198,1
0.058988764044943826,0.03879310344827586,0.056962025316455694,0.015,0.0,0.0,0.09075342465753425,0.04,0.6995026825327904,1
0.05617977528089888,0.06178160919540231,0.06487341772151899,0.03,0.0,0.0,0.08904109589041097,0.06375,0.6343741019117689,1
0.07303370786516854,0.06752873563218391,0.04588607594936709,0.03375,0.0,0.0,0.09417808219178084,0.0275,0.6581233983614996,0
0.04915730337078652,0.04454022988505747,0.05063291139240507,0.03875,0.0,0.0,0.0821917808219178,0.0275,0.7072277745298331,0
0.06601123595505617,0.0632183908045977,0.05221518987341773,0.08625,0.0,0.0,0.09246575342465754,0.0275,0.6123394299422709,0
0.0702247191011236,0.0660919540229885,0.04113924050632911,0.06125,0.0,0.0,0.09246575342465754,0.0275,0.6413283329449012,0
0.07303370786516854,0.048850574712643674,0.05537974683544305,0.015,0.0,0.0,0.08561643835616438,0.0275,0.6946195322305804,0
0.06179775280898877,0.0574712643678161,0.05221518987341773,0.05,0.0,0.0,0.0821917808219178,0.0275,0.6688240121278596,0
0.042134831460674156,0.048850574712643674,0.058544303797468354,0.0775,0.0,0.0,0.08561643835616438,0.0275,0.6598538516730494,0
0.046348314606741575,0.0574712643678161,0.05063291139240507,0.04625,0.0,0.0,0.08732876712328767,0.0275,0.6844687425097495,0
0.0646067415730337,0.03879310344827586,0.04272151898734177,0.03,0.0,0.0,0.09417808219178084,0.0275,0.7022005537995678,2
0.04915730337078652,0.04741379310344828,0.05537974683544305,0.015,0.0,0.0,0.09417808219178084,0.0275,0.7113710744985413,0
0.05056179775280899,0.04741379310344828,0.05379746835443039,0.035,0.0,0.0,0.07534246575342465,0.0575,0.6803844750358877,1
0.03932584269662922,0.03160919540229885,0.04430379746835443,0.02125,0.0,0.0,0.0839041095890411,0.0275,0.7521070548436763,1
0.06601123595505617,0.035919540229885055,0.03006329113924051,0.02625,0.0,0.0,0.08561643835616438,0.0275,0.7286394943196539,2
0.058988764044943826,0.040229885057471264,0.04588607594936709,0.03,0.125,0.0,0.08047945205479452,0.0275,0.5919158228934233,2
0.0449438202247191,0.03879310344827586,0.04588607594936709,0.0225,0.0,0.0,0.08561643835616438,0.035,0.7272605620214736,2
0.042134831460674156,0.0660919540229885,0.03955696202531645,0.02375,0.0,0.0,0.06164383561643835,0.0275,0.7393224168745826,4
0.06601123595505617,0.06178160919540231,0.04905063291139241,0.03125,0.0,0.0,0.09760273972602738,0.04375,0.6505537822121217,1
0.05617977528089888,0.07471264367816093,0.05063291139240507,0.02375,0.0,0.0,0.0839041095890411,0.0275,0.683320560059494,4
0.09831460674157304,0.09482758620689656,0.017405063291139243,0.04625,0.0,0.0,0.0702054794520548,0.0275,0.6454972643083363,3
0.046348314606741575,0.040229885057471264,0.012658227848101264,0.02625,0.0,0.0,0.0839041095890411,0.0275,0.7631094628986448,6
0.05337078651685393,0.06752873563218391,0.05379746835443039,0.02125,0.0,0.0,0.07534246575342465,0.0275,0.7012105437431071,2
0.06320224719101124,0.07183908045977011,0.04905063291139241,0.025,0.0,0.0,0.058219178082191785,0.0325,0.7001888613556344,1
0.04353932584269663,0.02155172413793104,0.056962025316455694,0.0225,0.0,0.0,0.07191780821917808,0.0275,0.7560291164837386,1
0.05617977528089888,0.04741379310344828,0.05221518987341773,0.05125,0.0,0.0,0.09075342465753425,0.0275,0.6746878170847008,0
0.06882022471910113,0.05459770114942529,0.04905063291139241,0.05625,0.0,0.0,0.08561643835616438,0.03375,0.6519150028639168,0
0.03651685393258427,0.040229885057471264,0.0379746835443038,0.0175,0.0,0.0,0.08047945205479452,0.0275,0.7597991254108462,2
0.03651685393258427,0.05459770114942529,0.056962025316455694,0.05,0.0,0.0,0.0821917808219178,0.03375,0.6859816387796169,0
0.0351123595505618,0.03735632183908046,0.05379746835443039,0.0325,0.0,0.0,0.0839041095890411,0.0275,0.7298297406668862,1
0.054775280898876406,0.03304597701149425,0.05063291139240507,0.05125,0.0,0.0,0.09417808219178084,0.045,0.6711177485054435,2
0.06741573033707865,0.0646551724137931,0.02848101265822785,0.065,0.0,0.0,0.08561643835616438,0.03875,0.6500816462347361,2
0.09410112359550563,0.07183908045977011,0.05063291139240507,0.01625,0.0,0.0,0.09246575342465754,0.0275,0.6472111311276616,5
0.05056179775280899,0.0660919540229885,0.02531645569620253,0.03875,0.0,0.0,0.08732876712328767,0.045,0.6869510254047123,1
0.05196629213483146,0.07040229885057471,0.04905063291139241,0.0375,0.0,0.0,0.08732876712328767,0.04625,0.6575020089799137,1
0.058988764044943826,0.06896551724137931,0.04746835443037975,0.06125,0.0,0.0,0.09246575342465754,0.03375,0.6371116108586397,0
0.05196629213483146,0.0589080459770115,0.05063291139240507,0.075,0.0,0.0,0.09075342465753425,0.03875,0.6339893258382177,1
0.030898876404494385,0.04741379310344828,0.05063291139240507,0.03625,0.0,0.0,0.08561643835616438,0.06875,0.6804379807434878,1
0.0351123595505618,0.04454022988505747,0.04746835443037975,0.02125,0.0,0.0,0.10273972602739725,0.02375,0.7251393301066038,1
0.03932584269662922,0.03017241379310345,0.07436708860759494,0.0375,0.0,0.0,0.08561643835616438,0.03625,0.696768216546508,1
0.0,0.040229885057471264,0.07278481012658229,0.01625,0.0,0.0,0.07705479452054795,0.03625,0.7574305102953985,1
0.04073033707865169,0.0574712643678161,0.03639240506329114,0.0225,0.0,0.0,0.09246575342465754,0.03875,0.7116902400655836,1
0.05056179775280899,0.05316091954022988,0.05379746835443039,0.02375,0.0,0.0,0.10616438356164384,0.0275,0.6850654307908869,2
0.033707865168539325,0.05316091954022988,0.03639240506329114,0.03375,0.0,0.0,0.08732876712328767,0.0275,0.728160043104652,2
0.0351123595505618,0.024425287356321837,0.04588607594936709,0.02375,0.0,0.0,0.09417808219178084,0.0375,0.7391481949519685,1
0.05337078651685393,0.04454022988505747,0.04746835443037975,0.0225,0.0,0.0,0.08904109589041097,0.03375,0.7093295332772979,2
0.033707865168539325,0.04454022988505747,0.05221518987341773,0.0325,0.0,0.0,0.08904109589041097,0.0325,0.7154956191825745,1
0.0449438202247191,0.02155172413793104,0.05063291139240507,0.0425,0.0,0.0,0.09417808219178084,0.07125,0.674943462053164,1
0.030898876404494385,0.050287356321839075,0.05379746835443039,0.02,0.0,0.0,0.09075342465753425,0.09375,0.6605128742617019,1
0.04775280898876405,0.011494252873563216,0.04430379746835443,0.03,0.0,0.0,0.07876712328767124,0.03875,0.748932017381647,1
0.046348314606741575,0.03017241379310345,0.06329113924050633,0.01625,0.0,0.0,0.0839041095890411,0.0325,0.7275340227706075,1
0.10674157303370786,0.048850574712643674,0.061708860759493674,0.05875,0.0,0.0,0.10102739726027397,0.0275,0.5954215942338807,1
0.026685393258426966,0.0603448275862069,0.058544303797468354,0.02,0.0,0.0,0.10445205479452055,0.035,0.6949734205633772,1
0.025280898876404494,0.03017241379310345,0.05379746835443039,0.03,0.0,0.0,0.08732876712328767,0.0275,0.745920451852774,2
0.0898876404494382,0.07758620689655173,0.04746835443037975,0.03625,0.0,0.0,0.08904109589041097,0.045,0.6147667023332194,0
0.05056179775280899,0.048850574712643674,0.04588607594936709,0.01875,0.0,0.0,0.08561643835616438,0.06,0.6903351132290159,1
0.05617977528089888,0.03017241379310345,0.04430379746835443,0.02,0.0,0.0,0.09075342465753425,0.02625,0.732340588800109,1
0.07443820224719101,0.09051724137931035,0.04746835443037975,0.0225,0.0,0.0,0.07876712328767124,0.0275,0.6588090786554477,1
0.04775280898876405,0.040229885057471264,0.058544303797468354,0.06,0.0,0.0,0.09075342465753425,0.08,0.6227195774987621,1
0.11095505617977529,0.0589080459770115,0.060126582278481014,0.025,0.0,0.0,0.0821917808219178,0.0275,0.6353185347428143,1
0.10814606741573034,0.0660919540229885,0.05221518987341773,0.04875,0.0,0.0,0.0702054794520548,0.0375,0.6170913092358087,1
0.08286516853932584,0.05459770114942529,0.04113924050632911,0.03,0.0,0.0,0.09075342465753425,0.03125,0.6693944651473855,1
0.01966292134831461,0.03304597701149425,0.058544303797468354,0.0375,0.0,0.0,0.09931506849315068,0.03875,0.7131817293495721,1
0.08146067415730336,0.07040229885057471,0.04430379746835443,0.0,0.125,0.0,0.08047945205479452,0.0275,0.570853777468973,1
0.10112359550561797,0.0632183908045977,0.03322784810126582,0.07125,0.0,0.0,0.08561643835616438,0.04,0.6055637272323542,5
0.0449438202247191,0.035919540229885055,0.02689873417721519,0.015,0.0,0.0,0.08561643835616438,0.0275,0.7641214670120162,5
0.09410112359550563,0.07471264367816093,0.03006329113924051,0.02,0.0,0.0,0.10787671232876712,0.0275,0.6457462292583258,0
0.05758426966292135,0.07327586206896552,0.020569620253164562,0.02,0.0,0.0,0.09760273972602738,0.0275,0.7034675082889212,0
0.0898876404494382,0.07614942528735633,0.0680379746835443,0.04875,0.0,0.0,0.07876712328767124,0.04,0.59840783629199,0
0.042134831460674156,0.05172413793103448,0.058544303797468354,0.0275,0.0,0.0,0.08904109589041097,0.0275,0.7035556309204121,0
0.06601123595505617,0.05459770114942529,0.05537974683544305,0.02,0.0,0.0,0.058219178082191785,0.0275,0.7182921379778837,1
0.05196629213483146,0.05172413793103448,0.0379746835443038,0.02875,0.0,0.0,0.08732876712328767,0.0275,0.7147561192665426,6
0.03932584269662922,0.041666666666666664,0.04430379746835443,0.0125,0.0,0.0,0.0839041095890411,0.08125,0.6970495835793086,1
0.02808988764044944,0.041666666666666664,0.04272151898734177,0.02125,0.0,0.0,0.0839041095890411,0.06625,0.716117817116501,1
0.03932584269662922,0.02155172413793104,0.05221518987341773,0.0175,0.0,0.0,0.10102739726027397,0.0275,0.7408798460317481,0
0.09129213483146068,0.07758620689655173,0.02531645569620253,0.0275,0.0,0.0,0.09246575342465754,0.0275,0.6583394491511274,5
0.05337078651685393,0.020114942528735635,0.056962025316455694,0.0225,0.0,0.125,0.09246575342465754,0.0275,0.6020864922132971,8
0.02387640449438203,0.050287356321839075,0.05537974683544305,0.02,0.0,0.0,0.0821917808219178,0.0325,0.7357647115264181,2
0.08146067415730336,0.03735632183908046,0.04905063291139241,0.015,0.0,0.0,0.06506849315068493,0.04375,0.7083138779415388,2
0.07443820224719101,0.05603448275862069,0.04588607594936709,0.0325,0.0,0.0,0.08732876712328767,0.03875,0.6650624719215334,1
0.06320224719101124,0.050287356321839075,0.04588607594936709,0.0375,0.0,0.0,0.08732876712328767,0.0275,0.6882955534144949,2
0.054775280898876406,0.05316091954022988,0.05221518987341773,0.02,0.0,0.0,0.0839041095890411,0.0275,0.708444500098435,8
0.05056179775280899,0.043103448275862065,0.060126582278481014,0.03375,0.0,0.0,0.09417808219178084,0.0275,0.6907800895010672,8
0.0800561797752809,0.0660919540229885,0.03639240506329114,0.06125,0.0,0.0,0.06849315068493152,0.0325,0.6552163104535079,8
0.054775280898876406,0.05459770114942529,0.056962025316455694,0.03375,0.0,0.0,0.0821917808219178,0.0275,0.6902232118133247,8
0.04775280898876405,0.04741379310344828,0.06329113924050633,0.025,0.0,0.0,0.10616438356164384,0.0275,0.6828778751056375,2
0.058988764044943826,0.05459770114942529,0.02373417721518987,0.01625,0.0,0.0,0.08904109589041097,0.0275,0.72988826170003,6
0.06882022471910113,0.0589080459770115,0.05221518987341773,0.06625,0.0,0.0,0.08904109589041097,0.03375,0.6310154435400587,0
0.05337078651685393,0.05603448275862069,0.05063291139240507,0.0875,0.0,0.0,0.08732876712328767,0.0275,0.6376330522088327,0
0.05337078651685393,0.04597701149425287,0.05063291139240507,0.02,0.0,0.0,0.0839041095890411,0.03875,0.707365181007447,2
0.05617977528089888,0.04741379310344828,0.056962025316455694,0.03125,0.0,0.0,0.09075342465753425,0.0275,0.6899409816416628,2
0.05337078651685393,0.04597701149425287,0.03955696202531645,0.0225,0.0,0.0,0.0839041095890411,0.03875,0.7159411303745357,2
0.05758426966292135,0.04741379310344828,0.04746835443037975,0.0225,0.0,0.0,0.08561643835616438,0.0275,0.7119171444470862,2
0.06179775280898877,0.0660919540229885,0.04905063291139241,0.0125,0.0,0.0,0.09075342465753425,0.0275,0.6923062355990961,2
0.03932584269662922,0.0646551724137931,0.04588607594936709,0.0125,0.0,0.0,0.08732876712328767,0.03125,0.719054141816923,2
0.08286516853932584,0.10201149425287356,0.04430379746835443,0.035,0.125,0.0,0.09931506849315068,0.0275,0.4840044712462954,9
0.030898876404494385,0.035919540229885055,0.0379746835443038,0.02375,0.0,0.0,0.09246575342465754,0.04625,0.7327411463966592,1
0.0702247191011236,0.04741379310344828,0.03639240506329114,0.05875,0.0,0.0,0.08561643835616438,0.04625,0.6553526443759725,1
0.042134831460674156,0.050287356321839075,0.02689873417721519,0.01625,0.0,0.0,0.08732876712328767,0.04375,0.7333503109169839,6
0.03651685393258427,0.041666666666666664,0.061708860759493674,0.01625,0.0,0.0,0.08732876712328767,0.0275,0.7290288515179677,1
0.04775280898876405,0.0646551724137931,0.060126582278481014,0.055,0.0,0.0,0.09589041095890412,0.0275,0.6490750253600577,0
0.08848314606741572,0.10919540229885058,0.017405063291139243,0.03,0.0,0.0,0.09246575342465754,0.04,0.6224506349179368,3
0.02387640449438203,0.04741379310344828,0.007911392405063293,0.0225,0.0,0.0,0.06678082191780822,0.0275,0.8040175880792981,7
0.05617977528089888,0.04741379310344828,0.04430379746835443,0.02625,0.0,0.0,0.09417808219178084,0.0275,0.7041745519555176,7
0.09691011235955056,0.09913793103448275,0.056962025316455694,0.0325,0.0,0.0,0.09760273972602738,0.03375,0.5831371915634835,7
0.04915730337078652,0.05172413793103448,0.0379746835443038,0.035,0.0,0.0,0.09417808219178084,0.0275,0.7044657929620943,7
0.04073033707865169,0.03304597701149425,0.05379746835443039,0.01875,0.0,0.0,0.09075342465753425,0.0275,0.7354227928978894,7
0.07865168539325844,0.04741379310344828,0.058544303797468354,0.0375,0.0,0.0,0.09760273972602738,0.03375,0.6465374779797975,1
0.054775280898876406,0.027298850574712645,0.04430379746835443,0.06125,0.0,0.0,0.0821917808219178,0.04,0.6901802902361387,0
0.04775280898876405,0.0574712643678161,0.04113924050632911,0.05375,0.0,0.0,0.08561643835616438,0.03375,0.6805202477809263,0
0.0898876404494382,0.06752873563218391,0.03481012658227848,0.04375,0.0,0.0,0.07705479452054795,0.03375,0.6532187028155514,0
0.06320224719101124,0.07902298850574713,0.04905063291139241,0.04875,0.0,0.0,0.06164383561643835,0.0275,0.6708302957754109,0
0.05196629213483146,0.04597701149425287,0.060126582278481014,0.04375,0.0,0.0,0.09417808219178084,0.0375,0.6665020319006538,0
0.02106741573033708,0.02155172413793104,0.061708860759493674,0.025,0.0,0.0,0.09246575342465754,0.03875,0.7394562459475806,0
0.06741573033707865,0.04597701149425287,0.058544303797468354,0.02625,0.0,0.0,0.0839041095890411,0.0275,0.690408844782159,0
0.05196629213483146,0.05603448275862069,0.04430379746835443,0.04375,0.0,0.07530120481927711,0.08732876712328767,0.0275,0.6138154556956286,0
0.06741573033707865,0.0646551724137931,0.04113924050632911,0.07625,0.0,0.0,0.07534246575342465,0.0375,0.6376973909893745,0
0.054775280898876406,0.0632183908045977,0.06487341772151899,0.03125,0.0,0.0,0.08732876712328767,0.0275,0.6710541434517192,0
0.0646067415730337,0.05172413793103448,0.04588607594936709,0.025,0.0,0.0,0.08732876712328767,0.035,0.690454277423277,2
0.07162921348314606,0.043103448275862065,0.04430379746835443,0.03625,0.0,0.0,0.08561643835616438,0.03375,0.685347102416473,2
0.04775280898876405,0.040229885057471264,0.04430379746835443,0.0175,0.125,0.0,0.09075342465753425,0.0375,0.596960083827876,2
0.05056179775280899,0.05172413793103448,0.061708860759493674,0.01875,0.0,0.0,0.06506849315068493,0.0275,0.724686710405978,2
0.042134831460674156,0.050287356321839075,0.05221518987341773,0.03,0.0,0.0,0.06335616438356165,0.06375,0.6982564579605074,1
0.04915730337078652,0.04741379310344828,0.05063291139240507,0.02875,0.0,0.0,0.08732876712328767,0.0275,0.7092172250100724,2
0.05196629213483146,0.041666666666666664,0.04272151898734177,0.02375,0.0,0.0,0.09931506849315068,0.0275,0.7130804537180093,2
0.0449438202247191,0.04597701149425287,0.05063291139240507,0.02375,0.0,0.0,0.09589041095890412,0.0275,0.7113058459297188,2
0.02387640449438203,0.03304597701149425,0.05379746835443039,0.01875,0.0,0.0,0.09760273972602738,0.0275,0.745427410413666,2
0.05196629213483146,0.04741379310344828,0.058544303797468354,0.0325,0.0,0.0,0.07534246575342465,0.0275,0.7067331452108272,1
0.08848314606741572,0.08477011494252873,0.04588607594936709,0.035,0.0,0.0,0.08561643835616438,0.03375,0.626494224684524,4
0.08848314606741572,0.08477011494252873,0.04588607594936709,0.035,0.0,0.0,0.0839041095890411,0.03375,0.6282065534516473,4
0.037921348314606744,0.07040229885057471,0.04905063291139241,0.0175,0.0,0.0,0.09075342465753425,0.0275,0.7068722952658919,2
0.09269662921348315,0.08477011494252873,0.04272151898734177,0.0325,0.0,0.0,0.08732876712328767,0.0275,0.6324829697333586,4
0.046348314606741575,0.041666666666666664,0.056962025316455694,0.0275,0.0,0.0,0.08561643835616438,0.03125,0.7106565550539716,1
0.08848314606741572,0.08764367816091954,0.04746835443037975,0.03375,0.0,0.0,0.08561643835616438,0.0275,0.6295383829851207,4
0.03932584269662922,0.09770114942528736,0.022151898734177212,0.035,0.0,0.0,0.08732876712328767,0.05625,0.6622423420206185,6
0.058988764044943826,0.0589080459770115,0.03481012658227848,0.0225,0.0,0.0,0.09075342465753425,0.03875,0.6952896387382319,1
0.037921348314606744,0.04597701149425287,0.02531645569620253,0.02375,0.0,0.0,0.08904109589041097,0.0375,0.7404940886045269,6
0.04073033707865169,0.034482758620689655,0.05221518987341773,0.01625,0.0,0.0,0.0821917808219178,0.0275,0.746629933605323,1
0.02808988764044944,0.024425287356321837,0.020569620253164562,0.02375,0.0,0.0,0.09417808219178084,0.0375,0.7714871225582833,6
0.054775280898876406,0.041666666666666664,0.056962025316455694,0.06125,0.0,0.0,0.0821917808219178,0.03375,0.6694042462960834,1
0.06741573033707865,0.06896551724137931,0.04746835443037975,0.0775,0.0,0.0,0.08732876712328767,0.0475,0.6038216308678745,0
0.04775280898876405,0.03879310344827586,0.03481012658227848,0.0275,0.0,0.0,0.08732876712328767,0.06,0.703815193857394,1
0.05056179775280899,0.0589080459770115,0.05063291139240507,0.09625,0.0,0.0,0.08904109589041097,0.045,0.6096061489873634,0
0.09269662921348315,0.09339080459770115,0.04746835443037975,0.035,0.0,0.0,0.0565068493150685,0.0275,0.6474373624433674,4
0.08848314606741572,0.08333333333333333,0.04905063291139241,0.0375,0.0,0.0,0.04623287671232877,0.0275,0.6679000109755298,4
0.09269662921348315,0.08620689655172413,0.04746835443037975,0.03375,0.0,0.0,0.058219178082191785,0.0275,0.6541589417222211,4
0.05056179775280899,0.06896551724137931,0.04588607594936709,0.02875,0.0,0.0,0.0839041095890411,0.0275,0.6944324994674035,6
0.09410112359550563,0.08045977011494253,0.03639240506329114,0.0325,0.0,0.0,0.09246575342465754,0.0275,0.6365809478016031,3
0.05337078651685393,0.06752873563218391,0.014240506329113924,0.0425,0.0,0.0,0.08561643835616438,0.05375,0.6829935331656838,6
0.022471910112359553,0.06178160919540231,0.014240506329113924,0.0175,0.0,0.0,0.08904109589041097,0.04875,0.7462148784727132,6
0.04073033707865169,0.03735632183908046,0.018987341772151903,0.02125,0.0,0.0,0.08732876712328767,0.03875,0.7555972321868283,7
0.06179775280898877,0.05459770114942529,0.05221518987341773,0.025,0.0,0.0,0.09589041095890412,0.0275,0.6829989452092641,2
0.11797752808988764,0.08333333333333333,0.009493670886075953,0.04875,0.0,0.0,0.05308219178082192,0.0275,0.6598632759098811,5
0.12078651685393257,0.08333333333333333,0.012658227848101264,0.0525,0.0,0.0,0.059931506849315065,0.0275,0.6432904151153177,5
0.046348314606741575,0.043103448275862065,0.020569620253164562,0.02625,0.0,0.0,0.09417808219178084,0.05,0.7195505346724509,6
0.03932584269662922,0.05172413793103448,0.014240506329113924,0.02375,0.0,0.0,0.08904109589041097,0.03875,0.7431684171528115,6
0.037921348314606744,0.050287356321839075,0.04746835443037975,0.01625,0.0,0.0,0.08561643835616438,0.04,0.72245650257701,1
0.03651685393258427,0.05459770114942529,0.02848101265822785,0.0225,0.0,0.0,0.08732876712328767,0.03375,0.7368256651364748,6
0.022471910112359553,0.05172413793103448,0.02373417721518987,0.0325,0.0,0.0,0.0839041095890411,0.0325,0.753165665152375,6
0.05337078651685393,0.050287356321839075,0.04905063291139241,0.025,0.0,0.0,0.09417808219178084,0.0275,0.7006131420581336,1
0.0351123595505618,0.03735632183908046,0.05221518987341773,0.02,0.0,0.0,0.08561643835616438,0.035,0.7346996903807756,1
0.0603932584269663,0.0574712643678161,0.04272151898734177,0.0175,0.0,0.0,0.0839041095890411,0.04125,0.6967598486288347,1
0.03651685393258427,0.050287356321839075,0.04588607594936709,0.0325,0.0,0.0,0.08904109589041097,0.04875,0.6970186179057987,1
0.01966292134831461,0.03735632183908046,0.04588607594936709,0.02875,0.0,0.0,0.08561643835616438,0.035,0.7477282425070735,1
0.05337078651685393,0.08333333333333333,0.05221518987341773,0.01625,0.0,0.0,0.09931506849315068,0.0275,0.6680156217832443,1
0.06320224719101124,0.05316091954022988,0.05537974683544305,0.0325,0.0,0.0,0.09075342465753425,0.03375,0.6712536617757816,1
0.042134831460674156,0.0574712643678161,0.03164556962025316,0.01875,0.0,0.0,0.09246575342465754,0.03125,0.726282581126599,1
0.054775280898876406,0.04597701149425287,0.05063291139240507,0.02625,0.0,0.0,0.04794520547945206,0.0275,0.7469195907350137,1
0.04915730337078652,0.034482758620689655,0.04272151898734177,0.045,0.0,0.0,0.0821917808219178,0.0275,0.7189466381992642,8
0.07724719101123596,0.0603448275862069,0.020569620253164562,0.025,0.0,0.0,0.10616438356164384,0.0275,0.6831739775877488,6
0.04353932584269663,0.07471264367816093,0.058544303797468354,0.0425,0.0,0.0,0.08561643835616438,0.0275,0.6675872883255096,0
0.04775280898876405,0.048850574712643674,0.05063291139240507,0.01875,0.0,0.0,0.08904109589041097,0.03375,0.7112226090157763,2
0.04353932584269663,0.02155172413793104,0.04746835443037975,0.02875,0.0,0.0,0.09075342465753425,0.03375,0.7341871709314584,1
0.05617977528089888,0.050287356321839075,0.03955696202531645,0.03625,0.0,0.0,0.09246575342465754,0.0275,0.6977601529472881,2
0.0898876404494382,0.08045977011494253,0.04272151898734177,0.01625,0.0,0.0,0.09760273972602738,0.05,0.62307833072225,7
0.08146067415730336,0.08189655172413793,0.04588607594936709,0.0375,0.0,0.0,0.09246575342465754,0.0275,0.6332909447445341,7
0.07303370786516854,0.0603448275862069,0.05063291139240507,0.06375,0.0,0.0,0.09417808219178084,0.0275,0.6305604709644386,7
0.06179775280898877,0.07183908045977011,0.05221518987341773,0.02,0.0,0.0,0.07705479452054795,0.03375,0.6833431823372755,2
0.04915730337078652,0.07040229885057471,0.05221518987341773,0.03125,0.0,0.0,0.07876712328767124,0.0275,0.6907080846175497,2
0.058988764044943826,0.0660919540229885,0.04272151898734177,0.0175,0.0,0.0,0.08732876712328767,0.0275,0.6998689958214381,2
0.04353932584269663,0.0574712643678161,0.056962025316455694,0.02125,0.0,0.0,0.0839041095890411,0.0275,0.7093732748839905,2
0.05758426966292135,0.04741379310344828,0.05537974683544305,0.025,0.0,0.0,0.08561643835616438,0.0275,0.7015057520420229,2
0.058988764044943826,0.043103448275862065,0.056962025316455694,0.03,0.0,0.0,0.06678082191780822,0.035,0.7091649404449302,2
0.030898876404494385,0.03160919540229885,0.05537974683544305,0.02375,0.0,0.0,0.08561643835616438,0.0275,0.7452457430015993,1
0.04775280898876405,0.050287356321839075,0.05537974683544305,0.07,0.0,0.0,0.08047945205479452,0.0275,0.6686006357991593,1
0.06320224719101124,0.050287356321839075,0.04588607594936709,0.02125,0.0,0.0,0.08732876712328767,0.0325,0.699545553414495,2
0.09269662921348315,0.0632183908045977,0.0379746835443038,0.02125,0.0,0.0,0.09075342465753425,0.0275,0.666606871780081,2
0.06320224719101124,0.0660919540229885,0.05221518987341773,0.0225,0.0,0.0,0.0821917808219178,0.0575,0.6562988280906648,1
0.030898876404494385,0.03735632183908046,0.04905063291139241,0.01125,0.0,0.0,0.08047945205479452,0.035,0.7559647167902382,1
0.05196629213483146,0.040229885057471264,0.05221518987341773,0.04875,0.0,0.0,0.08732876712328767,0.0275,0.6920098658109919,1
0.026685393258426966,0.024425287356321837,0.03955696202531645,0.04,0.0,0.0,0.07705479452054795,0.0275,0.7647775628393868,1
0.037921348314606744,0.01867816091954023,0.061708860759493674,0.0125,0.0,0.0,0.0821917808219178,0.055,0.7319998491844415,1
0.0800561797752809,0.03735632183908046,0.04588607594936709,0.01875,0.0,0.0,0.0821917808219178,0.04625,0.6895096416143538,1
0.07162921348314606,0.040229885057471264,0.04905063291139241,0.02125,0.0,0.0,0.0821917808219178,0.0275,0.7081484877260724,1
0.05758426966292135,0.034482758620689655,0.04272151898734177,0.01625,0.0,0.0,0.09417808219178084,0.0275,0.7272833705372663,1
0.029494382022471913,0.050287356321839075,0.04430379746835443,0.02125,0.0,0.0,0.08047945205479452,0.0275,0.74668501213254,1
0.032303370786516857,0.03160919540229885,0.058544303797468354,0.025,0.0,0.0,0.07876712328767124,0.04,0.7337760067260447,1
0.030898876404494385,0.011494252873563216,0.05063291139240507,0.01875,0.125,0.0,0.08904109589041097,0.0625,0.6116828634391264,1
0.05337078651685393,0.04597701149425287,0.056962025316455694,0.03,0.0,0.0,0.08047945205479452,0.0475,0.685710724617643,1
0.04073033707865169,0.02155172413793104,0.04272151898734177,0.0075,0.0,0.0,0.0839041095890411,0.0525,0.7510923102070344,1
0.05617977528089888,0.03735632183908046,0.05537974683544305,0.03125,0.0,0.0,0.08732876712328767,0.04125,0.6912553889212899,1
0.04775280898876405,0.04597701149425287,0.04905063291139241,0.02125,0.0,0.0,0.09246575342465754,0.0275,0.7160037931809331,2
0.02387640449438203,0.05459770114942529,0.05379746835443039,0.02375,0.0,0.0,0.09760273972602738,0.0275,0.7188756862757348,2
0.05617977528089888,0.05459770114942529,0.05537974683544305,0.035,0.0,0.0,0.09246575342465754,0.03375,0.6726270233095752,2
0.05196629213483146,0.06178160919540231,0.04430379746835443,0.04,0.0,0.0,0.08561643835616438,0.0275,0.6888318628452474,2
0.06741573033707865,0.04741379310344828,0.04272151898734177,0.0575,0.0,0.0,0.0839041095890411,0.0275,0.6735448479830901,2
0.05617977528089888,0.04741379310344828,0.03006329113924051,0.08125,0.0,0.0,0.0839041095890411,0.0275,0.6736890308873712,0
0.03651685393258427,0.04454022988505747,0.04746835443037975,0.07,0.0,0.0,0.08561643835616438,0.0475,0.6683581233958141,1
0.09831460674157304,0.0603448275862069,0.022151898734177212,0.0425,0.0,0.0,0.08732876712328767,0.0275,0.6618598998147551,5
0.058988764044943826,0.04597701149425287,0.05063291139240507,0.0225,0.0,0.0,0.07191780821917808,0.0275,0.7224835048492202,2
0.04775280898876405,0.020114942528735635,0.04588607594936709,0.04125,0.0,0.0,0.09075342465753425,0.0325,0.721742747875599,2
0.0351123595505618,0.02873563218390805,0.02689873417721519,0.01875,0.0,0.0,0.09417808219178084,0.045,0.7513251918965341,6
0.05196629213483146,0.05316091954022988,0.05537974683544305,0.01375,0.0,0.0,0.0565068493150685,0.0275,0.7417361921744271,2
0.033707865168539325,0.048850574712643674,0.05063291139240507,0.02375,0.0,0.0,0.0821917808219178,0.0275,0.7333668679044941,2
0.05196629213483146,0.050287356321839075,0.05537974683544305,0.0225,0.0,0.0,0.09931506849315068,0.0275,0.6930515362147357,2
0.06882022471910113,0.0660919540229885,0.04113924050632911,0.05875,0.0,0.0,0.09075342465753425,0.0275,0.646945156094047,0
0.04775280898876405,0.0574712643678161,0.04746835443037975,0.0525,0.0,0.0,0.08904109589041097,0.0275,0.6782664763226292,0
0.025280898876404494,0.03879310344827586,0.03164556962025316,0.06,0.0,0.0,0.09075342465753425,0.0375,0.7160270033975322,1
0.06601123595505617,0.0574712643678161,0.018987341772151903,0.0325,0.0,0.0,0.08732876712328767,0.0275,0.7102013907816882,6
0.04915730337078652,0.043103448275862065,0.04588607594936709,0.03,0.0,0.0,0.0821917808219178,0.03875,0.7109113915820665,2
0.0449438202247191,0.04741379310344828,0.04588607594936709,0.02625,0.0,0.0,0.0839041095890411,0.0425,0.7091022011334245,2
0.0702247191011236,0.0603448275862069,0.04746835443037975,0.0325,0.0,0.0,0.08904109589041097,0.0275,0.6729210029918787,2
0.054775280898876406,0.07040229885057471,0.04905063291139241,0.0375,0.0,0.0,0.09589041095890412,0.0275,0.6648813763802524,0
0.05337078651685393,0.04597701149425287,0.05221518987341773,0.05,0.0,0.0,0.09417808219178084,0.0275,0.6767589299236947,0
0.07443820224719101,0.0574712643678161,0.060126582278481014,0.0175,0.0,0.0,0.09075342465753425,0.0275,0.6722105264489775,0
0.0646067415730337,0.06752873563218391,0.05221518987341773,0.02125,0.0,0.0,0.08904109589041097,0.0275,0.6778582370309536,0
0.037921348314606744,0.02586206896551724,0.060126582278481014,0.02375,0.0,0.0,0.07876712328767124,0.0275,0.7460728771537237,0
0.0800561797752809,0.0574712643678161,0.03639240506329114,0.03875,0.0,0.0,0.08732876712328767,0.0275,0.6725013836703242,0
0.018258426966292134,0.040229885057471264,0.04113924050632911,0.02,0.0,0.0,0.08732876712328767,0.0475,0.7455436803466198,1
0.0702247191011236,0.03735632183908046,0.05063291139240507,0.0175,0.0,0.0,0.07363013698630137,0.0325,0.7181559106810894,1
0.03932584269662922,0.004310344827586207,0.060126582278481014,0.01,0.0,0.0,0.08732876712328767,0.03375,0.7651584630740159,1
0.030898876404494385,0.02155172413793104,0.04588607594936709,0.05,0.0,0.0,0.07876712328767124,0.07625,0.6966462002205362,1
0.05617977528089888,0.0603448275862069,0.05537974683544305,0.0225,0.0,0.0,0.08561643835616438,0.0475,0.6724792119412868,1
0.03932584269662922,0.04454022988505747,0.05221518987341773,0.03,0.0,0.0,0.08732876712328767,0.06125,0.6853399704216079,1
0.0449438202247191,0.050287356321839075,0.05063291139240507,0.0225,0.0,0.0,0.07876712328767124,0.0275,0.7253687887733655,1
0.05056179775280899,0.043103448275862065,0.04272151898734177,0.02,0.0,0.0,0.07876712328767124,0.03375,0.7310961116963159,1
0.05758426966292135,0.05316091954022988,0.04746835443037975,0.025,0.0,0.0,0.08732876712328767,0.0275,0.7019576892431814,1
0.030898876404494385,0.02155172413793104,0.04905063291139241,0.01875,0.0,0.0,0.08732876712328767,0.1075,0.6849199994228945,1
0.0351123595505618,0.050287356321839075,0.04588607594936709,0.01625,0.0,0.0,0.0839041095890411,0.075,0.693560098589191,1
0.04775280898876405,0.0589080459770115,0.04430379746835443,0.03625,0.0,0.0,0.0839041095890411,0.03125,0.6976312379768289,1
0.06179775280898877,0.0660919540229885,0.05063291139240507,0.01875,0.0,0.0,0.0839041095890411,0.0275,0.6913232721865765,1
0.02808988764044944,0.03735632183908046,0.05379746835443039,0.035,0.0,0.0,0.07876712328767124,0.03875,0.7282391988783685,1
0.0449438202247191,0.040229885057471264,0.04746835443037975,0.0425,0.0,0.0,0.0839041095890411,0.035,0.7059538306983888,1
0.07443820224719101,0.05316091954022988,0.05063291139240507,0.0125,0.0,0.0,0.08732876712328767,0.0275,0.6944391996968864,1
0.042134831460674156,0.05603448275862069,0.05537974683544305,0.0325,0.0,0.0,0.0821917808219178,0.04,0.6917591581233443,1
0.05196629213483146,0.048850574712643674,0.060126582278481014,0.05125,0.0,0.0,0.09589041095890412,0.03375,0.6581661399151397,1
0.05337078651685393,0.05172413793103448,0.04746835443037975,0.03625,0.0,0.0,0.08904109589041097,0.08875,0.6333956252313209,1
0.042134831460674156,0.05603448275862069,0.04746835443037975,0.0275,0.0,0.0,0.08904109589041097,0.055,0.6828212354599145,1
0.05617977528089888,0.06896551724137931,0.04588607594936709,0.02875,0.0,0.0,0.08904109589041097,0.07625,0.6349275356379438,1
0.06741573033707865,0.048850574712643674,0.04746835443037975,0.06625,0.0,0.0,0.09075342465753425,0.0325,0.6467619158623636,2
0.04073033707865169,0.06752873563218391,0.04588607594936709,0.02,0.0,0.0,0.08732876712328767,0.0275,0.7110260842165097,2
0.0603932584269663,0.0574712643678161,0.05063291139240507,0.02125,0.0,0.0,0.08732876712328767,0.04875,0.6741737986895249,1
0.0702247191011236,0.04741379310344828,0.05221518987341773,0.01375,0.0,0.0,0.08047945205479452,0.0275,0.7084168458672158,2
0.07724719101123596,0.0603448275862069,0.05221518987341773,0.0225,0.0,0.0,0.07363013698630137,0.0275,0.686562654542838,2
0.058988764044943826,0.04741379310344828,0.05221518987341773,0.04625,0.0,0.0,0.08732876712328767,0.0375,0.6703034858549025,1
0.042134831460674156,0.040229885057471264,0.03481012658227848,0.07625,0.0,0.0,0.09075342465753425,0.0275,0.6883217322420419,0
0.06601123595505617,0.02586206896551724,0.061708860759493674,0.015,0.0,0.0,0.08047945205479452,0.04125,0.7096883822651384,1
0.05337078651685393,0.07758620689655173,0.04588607594936709,0.035,0.0,0.0,0.07363013698630137,0.0275,0.6870267936509258,1
0.046348314606741575,0.02873563218390805,0.05379746835443039,0.02,0.0,0.0,0.0839041095890411,0.0275,0.7397144752658789,1
0.046348314606741575,0.04597701149425287,0.05063291139240507,0.02375,0.0,0.0,0.0702054794520548,0.035,0.7280862830545457,1
0.0646067415730337,0.0603448275862069,0.04905063291139241,0.02,0.0,0.0,0.0839041095890411,0.04875,0.6733436883403259,1
0.04775280898876405,0.07614942528735633,0.02848101265822785,0.01375,0.0,0.0,0.09246575342465754,0.0275,0.7139009996409942,6
0.029494382022471913,0.05172413793103448,0.05063291139240507,0.035,0.0,0.0,0.08561643835616438,0.0625,0.6850321302979241,1
0.033707865168539325,0.041666666666666664,0.05537974683544305,0.035,0.0,0.0,0.08047945205479452,0.0275,0.7262662692745564,1
0.04915730337078652,0.040229885057471264,0.058544303797468354,0.0125,0.0,0.0,0.0821917808219178,0.0275,0.7298767269523561,1
0.0646067415730337,0.05459770114942529,0.058544303797468354,0.0275,0.0,0.0,0.08732876712328767,0.0275,0.679922486356785,1
0.05056179775280899,0.048850574712643674,0.05221518987341773,0.02375,0.0,0.0,0.08732876712328767,0.04125,0.6960436705378419,1
0.032303370786516857,0.0646551724137931,0.04588607594936709,0.0325,0.0,0.0,0.08732876712328767,0.0275,0.7098266137270353,1
0.06179775280898877,0.04597701149425287,0.058544303797468354,0.03125,0.0,0.0,0.0839041095890411,0.0275,0.6910268223102489,1
0.04073033707865169,0.07614942528735633,0.020569620253164562,0.02625,0.0,0.0,0.08904109589041097,0.0325,0.7147595214904164,1
0.04353932584269663,0.011494252873563216,0.060126582278481014,0.0375,0.0,0.0,0.08047945205479452,0.03375,0.7331103869504646,1
0.06882022471910113,0.050287356321839075,0.03955696202531645,0.04,0.0,0.0,0.06849315068493152,0.04125,0.6915923062488119,2
0.07443820224719101,0.04454022988505747,0.04746835443037975,0.04375,0.0,0.0,0.09075342465753425,0.0275,0.6715497887798374,2
0.033707865168539325,0.03879310344827586,0.03639240506329114,0.03125,0.0,0.0,0.09075342465753425,0.07125,0.6978532016623594,1
0.06179775280898877,0.035919540229885055,0.0680379746835443,0.0525,0.0,0.0,0.08047945205479452,0.0275,0.6737652802227874,0
0.04775280898876405,0.043103448275862065,0.04588607594936709,0.03125,0.0,0.0,0.08047945205479452,0.0275,0.7240282147312123,0
0.05056179775280899,0.0574712643678161,0.04272151898734177,0.06375,0.0,0.0,0.09246575342465754,0.0275,0.6655296654673756,0
0.04775280898876405,0.05172413793103448,0.056962025316455694,0.03125,0.0,0.0,0.0821917808219178,0.0275,0.702619246941828,1
0.04775280898876405,0.05603448275862069,0.04588607594936709,0.015,0.0,0.0,0.10273972602739725,0.0275,0.7050869062758509,2
0.06320224719101124,0.05459770114942529,0.017405063291139243,0.06125,0.0,0.0,0.0821917808219178,0.0275,0.6938532075465065,1
0.03651685393258427,0.0646551724137931,0.04588607594936709,0.0275,0.0,0.0,0.08047945205479452,0.0275,0.7174624456494609,1
0.05056179775280899,0.04597701149425287,0.04746835443037975,0.04125,0.0,0.0,0.07876712328767124,0.0325,0.7034757130348872,1
0.054775280898876406,0.03304597701149425,0.0680379746835443,0.04625,0.0,0.0,0.06335616438356165,0.04125,0.6932846030225234,1
0.0449438202247191,0.04454022988505747,0.0680379746835443,0.02375,0.0,0.0,0.06506849315068493,0.04125,0.7124094820559942,1
0.037921348314606744,0.03879310344827586,0.060126582278481014,0.03125,0.0,0.0,0.07534246575342465,0.0275,0.7290665002052117,2
0.03932584269662922,0.03735632183908046,0.060126582278481014,0.03125,0.0,0.0,0.07705479452054795,0.0275,0.7273864586652614,2
0.0603932584269663,0.0603448275862069,0.05537974683544305,0.0175,0.0,0.0,0.08561643835616438,0.03125,0.6895157287952194,2
0.04775280898876405,0.05316091954022988,0.056962025316455694,0.03625,0.0,0.0,0.07534246575342465,0.01375,0.7167817804011257,2
0.04775280898876405,0.05316091954022988,0.056962025316455694,0.03625,0.0,0.0,0.07534246575342465,0.01375,0.7167817804011257,2
0.0702247191011236,0.035919540229885055,0.056962025316455694,0.045,0.0,0.0,0.07534246575342465,0.02625,0.690301249599111,2
0.0702247191011236,0.035919540229885055,0.056962025316455694,0.045,0.0,0.0,0.07534246575342465,0.02625,0.690301249599111,2
0.0449438202247191,0.02873563218390805,0.05221518987341773,0.04625,0.0,0.0,0.06506849315068493,0.02,0.7427868645672702,2
0.0449438202247191,0.02873563218390805,0.05221518987341773,0.04625,0.0,0.0,0.06506849315068493,0.02,0.7427868645672702,2
0.05617977528089888,0.03735632183908046,0.058544303797468354,0.02375,0.0,0.0,0.08047945205479452,0.0275,0.7161901470277577,2
0.08567415730337079,0.05459770114942529,0.04905063291139241,0.01,0.0,0.0,0.09246575342465754,0.0275,0.6807117552111539,1
0.033707865168539325,0.040229885057471264,0.05063291139240507,0.03375,0.0,0.0,0.08047945205479452,0.03625,0.7249498863267898,1
0.06320224719101124,0.05172413793103448,0.05221518987341773,0.01875,0.0,0.0,0.08561643835616438,0.04375,0.6847419866483722,1
0.0646067415730337,0.034482758620689655,0.03481012658227848,0.03375,0.0,0.0,0.09075342465753425,0.035,0.7065969485664639,1
0.0646067415730337,0.05172413793103448,0.06329113924050633,0.0325,0.0,0.0,0.08904109589041097,0.0275,0.6713368853650146,1
0.05196629213483146,0.04597701149425287,0.06645569620253165,0.02375,0.0,0.0,0.09931506849315068,0.0275,0.6850359316752332,1
0.032303370786516857,0.050287356321839075,0.04113924050632911,0.02375,0.0,0.0,0.08561643835616438,0.0375,0.7294035940291506,1
0.0603932584269663,0.0632183908045977,0.05379746835443039,0.0225,0.0,0.0,0.08561643835616438,0.0275,0.6869744440578412,1
0.037921348314606744,0.04454022988505747,0.05379746835443039,0.055,0.0,0.0,0.08047945205479452,0.06375,0.6645115013911109,1
0.04073033707865169,0.024425287356321837,0.056962025316455694,0.01625,0.0,0.0,0.07876712328767124,0.0275,0.7553652269608995,1
0.022471910112359553,0.02586206896551724,0.05379746835443039,0.01625,0.0,0.0,0.08561643835616438,0.0275,0.7685021142115285,1
0.05758426966292135,0.04741379310344828,0.05537974683544305,0.03125,0.0,0.0,0.08904109589041097,0.0275,0.6918310945077764,1
0.046348314606741575,0.05316091954022988,0.05379746835443039,0.03,0.0,0.0,0.0821917808219178,0.0275,0.7070015166766803,1
0.032303370786516857,0.048850574712643674,0.04272151898734177,0.04,0.0,0.0,0.07191780821917808,0.0275,0.7367067272943195,1
0.054775280898876406,0.06178160919540231,0.06645569620253165,0.03125,0.0,0.0,0.07191780821917808,0.0275,0.6863196054840115,1
0.04915730337078652,0.0574712643678161,0.04113924050632911,0.04625,0.0,0.0,0.08732876712328767,0.045,0.6736534246317806,1
0.02808988764044944,0.06752873563218391,0.06962025316455697,0.0225,0.0,0.0,0.07876712328767124,0.0275,0.7059940002751384,1
0.0646067415730337,0.041666666666666664,0.06645569620253165,0.0275,0.0,0.0,0.11643835616438357,0.04,0.6433325393933844,1
0.03651685393258427,0.04597701149425287,0.05063291139240507,0.0175,0.0,0.0,0.0839041095890411,0.0275,0.7379691135917166,1
0.037921348314606744,0.035919540229885055,0.05221518987341773,0.03,0.0,0.0,0.09246575342465754,0.0275,0.7239781681574329,1
0.0351123595505618,0.05172413793103448,0.05379746835443039,0.02625,0.0,0.0,0.09417808219178084,0.04125,0.6976879519721925,1
0.025280898876404494,0.03879310344827586,0.04588607594936709,0.02,0.0,0.0,0.08732876712328767,0.0425,0.7402111546026648,1
0.03651685393258427,0.024425287356321837,0.04746835443037975,0.01875,0.0,0.0,0.09931506849315068,0.0325,0.7410244357875635,1
0.033707865168539325,0.02873563218390805,0.04272151898734177,0.0525,0.0,0.0,0.08047945205479452,0.05375,0.7081055316054163,2
0.04915730337078652,0.03160919540229885,0.07594936708860758,0.0225,0.0,0.0,0.05136986301369863,0.03125,0.7381642711246084,2
0.04915730337078652,0.03160919540229885,0.07594936708860758,0.0225,0.0,0.0,0.05136986301369863,0.03125,0.7381642711246084,2
0.0646067415730337,0.043103448275862065,0.04905063291139241,0.0375,0.0,0.0,0.06335616438356165,0.01375,0.7286330128561502,2
0.0646067415730337,0.043103448275862065,0.04905063291139241,0.0375,0.0,0.0,0.06335616438356165,0.01375,0.7286330128561502,2
0.06741573033707865,0.05459770114942529,0.04272151898734177,0.015,0.0,0.0,0.09246575342465754,0.03875,0.6890492961014967,2
0.06741573033707865,0.05459770114942529,0.04272151898734177,0.015,0.0,0.0,0.09246575342465754,0.03875,0.6890492961014967,2
0.0702247191011236,0.0574712643678161,0.060126582278481014,0.02125,0.0,0.0,0.07534246575342465,0.035,0.6805849684991546,2
0.0702247191011236,0.050287356321839075,0.05537974683544305,0.02375,0.0,0.0,0.09075342465753425,0.03875,0.6708547530840601,2
0.0702247191011236,0.050287356321839075,0.05537974683544305,0.02375,0.0,0.0,0.09075342465753425,0.03875,0.6708547530840601,2
0.046348314606741575,0.06178160919540231,0.04905063291139241,0.0225,0.0,0.0,0.08561643835616438,0.01375,0.7209530049302993,2
0.0351123595505618,0.06178160919540231,0.04905063291139241,0.0225,0.0,0.0,0.07705479452054795,0.02,0.7345006038220956,2
0.03651685393258427,0.04454022988505747,0.0680379746835443,0.06,0.0,0.0,0.06164383561643835,0.03375,0.6955111058823755,2
0.08567415730337079,0.034482758620689655,0.06645569620253165,0.0475,0.0,0.0,0.06849315068493152,0.0175,0.6798942371884764,2
0.08567415730337079,0.034482758620689655,0.06645569620253165,0.0475,0.0,0.0,0.06849315068493152,0.0175,0.6798942371884764,2
0.046348314606741575,0.03304597701149425,0.0680379746835443,0.05625,0.0,0.0,0.09075342465753425,0.01375,0.6918143090406856,2
0.06601123595505617,0.04597701149425287,0.05379746835443039,0.03375,0.0,0.0,0.0821917808219178,0.01375,0.7045225033743427,2
0.07303370786516854,0.07327586206896552,0.0379746835443038,0.0325,0.0,0.0,0.07363013698630137,0.0275,0.6820856095352608,2
0.07303370786516854,0.07327586206896552,0.0379746835443038,0.0325,0.0,0.0,0.07363013698630137,0.0275,0.6820856095352608,2
0.0449438202247191,0.02873563218390805,0.07278481012658229,0.015,0.0,0.0,0.07705479452054795,0.02875,0.7327309429442426,2
0.0449438202247191,0.02873563218390805,0.07278481012658229,0.015,0.0,0.0,0.07363013698630137,0.02875,0.7361556004784892,2
0.06601123595505617,0.04454022988505747,0.04588607594936709,0.0325,0.0,0.0,0.08904109589041097,0.0275,0.6945213623201083,2
0.037921348314606744,0.043103448275862065,0.05063291139240507,0.0275,0.0,0.0,0.0821917808219178,0.01375,0.7449005111952083,2
0.04073033707865169,0.04597701149425287,0.06329113924050633,0.03625,0.0,0.0,0.07534246575342465,0.0275,0.7109090464331644,2
0.04073033707865169,0.04597701149425287,0.06329113924050633,0.03625,0.0,0.0,0.07534246575342465,0.0275,0.7109090464331644,2
0.032303370786516857,0.03017241379310345,0.06962025316455697,0.05,0.0,0.0,0.05479452054794521,0.02,0.7431094417078775,2
0.032303370786516857,0.03017241379310345,0.06962025316455697,0.05,0.0,0.0,0.05479452054794521,0.02,0.7431094417078775,2
0.0449438202247191,0.01293103448275862,0.09177215189873418,0.09875,0.0,0.0,0.03767123287671233,0.0,0.7139317605170759,2
0.033707865168539325,0.011494252873563216,0.125,0.1,0.0,0.0,0.022260273972602742,0.00125,0.7062876079852947,2
0.033707865168539325,0.011494252873563216,0.125,0.1,0.0,0.0,0.022260273972602742,0.00125,0.7062876079852947,2
0.06320224719101124,0.03160919540229885,0.04113924050632911,0.05125,0.0,0.0,0.08561643835616438,0.0275,0.6996828785441964,2
0.06320224719101124,0.03160919540229885,0.04113924050632911,0.04375,0.0,0.0,0.08904109589041097,0.0275,0.7037582210099498,2
0.0603932584269663,0.04454022988505747,0.05379746835443039,0.06,0.0,0.0,0.08047945205479452,0.0275,0.6732895912787513,2
0.033707865168539325,0.03735632183908046,0.05537974683544305,0.025,0.0,0.0,0.0839041095890411,0.05125,0.7134019565678961,2
0.05196629213483146,0.04741379310344828,0.058544303797468354,0.02,0.0,0.0,0.07705479452054795,0.0275,0.7175208164437039,2
0.05196629213483146,0.0603448275862069,0.04272151898734177,0.0125,0.0,0.0,0.09417808219178084,0.0275,0.7107892790998389,2
0.07724719101123596,0.06752873563218391,0.04905063291139241,0.02375,0.0,0.0,0.11815068493150685,0.0275,0.6367727555136808,2
0.08146067415730336,0.0589080459770115,0.05379746835443039,0.02875,0.0,0.0,0.125,0.0275,0.6245838115112547,2
0.08707865168539326,0.06752873563218391,0.04113924050632911,0.025,0.0,0.0,0.1232876712328767,0.0275,0.6284657009432171,2
0.09410112359550563,0.09913793103448275,0.05537974683544305,0.02625,0.0,0.0,0.11815068493150685,0.0275,0.5794805136030616,2
0.04353932584269663,0.05172413793103448,0.04430379746835443,0.045,0.0,0.0,0.09760273972602738,0.0325,0.6853299990318871,0
0.046348314606741575,0.07040229885057471,0.05063291139240507,0.03375,0.0,0.0,0.0839041095890411,0.0275,0.6874623655612375,1
0.06320224719101124,0.06896551724137931,0.04905063291139241,0.02375,0.0,0.0,0.08904109589041097,0.04,0.6659905067658061,1
0.05056179775280899,0.06178160919540231,0.03955696202531645,0.0625,0.0,0.0,0.08732876712328767,0.0275,0.6707708639031846,0
0.04915730337078652,0.02873563218390805,0.0379746835443038,0.0275,0.0,0.0,0.0702054794520548,0.04625,0.7401769014489468,2
0.05758426966292135,0.043103448275862065,0.06329113924050633,0.0275,0.0,0.0,0.07705479452054795,0.0275,0.7039663483001624,2
0.05758426966292135,0.043103448275862065,0.06329113924050633,0.0275,0.0,0.0,0.07705479452054795,0.0275,0.7039663483001624,2
0.029494382022471913,0.04454022988505747,0.05221518987341773,0.02625,0.0,0.0,0.06849315068493152,0.02375,0.7552570475341214,2
0.029494382022471913,0.04454022988505747,0.05221518987341773,0.02625,0.0,0.0,0.06849315068493152,0.02375,0.7552570475341214,2
0.05196629213483146,0.040229885057471264,0.04905063291139241,0.04125,0.0,0.0,0.08732876712328767,0.0325,0.6976744227730172,2
0.04915730337078652,0.03735632183908046,0.05221518987341773,0.0275,0.0,0.0,0.0821917808219178,0.03125,0.7203294040947975,2
0.04915730337078652,0.03735632183908046,0.05221518987341773,0.0275,0.0,0.0,0.0821917808219178,0.03125,0.7203294040947975,2
0.04353932584269663,0.05316091954022988,0.0680379746835443,0.01625,0.0,0.0,0.0839041095890411,0.0275,0.707607670344488,2
0.04915730337078652,0.0589080459770115,0.060126582278481014,0.05125,0.0,0.0,0.09075342465753425,0.02625,0.6635546437161868,2
0.04915730337078652,0.0589080459770115,0.060126582278481014,0.05125,0.0,0.0,0.09075342465753425,0.02625,0.6635546437161868,2
0.03932584269662922,0.07471264367816093,0.056962025316455694,0.02375,0.0,0.0,0.07534246575342465,0.03125,0.6986570225553295,2
0.03932584269662922,0.07471264367816093,0.056962025316455694,0.02375,0.0,0.0,0.07363013698630137,0.03125,0.7003693513224528,2
0.037921348314606744,0.05316091954022988,0.04905063291139241,0.055,0.0,0.0,0.09246575342465754,0.01375,0.6986513458091135,2
0.037921348314606744,0.05316091954022988,0.04905063291139241,0.055,0.0,0.0,0.09246575342465754,0.01375,0.6986513458091135,2
0.05617977528089888,0.05603448275862069,0.058544303797468354,0.02125,0.0,0.0,0.08047945205479452,0.035,0.6925119861082175,2
0.0646067415730337,0.050287356321839075,0.05221518987341773,0.0275,0.0,0.0,0.08561643835616438,0.01375,0.7060242738755451,2
0.054775280898876406,0.05316091954022988,0.06487341772151899,0.02875,0.0,0.0,0.059931506849315065,0.01375,0.7247588749900596,2
0.042134831460674156,0.05172413793103448,0.06962025316455697,0.035,0.0,0.0,0.10102739726027397,0.07125,0.6292433801834605,2
0.058988764044943826,0.0632183908045977,0.061708860759493674,0.045,0.0,0.0,0.08561643835616438,0.0275,0.6579675460348005,2
0.058988764044943826,0.0632183908045977,0.061708860759493674,0.045,0.0,0.0,0.08561643835616438,0.0275,0.6579675460348005,2
0.03651685393258427,0.024425287356321837,0.06487341772151899,0.05375,0.0,0.0,0.07534246575342465,0.04875,0.6963419752361502,2
0.03651685393258427,0.024425287356321837,0.06487341772151899,0.05375,0.0,0.0,0.07534246575342465,0.04875,0.6963419752361502,2
0.06882022471910113,0.0632183908045977,0.04905063291139241,0.0175,0.0,0.0,0.07876712328767124,0.06,0.6626436282772374,1
0.04353932584269663,0.035919540229885055,0.04905063291139241,0.03625,0.0,0.0,0.07191780821917808,0.0275,0.7358226927968479,1
0.042134831460674156,0.04741379310344828,0.058544303797468354,0.01,0.0,0.0,0.08732876712328767,0.035,0.7195783045151215,1
0.05337078651685393,0.03879310344827586,0.058544303797468354,0.02875,0.0,0.0,0.08047945205479452,0.03375,0.7063123541826073,2
0.03651685393258427,0.034482758620689655,0.04746835443037975,0.0475,0.0,0.0,0.07534246575342465,0.0275,0.7311895672629216,2
0.0646067415730337,0.05316091954022988,0.03006329113924051,0.01,0.0,0.0,0.08047945205479452,0.0275,0.7341895956927014,6
0.05617977528089888,0.03879310344827586,0.04588607594936709,0.035,0.0,0.0,0.0821917808219178,0.03375,0.7081992644995403,2
0.032303370786516857,0.017241379310344827,0.05379746835443039,0.035,0.0,0.0,0.08732876712328767,0.06125,0.7130790144254202,2
0.09269662921348315,0.10488505747126436,0.03639240506329114,0.03375,0.0,0.0,0.0821917808219178,0.0275,0.6225841274300434,3
0.06741573033707865,0.0589080459770115,0.05063291139240507,0.0175,0.0,0.0,0.0821917808219178,0.0275,0.695851531471587,2
0.054775280898876406,0.050287356321839075,0.04272151898734177,0.02875,0.0,0.0,0.09075342465753425,0.085,0.6477124191344085,2
0.03932584269662922,0.125,0.02689873417721519,0.05125,0.0,0.0,0.08561643835616438,0.03375,0.6381589847699912,0
0.06320224719101124,0.041666666666666664,0.04905063291139241,0.0175,0.0,0.0,0.08732876712328767,0.0275,0.713751686107642,2
0.03932584269662922,0.04741379310344828,0.018987341772151903,0.0225,0.0,0.0,0.09075342465753425,0.0275,0.7535195977702364,6
0.05758426966292135,0.0589080459770115,0.04113924050632911,0.06125,0.0,0.0,0.09246575342465754,0.0275,0.6611526904290805,0
0.04915730337078652,0.05172413793103448,0.05379746835443039,0.0225,0.0,0.0,0.09589041095890412,0.0275,0.6994306793848445,1
0.06320224719101124,0.07471264367816093,0.04430379746835443,0.07,0.0,0.0,0.0839041095890411,0.0275,0.6363772020734323,0
0.058988764044943826,0.05459770114942529,0.05379746835443039,0.07125,0.0,0.0,0.07876712328767124,0.0275,0.6550989431635292,0
0.0603932584269663,0.07327586206896552,0.03006329113924051,0.07,0.0,0.0,0.08732876712328767,0.0275,0.65143882124154,0
0.05056179775280899,0.0646551724137931,0.04113924050632911,0.065,0.0,0.0,0.09246575342465754,0.0275,0.6586780359024111,0
0.04915730337078652,0.041666666666666664,0.04746835443037975,0.02,0.0,0.0,0.09589041095890412,0.0275,0.718317264573263,2
0.06882022471910113,0.05459770114942529,0.04430379746835443,0.0225,0.0,0.0,0.09075342465753425,0.0475,0.671524852005585,2
0.10393258426966293,0.07614942528735633,0.04430379746835443,0.0225,0.0,0.0,0.08732876712328767,0.0275,0.6382854258513386,3
0.06179775280898877,0.05603448275862069,0.03639240506329114,0.025,0.0,0.0,0.09589041095890412,0.0275,0.6973849484101953,5
0.05337078651685393,0.035919540229885055,0.05537974683544305,0.01125,0.0,0.0,0.07876712328767124,0.0275,0.7378128031301467,2
0.037921348314606744,0.03879310344827586,0.05063291139240507,0.015,0.0,0.0,0.09417808219178084,0.0275,0.7359745546529315,2
0.06179775280898877,0.0603448275862069,0.04905063291139241,0.01625,0.0,0.0,0.09075342465753425,0.03125,0.6905533620358777,2
0.04915730337078652,0.04454022988505747,0.058544303797468354,0.02125,0.0,0.0,0.09417808219178084,0.0275,0.7048300807549068,2
0.032303370786516857,0.04741379310344828,0.04905063291139241,0.02375,0.0,0.0,0.09075342465753425,0.0325,0.7242287785411082,2
0.06601123595505617,0.06178160919540231,0.03955696202531645,0.0175,0.0,0.0,0.08732876712328767,0.0275,0.7003214257009374,2
0.04915730337078652,0.048850574712643674,0.03639240506329114,0.0225,0.125,0.0,0.07876712328767124,0.0275,0.6118325935656075,5
0.046348314606741575,0.08333333333333333,0.04588607594936709,0.02625,0.0,0.0,0.09246575342465754,0.03375,0.6719665226859004,2
0.06320224719101124,0.05172413793103448,0.017405063291139243,0.0275,0.0,0.0,0.08561643835616438,0.0275,0.7270521132306507,5
0.042134831460674156,0.05172413793103448,0.04113924050632911,0.01125,0.0,0.0,0.0839041095890411,0.0275,0.7423476805129212,2
0.046348314606741575,0.05459770114942529,0.05063291139240507,0.0375,0.0,0.0,0.09075342465753425,0.0275,0.6926676481938938,2
0.0603932584269663,0.05459770114942529,0.05537974683544305,0.01875,0.0,0.0,0.09246575342465754,0.03875,0.6796635401635078,2
0.05617977528089888,0.05459770114942529,0.017405063291139243,0.03375,0.0,0.0,0.09246575342465754,0.0275,0.7181017068538791,6
0.04915730337078652,0.035919540229885055,0.04746835443037975,0.025,0.0,0.0,0.08732876712328767,0.0275,0.7276260348456609,2
0.06179775280898877,0.08477011494252873,0.022151898734177212,0.0325,0.0,0.0,0.0839041095890411,0.0275,0.6873761239252641,6
0.0603932584269663,0.04454022988505747,0.022151898734177212,0.02375,0.0,0.0,0.08732876712328767,0.03375,0.7280858458305113,6
0.07584269662921349,0.07614942528735633,0.02531645569620253,0.015,0.0,0.0,0.08904109589041097,0.03375,0.6849003264968168,6
0.042134831460674156,0.03879310344827586,0.05537974683544305,0.02125,0.0,0.0,0.09589041095890412,0.0275,0.7190519072967028,2
0.03932584269662922,0.08333333333333333,0.02689873417721519,0.0175,0.0,0.0,0.08561643835616438,0.0275,0.7198256514366579,5
0.03651685393258427,0.041666666666666664,0.03955696202531645,0.01875,0.0,0.0,0.08732876712328767,0.03875,0.7374307502521449,5
0.06741573033707865,0.0603448275862069,0.056962025316455694,0.0225,0.0,0.0,0.08732876712328767,0.0275,0.6779486496369711,2
0.05196629213483146,0.05459770114942529,0.04588607594936709,0.03,0.0,0.0,0.09246575342465754,0.0475,0.6775841773417186,2
0.03932584269662922,0.024425287356321837,0.06645569620253165,0.025,0.0,0.0,0.07363013698630137,0.05875,0.712413036758216,2
0.05056179775280899,0.05603448275862069,0.05221518987341773,0.03125,0.0,0.0,0.09246575342465754,0.03625,0.681222776190495,0
0.09269662921348315,0.09913793103448275,0.03006329113924051,0.045,0.0,0.0,0.06506849315068493,0.0275,0.6405336554621086,3
0.05758426966292135,0.0603448275862069,0.02848101265822785,0.01125,0.125,0.0,0.09417808219178084,0.03125,0.5919118079008631,6
0.04353932584269663,0.02155172413793104,0.018987341772151903,0.02875,0.0,0.0,0.06678082191780822,0.0325,0.7878907863294122,6
0.05056179775280899,0.034482758620689655,0.03955696202531645,0.035,0.0,0.0,0.08904109589041097,0.12375,0.6276073857107739,1
0.05196629213483146,0.05316091954022988,0.04113924050632911,0.03625,0.0,0.0,0.07876712328767124,0.03375,0.7049664245309384,1
0.026685393258426966,0.02873563218390805,0.05379746835443039,0.015,0.0,0.0,0.09075342465753425,0.0475,0.7375280815457004,2
0.05337078651685393,0.05172413793103448,0.04905063291139241,0.0225,0.0,0.0,0.08732876712328767,0.03125,0.7047756755174315,1
0.0603932584269663,0.0660919540229885,0.056962025316455694,0.0425,0.0,0.0,0.0839041095890411,0.0275,0.6626486526445483,1
0.08286516853932584,0.09339080459770115,0.05063291139240507,0.03,0.0,0.0,0.0821917808219178,0.0275,0.6334193346486501,7
0.10393258426966293,0.08045977011494253,0.020569620253164562,0.03875,0.0,0.0,0.09760273972602738,0.0375,0.6211852856362026,3
0.06320224719101124,0.0660919540229885,0.0379746835443038,0.01875,0.0,0.0,0.09246575342465754,0.0275,0.6940153618170388,0
0.05056179775280899,0.06178160919540231,0.05063291139240507,0.055,0.0,0.0,0.09075342465753425,0.0275,0.6637702570018493,0
0.058988764044943826,0.05172413793103448,0.04113924050632911,0.02625,0.0,0.0,0.09075342465753425,0.0275,0.7036444328601583,2
0.08286516853932584,0.0632183908045977,0.020569620253164562,0.02375,0.0,0.0,0.09075342465753425,0.03375,0.6850933957453778,5
0.04353932584269663,0.043103448275862065,0.07278481012658229,0.0875,0.0,0.0,0.07191780821917808,0.03125,0.6499046075356809,2
0.05056179775280899,0.04454022988505747,0.05063291139240507,0.0225,0.0,0.0,0.08047945205479452,0.03625,0.7150356089149339,1
0.04073033707865169,0.05172413793103448,0.05063291139240507,0.02875,0.0,0.0,0.07534246575342465,0.0325,0.7203201478444841,1
0.04775280898876405,0.07471264367816093,0.04746835443037975,0.02125,0.0,0.0,0.0839041095890411,0.0275,0.6974120833136541,1
0.04353932584269663,0.041666666666666664,0.05379746835443039,0.03875,0.0,0.0,0.07363013698630137,0.0275,0.7211164021499049,1
0.04775280898876405,0.040229885057471264,0.05063291139240507,0.06125,0.0,0.0,0.0839041095890411,0.03875,0.6774802849723185,1
0.04353932584269663,0.02155172413793104,0.04430379746835443,0.0275,0.0,0.0,0.09417808219178084,0.0425,0.726427070359237,1
0.05056179775280899,0.05316091954022988,0.04113924050632911,0.0275,0.0,0.0,0.09075342465753425,0.05625,0.6806346175430977,1
0.030898876404494385,0.041666666666666664,0.05379746835443039,0.02875,0.0,0.0,0.08904109589041097,0.05375,0.7020958926839975,1
0.06320224719101124,0.0603448275862069,0.056962025316455694,0.01875,0.0,0.0,0.09246575342465754,0.03125,0.6770251464816687,2
0.03651685393258427,0.048850574712643674,0.04430379746835443,0.015,0.0,0.0,0.08047945205479452,0.03875,0.7360993218316231,1
0.029494382022471913,0.06752873563218391,0.04272151898734177,0.01625,0.0,0.0,0.09075342465753425,0.0275,0.7257519387004682,1
0.037921348314606744,0.041666666666666664,0.015822784810126583,0.04375,0.0,0.0,0.08904109589041097,0.0275,0.744298104318189,6
0.04915730337078652,0.06178160919540231,0.05537974683544305,0.03125,0.0,0.0,0.07363013698630137,0.0275,0.7013012036120667,1
0.05056179775280899,0.0603448275862069,0.056962025316455694,0.02125,0.0,0.0,0.08904109589041097,0.0825,0.6393402534541175,1
0.03651685393258427,0.0603448275862069,0.04905063291139241,0.01625,0.0,0.0,0.07191780821917808,0.1,0.6659198773506383,2
0.04915730337078652,0.050287356321839075,0.02689873417721519,0.0275,0.0,0.0,0.06678082191780822,0.05625,0.723125784212351,6
0.09691011235955056,0.08045977011494253,0.05063291139240507,0.04125,0.0,0.0,0.08732876712328767,0.0275,0.6159184390098141,5
0.05758426966292135,0.07471264367816093,0.02373417721518987,0.04625,0.0,0.0,0.08904109589041097,0.0425,0.666177813553317,6
0.011235955056179775,0.004310344827586207,0.07436708860759494,0.045,0.0,0.0,0.0839041095890411,0.02625,0.754932501919598,1
0.07443820224719101,0.02586206896551724,0.05063291139240507,0.01875,0.0,0.0,0.09075342465753425,0.03875,0.7008133927373524,2
0.04073033707865169,0.043103448275862065,0.02373417721518987,0.04125,0.0,0.0,0.08732876712328767,0.0275,0.7363532703070087,6
0.05056179775280899,0.06178160919540231,0.04746835443037975,0.025,0.0,0.0,0.08904109589041097,0.07375,0.652397142730998,1
0.04073033707865169,0.08908045977011494,0.03639240506329114,0.015,0.0,0.0,0.0839041095890411,0.0275,0.7073926884989011,1
0.05196629213483146,0.0603448275862069,0.058544303797468354,0.0225,0.0,0.0,0.06506849315068493,0.08625,0.6553260833308083,1
0.0646067415730337,0.05459770114942529,0.020569620253164562,0.01625,0.0,0.0,0.09075342465753425,0.03375,0.7194725123668422,0
0.016853932584269662,0.034482758620689655,0.017405063291139243,0.01625,0.0,0.0,0.09075342465753425,0.0275,0.7967548208463672,0
0.0603932584269663,0.05316091954022988,0.04746835443037975,0.0325,0.0,0.0,0.08904109589041097,0.0275,0.689936371712013,2
0.06882022471910113,0.07327586206896552,0.05537974683544305,0.045,0.0,0.0,0.07876712328767124,0.03375,0.6450070430888191,2
0.022471910112359553,0.040229885057471264,0.004746835443037974,0.025,0.0,0.0,0.0839041095890411,0.0275,0.7961472597980901,6
0.01966292134831461,0.03160919540229885,0.0015822784810126595,0.0225,0.0,0.0,0.07876712328767124,0.0275,0.8183784814807027,6
0.03932584269662922,0.04597701149425287,0.04746835443037975,0.03625,0.0,0.0,0.09246575342465754,0.0275,0.7110130379540807,2
0.030898876404494385,0.048850574712643674,0.05379746835443039,0.03,0.0,0.0,0.07705479452054795,0.08375,0.6756482860078836,1
0.03651685393258427,0.03879310344827586,0.02689873417721519,0.0225,0.0,0.0,0.08732876712328767,0.0275,0.760462541318637,6
0.0449438202247191,0.048850574712643674,0.04113924050632911,0.0225,0.0,0.0,0.08047945205479452,0.0275,0.7345869125015136,2
0.07724719101123596,0.043103448275862065,0.056962025316455694,0.075,0.0,0.0,0.032534246575342464,0.04125,0.6739030888211037,1
0.06179775280898877,0.03879310344827586,0.06487341772151899,0.0275,0.0,0.0,0.06335616438356165,0.035,0.7086795616376548,1
0.030898876404494385,0.04741379310344828,0.061708860759493674,0.0225,0.0,0.0,0.08732876712328767,0.0325,0.717649702609276,1
0.05617977528089888,0.05316091954022988,0.05221518987341773,0.01375,0.0,0.0,0.10273972602739725,0.0275,0.6944543892780561,1
0.0603932584269663,0.06752873563218391,0.056962025316455694,0.02125,0.0,0.0,0.07534246575342465,0.0275,0.6910235148709694,1
0.04775280898876405,0.0632183908045977,0.02689873417721519,0.035,0.0,0.0,0.09075342465753425,0.03875,0.6976266413718888,6
0.06179775280898877,0.0632183908045977,0.04746835443037975,0.00875,0.0,0.0,0.09417808219178084,0.0275,0.6970874197642529,2
0.0603932584269663,0.048850574712643674,0.058544303797468354,0.05,0.0,0.0,0.07876712328767124,0.03375,0.6696947397752504,0
0.0351123595505618,0.027298850574712645,0.05379746835443039,0.03375,0.0,0.0,0.08047945205479452,0.05375,0.7158118694655007,1
0.04915730337078652,0.040229885057471264,0.0379746835443038,0.02875,0.0,0.0,0.0821917808219178,0.0275,0.7341963472055206,1
0.04073033707865169,0.03735632183908046,0.061708860759493674,0.02875,0.0,0.0,0.08904109589041097,0.03875,0.7036633844323632,1
0.05758426966292135,0.048850574712643674,0.058544303797468354,0.0225,0.0,0.0,0.058219178082191785,0.01375,0.7405516737447748,2
0.05758426966292135,0.048850574712643674,0.058544303797468354,0.0225,0.0,0.0,0.058219178082191785,0.01375,0.7405516737447748,2
0.054775280898876406,0.04597701149425287,0.04746835443037975,0.02375,0.0,0.0,0.09075342465753425,0.03125,0.7060259285189567,2
0.0646067415730337,0.0603448275862069,0.04746835443037975,0.0225,0.0,0.0,0.08732876712328767,0.05375,0.664001309287092,1
0.046348314606741575,0.043103448275862065,0.03955696202531645,0.035,0.0,0.0,0.07705479452054795,0.03625,0.722686480571532,1
0.04915730337078652,0.05316091954022988,0.04588607594936709,0.035,0.0,0.0,0.08561643835616438,0.04625,0.6849292627834521,1
0.07724719101123596,0.07471264367816093,0.05221518987341773,0.05,0.0,0.0,0.08732876712328767,0.0275,0.6309962083138977,4
0.09269662921348315,0.08620689655172413,0.04430379746835443,0.0575,0.0,0.0,0.06506849315068493,0.0275,0.6267241836157533,4
0.037921348314606744,0.0646551724137931,0.03955696202531645,0.02625,0.0,0.0,0.08904109589041097,0.0275,0.7150754213558728,1
0.029494382022471913,0.07902298850574713,0.04746835443037975,0.02,0.0,0.125,0.09417808219178084,0.0275,0.5773361928496203,8
0.022471910112359553,0.04741379310344828,0.04905063291139241,0.02125,0.0,0.0,0.0839041095890411,0.055,0.7209095542837587,1
0.05758426966292135,0.04597701149425287,0.0379746835443038,0.01625,0.0,0.0,0.0821917808219178,0.0275,0.7325222544766041,1
0.03651685393258427,0.022988505747126433,0.0379746835443038,0.01875,0.0,0.0,0.0839041095890411,0.0275,0.7723658471869445,1
0.03651685393258427,0.050287356321839075,0.07278481012658229,0.04625,0.0,0.0,0.09589041095890412,0.0775,0.6207705686600902,1
0.046348314606741575,0.0660919540229885,0.05221518987341773,0.0225,0.0,0.0,0.0839041095890411,0.0275,0.7014404319078111,1
0.05196629213483146,0.07471264367816093,0.02373417721518987,0.03,0.0,0.0,0.09246575342465754,0.03875,0.6883711335471603,1
0.06741573033707865,0.05172413793103448,0.0379746835443038,0.0275,0.0,0.0,0.07705479452054795,0.03875,0.699580653667035,1
0.08707865168539326,0.05603448275862069,0.060126582278481014,0.03125,0.0,0.0,0.08732876712328767,0.0275,0.6506815161542173,1
0.054775280898876406,0.043103448275862065,0.04588607594936709,0.02125,0.0,0.0,0.07876712328767124,0.05875,0.6974680715882232,1
0.016853932584269662,0.0,0.04746835443037975,0.02,0.0,0.0,0.09075342465753425,0.06375,0.7611742883278163,1
0.05337078651685393,0.06752873563218391,0.05221518987341773,0.04375,0.0,0.0,0.09075342465753425,0.0575,0.6348818633200102,1
0.05758426966292135,0.02586206896551724,0.05537974683544305,0.02,0.0,0.0,0.09417808219178084,0.0275,0.7194958323443374,1
0.05337078651685393,0.050287356321839075,0.04746835443037975,0.02625,0.0,0.0,0.09075342465753425,0.0275,0.704370078073393,1
0.05337078651685393,0.06752873563218391,0.03322784810126582,0.0225,0.0,0.0,0.09931506849315068,0.035,0.6890575612565457,1
0.06882022471910113,0.07040229885057471,0.05221518987341773,0.01375,0.0,0.0,0.08732876712328767,0.0275,0.6799835194336188,1
0.06179775280898877,0.048850574712643674,0.05063291139240507,0.025,0.0,0.0,0.06849315068493152,0.0275,0.717725610401031,1
0.05056179775280899,0.027298850574712645,0.04746835443037975,0.03,0.0,0.0,0.09246575342465754,0.03375,0.7184552438174411,1
0.058988764044943826,0.017241379310344827,0.060126582278481014,0.03375,0.0,0.0,0.07705479452054795,0.0325,0.7203384798456824,1
0.02808988764044944,0.05316091954022988,0.05221518987341773,0.04,0.0,0.0,0.09075342465753425,0.03875,0.6970305782883687,1
0.01966292134831461,0.02873563218390805,0.04272151898734177,0.0225,0.0,0.0,0.07191780821917808,0.04125,0.7732121192612575,1
0.06179775280898877,0.04741379310344828,0.04113924050632911,0.01875,0.0,0.0,0.08047945205479452,0.0275,0.7229197615264393,6
0.0702247191011236,0.05316091954022988,0.06329113924050633,0.02625,0.0,0.0,0.09417808219178084,0.0675,0.6253951399263593,2
0.054775280898876406,0.05603448275862069,0.04746835443037975,0.0275,0.0,0.0,0.07876712328767124,0.04625,0.6892047586244519,2
0.07162921348314606,0.02873563218390805,0.04430379746835443,0.03,0.0,0.0,0.08732876712328767,0.0525,0.6855025897413038,2
0.06320224719101124,0.05603448275862069,0.03955696202531645,0.02125,0.0,0.0,0.0839041095890411,0.09125,0.6448021984360106,2
0.05758426966292135,0.06178160919540231,0.05379746835443039,0.02,0.0,0.0,0.09075342465753425,0.04875,0.6673332281297117,2
0.058988764044943826,0.050287356321839075,0.04746835443037975,0.0225,0.0,0.0,0.08904109589041097,0.03375,0.6979644293124264,2
0.05617977528089888,0.050287356321839075,0.04746835443037975,0.02375,0.0,0.0,0.08732876712328767,0.03375,0.7012357468435946,2
0.05617977528089888,0.050287356321839075,0.04746835443037975,0.0325,0.0,0.0,0.08732876712328767,0.03375,0.6924857468435945,2
0.058988764044943826,0.050287356321839075,0.04746835443037975,0.0225,0.0,0.0,0.08732876712328767,0.03375,0.6996767580795498,2
0.06882022471910113,0.04741379310344828,0.04746835443037975,0.0125,0.0,0.0,0.0821917808219178,0.03875,0.702855846925153,2
0.06882022471910113,0.04741379310344828,0.04746835443037975,0.0125,0.0,0.0,0.0821917808219178,0.03875,0.702855846925153,2
0.046348314606741575,0.03735632183908046,0.06645569620253165,0.01375,0.0,0.0,0.0839041095890411,0.0325,0.7196855577626051,1
0.05617977528089888,0.05316091954022988,0.04430379746835443,0.05625,0.0,0.0,0.0821917808219178,0.0275,0.680413726888599,0
0.04775280898876405,0.04597701149425287,0.04746835443037975,0.0375,0.0,0.0,0.0821917808219178,0.055,0.6841100442646855,2
0.037921348314606744,0.041666666666666664,0.04113924050632911,0.015,0.0,0.0,0.08047945205479452,0.06625,0.717543292457603,1
0.011235955056179775,0.07614942528735633,0.061708860759493674,0.0175,0.0,0.0,0.03424657534246576,0.03125,0.7679091835545044,1
0.042134831460674156,0.041666666666666664,0.003164556962025319,0.02,0.0,0.0,0.06849315068493152,0.0275,0.7970407942257023,6
0.01966292134831461,0.041666666666666664,0.0,0.0175,0.0,0.0,0.0702054794520548,0.0275,0.8234649325329639,6
0.08286516853932584,0.0646551724137931,0.05063291139240507,0.04875,0.0,0.0,0.10102739726027397,0.0275,0.624569350394202,4
0.05337078651685393,0.02586206896551724,0.03481012658227848,0.03,0.0,0.0,0.09246575342465754,0.0275,0.7359912645106927,6
0.04915730337078652,0.040229885057471264,0.03481012658227848,0.0225,0.0,0.0,0.09246575342465754,0.0275,0.7333369315648062,6
0.10112359550561797,0.09770114942528736,0.0379746835443038,0.0475,0.0,0.0,0.06849315068493152,0.0325,0.6147074208398593,4
0.037921348314606744,0.05459770114942529,0.05537974683544305,0.02625,0.0,0.0,0.0821917808219178,0.03875,0.704909422878607,1
0.029494382022471913,0.03304597701149425,0.011075949367088613,0.0475,0.0,0.0,0.08561643835616438,0.05,0.7432672532427809,6
0.04073033707865169,0.07471264367816093,0.02689873417721519,0.02125,0.0,0.0,0.09760273972602738,0.0275,0.7113055453399448,6
0.0351123595505618,0.034482758620689655,0.06645569620253165,0.03125,0.0,0.0,0.05136986301369863,0.0275,0.7538293226125182,2
0.05337078651685393,0.0603448275862069,0.03164556962025316,0.02375,0.0,0.0,0.0821917808219178,0.03875,0.7099470354547681,6
0.026685393258426966,0.04597701149425287,0.05379746835443039,0.02375,0.0,0.0,0.09075342465753425,0.05,0.7090367022353555,2
0.10814606741573034,0.08477011494252873,0.017405063291139243,0.0375,0.0,0.0,0.08904109589041097,0.04125,0.6218876584601907,3
0.046348314606741575,0.03879310344827586,0.05063291139240507,0.02375,0.0,0.0,0.0821917808219178,0.03375,0.7245338897306597,2
0.04775280898876405,0.0632183908045977,0.04905063291139241,0.02625,0.0,0.0,0.09246575342465754,0.0475,0.6737624138705883,1
0.04915730337078652,0.06896551724137931,0.02689873417721519,0.04375,0.0,0.0,0.0839041095890411,0.0275,0.6998243356215779,6
0.06179775280898877,0.040229885057471264,0.07278481012658229,0.07625,0.0,0.0,0.0839041095890411,0.0175,0.6475334424179165,0
0.02387640449438203,0.00718390804597701,0.08069620253164557,0.0325,0.0,0.0,0.0839041095890411,0.03125,0.7405893753389543,0
0.07724719101123596,0.07471264367816093,0.05063291139240507,0.02125,0.0,0.0,0.08047945205479452,0.0825,0.6131778018634035,1
0.0351123595505618,0.05316091954022988,0.02848101265822785,0.02875,0.0,0.0,0.08561643835616438,0.0275,0.7413792698948161,6
0.05196629213483146,0.0589080459770115,0.05537974683544305,0.03625,0.0,0.0,0.08732876712328767,0.05375,0.6564171479294263,1
0.030898876404494385,0.034482758620689655,0.04430379746835443,0.0275,0.0,0.0,0.09417808219178084,0.0275,0.7411364853146807,2
0.06601123595505617,0.043103448275862065,0.017405063291139243,0.01375,0.0,0.0,0.0839041095890411,0.0275,0.7483261428889014,7
0.06601123595505617,0.07327586206896552,0.03322784810126582,0.0375,0.0,0.0,0.09246575342465754,0.0275,0.670019300450055,1
0.08848314606741572,0.09913793103448275,0.03955696202531645,0.03,0.0,0.0,0.08561643835616438,0.03875,0.6184555225166206,4
0.08848314606741572,0.09913793103448275,0.03955696202531645,0.03,0.0,0.0,0.0821917808219178,0.0275,0.6331301800508673,4
0.0898876404494382,0.09051724137931035,0.058544303797468354,0.0275,0.0,0.0,0.0839041095890411,0.0275,0.622146704784742,4
0.06601123595505617,0.034482758620689655,0.058544303797468354,0.02,0.0,0.0,0.08732876712328767,0.0275,0.7061329345034981,1
0.03932584269662922,0.03735632183908046,0.06962025316455697,0.02,0.0,0.0,0.07705479452054795,0.0275,0.7291427877791854,2
0.05617977528089888,0.0660919540229885,0.05379746835443039,0.02625,0.0,0.0,0.08904109589041097,0.0275,0.6811397064512712,2
0.042134831460674156,0.03160919540229885,0.061708860759493674,0.0275,0.0,0.0,0.09589041095890412,0.09875,0.6424067014186292,2
0.0449438202247191,0.02155172413793104,0.03164556962025316,0.04,0.0,0.0,0.08904109589041097,0.0275,0.7453177901266856,6
0.042134831460674156,0.05172413793103448,0.05379746835443039,0.01625,0.0,0.0,0.09417808219178084,0.0275,0.7144154800620801,2
0.016853932584269662,0.022988505747126433,0.03955696202531645,0.0,0.0,0.0,0.07363013698630137,0.03875,0.808220462656986,2
0.01966292134831461,0.050287356321839075,0.0379746835443038,0.04,0.0,0.0,0.06849315068493152,0.0275,0.7560818881006109,2
0.037921348314606744,0.03017241379310345,0.05379746835443039,0.055,0.0,0.0,0.0821917808219178,0.0325,0.7084169887159416,2
0.0702247191011236,0.0589080459770115,0.05221518987341773,0.0475,0.0,0.0,0.09246575342465754,0.03625,0.6424362916237897,0
0.05196629213483146,0.00574712643678161,0.02531645569620253,0.04125,0.0,0.0,0.07534246575342465,0.045,0.7553776599787597,1
0.05056179775280899,0.048850574712643674,0.04588607594936709,0.02375,0.0,0.0,0.08732876712328767,0.0325,0.7111227844618926,1
0.06179775280898877,0.035919540229885055,0.04905063291139241,0.02,0.0,0.0,0.0839041095890411,0.08,0.6693279644606926,1
0.042134831460674156,0.03735632183908046,0.06329113924050633,0.02125,0.0,0.0,0.08561643835616438,0.07625,0.6741012691035747,1
0.042134831460674156,0.06178160919540231,0.05063291139240507,0.02,0.0,0.0,0.09417808219178084,0.0325,0.6987725657597377,1
0.09410112359550563,0.08620689655172413,0.009493670886075953,0.035,0.0,0.0,0.09589041095890412,0.0275,0.6518078980077902,3
0.02808988764044944,0.05459770114942529,0.02689873417721519,0.0225,0.0,0.0,0.07876712328767124,0.03875,0.7503965537452388,6
0.07303370786516854,0.07327586206896552,0.04430379746835443,0.025,0.0,0.0,0.08904109589041097,0.03125,0.6640955367071005,2
0.02808988764044944,0.03879310344827586,0.015822784810126583,0.02125,0.0,0.0,0.08904109589041097,0.0275,0.7795031282107372,6
0.046348314606741575,0.07471264367816093,0.04430379746835443,0.02,0.0,0.0,0.0821917808219178,0.03875,0.6936934634248253,1
0.05196629213483146,0.04454022988505747,0.03955696202531645,0.04625,0.0,0.0,0.07876712328767124,0.045,0.6939193926671234,2
0.054775280898876406,0.05172413793103448,0.03955696202531645,0.0275,0.0,0.0,0.09075342465753425,0.03125,0.7044401944872384,2
0.07162921348314606,0.041666666666666664,0.04113924050632911,0.02,0.0,0.0,0.08904109589041097,0.0275,0.7090237834534472,2
0.054775280898876406,0.04597701149425287,0.04905063291139241,0.0225,0.0,0.0,0.08904109589041097,0.0275,0.7111559788050673,2
0.06741573033707865,0.05459770114942529,0.04113924050632911,0.02625,0.0,0.0,0.08047945205479452,0.0275,0.7026178759523725,2
0.03932584269662922,0.048850574712643674,0.04430379746835443,0.025,0.0,0.0,0.09075342465753425,0.0325,0.7192663604648384,2
0.05337078651685393,0.050287356321839075,0.04905063291139241,0.03,0.0,0.0,0.08561643835616438,0.0275,0.7041747858937502,2
0.06741573033707865,0.050287356321839075,0.04430379746835443,0.0525,0.0,0.0,0.08904109589041097,0.0275,0.6689520199823169,2
0.0646067415730337,0.03160919540229885,0.04588607594936709,0.05375,0.0,0.0,0.09075342465753425,0.0275,0.6858945624177661,2
0.0702247191011236,0.05603448275862069,0.04588607594936709,0.055,0.0,0.0,0.09075342465753425,0.0275,0.6546012975333544,2
0.05337078651685393,0.05459770114942529,0.04905063291139241,0.01625,0.0,0.0,0.08732876712328767,0.04125,0.6981521122990406,1
0.04775280898876405,0.03879310344827586,0.05537974683544305,0.01875,0.0,0.0,0.08904109589041097,0.0275,0.7227832448371061,1
0.07303370786516854,0.043103448275862065,0.04272151898734177,0.01375,0.0,0.0,0.08732876712328767,0.0275,0.7125625577483399,2
0.07303370786516854,0.043103448275862065,0.04272151898734177,0.01375,0.0,0.0,0.08732876712328767,0.0275,0.7125625577483399,2
0.05758426966292135,0.04597701149425287,0.05063291139240507,0.0425,0.0,0.0,0.08904109589041097,0.055,0.6592647115600098,2
0.0603932584269663,0.050287356321839075,0.05379746835443039,0.04125,0.0,0.0,0.09417808219178084,0.05,0.6500938347049834,2
0.06179775280898877,0.09482758620689656,0.0379746835443038,0.03125,0.0,0.0,0.08732876712328767,0.0275,0.6593212103165231,1
0.06601123595505617,0.05459770114942529,0.06645569620253165,0.025,0.0,0.0,0.08561643835616438,0.0525,0.6498189283368225,1
0.07303370786516854,0.0646551724137931,0.056962025316455694,0.0125,0.0,0.0,0.08904109589041097,0.04125,0.6625579985141716,1
0.0603932584269663,0.07758620689655173,0.05537974683544305,0.01875,0.0,0.0,0.09760273972602738,0.04125,0.6490380481150115,1
0.042134831460674156,0.0660919540229885,0.06962025316455697,0.0175,0.0,0.0,0.0839041095890411,0.04125,0.6794988517627393,1
0.05056179775280899,0.035919540229885055,0.04588607594936709,0.01875,0.0,0.0,0.0839041095890411,0.05875,0.7062284764788977,1
0.030898876404494385,0.00574712643678161,0.04905063291139241,0.01625,0.0,0.0,0.08732876712328767,0.09375,0.716974597124044,1
0.04353932584269663,0.05316091954022988,0.060126582278481014,0.02125,0.0,0.0,0.08732876712328767,0.0275,0.7070944052153048,2
0.0603932584269663,0.0603448275862069,0.05379746835443039,0.05,0.0,0.0,0.09075342465753425,0.0275,0.6572110209748621,2
0.02808988764044944,0.02586206896551724,0.056962025316455694,0.01875,0.0,0.0,0.08561643835616438,0.0275,0.7572195797214133,2
0.037921348314606744,0.041666666666666664,0.04588607594936709,0.02375,0.0,0.0,0.07534246575342465,0.0275,0.7479334433159348,2
0.030898876404494385,0.03304597701149425,0.06487341772151899,0.0325,0.0,0.0,0.09417808219178084,0.0275,0.7170036466707115,2
0.037921348314606744,0.041666666666666664,0.04588607594936709,0.02375,0.0,0.0,0.07534246575342465,0.0275,0.7479334433159348,2
0.05056179775280899,0.06178160919540231,0.058544303797468354,0.02375,0.0,0.0,0.07534246575342465,0.08,0.6500198235008956,2
0.029494382022471913,0.027298850574712645,0.04905063291139241,0.0225,0.0,0.0,0.0821917808219178,0.0425,0.7469643536695052,2
0.02387640449438203,0.020114942528735635,0.04588607594936709,0.0175,0.0,0.0,0.08561643835616438,0.035,0.7720061386713508,2
0.042134831460674156,0.04741379310344828,0.056962025316455694,0.03125,0.0,0.0,0.09760273972602738,0.0475,0.6771366103933945,2
0.046348314606741575,0.0589080459770115,0.04746835443037975,0.02,0.0,0.0,0.09931506849315068,0.0275,0.7004602164927165,2
0.046348314606741575,0.0603448275862069,0.04746835443037975,0.02,0.0,0.0,0.10273972602739725,0.0275,0.6955987773492744,2
0.09269662921348315,0.08189655172413793,0.03639240506329114,0.03625,0.0,0.0,0.09589041095890412,0.0275,0.6293740030401836,3
0.04073033707865169,0.06178160919540231,0.05063291139240507,0.01875,0.0,0.0,0.0839041095890411,0.0275,0.7167010327444998,2
0.0955056179775281,0.09482758620689656,0.03322784810126582,0.0325,0.0,0.0,0.10273972602739725,0.0275,0.6136992216869122,3
0.09691011235955056,0.10057471264367815,0.03481012658227848,0.03,0.0,0.0,0.09246575342465754,0.0275,0.6177392949898353,3
0.06601123595505617,0.0603448275862069,0.04746835443037975,0.01625,0.0,0.0,0.08904109589041097,0.0275,0.6933844861379461,2
0.06179775280898877,0.08045977011494253,0.04746835443037975,0.015,0.0,0.0,0.08732876712328767,0.0275,0.6804453555224013,2
0.05056179775280899,0.04741379310344828,0.05063291139240507,0.015,0.0,0.0,0.08732876712328767,0.03125,0.71781273062805,1
0.0646067415730337,0.022988505747126433,0.06645569620253165,0.0275,0.0,0.0,0.0839041095890411,0.03375,0.700794946888267,1
0.05758426966292135,0.05172413793103448,0.060126582278481014,0.02625,0.0,0.0,0.08047945205479452,0.0275,0.6963355580727686,1
0.042134831460674156,0.041666666666666664,0.05063291139240507,0.02125,0.0,0.0,0.0821917808219178,0.0725,0.6896238096583363,1
0.04775280898876405,0.03304597701149425,0.04588607594936709,0.02375,0.0,0.0,0.09075342465753425,0.0875,0.6713117133928403,1
0.058988764044943826,0.05459770114942529,0.05221518987341773,0.02625,0.0,0.0,0.07705479452054795,0.0275,0.7033935504116652,1
0.05337078651685393,0.05316091954022988,0.03322784810126582,0.05375,0.0,0.0,0.08561643835616438,0.045,0.6758740074854861,7
0.046348314606741575,0.05172413793103448,0.04430379746835443,0.03375,0.0,0.0,0.08904109589041097,0.0275,0.7073326541034586,2
0.01966292134831461,0.01867816091954023,0.05063291139240507,0.02125,0.0,0.0,0.07705479452054795,0.0275,0.7852212118191921,2
0.05337078651685393,0.04741379310344828,0.05221518987341773,0.0225,0.0,0.0,0.059931506849315065,0.0275,0.7370687236569651,2
0.04353932584269663,0.034482758620689655,0.05221518987341773,0.02125,0.0,0.0,0.08732876712328767,0.0275,0.7336839585399083,2
0.04353932584269663,0.04597701149425287,0.08544303797468354,0.02625,0.0,0.0,0.0821917808219178,0.0275,0.6890988438664492,2
0.03932584269662922,0.04597701149425287,0.08544303797468354,0.02125,0.0,0.0,0.08732876712328767,0.0275,0.6931753407111467,2
0.07303370786516854,0.0589080459770115,0.05063291139240507,0.03375,0.0,0.0,0.0839041095890411,0.0275,0.6722712251763738,2
0.0603932584269663,0.043103448275862065,0.04272151898734177,0.03375,0.0,0.0,0.07534246575342465,0.05125,0.6934393085564052,2
0.04073033707865169,0.04454022988505747,0.04588607594936709,0.01625,0.0,0.0,0.08904109589041097,0.04875,0.7148022611965128,2
0.06179775280898877,0.03735632183908046,0.02848101265822785,0.05875,0.0,0.0,0.08561643835616438,0.10375,0.6242484743375385,6
0.06741573033707865,0.050287356321839075,0.03164556962025316,0.06625,0.0,0.0,0.0821917808219178,0.07,0.6322095628989113,6
0.05337078651685393,0.035919540229885055,0.04430379746835443,0.01875,0.0,0.0,0.09075342465753425,0.03125,0.7256524511273723,1
0.058988764044943826,0.04597701149425287,0.04905063291139241,0.03625,0.0,0.0,0.09417808219178084,0.0475,0.66805550935763,0
0.07162921348314606,0.06752873563218391,0.05221518987341773,0.0275,0.0,0.0,0.09246575342465754,0.03375,0.6549111075865948,2
0.030898876404494385,0.04741379310344828,0.05063291139240507,0.015,0.0,0.0,0.08561643835616438,0.03375,0.7366879807434878,2
0.0646067415730337,0.03304597701149425,0.04746835443037975,0.03125,0.0,0.0,0.09246575342465754,0.03125,0.6999131735604347,2
0.04775280898876405,0.09051724137931035,0.04746835443037975,0.03125,0.0,0.0,0.10102739726027397,0.0275,0.6544841979412719,2
0.05196629213483146,0.04454022988505747,0.04746835443037975,0.03,0.0,0.0,0.0839041095890411,0.0275,0.7146210139606901,2
0.06741573033707865,0.07327586206896552,0.03639240506329114,0.0325,0.0,0.0,0.08561643835616438,0.0275,0.6772995641745003,2
0.0955056179775281,0.06178160919540231,0.05063291139240507,0.02375,0.0,0.0,0.08047945205479452,0.04375,0.64410040937987,2
0.054775280898876406,0.05316091954022988,0.04272151898734177,0.0425,0.0,0.0,0.08904109589041097,0.03375,0.684051184683141,1
0.0955056179775281,0.07040229885057471,0.022151898734177212,0.04375,0.0,0.0,0.10273972602739725,0.035,0.6304504584103227,5
0.05758426966292135,0.05316091954022988,0.061708860759493674,0.025,0.0,0.0,0.08904109589041097,0.0275,0.6860048541469441,2
0.06741573033707865,0.04741379310344828,0.056962025316455694,0.02125,0.0,0.0,0.08904109589041097,0.0275,0.6904173553526064,2
0.058988764044943826,0.041666666666666664,0.05063291139240507,0.02375,0.0,0.0,0.08047945205479452,0.0275,0.7169822058411899,2
0.06741573033707865,0.04741379310344828,0.05379746835443039,0.02125,0.0,0.0,0.08904109589041097,0.03125,0.6898319123146317,2
0.0702247191011236,0.08620689655172413,0.04588607594936709,0.0725,0.0,0.0,0.08561643835616438,0.0275,0.6120658700416208,0
0.054775280898876406,0.043103448275862065,0.05537974683544305,0.02125,0.0,0.0,0.059931506849315065,0.0275,0.7380600171405034,1
0.0351123595505618,0.05603448275862069,0.06329113924050633,0.04125,0.0,0.0,0.08904109589041097,0.04625,0.6690209225599002,1
0.07724719101123596,0.0589080459770115,0.05063291139240507,0.02125,0.0,0.0,0.09246575342465754,0.0275,0.67199609819469,2
0.05758426966292135,0.05459770114942529,0.04272151898734177,0.015,0.0,0.0,0.09246575342465754,0.03875,0.6988807567756541,2
0.06320224719101124,0.04741379310344828,0.04746835443037975,0.03125,0.0,0.0,0.09246575342465754,0.0275,0.6906998518505032,2
0.05056179775280899,0.04741379310344828,0.04430379746835443,0.03375,0.0,0.0,0.10102739726027397,0.0275,0.6954432144151144,2
0.054775280898876406,0.04741379310344828,0.04430379746835443,0.03375,0.0,0.0,0.10273972602739725,0.0275,0.6895174025019235,2
0.0449438202247191,0.050287356321839075,0.02373417721518987,0.0325,0.0,0.0,0.08904109589041097,0.0275,0.731993550347841,6
0.054775280898876406,0.04454022988505747,0.056962025316455694,0.035,0.0,0.0,0.09760273972602738,0.0275,0.6836197241735831,2
0.04915730337078652,0.048850574712643674,0.06487341772151899,0.0375,0.0,0.0,0.06506849315068493,0.0275,0.7070502110443658,2
0.06741573033707865,0.08189655172413793,0.03955696202531645,0.02375,0.0,0.0,0.09246575342465754,0.055,0.6399150024888094,2
0.011235955056179775,0.040229885057471264,0.05379746835443039,0.01625,0.0,0.0,0.08904109589041097,0.03125,0.7581955956415076,2
0.022471910112359553,0.043103448275862065,0.04588607594936709,0.01625,0.0,0.0,0.09246575342465754,0.03875,0.7410728122377538,2
0.04353932584269663,0.04741379310344828,0.03639240506329114,0.02125,0.0,0.0,0.08732876712328767,0.0525,0.7115757088672763,2
0.05337078651685393,0.03304597701149425,0.04113924050632911,0.035,0.0,0.0,0.09589041095890412,0.0675,0.6740535850064187,1
0.04353932584269663,0.05459770114942529,0.018987341772151903,0.02,0.0,0.0,0.09246575342465754,0.0275,0.7429098778110685,6
0.032303370786516857,0.041666666666666664,0.04272151898734177,0.02375,0.0,0.0,0.07876712328767124,0.03875,0.7420413202718035,1
0.06882022471910113,0.0632183908045977,0.06645569620253165,0.0275,0.0,0.0,0.08561643835616438,0.06125,0.6271392499176052,1
0.058988764044943826,0.04454022988505747,0.05221518987341773,0.065,0.0,0.0,0.0839041095890411,0.0475,0.6478517066075399,1
0.05196629213483146,0.03735632183908046,0.05537974683544305,0.02875,0.0,0.0,0.10273972602739725,0.0275,0.6963079131632477,2
0.06320224719101124,0.05172413793103448,0.04113924050632911,0.01625,0.0,0.0,0.08904109589041097,0.0275,0.7111432784812142,1
0.05056179775280899,0.0660919540229885,0.05537974683544305,0.01125,0.0,0.0,0.08561643835616438,0.0275,0.703600063032595,2
0.04073033707865169,0.02155172413793104,0.058544303797468354,0.055,0.0,0.0,0.0702054794520548,0.0275,0.7264681555338941,2
0.0603932584269663,0.03160919540229885,0.05379746835443039,0.02375,0.0,0.0,0.05136986301369863,0.0275,0.7515802148026058,2
0.054775280898876406,0.048850574712643674,0.0379746835443038,0.0175,0.0,0.0,0.09075342465753425,0.04,0.7101460361866418,6
0.06179775280898877,0.05172413793103448,0.061708860759493674,0.0225,0.0,0.0,0.08732876712328767,0.0275,0.6874404813771954,1
0.06179775280898877,0.04454022988505747,0.04588607594936709,0.01125,0.0,0.0,0.09417808219178084,0.0275,0.7148478591648058,7
0.07724719101123596,0.034482758620689655,0.061708860759493674,0.03125,0.0,0.0,0.11815068493150685,0.0275,0.6496605046770738,0
0.05617977528089888,0.05172413793103448,0.04272151898734177,0.06875,0.0,0.0,0.08904109589041097,0.0725,0.6190834719103139,2
0.0351123595505618,0.05459770114942529,0.04746835443037975,0.02125,0.0,0.0,0.08904109589041097,0.0275,0.7250304889792222,7
0.0800561797752809,0.07902298850574713,0.022151898734177212,0.02,0.0,0.0,0.10616438356164384,0.0275,0.6651045494231509,7
0.046348314606741575,0.03160919540229885,0.05379746835443039,0.0175,0.0,0.0,0.08904109589041097,0.0275,0.7342039257461181,7
0.08707865168539326,0.0660919540229885,0.022151898734177212,0.01875,0.0,0.0,0.09246575342465754,0.0275,0.6859617421327835,7
0.06882022471910113,0.034482758620689655,0.04905063291139241,0.01875,0.0,0.0,0.09417808219178084,0.0325,0.702218301557036,7
0.07443820224719101,0.06896551724137931,0.05537974683544305,0.01875,0.0,0.0,0.09246575342465754,0.0275,0.662500780251329,7
0.05196629213483146,0.0646551724137931,0.058544303797468354,0.015,0.0,0.0,0.0839041095890411,0.0275,0.698430122064866,7
0.07584269662921349,0.0646551724137931,0.05063291139240507,0.02625,0.0,0.0,0.08732876712328767,0.0275,0.6677904524413006,7
0.05196629213483146,0.05172413793103448,0.04430379746835443,0.0325,0.0,0.0,0.06678082191780822,0.03375,0.7189749505479714,7
0.0646067415730337,0.0589080459770115,0.017405063291139243,0.01875,0.0,0.0,0.08904109589041097,0.03125,0.7200390532684047,7
0.04073033707865169,0.03304597701149425,0.017405063291139243,0.02,0.0,0.0,0.08732876712328767,0.03375,0.7677398554954271,7
0.054775280898876406,0.0603448275862069,0.04905063291139241,0.02,0.0,0.0,0.08732876712328767,0.03875,0.6897504914802366,2
0.07584269662921349,0.07183908045977011,0.04113924050632911,0.0275,0.0,0.0,0.08904109589041097,0.03375,0.6608878865142763,2
0.042134831460674156,0.050287356321839075,0.04746835443037975,0.025,0.0,0.0,0.08732876712328767,0.0275,0.7202806906638193,2
0.01966292134831461,0.03879310344827586,0.05221518987341773,0.02,0.0,0.0,0.07363013698630137,0.0275,0.7681986483436904,2
0.07303370786516854,0.06178160919540231,0.04905063291139241,0.02625,0.0,0.0,0.08561643835616438,0.0275,0.6767676116718724,2
0.06320224719101124,0.07902298850574713,0.03322784810126582,0.045,0.0,0.0,0.0839041095890411,0.0275,0.6681428066129347,2
0.0646067415730337,0.048850574712643674,0.04272151898734177,0.02125,0.0,0.0,0.08904109589041097,0.0325,0.7010300688365699,7
0.04915730337078652,0.05603448275862069,0.04746835443037975,0.01625,0.0,0.0,0.08047945205479452,0.0275,0.7231104073854184,2
0.054775280898876406,0.03879310344827586,0.056962025316455694,0.02125,0.0,0.0,0.10102739726027397,0.0275,0.699692193076118,2
0.09410112359550563,0.08333333333333333,0.022151898734177212,0.03125,0.0,0.0,0.0839041095890411,0.0275,0.6577595347479427,3
0.07443820224719101,0.06178160919540231,0.04905063291139241,0.02125,0.0,0.0,0.09246575342465754,0.05875,0.6422638022213567,1
0.125,0.09626436781609196,0.012658227848101264,0.045,0.0,0.0,0.08904109589041097,0.0275,0.6045363084453959,3
0.05617977528089888,0.03735632183908046,0.05537974683544305,0.06875,0.0,0.0,0.07876712328767124,0.08,0.6235670327569063,0
0.08146067415730336,0.07614942528735633,0.02373417721518987,0.01125,0.0,0.0,0.09589041095890412,0.0275,0.6840153123812462,3
0.04073033707865169,0.04597701149425287,0.0379746835443038,0.01875,0.0,0.0,0.09075342465753425,0.06,0.7058145432252574,1
0.05337078651685393,0.0574712643678161,0.02373417721518987,0.01875,0.0,0.0,0.08904109589041097,0.03375,0.7238826760097292,6
0.03932584269662922,0.07183908045977011,0.03164556962025316,0.03375,0.0,0.0,0.0839041095890411,0.0275,0.7120353976343063,6
0.04775280898876405,0.05459770114942529,0.03481012658227848,0.0275,0.0,0.0,0.09760273972602738,0.0275,0.7102366235535047,1
0.09269662921348315,0.09339080459770115,0.009493670886075953,0.04625,0.0,0.0,0.0839041095890411,0.0275,0.6467647857136987,3
0.10814606741573034,0.08908045977011494,0.03164556962025316,0.045,0.0,0.0,0.07363013698630137,0.0275,0.6249977662076002,5
0.05337078651685393,0.05172413793103448,0.03006329113924051,0.025,0.0,0.0,0.0821917808219178,0.0325,0.7251500035909533,6
0.0646067415730337,0.0574712643678161,0.061708860759493674,0.035,0.0,0.0,0.08904109589041097,0.05625,0.6359220374092456,1
0.058988764044943826,0.05603448275862069,0.04430379746835443,0.03375,0.0,0.0,0.08732876712328767,0.0275,0.6920941886047933,2
0.054775280898876406,0.048850574712643674,0.05537974683544305,0.03875,0.0,0.0,0.09589041095890412,0.0325,0.6738539865941328,2
0.08426966292134831,0.09482758620689656,0.03164556962025316,0.0475,0.0,0.0,0.09246575342465754,0.0275,0.6217914278268444,3
0.030898876404494385,0.05172413793103448,0.03955696202531645,0.0275,0.0,0.0,0.09075342465753425,0.04125,0.7183165989816205,6
0.05056179775280899,0.040229885057471264,0.03955696202531645,0.0225,0.0,0.0,0.09075342465753425,0.0275,0.728897930506869,6
0.04775280898876405,0.03735632183908046,0.03955696202531645,0.03625,0.0,0.0,0.07191780821917808,0.0275,0.7396660989276609,0
0.06741573033707865,0.06178160919540231,0.04588607594936709,0.06,0.0,0.0,0.07876712328767124,0.0275,0.6586494612304807,0
0.029494382022471913,0.024425287356321837,0.056962025316455694,0.0475,0.0,0.0,0.08561643835616438,0.03125,0.7247518669485862,1
0.02106741573033708,0.024425287356321837,0.02531645569620253,0.01875,0.0,0.0,0.09075342465753425,0.03125,0.7884374165596043,6
0.02387640449438203,0.040229885057471264,0.03955696202531645,0.0225,0.0,0.0,0.08047945205479452,0.04875,0.7446072963680357,1
0.04775280898876405,0.05316091954022988,0.03481012658227848,0.02,0.0,0.0,0.08904109589041097,0.035,0.7202350489983166,6
0.018258426966292134,0.017241379310344827,0.056962025316455694,0.035,0.0,0.0,0.08732876712328767,0.01375,0.7714594012836197,2
0.04915730337078652,0.06896551724137931,0.05379746835443039,0.03625,0.0,0.0,0.0839041095890411,0.0275,0.6804256014443626,0
0.0603932584269663,0.04454022988505747,0.02689873417721519,0.0275,0.0,0.0,0.09246575342465754,0.0375,0.7107020240861035,6
0.01544943820224719,0.0574712643678161,0.02373417721518987,0.0275,0.0,0.0,0.09246575342465754,0.03875,0.7446293667900893,6
0.01966292134831461,0.040229885057471264,0.04113924050632911,0.0175,0.0,0.0,0.09589041095890412,0.085,0.7005775421289808,1
0.0449438202247191,0.040229885057471264,0.02531645569620253,0.0225,0.0,0.0,0.09246575342465754,0.03875,0.7357940855969496,6
0.04073033707865169,0.04454022988505747,0.04113924050632911,0.03125,0.0,0.0,0.09246575342465754,0.07,0.6798744391053042,1
0.04915730337078652,0.0660919540229885,0.02689873417721519,0.015,0.0,0.0,0.08561643835616438,0.0275,0.7297355700728454,6
0.09691011235955056,0.09913793103448275,0.03006329113924051,0.03875,0.0,0.0,0.09760273972602738,0.03125,0.6062859257406987,3
0.025280898876404494,0.03735632183908046,0.03955696202531645,0.045,0.0,0.0,0.08732876712328767,0.0275,0.7379770501359109,1
0.04073033707865169,0.03879310344827586,0.03481012658227848,0.02375,0.0,0.125,0.0821917808219178,0.0275,0.6272246520688762,8
0.0646067415730337,0.05603448275862069,0.03955696202531645,0.025,0.0,0.125,0.08904109589041097,0.05125,0.5495107177526182,8
0.0449438202247191,0.06752873563218391,0.03006329113924051,0.015,0.0,0.0,0.0839041095890411,0.03625,0.7223100434148153,6
0.06320224719101124,0.08333333333333333,0.04113924050632911,0.02625,0.0,0.0,0.08904109589041097,0.0275,0.6695340830789154,0
0.07584269662921349,0.07040229885057471,0.007911392405063293,0.04125,0.0,0.0,0.09417808219178084,0.0275,0.6829155299233676,6
0.09269662921348315,0.08189655172413793,0.02531645569620253,0.015,0.0,0.0,0.0839041095890411,0.0325,0.6686862537771353,3
0.05056179775280899,0.06896551724137931,0.017405063291139243,0.03375,0.0,0.0,0.08561643835616438,0.0375,0.7062011833585081,6
0.08426966292134831,0.05459770114942529,0.04430379746835443,0.02875,0.0,0.0,0.05136986301369863,0.04,0.6967089754471734,5
0.06741573033707865,0.050287356321839075,0.04430379746835443,0.06125,0.0,0.0,0.06164383561643835,0.04,0.6750992802562895,2
0.06601123595505617,0.07183908045977011,0.04905063291139241,0.0875,0.0,0.0,0.07876712328767124,0.0275,0.61933192738611,0
0.026685393258426966,0.07902298850574713,0.03164556962025316,0.02125,0.0,0.0,0.08732876712328767,0.0275,0.726567281492285,6
0.08848314606741572,0.08620689655172413,0.017405063291139243,0.025,0.0,0.0,0.09417808219178084,0.0275,0.6612268118979401,3
0.06179775280898877,0.03160919540229885,0.02373417721518987,0.03625,0.0,0.0,0.08732876712328767,0.0275,0.7317801074502348,6
0.033707865168539325,0.027298850574712645,0.015822784810126583,0.02,0.0,0.0,0.09589041095890412,0.0275,0.7797800884877173,6
0.07865168539325844,0.06896551724137931,0.02848101265822785,0.03,0.0,0.0,0.08732876712328767,0.0275,0.6790730175838466,6
0.08146067415730336,0.0632183908045977,0.02848101265822785,0.02375,0.0,0.0,0.0821917808219178,0.04875,0.6721481415579533,5
0.05056179775280899,0.040229885057471264,0.05063291139240507,0.03375,0.0,0.0,0.08047945205479452,0.03125,0.7130959537425201,0
0.03932584269662922,0.06178160919540231,0.020569620253164562,0.0225,0.0,0.0,0.0839041095890411,0.0275,0.7444188182657628,6
0.05617977528089888,0.035919540229885055,0.03322784810126582,0.02625,0.0,0.0,0.07876712328767124,0.0425,0.727155713100279,6
0.029494382022471913,0.04597701149425287,0.02848101265822785,0.0175,0.0,0.0,0.07705479452054795,0.0275,0.7739927993044994,6
0.0898876404494382,0.08620689655172413,0.022151898734177212,0.04125,0.0,0.0,0.0839041095890411,0.035,0.6415994546756193,3
0.0603932584269663,0.0589080459770115,0.05537974683544305,0.0225,0.0,0.0,0.07876712328767124,0.03625,0.6878018254729079,1
0.08426966292134831,0.07327586206896552,0.03322784810126582,0.035,0.0,0.0,0.07363013698630137,0.0275,0.673096489922119,4
0.02387640449438203,0.050287356321839075,0.02373417721518987,0.02,0.0,0.0,0.09075342465753425,0.0275,0.7638486373110548,6
0.06601123595505617,0.04454022988505747,0.0379746835443038,0.04,0.0,0.0,0.08904109589041097,0.04625,0.6761827547251715,1
0.05758426966292135,0.07471264367816093,0.02373417721518987,0.0325,0.0,0.0,0.07534246575342465,0.0275,0.7086264436903031,6
0.07443820224719101,0.04454022988505747,0.05537974683544305,0.01875,0.0,0.0,0.09589041095890412,0.0275,0.6835014100734043,2
0.05196629213483146,0.0646551724137931,0.04113924050632911,0.02125,0.0,0.0,0.09075342465753425,0.0925,0.6377358702875121,2
0.04353932584269663,0.08333333333333333,0.0379746835443038,0.01875,0.0,0.0,0.0821917808219178,0.0275,0.7067108764577483,6
0.037921348314606744,0.034482758620689655,0.02373417721518987,0.0175,0.0,0.0,0.09246575342465754,0.0275,0.7663959624248562,6
0.04073033707865169,0.03879310344827586,0.03639240506329114,0.04625,0.0,0.0,0.09075342465753425,0.03125,0.715830729752247,1
0.037921348314606744,0.06178160919540231,0.02689873417721519,0.02,0.0,0.0,0.09075342465753425,0.0275,0.7351448836552414,6
0.09691011235955056,0.09482758620689656,0.03481012658227848,0.03125,0.0,0.0,0.08904109589041097,0.0275,0.6256610789608634,4
0.07303370786516854,0.07471264367816093,0.03322784810126582,0.0225,0.0,0.0,0.09246575342465754,0.03375,0.6703100469307472,6
0.05056179775280899,0.03879310344827586,0.06645569620253165,0.02375,0.0,0.0,0.08904109589041097,0.04,0.6913983067059726,1
0.10112359550561797,0.11637931034482758,0.017405063291139243,0.02625,0.0,0.0,0.08732876712328767,0.0275,0.6240132637351274,3
0.0702247191011236,0.09051724137931035,0.014240506329113924,0.02,0.0,0.0,0.07705479452054795,0.05125,0.6767127386699042,6
0.030898876404494385,0.035919540229885055,0.04113924050632911,0.0175,0.0,0.0,0.08732876712328767,0.05875,0.7284635757360037,1
0.037921348314606744,0.07758620689655173,0.018987341772151903,0.02125,0.0,0.0,0.08732876712328767,0.0275,0.7294263358934019,6
0.03932584269662922,0.02873563218390805,0.018987341772151903,0.02875,0.0,0.0,0.08047945205479452,0.0275,0.7762217312925164,6
0.054775280898876406,0.07183908045977011,0.0379746835443038,0.01625,0.0,0.0,0.07705479452054795,0.04,0.7021061605765018,6
0.012640449438202249,0.06752873563218391,0.04588607594936709,0.03625,0.0,0.0,0.08732876712328767,0.0275,0.722865971856959,6
0.025280898876404494,0.01867816091954023,0.03481012658227848,0.02125,0.0,0.0,0.09417808219178084,0.0375,0.7683027314299959,6
0.05617977528089888,0.04741379310344828,0.03164556962025316,0.045,0.0,0.0,0.0839041095890411,0.0275,0.7083567524063585,6
0.11376404494382023,0.07614942528735633,0.04905063291139241,0.02875,0.0,0.0,0.09075342465753425,0.0275,0.6140324721998967,3
0.05337078651685393,0.06178160919540231,0.02531645569620253,0.025,0.0,0.0,0.09075342465753425,0.0275,0.716277723934007,6
0.10533707865168539,0.09339080459770115,0.020569620253164562,0.01875,0.0,0.0,0.09075342465753425,0.0275,0.6436990718399147,5
0.037921348314606744,0.04454022988505747,0.056962025316455694,0.0175,0.0,0.0,0.09075342465753425,0.065,0.6873229718263458,1
0.08567415730337079,0.08620689655172413,0.03164556962025316,0.035,0.0,0.0,0.07534246575342465,0.0275,0.6586309107712272,3
0.09691011235955056,0.08620689655172413,0.04113924050632911,0.02375,0.0,0.0,0.0839041095890411,0.0275,0.6405896409933551,3
0.05337078651685393,0.0603448275862069,0.022151898734177212,0.02875,0.0,0.0,0.09760273972602738,0.0275,0.7102797474367346,6
0.07303370786516854,0.08333333333333333,0.03639240506329114,0.06625,0.0,0.0,0.08904109589041097,0.0275,0.6244494578477959,5
0.06882022471910113,0.07902298850574713,0.014240506329113924,0.03375,0.0,0.0,0.09417808219178084,0.0275,0.682488198254257,6
0.04073033707865169,0.043103448275862065,0.04430379746835443,0.02125,0.0,0.0,0.08732876712328767,0.045,0.7182836500538441,1
0.0997191011235955,0.07183908045977011,0.04113924050632911,0.0225,0.0,0.0,0.08561643835616438,0.0275,0.6516861395541409,8
0.09269662921348315,0.07902298850574713,0.022151898734177212,0.02375,0.0,0.0,0.09075342465753425,0.05375,0.6378750588890583,3
0.05617977528089888,0.0660919540229885,0.03955696202531645,0.01625,0.0,0.0,0.0821917808219178,0.0275,0.7122295278488784,0
0.05758426966292135,0.04741379310344828,0.020569620253164562,0.025,0.0,0.0,0.08732876712328767,0.03125,0.7308535498571782,6
0.05056179775280899,0.05316091954022988,0.061708860759493674,0.07875,0.0,0.0,0.06506849315068493,0.02,0.6707499287967825,2
0.032303370786516857,0.015804597701149423,0.04746835443037975,0.01875,0.0,0.0,0.09246575342465754,0.05,0.7432079236572964,1
0.033707865168539325,0.022988505747126433,0.03955696202531645,0.0175,0.0,0.0,0.09246575342465754,0.0825,0.7112809136343603,1
0.06601123595505617,0.07758620689655173,0.04430379746835443,0.02,0.0,0.0,0.08047945205479452,0.035,0.6766193076252431,0
0.10393258426966293,0.10344827586206896,0.014240506329113924,0.03875,0.0,0.0,0.09417808219178084,0.0525,0.5929505513473734,3
0.0351123595505618,0.050287356321839075,0.06329113924050633,0.0325,0.0,0.0,0.08561643835616438,0.02,0.7131927065309285,1
0.042134831460674156,0.017241379310344827,0.060126582278481014,0.055,0.0,0.0,0.10273972602739725,0.08625,0.6365074809231028,1
0.026685393258426966,0.034482758620689655,0.03006329113924051,0.05625,0.0,0.0,0.0821917808219178,0.05125,0.719076776159725,6
0.0646067415730337,0.0660919540229885,0.04430379746835443,0.1075,0.0,0.0,0.08047945205479452,0.0275,0.6095180548808288,1
0.037921348314606744,0.03879310344827586,0.02848101265822785,0.02375,0.0,0.0,0.07876712328767124,0.0775,0.7147874122912183,1
0.09269662921348315,0.08764367816091954,0.02531645569620253,0.03625,0.0,0.0,0.07705479452054795,0.0275,0.6535384424088468,3
0.05056179775280899,0.035919540229885055,0.058544303797468354,0.02375,0.0,0.0,0.09760273972602738,0.0275,0.7061216184938102,2
0.054775280898876406,0.06896551724137931,0.03639240506329114,0.025,0.0,0.0,0.0839041095890411,0.0275,0.7034626872074121,0
0.042134831460674156,0.04597701149425287,0.03955696202531645,0.02875,0.0,0.0,0.08561643835616438,0.0875,0.6704647566635922,2
0.04915730337078652,0.07040229885057471,0.03955696202531645,0.0675,0.0,0.0,0.08732876712328767,0.03375,0.6523046686300347,0
0.08848314606741572,0.08908045977011494,0.0379746835443038,0.055,0.0,0.0,0.08904109589041097,0.0275,0.6129206147277545,8
0.05758426966292135,0.0574712643678161,0.058544303797468354,0.08625,0.0,0.0,0.08561643835616438,0.0275,0.6270337238156298,0
0.042134831460674156,0.048850574712643674,0.04588607594936709,0.0175,0.0,0.0,0.09075342465753425,0.04625,0.7086250932197808,1
0.01966292134831461,0.03879310344827586,0.04905063291139241,0.01875,0.0,0.0,0.09589041095890412,0.035,0.742852931333113,1
0.06601123595505617,0.06178160919540231,0.02689873417721519,0.04875,0.0,0.0,0.09246575342465754,0.07125,0.6328426672476688,1
0.029494382022471913,0.022988505747126433,0.012658227848101264,0.01,0.0,0.0,0.08904109589041097,0.0275,0.8083177884918894,6
0.037921348314606744,0.050287356321839075,0.056962025316455694,0.0375,0.0,0.0,0.0702054794520548,0.01375,0.7333737905950437,2
0.03932584269662922,0.0646551724137931,0.04113924050632911,0.0225,0.0,0.0,0.0821917808219178,0.0275,0.7226879635613308,0
0.037921348314606744,0.048850574712643674,0.04113924050632911,0.0225,0.0,0.0,0.07534246575342465,0.0325,0.7417463707129959,0
0.07303370786516854,0.0632183908045977,0.04588607594936709,0.06,0.0,0.0,0.08732876712328767,0.0275,0.643033058257579,0
0.05617977528089888,0.04597701149425287,0.06487341772151899,0.03125,0.0,0.0,0.10102739726027397,0.0275,0.6731923982430552,0
0.06741573033707865,0.07758620689655173,0.05221518987341773,0.02375,0.0,0.0,0.0821917808219178,0.075,0.6218410920710341,1
0.06882022471910113,0.06896551724137931,0.05221518987341773,0.01375,0.0,0.0,0.07876712328767124,0.0275,0.6899819448784306,2
0.05196629213483146,0.06896551724137931,0.056962025316455694,0.02125,0.0,0.0,0.07705479452054795,0.0275,0.6963013707867856,2
0.08426966292134831,0.05316091954022988,0.04588607594936709,0.0225,0.0,0.0,0.07876712328767124,0.0275,0.6879162183013834,2
0.0702247191011236,0.050287356321839075,0.05221518987341773,0.03125,0.0,0.0,0.08561643835616438,0.0275,0.6829062963474553,2
0.037921348314606744,0.027298850574712645,0.0680379746835443,0.05125,0.0,0.0,0.07534246575342465,0.01375,0.7263993606737117,2
0.037921348314606744,0.03879310344827586,0.07120253164556962,0.04375,0.0,0.0,0.07363013698630137,0.01375,0.7209528796052465,2
0.09831460674157304,0.07040229885057471,0.03481012658227848,0.02125,0.0,0.0,0.09075342465753425,0.0275,0.6569695431680396,5
0.05056179775280899,0.043103448275862065,0.06329113924050633,0.05,0.0,0.0,0.0821917808219178,0.05875,0.6521018339089049,1
0.07865168539325844,0.0632183908045977,0.02373417721518987,0.02375,0.0,0.0,0.09589041095890412,0.0275,0.6872553356280499,5
0.0449438202247191,0.03879310344827586,0.061708860759493674,0.02,0.0,0.0,0.09075342465753425,0.04875,0.6950507909099771,1
0.07584269662921349,0.0589080459770115,0.05221518987341773,0.01625,0.0,0.0,0.09075342465753425,0.0275,0.678530642862823,2
